Timestamp,User Count,Type,Name,Requests/s,Failures/s,50%,66%,75%,80%,90%,95%,98%,99%,99.9%,99.99%,100%,Total Request Count,Total Failure Count,Total Median Response Time,Total Average Response Time,Total Min Response Time,Total Max Response Time,Total Average Content Size
1778884471,0,,Aggregated,0.000000,0.000000,N/A,N/A,N/A,N/A,N/A,N/A,N/A,N/A,N/A,N/A,N/A,0,0,0,0.0,0,0,0
1778884472,5,,Aggregated,0.000000,0.000000,N/A,N/A,N/A,N/A,N/A,N/A,N/A,N/A,N/A,N/A,N/A,0,0,0,0.0,0,0,0
1778884473,10,,Aggregated,0.000000,0.000000,N/A,N/A,N/A,N/A,N/A,N/A,N/A,N/A,N/A,N/A,N/A,0,0,0,0.0,0,0,0
1778884474,15,,Aggregated,0.000000,0.000000,N/A,N/A,N/A,N/A,N/A,N/A,N/A,N/A,N/A,N/A,N/A,0,0,0,0.0,0,0,0
1778884475,20,GET,GET /api/ -> http://example.com/,0.000000,0.000000,0,0,0,0,0,0,0,0,0,0,0,1,0,3787.655799998902,3787.655799998902,3787.655799998902,3787.655799998902,65.0
1778884475,20,,Aggregated,0.000000,0.000000,3800,3800,3800,3800,3800,3800,3800,3800,3800,3800,3800,1,0,3787.655799998902,3787.655799998902,3787.655799998902,3787.655799998902,65.0
1778884476,30,GET,GET /api/ -> http://example.com/,0.000000,0.000000,0,0,0,0,0,0,0,0,0,0,0,20,0,2800.0,2639.1476899996633,708.3058999851346,4648.607199982507,65.0
1778884476,30,,Aggregated,0.000000,0.000000,2800,3700,3800,3900,4600,4600,4600,4600,4600,4600,4600,20,0,2800.0,2639.1476899996633,708.3058999851346,4648.607199982507,65.0
1778884477,35,GET,GET /api/ -> http://example.com/,0.000000,0.000000,1800,2800,2900,3500,4000,5100,5100,5100,5100,5100,5100,30,0,2500.0,2399.240233331026,389.6355000033509,5072.660499979975,65.0
1778884477,35,GET,GET /api/ -> https://books.toscrape.com/,0.000000,0.000000,0,0,0,0,0,0,0,0,0,0,0,6,0,1200.0,1240.5929166658705,997.8395000216551,1618.3054999855813,7848.0
1778884477,35,,Aggregated,0.000000,0.000000,1700,2800,3700,3700,4600,4600,5100,5100,5100,5100,5100,36,0,1600.0,2206.132347220167,389.6355000033509,5072.660499979975,1362.1666666666667
1778884478,40,GET,GET /api/ -> http://example.com/,2.200000,0.000000,1700,2800,2800,2900,3900,4000,5100,5100,5100,5100,5100,32,0,1800.0,2300.0593218721406,389.6355000033509,5072.660499979975,65.0
1778884478,40,GET,GET /api/ -> https://books.toscrape.com/,0.000000,0.000000,1500,1500,1800,1800,2300,2500,2500,2500,2500,2500,2500,18,0,1500.0,1519.2027944431175,997.8395000216551,2523.566899995785,7848.0
1778884478,40,GET,GET /api/ -> https://httpbin.org/,0.000000,0.000000,0,0,0,0,0,0,0,0,0,0,0,2,0,924.7863999917172,952.0895000023302,924.7863999917172,979.3926000129431,313.0
1778884478,40,,Aggregated,2.200000,0.000000,1500,2300,2800,3200,3900,4600,4600,5100,5100,5100,5100,52,0,1500.0,1977.917838459409,389.6355000033509,5072.660499979975,2768.653846153846
1778884479,45,GET,GET /api/ -> http://example.com/,4.833333,0.000000,1400,2500,2800,2800,3900,4000,5100,5100,5100,5100,5100,37,0,1500.0,2131.7292621588913,389.6355000033509,5072.660499979975,65.0
1778884479,45,GET,GET /api/ -> https://books.toscrape.com/,0.333333,0.000000,1800,2300,2400,2500,2700,2800,3200,3200,3200,3200,3200,28,0,1500.0,1840.82313214146,997.8395000216551,3171.0181000235025,7848.0
1778884479,45,GET,GET /api/ -> https://httpbin.org/,0.000000,0.000000,1400,1700,1700,1800,1800,1800,1800,1800,1800,1800,1800,7,0,1300.0,1265.8370142869119,807.4839999899268,1753.9598000003025,313.0
1778884479,45,GET,GET /api/ -> https://www.python.org/,0.000000,0.000000,0,0,0,0,0,0,0,0,0,0,0,1,0,1001.1870000162162,1001.1870000162162,1001.1870000162162,1001.1870000162162,12980.0
1778884479,45,,Aggregated,5.166667,0.000000,1500,2300,2600,2800,3700,4600,4600,5100,5100,5100,5100,73,0,1500.0,1921.63118492965,389.6355000033509,5072.660499979975,3250.958904109589
1778884480,50,GET,GET /api/ -> http://example.com/,4.285714,0.000000,1000,1800,2800,2800,3900,4000,5100,5100,5100,5100,5100,40,0,1500.0,2034.9057299972628,389.6355000033509,5072.660499979975,65.0
1778884480,50,GET,GET /api/ -> https://books.toscrape.com/,2.142857,0.000000,1900,2300,2500,2600,2800,3200,3800,3800,3800,3800,3800,30,0,1600.0,1907.9417333327,997.8395000216551,3821.0997999995016,7848.0
1778884480,50,GET,GET /api/ -> https://httpbin.org/,0.285714,0.000000,1700,1800,1900,2100,2300,2300,2300,2300,2300,2300,2300,12,0,1400.0,1505.0785250035308,807.4839999899268,2307.318600011058,313.0
1778884480,50,GET,GET /api/ -> https://www.python.org/,0.000000,0.000000,1700,1700,1700,1700,1700,1700,1700,1700,1700,1700,1700,3,0,1000.0,1184.2664000093162,823.5661000071559,1728.0461000045761,12980.0
1778884480,50,,Aggregated,6.714286,0.000000,1500,2100,2500,2800,3700,4000,4600,5100,5100,5100,5100,85,0,1500.0,1885.27320823461,389.6355000033509,5072.660499979975,3302.7764705882355
1778884481,55,GET,GET /api/ -> http://example.com/,4.625000,0.000000,1200,1800,2800,2800,3500,4000,5100,5100,5100,5100,5100,42,0,1500.0,2025.6636428537258,389.6355000033509,5072.660499979975,65.0
1778884481,55,GET,GET /api/ -> https://books.toscrape.com/,3.375000,0.000000,1900,2300,2500,2600,3200,3800,4200,4200,4200,4200,4200,32,0,1800.0,1986.8195125000057,997.8395000216551,4168.504400004167,7848.0
1778884481,55,GET,GET /api/ -> https://httpbin.org/,0.750000,0.000000,2000,2300,2400,2800,3000,3200,3400,3400,3400,3400,3400,23,0,1900.0,1983.3725043496563,807.4839999899268,3424.930699984543,313.0
1778884481,55,GET,GET /api/ -> https://www.python.org/,0.125000,0.000000,1700,1700,2200,2200,2200,2200,2200,2200,2200,2200,2200,4,0,1000.0,1440.395575009461,823.5661000071559,2208.783100009896,12980.0
1778884481,55,,Aggregated,8.875000,0.000000,1700,2300,2600,2800,3700,4000,4600,4600,5100,5100,5100,101,0,1700.0,1980.5470029696694,389.6355000033509,5072.660499979975,3098.861386138614
1778884482,60,GET,GET /api/ -> http://example.com/,4.444444,0.000000,1200,1800,2500,2800,3500,4000,5100,5100,5100,5100,5100,46,0,1500.0,1957.3155586922835,389.6355000033509,5072.660499979975,65.0
1778884482,60,GET,GET /api/ -> https://books.toscrape.com/,3.222222,0.000000,1900,2300,2500,2600,3200,3800,4200,4200,4200,4200,4200,32,0,1800.0,1986.8195125000057,997.8395000216551,4168.504400004167,7848.0
1778884482,60,GET,GET /api/ -> https://docs.docker.com/,0.000000,0.000000,0,0,0,0,0,0,0,0,0,0,0,1,0,3049.7866999940015,3049.7866999940015,3049.7866999940015,3049.7866999940015,1741.0
1778884482,60,GET,GET /api/ -> https://httpbin.org/,1.222222,0.000000,2000,2400,2700,2800,3000,3200,3400,3400,3400,3400,3400,25,0,1900.0,1998.48990800092,807.4839999899268,3424.930699984543,313.0
1778884482,60,GET,GET /api/ -> https://www.python.org/,0.333333,0.000000,1700,2200,2700,2700,3500,3500,3500,3500,3500,3500,3500,8,0,1100.0,1757.8364750115725,823.5661000071559,3494.4992000237107,12980.0
1778884482,60,,Aggregated,9.222222,0.000000,1700,2300,2700,2800,3500,4000,4600,4600,5100,5100,5100,112,0,1700.0,1970.4416633924536,389.6355000033509,5072.660499979975,3281.535714285714
1778884483,65,GET,GET /api/ -> http://example.com/,4.200000,0.000000,1400,2400,2800,2800,3600,3900,5100,5100,5100,5100,5100,53,0,1500.0,2049.0303301864155,389.6355000033509,5072.660499979975,65.0
1778884483,65,GET,GET /api/ -> https://books.toscrape.com/,3.100000,0.000000,2100,2500,2700,3200,3800,4400,4400,4400,4400,4400,4400,36,0,1900.0,2213.8663333324885,997.8395000216551,4408.39529997902,7848.0
1778884483,65,GET,GET /api/ -> https://docs.docker.com/,0.000000,0.000000,2700,2700,2700,2700,2700,2700,2700,2700,2700,2700,2700,2,0,2708.18370001507,2878.9852000045357,2708.18370001507,3049.7866999940015,1741.0
1778884483,65,GET,GET /api/ -> https://httpbin.org/,1.500000,0.000000,2100,2400,2800,3000,3400,4200,4800,4800,4800,4800,4800,27,0,2000.0,2180.881237038799,807.4839999899268,4750.826100003906,313.0
1778884483,65,GET,GET /api/ -> https://www.python.org/,0.400000,0.000000,2100,2700,3300,3300,3500,3600,3600,3600,3600,3600,3600,12,0,2000.0,2086.819516674344,823.5661000071559,3554.843999998411,12980.0
1778884483,65,,Aggregated,9.200000,0.000000,1900,2500,2800,3200,3800,4400,4600,4800,5100,5100,5100,130,0,1900.0,2138.3184115384493,389.6355000033509,5072.660499979975,3489.7384615384617
1778884484,70,GET,GET /api/ -> http://example.com/,4.300000,0.000000,1500,2500,2800,2800,3600,3900,5100,5100,5100,5100,5100,57,0,1700.0,2044.9390631555088,389.6355000033509,5072.660499979975,65.0
1778884484,70,GET,GET /api/ -> https://books.toscrape.com/,3.200000,0.000000,2100,2400,2600,2800,3800,4400,4400,4400,4400,4400,4400,39,0,1900.0,2163.2580076917434,997.8395000216551,4408.39529997902,7848.0
1778884484,70,GET,GET /api/ -> https://docs.docker.com/,0.100000,0.000000,2700,2700,2700,2700,2700,2700,2700,2700,2700,2700,2700,3,0,2700.0,2289.456266667306,1110.398399992846,3049.7866999940015,1741.0
1778884484,70,GET,GET /api/ -> https://flask.palletsprojects.com/,0.000000,0.000000,0,0,0,0,0,0,0,0,0,0,0,1,0,1457.7248000132386,1457.7248000132386,1457.7248000132386,1457.7248000132386,19667.0
1778884484,70,GET,GET /api/ -> https://httpbin.org/,2.500000,0.000000,2300,2400,2900,3000,4200,4700,4800,4800,4800,4800,4800,29,0,2100.0,2271.2915344856247,807.4839999899268,4750.826100003906,313.0
1778884484,70,GET,GET /api/ -> https://www.python.org/,0.500000,0.000000,3000,3100,3500,3500,3700,4900,4900,4900,4900,4900,4900,17,0,2700.0,2522.3869529453464,823.5661000071559,4899.274499999592,12980.0
1778884484,70,,Aggregated,10.600000,0.000000,1900,2500,2800,3000,3700,4200,4800,4900,5100,5100,5100,146,0,1900.0,2178.1007890411724,389.6355000033509,5072.660499979975,3865.780821917808
1778884485,75,GET,GET /api/ -> http://example.com/,4.300000,0.000000,1500,2500,2800,2800,3600,3900,5100,5100,5100,5100,5100,57,0,1700.0,2044.9390631555088,389.6355000033509,5072.660499979975,65.0
1778884485,75,GET,GET /api/ -> https://books.toscrape.com/,3.200000,0.000000,2100,2400,2600,2800,3800,4400,4400,4400,4400,4400,4400,39,0,1900.0,2163.2580076917434,997.8395000216551,4408.39529997902,7848.0
1778884485,75,GET,GET /api/ -> https://docs.docker.com/,0.100000,0.000000,2700,2700,2700,2700,2700,2700,2700,2700,2700,2700,2700,3,0,2700.0,2289.456266667306,1110.398399992846,3049.7866999940015,1741.0
1778884485,75,GET,GET /api/ -> https://flask.palletsprojects.com/,0.000000,0.000000,1500,1500,1500,1500,1500,1500,1500,1500,1500,1500,1500,1,0,1457.7248000132386,1457.7248000132386,1457.7248000132386,1457.7248000132386,19667.0
1778884485,75,GET,GET /api/ -> https://httpbin.org/,2.500000,0.000000,2300,2400,2900,3000,4200,4700,4800,4800,4800,4800,4800,29,0,2100.0,2271.2915344856247,807.4839999899268,4750.826100003906,313.0
1778884485,75,GET,GET /api/ -> https://www.python.org/,0.500000,0.000000,3000,3100,3500,3500,3700,4900,4900,4900,4900,4900,4900,17,0,2700.0,2522.3869529453464,823.5661000071559,4899.274499999592,12980.0
1778884485,75,,Aggregated,10.600000,0.000000,1900,2500,2800,3000,3700,4200,4800,4900,5100,5100,5100,146,0,1900.0,2178.1007890411724,389.6355000033509,5072.660499979975,3865.780821917808
1778884486,80,GET,GET /api/ -> http://example.com/,5.400000,0.000000,1500,1900,2700,2800,3600,3900,4000,4000,4000,4000,4000,60,0,1700.0,2106.0483649974535,389.6355000033509,5072.660499979975,65.0
1778884486,80,GET,GET /api/ -> https://books.toscrape.com/,3.700000,0.000000,2100,2500,2800,3200,4200,4400,7600,7600,7600,7600,7600,41,0,2100.0,2312.7586999986174,997.8395000216551,7561.014999984764,7848.0
1778884486,80,GET,GET /api/ -> https://docs.docker.com/,0.200000,0.000000,2700,2700,2700,2700,2700,2700,2700,2700,2700,2700,2700,3,0,2700.0,2289.456266667306,1110.398399992846,3049.7866999940015,1741.0
1778884486,80,GET,GET /api/ -> https://flask.palletsprojects.com/,0.100000,0.000000,1500,1500,1500,1500,1500,1500,1500,1500,1500,1500,1500,1,0,1457.7248000132386,1457.7248000132386,1457.7248000132386,1457.7248000132386,19667.0
1778884486,80,GET,GET /api/ -> https://httpbin.org/,2.900000,0.000000,2300,2400,2900,3000,4200,4700,4800,4800,4800,4800,4800,29,0,2100.0,2271.2915344856247,807.4839999899268,4750.826100003906,313.0
1778884486,80,GET,GET /api/ -> https://www.python.org/,1.400000,0.000000,3100,3600,4400,4800,5200,5600,5600,5600,5600,5600,5600,21,0,3000.0,3001.225461907563,823.5661000071559,5649.952300009318,12980.0
1778884486,80,,Aggregated,13.700000,0.000000,2100,2700,3000,3300,4000,4700,5200,5600,7600,7600,7600,155,0,2100.0,2312.2922025803073,389.6355000033509,7561.014999984764,4078.8064516129034
1778884487,85,GET,GET /api/ -> http://example.com/,5.700000,0.000000,1500,2400,2800,3000,3900,4000,6500,6500,6500,6500,6500,64,0,1700.0,2139.093168747422,389.6355000033509,6499.303899996448,65.0
1778884487,85,GET,GET /api/ -> https://books.toscrape.com/,3.900000,0.000000,2600,3200,3800,4200,7100,7600,8200,8200,8200,8200,8200,43,0,2100.0,2561.326913952524,997.8395000216551,8168.2266000134405,7848.0
1778884487,85,GET,GET /api/ -> https://docs.docker.com/,0.300000,0.000000,2700,3600,3600,3600,4600,4600,4600,4600,4600,4600,4600,9,0,2700.0,2642.1407555559804,1077.1667000080924,4582.923300011316,1741.0
1778884487,85,GET,GET /api/ -> https://flask.palletsprojects.com/,0.100000,0.000000,1500,1500,1500,1500,1500,1500,1500,1500,1500,1500,1500,1,0,1457.7248000132386,1457.7248000132386,1457.7248000132386,1457.7248000132386,19667.0
1778884487,85,GET,GET /api/ -> https://httpbin.org/,2.900000,0.000000,2300,2700,3000,3200,4700,4800,5700,5700,5700,5700,5700,30,0,2100.0,2385.0949133358276,807.4839999899268,5685.392899991712,313.0
1778884487,85,GET,GET /api/ -> https://www.python.org/,1.700000,0.000000,3100,3600,4200,4400,4900,5200,5600,5600,5600,5600,5600,22,0,3000.0,3054.618545457329,823.5661000071559,5649.952300009318,12980.0
1778884487,85,,Aggregated,14.600000,0.000000,2300,2900,3500,3600,4400,5200,7100,7600,8200,8200,8200,169,0,2200.0,2432.132941419803,389.6355000033509,8168.2266000134405,3975.798816568047
1778884488,90,GET,GET /api/ -> http://example.com/,4.600000,0.000000,1900,2700,3000,3500,4000,5100,6500,6500,6500,6500,6500,75,0,1800.0,2121.0034186649136,350.9800000174437,6499.303899996448,65.0
1778884488,90,GET,GET /api/ -> https://books.toscrape.com/,4.000000,0.000000,3800,4200,4400,4800,7100,7600,8200,8200,8200,8200,8200,48,0,2200.0,2776.6586145832357,997.8395000216551,8168.2266000134405,7848.0
1778884488,90,GET,GET /api/ -> https://docs.docker.com/,0.300000,0.000000,3600,3600,4600,5600,6100,6100,6100,6100,6100,6100,6100,11,0,3000.0,3225.815090909071,1077.1667000080924,6083.614899980603,1741.0
1778884488,90,GET,GET /api/ -> https://flask.palletsprojects.com/,0.100000,0.000000,1500,1500,3700,3700,3700,3700,3700,3700,3700,3700,3700,3,0,1500.0,2133.023633340296,1204.9279999919236,3736.418100015726,19667.0
1778884488,90,GET,GET /api/ -> https://httpbin.org/,2.900000,0.000000,2400,2800,3200,3400,4700,4800,5700,5700,5700,5700,5700,30,0,2100.0,2385.0949133358276,807.4839999899268,5685.392899991712,313.0
1778884488,90,GET,GET /api/ -> https://www.python.org/,1.900000,0.000000,3300,3700,4400,4800,5200,5600,5600,5600,5600,5600,5600,23,0,3100.0,3163.5804086981807,823.5661000071559,5649.952300009318,12980.0
1778884488,90,,Aggregated,13.800000,0.000000,2700,3500,3900,4200,5100,6100,7100,7600,8200,8200,8200,190,0,2200.0,2518.7005452632498,350.9800000174437,8168.2266000134405,4040.321052631579
1778884489,95,GET,GET /api/ -> http://example.com/,3.400000,0.000000,2200,3300,3600,3900,5100,5300,6500,6500,6500,6500,6500,81,0,1900.0,2281.5978395045495,350.9800000174437,6499.303899996448,65.0
1778884489,95,GET,GET /api/ -> https://books.toscrape.com/,4.000000,0.000000,3900,4400,4800,5400,7100,7600,8200,8200,8200,8200,8200,50,0,2200.0,2796.5857919998234,997.8395000216551,8168.2266000134405,7848.0
1778884489,95,GET,GET /api/ -> https://docs.docker.com/,0.800000,0.000000,3600,4900,5600,6100,8400,9300,9300,9300,9300,9300,9300,15,0,3600.0,4018.1017133329683,1077.1667000080924,9275.691699993331,1741.0
1778884489,95,GET,GET /api/ -> https://flask.palletsprojects.com/,0.100000,0.000000,1500,1500,3700,3700,3700,3700,3700,3700,3700,3700,3700,3,0,1500.0,2133.023633340296,1204.9279999919236,3736.418100015726,19667.0
1778884489,95,GET,GET /api/ -> https://httpbin.org/,3.000000,0.000000,2900,4200,4800,5400,5600,5700,13000,13000,13000,13000,13000,34,1,2300.0,2966.865050002097,807.4839999899268,12647.45170000242,304.5882352941176
1778884489,95,GET,GET /api/ -> https://www.python.org/,2.200000,0.000000,3600,4400,4900,5200,5600,5600,9400,9400,9400,9400,9400,25,0,3300.0,3503.5160120017827,823.5661000071559,9446.259499993175,12980.0
1778884489,95,,Aggregated,13.500000,0.000000,3000,3900,4400,4900,5600,7100,9300,9400,13000,13000,13000,208,1,2300.0,2787.358765384572,350.9800000174437,12647.45170000242,3930.9471153846152
1778884490,100,GET,GET /api/ -> http://example.com/,4.300000,0.000000,2200,3300,3900,4000,5100,5300,6500,6500,6500,6500,6500,85,0,1900.0,2281.50833882186,350.9800000174437,6499.303899996448,65.0
1778884490,100,GET,GET /api/ -> https://books.toscrape.com/,3.000000,0.000000,3900,4400,5400,6600,7300,7600,8200,8200,8200,8200,8200,54,0,2300.0,2873.9358907402707,997.8395000216551,8168.2266000134405,7848.0
1778884490,100,GET,GET /api/ -> https://docs.docker.com/,1.000000,0.000000,3600,4900,5600,6100,8400,9300,9300,9300,9300,9300,9300,15,0,3600.0,4018.1017133329683,1077.1667000080924,9275.691699993331,1741.0
1778884490,100,GET,GET /api/ -> https://flask.palletsprojects.com/,0.300000,0.000000,2600,2600,3700,3700,3700,3700,3700,3700,3700,3700,3700,4,0,1500.0,2262.0292750070803,1204.9279999919236,3736.418100015726,19667.0
1778884490,100,GET,GET /api/ -> https://httpbin.org/,2.800000,0.000000,3200,4200,5400,5600,5700,6700,13000,13000,13000,13000,13000,39,1,2400.0,2991.8385230785366,807.4839999899268,12647.45170000242,305.6666666666667
1778884490,100,GET,GET /api/ -> https://www.python.org/,2.200000,0.000000,3600,4400,4900,5200,5600,5600,9400,9400,9400,9400,9400,25,0,3300.0,3503.5160120017827,823.5661000071559,9446.259499993175,12980.0
1778884490,100,,Aggregated,13.600000,0.000000,3200,3900,4700,5100,5700,7300,9300,9400,13000,13000,13000,222,1,2400.0,2804.9999657655994,350.9800000174437,12647.45170000242,3921.265765765766
1778884491,105,GET,GET /api/ -> http://example.com/,4.300000,0.000000,2500,3500,3900,4100,5300,5400,6500,6500,6500,6500,6500,87,0,1900.0,2314.60571494094,350.9800000174437,6499.303899996448,65.0
1778884491,105,GET,GET /api/ -> https://books.toscrape.com/,2.300000,0.000000,4100,4400,6600,7100,7600,8200,11000,11000,11000,11000,11000,56,0,2400.0,3048.344760713787,997.8395000216551,11405.904999992345,7848.0
1778884491,105,GET,GET /api/ -> https://docs.docker.com/,1.400000,0.000000,3600,5600,6100,6600,8400,9300,9300,9300,9300,9300,9300,18,0,3600.0,4247.308483331128,1077.1667000080924,9275.691699993331,1741.0
1778884491,105,GET,GET /api/ -> https://flask.palletsprojects.com/,0.300000,0.000000,2600,3700,3700,4100,4100,4100,4100,4100,4100,4100,4100,5,0,2600.0,2626.7455200082622,1204.9279999919236,4085.61050001299,19667.0
1778884491,105,GET,GET /api/ -> https://httpbin.org/,2.700000,0.000000,4200,5400,5600,5600,6700,13000,13000,13000,13000,13000,13000,42,1,2400.0,2918.098602382261,807.4839999899268,12647.45170000242,306.1904761904762
1778884491,105,GET,GET /api/ -> https://www.python.org/,2.300000,0.000000,3600,4400,4900,5200,5600,5600,9400,9400,9400,9400,9400,26,0,3100.0,3399.2579807717657,792.8072000213433,9446.259499993175,12980.0
1778884491,105,,Aggregated,13.300000,0.000000,3500,4200,4900,5400,6600,7600,9400,11000,13000,13000,13000,234,1,2500.0,2874.3766363245995,350.9800000174437,12647.45170000242,3953.6581196581196
1778884492,110,GET,GET /api/ -> http://example.com/,4.400000,0.000000,2600,3600,4000,4400,5300,5400,6500,6500,6500,6500,6500,89,0,1900.0,2320.695630335537,350.9800000174437,6499.303899996448,65.0
1778884492,110,GET,GET /api/ -> https://books.toscrape.com/,2.400000,0.000000,4100,5400,6600,7300,8200,9600,11000,11000,11000,11000,11000,60,0,2600.0,3210.57666666602,997.8395000216551,11405.904999992345,7848.0
1778884492,110,GET,GET /api/ -> https://docs.docker.com/,1.500000,0.000000,3600,4900,6100,6600,8400,9300,9300,9300,9300,9300,9300,19,0,3600.0,4189.012968417956,1077.1667000080924,9275.691699993331,1741.0
1778884492,110,GET,GET /api/ -> https://flask.palletsprojects.com/,0.400000,0.000000,2600,3700,3700,4100,4100,4100,4100,4100,4100,4100,4100,5,0,2600.0,2626.7455200082622,1204.9279999919236,4085.61050001299,19667.0
1778884492,110,GET,GET /api/ -> https://httpbin.org/,2.600000,0.100000,3500,5400,5600,5700,6700,13000,13000,13000,13000,13000,13000,42,1,2400.0,2918.098602382261,807.4839999899268,12647.45170000242,306.1904761904762
1778884492,110,GET,GET /api/ -> https://www.python.org/,2.200000,0.000000,4400,5200,5400,5600,5600,9400,9400,9400,9400,9400,9400,28,0,3100.0,3463.4672321449866,792.8072000213433,9446.259499993175,12980.0
1778884492,110,,Aggregated,13.500000,0.100000,3500,4600,5300,5600,6700,8400,9600,11000,13000,13000,13000,243,1,2500.0,2927.731312345354,350.9800000174437,12647.45170000242,4050.9423868312756
1778884493,115,GET,GET /api/ -> http://example.com/,4.500000,0.000000,2800,3900,4400,5000,5400,6500,8300,8300,8300,8300,8300,93,0,2100.0,2433.764317202487,350.9800000174437,8267.59089998086,65.0
1778884493,115,GET,GET /api/ -> https://books.toscrape.com/,2.400000,0.000000,4700,6200,7100,7600,11000,13000,13000,13000,13000,13000,13000,67,0,2700.0,3616.1215850742838,997.8395000216551,12779.669200011995,7848.0
1778884493,115,GET,GET /api/ -> https://docs.docker.com/,1.700000,0.000000,4600,5600,6600,7000,9300,11000,11000,11000,11000,11000,11000,20,0,3600.0,4514.522014996328,1077.1667000080924,10699.193899985403,1741.0
1778884493,115,GET,GET /api/ -> https://flask.palletsprojects.com/,0.500000,0.000000,4100,4900,5800,5800,6200,6200,6200,6200,6200,6200,6200,8,0,3700.0,3740.925950005476,1204.9279999919236,6154.478899989044,19667.0
1778884493,115,GET,GET /api/ -> https://httpbin.org/,2.600000,0.100000,4600,5600,5700,6700,8700,13000,13000,13000,13000,13000,13000,47,1,2400.0,3169.913857447682,807.4839999899268,12647.45170000242,306.9148936170213
1778884493,115,GET,GET /api/ -> https://www.python.org/,2.100000,0.000000,4400,5200,5600,5600,5600,9400,9400,9400,9400,9400,9400,29,0,3100.0,3447.8687103466405,792.8072000213433,9446.259499993175,12980.0
1778884493,115,,Aggregated,13.800000,0.100000,3900,5000,5600,5800,7600,9400,13000,13000,13000,13000,13000,264,1,2700.0,3173.531134469213,350.9800000174437,12779.669200011995,4222.962121212121
1778884494,120,GET,GET /api/ -> http://example.com/,4.600000,0.000000,2800,3900,4400,5000,5400,6500,8300,8300,8300,8300,8300,93,0,2100.0,2433.764317202487,350.9800000174437,8267.59089998086,65.0
1778884494,120,GET,GET /api/ -> https://books.toscrape.com/,2.500000,0.000000,4800,6400,6600,7300,9600,13000,13000,13000,13000,13000,13000,73,0,2800.0,3641.763890411287,997.8395000216551,12779.669200011995,7848.0
1778884494,120,GET,GET /api/ -> https://docs.docker.com/,1.700000,0.000000,4600,5600,6600,7000,9300,11000,11000,11000,11000,11000,11000,20,0,3600.0,4514.522014996328,1077.1667000080924,10699.193899985403,1741.0
1778884494,120,GET,GET /api/ -> https://flask.palletsprojects.com/,0.500000,0.000000,4100,4900,5800,5800,6200,6200,6200,6200,6200,6200,6200,8,0,3700.0,3740.925950005476,1204.9279999919236,6154.478899989044,19667.0
1778884494,120,GET,GET /api/ -> https://httpbin.org/,1.700000,0.100000,4600,5600,5700,6700,8700,13000,13000,13000,13000,13000,13000,47,1,2400.0,3169.913857447682,807.4839999899268,12647.45170000242,306.9148936170213
1778884494,120,GET,GET /api/ -> https://redis.io/,0.000000,0.000000,0,0,0,0,0,0,0,0,0,0,0,1,0,6251.785200001905,6251.785200001905,6251.785200001905,6251.785200001905,7221.0
1778884494,120,GET,GET /api/ -> https://www.python.org/,2.100000,0.000000,4800,5400,5600,5600,9400,10000,10000,10000,10000,10000,10000,32,0,3100.0,3630.378853125876,792.8072000213433,10451.588199997786,12980.0
1778884494,120,,Aggregated,13.100000,0.100000,4200,5300,5600,6300,8200,9600,13000,13000,13000,13000,13000,274,1,2700.0,3225.6078583937833,350.9800000174437,12779.669200011995,4409.164233576642
1778884495,125,GET,GET /api/ -> http://example.com/,4.100000,0.000000,3300,4400,4600,5100,5400,6500,8300,8300,8300,8300,8300,95,0,2200.0,2498.0278557877205,350.9800000174437,8267.59089998086,65.0
1778884495,125,GET,GET /api/ -> https://books.toscrape.com/,2.800000,0.000000,5000,6400,7100,7300,11000,13000,13000,13000,13000,13000,13000,76,0,2900.0,3835.6167184212704,997.8395000216551,12779.669200011995,7848.0
1778884495,125,GET,GET /api/ -> https://docs.docker.com/,1.800000,0.000000,4900,6100,7000,8400,9300,11000,11000,11000,11000,11000,11000,22,0,3600.0,4778.577245451743,1077.1667000080924,10699.193899985403,1741.0
1778884495,125,GET,GET /api/ -> https://flask.palletsprojects.com/,0.700000,0.000000,4900,5200,5800,6200,8700,8700,8700,8700,8700,8700,8700,10,0,4100.0,4378.3650900033535,1204.9279999919236,8703.646699985256,19667.0
1778884495,125,GET,GET /api/ -> https://httpbin.org/,1.500000,0.100000,4600,5600,5700,6700,8700,10000,13000,13000,13000,13000,13000,51,1,2400.0,3253.7089176476,798.39670000365,12647.45170000242,307.3921568627451
1778884495,125,GET,GET /api/ -> https://redis.io/,0.000000,0.000000,0,0,0,0,0,0,0,0,0,0,0,2,0,6300.0,6681.420199995046,6251.785200001905,7111.055199988186,7221.0
1778884495,125,GET,GET /api/ -> https://www.python.org/,1.700000,0.000000,5100,5400,5600,9400,10000,15000,15000,15000,15000,15000,15000,34,0,3300.0,4000.7917235300683,792.8072000213433,14760.35930000944,12980.0
1778884495,125,,Aggregated,12.600000,0.100000,4500,5400,6100,6500,8700,10000,13000,13000,15000,15000,15000,290,1,2800.0,3424.347520689179,350.9800000174437,14760.35930000944,4513.910344827586
1778884496,130,GET,GET /api/ -> http://example.com/,3.900000,0.000000,3300,4400,5000,5300,5400,6400,8300,8300,8300,8300,8300,96,0,2200.0,2537.0869697902285,350.9800000174437,8267.59089998086,65.0
1778884496,130,GET,GET /api/ -> https://books.toscrape.com/,3.200000,0.000000,5300,6500,7400,8300,12000,13000,13000,13000,13000,13000,13000,81,0,3100.0,4140.062409876717,997.8395000216551,12779.669200011995,7848.0
1778884496,130,GET,GET /api/ -> https://docs.docker.com/,1.800000,0.000000,6100,7000,9300,9300,11000,13000,13000,13000,13000,13000,13000,23,0,4600.0,5142.698517389363,1077.1667000080924,13153.366500017,1741.0
1778884496,130,GET,GET /api/ -> https://flask.palletsprojects.com/,0.700000,0.000000,5200,5300,5800,6200,8700,8700,8700,8700,8700,8700,8700,11,0,4900.0,4462.672927276633,1204.9279999919236,8703.646699985256,19667.0
1778884496,130,GET,GET /api/ -> https://httpbin.org/,1.800000,0.100000,4600,5600,6700,8500,10000,13000,17000,17000,17000,17000,17000,59,1,2700.0,3712.763657628152,782.9554000054486,17493.53279999923,308.1525423728813
1778884496,130,GET,GET /api/ -> https://locust.io/,0.000000,0.000000,0,0,0,0,0,0,0,0,0,0,0,1,0,810.5398000043351,810.5398000043351,810.5398000043351,810.5398000043351,4762.0
1778884496,130,GET,GET /api/ -> https://redis.io/,0.000000,0.000000,7100,7100,7100,7100,7100,7100,7100,7100,7100,7100,7100,2,0,6300.0,6681.420199995046,6251.785200001905,7111.055199988186,7221.0
1778884496,130,GET,GET /api/ -> https://www.python.org/,1.500000,0.000000,5200,5600,5600,6600,10000,15000,15000,15000,15000,15000,15000,36,0,3500.0,4119.053630556866,792.8072000213433,14760.35930000944,12980.0
1778884496,130,,Aggregated,12.900000,0.100000,4900,5600,6500,7100,9500,12000,13000,15000,17000,17000,17000,309,1,2900.0,3649.8033627830964,350.9800000174437,17493.53279999923,4540.365695792881
1778884497,135,GET,GET /api/ -> http://example.com/,3.800000,0.000000,4400,5000,5400,5400,6400,8300,8300,8300,8300,8300,8300,97,0,2400.0,2596.9078412355097,350.9800000174437,8339.711499982513,65.0
1778884497,135,GET,GET /api/ -> https://books.toscrape.com/,3.400000,0.000000,5400,6600,7400,9600,12000,13000,13000,13000,13000,13000,13000,82,0,3100.0,4211.672665854056,997.8395000216551,12779.669200011995,7848.0
1778884497,135,GET,GET /api/ -> https://docs.docker.com/,1.800000,0.000000,6600,8400,9300,9300,11000,13000,13000,13000,13000,13000,13000,24,0,3600.0,5064.948720830823,1077.1667000080924,13153.366500017,1741.0
1778884497,135,GET,GET /api/ -> https://flask.palletsprojects.com/,0.800000,0.000000,5300,5600,6200,6200,8700,15000,15000,15000,15000,15000,15000,13,0,5200.0,5374.324269232322,1204.9279999919236,15140.702599979704,19667.0
1778884497,135,GET,GET /api/ -> https://httpbin.org/,2.100000,0.100000,4600,5600,6700,8500,10000,13000,17000,17000,17000,17000,17000,59,1,2700.0,3712.763657628152,782.9554000054486,17493.53279999923,308.1525423728813
1778884497,135,GET,GET /api/ -> https://locust.io/,0.000000,0.000000,810,810,810,810,810,810,810,810,810,810,810,1,0,810.5398000043351,810.5398000043351,810.5398000043351,810.5398000043351,4762.0
1778884497,135,GET,GET /api/ -> https://redis.io/,0.200000,0.000000,6400,6400,7100,7100,7100,7100,7100,7100,7100,7100,7100,3,0,6400.0,6589.56926666239,6251.785200001905,7111.055199988186,7221.0
1778884497,135,GET,GET /api/ -> https://www.python.org/,1.600000,0.000000,5400,5600,9000,9400,15000,16000,16000,16000,16000,16000,16000,41,0,3500.0,4341.334304879505,792.8072000213433,15880.693799990695,12980.0
1778884497,135,,Aggregated,13.700000,0.100000,5300,6200,7000,8300,10000,13000,15000,16000,17000,17000,17000,320,1,3000.0,3769.716293437341,350.9800000174437,17493.53279999923,4762.75625
1778884498,140,GET,GET /api/ -> http://example.com/,3.900000,0.000000,4400,5000,5400,6200,8300,8300,8300,8300,8300,8300,8300,97,0,2400.0,2596.9078412355097,350.9800000174437,8339.711499982513,65.0
1778884498,140,GET,GET /api/ -> https://books.toscrape.com/,4.100000,0.000000,6400,7400,9600,10000,12000,13000,13000,13000,13000,13000,13000,84,0,3200.0,4325.323934524065,997.8395000216551,12779.669200011995,7848.0
1778884498,140,GET,GET /api/ -> https://docs.docker.com/,1.900000,0.000000,8400,9300,11000,11000,13000,14000,14000,14000,14000,14000,14000,26,0,4600.0,5617.234330767622,1077.1667000080924,13796.885100018699,1741.0
1778884498,140,GET,GET /api/ -> https://flask.palletsprojects.com/,0.900000,0.000000,5300,5800,6200,6200,8700,15000,15000,15000,15000,15000,15000,14,0,4900.0,5266.4225285718985,1204.9279999919236,15140.702599979704,19667.0
1778884498,140,GET,GET /api/ -> https://github.com/ibnesayeed/linkextractor,0.000000,0.000000,0,0,0,0,0,0,0,0,0,0,0,1,0,2574.325299996417,2574.325299996417,2574.325299996417,2574.325299996417,11810.0
1778884498,140,GET,GET /api/ -> https://httpbin.org/,2.800000,0.100000,3500,5700,7600,8500,10000,13000,17000,17000,17000,17000,17000,59,1,2700.0,3712.763657628152,782.9554000054486,17493.53279999923,308.1525423728813
1778884498,140,GET,GET /api/ -> https://locust.io/,0.100000,0.000000,810,810,810,810,810,810,810,810,810,810,810,1,0,810.5398000043351,810.5398000043351,810.5398000043351,810.5398000043351,4762.0
1778884498,140,GET,GET /api/ -> https://redis.io/,0.200000,0.000000,7100,7100,8300,8300,8300,8300,8300,8300,8300,8300,8300,4,0,6400.0,7025.099949998548,6251.785200001905,8331.692000007024,7221.0
1778884498,140,GET,GET /api/ -> https://www.python.org/,1.700000,0.000000,5100,6600,9000,9400,15000,16000,16000,16000,16000,16000,16000,43,0,3500.0,4411.241379071049,792.8072000213433,15880.693799990695,12980.0
1778884498,140,,Aggregated,15.600000,0.100000,5300,6600,8300,8900,11000,13000,15000,16000,17000,17000,17000,329,1,3000.0,3876.0698452885763,350.9800000174437,17493.53279999923,4887.288753799392
1778884499,145,GET,GET /api/ -> http://example.com/,3.400000,0.000000,4600,5400,6200,6400,8300,8300,8300,8300,8300,8300,8300,97,0,2400.0,2596.9078412355097,350.9800000174437,8339.711499982513,65.0
1778884499,145,GET,GET /api/ -> https://books.toscrape.com/,4.000000,0.000000,6400,7500,10000,10000,12000,13000,13000,13000,13000,13000,13000,84,0,3200.0,4325.323934524065,997.8395000216551,12779.669200011995,7848.0
1778884499,145,GET,GET /api/ -> https://docs.docker.com/,1.500000,0.000000,6600,9300,11000,11000,13000,14000,14000,14000,14000,14000,14000,28,0,4100.0,5422.820028569341,1077.1667000080924,13796.885100018699,1741.0
1778884499,145,GET,GET /api/ -> https://flask.palletsprojects.com/,1.000000,0.000000,5600,5800,8700,8700,12000,15000,15000,15000,15000,15000,15000,16,0,4900.0,5576.5378499982035,1204.9279999919236,15140.702599979704,19667.0
1778884499,145,GET,GET /api/ -> https://github.com/ibnesayeed/linkextractor,0.000000,0.000000,0,0,0,0,0,0,0,0,0,0,0,1,0,2574.325299996417,2574.325299996417,2574.325299996417,2574.325299996417,11810.0
1778884499,145,GET,GET /api/ -> https://httpbin.org/,2.900000,0.100000,3000,5700,8500,8700,10000,11000,17000,17000,17000,17000,17000,60,1,2700.0,3836.9560250013214,782.9554000054486,17493.53279999923,308.23333333333335
1778884499,145,GET,GET /api/ -> https://locust.io/,0.100000,0.000000,810,810,810,810,810,810,810,810,810,810,810,1,0,810.5398000043351,810.5398000043351,810.5398000043351,810.5398000043351,4762.0
1778884499,145,GET,GET /api/ -> https://redis.io/,0.200000,0.000000,7100,7100,8300,8300,8300,8300,8300,8300,8300,8300,8300,4,0,6400.0,7025.099949998548,6251.785200001905,8331.692000007024,7221.0
1778884499,145,GET,GET /api/ -> https://www.python.org/,1.500000,0.000000,5500,6600,9000,9400,15000,16000,16000,16000,16000,16000,16000,44,0,3500.0,4436.630918183338,792.8072000213433,15880.693799990695,12980.0
1778884499,145,,Aggregated,14.600000,0.100000,5300,6600,8300,9000,11000,13000,15000,16000,17000,17000,17000,335,1,3000.0,3920.015594925134,350.9800000174437,17493.53279999923,4967.244776119403
1778884500,150,GET,GET /api/ -> http://example.com/,2.400000,0.000000,6200,8300,8300,9500,9500,9600,9600,9600,9600,9600,9600,100,0,2500.0,2804.861034998612,350.9800000174437,9609.065399999963,65.0
1778884500,150,GET,GET /api/ -> https://books.toscrape.com/,3.800000,0.000000,6500,9600,10000,11000,12000,13000,13000,13000,13000,13000,13000,86,0,3200.0,4464.485217442162,997.8395000216551,12779.669200011995,7848.0
1778884500,150,GET,GET /api/ -> https://docs.docker.com/,1.600000,0.000000,6100,9300,11000,11000,13000,14000,14000,14000,14000,14000,14000,30,0,4100.0,5325.312629996915,1077.1667000080924,13796.885100018699,1741.0
1778884500,150,GET,GET /api/ -> https://flask.palletsprojects.com/,1.000000,0.000000,5600,5800,8700,8700,12000,15000,15000,15000,15000,15000,15000,16,0,4900.0,5576.5378499982035,1204.9279999919236,15140.702599979704,19667.0
1778884500,150,GET,GET /api/ -> https://github.com/ibnesayeed/linkextractor,0.000000,0.000000,2600,2600,2600,2600,2600,2600,2600,2600,2600,2600,2600,1,0,2574.325299996417,2574.325299996417,2574.325299996417,2574.325299996417,11810.0
1778884500,150,GET,GET /api/ -> https://httpbin.org/,2.900000,0.100000,4600,7600,8700,9500,11000,11000,17000,17000,17000,17000,17000,62,1,2700.0,3945.5621758078773,782.9554000054486,17493.53279999923,308.38709677419354
1778884500,150,GET,GET /api/ -> https://locust.io/,0.100000,0.000000,810,810,810,810,810,810,810,810,810,810,810,1,0,810.5398000043351,810.5398000043351,810.5398000043351,810.5398000043351,4762.0
1778884500,150,GET,GET /api/ -> https://redis.io/,0.400000,0.000000,7100,7100,8300,8300,8300,8300,8300,8300,8300,8300,8300,4,0,6400.0,7025.099949998548,6251.785200001905,8331.692000007024,7221.0
1778884500,150,GET,GET /api/ -> https://www.python.org/,2.100000,0.000000,5100,5600,8900,9000,15000,16000,16000,16000,16000,16000,16000,45,0,3600.0,4427.992846668025,792.8072000213433,15880.693799990695,12980.0
1778884500,150,,Aggregated,14.300000,0.100000,5600,7500,9300,10000,11000,13000,15000,16000,17000,17000,17000,345,1,3000.0,4025.4655495649577,350.9800000174437,17493.53279999923,4918.857971014493
1778884501,155,GET,GET /api/ -> http://example.com/,1.700000,0.000000,6400,8300,9500,9500,9500,9600,9600,9600,9600,9600,9600,100,0,2500.0,2804.861034998612,350.9800000174437,9609.065399999963,65.0
1778884501,155,GET,GET /api/ -> https://books.toscrape.com/,3.400000,0.000000,7000,9600,10000,11000,13000,13000,14000,14000,14000,14000,14000,88,0,3400.0,4613.094651136966,997.8395000216551,13735.454600013327,7848.0
1778884501,155,GET,GET /api/ -> https://docs.docker.com/,1.200000,0.000000,6100,9300,11000,11000,13000,14000,14000,14000,14000,14000,14000,31,0,4600.0,5357.521025802857,1077.1667000080924,13796.885100018699,1741.0
1778884501,155,GET,GET /api/ -> https://flask.palletsprojects.com/,1.100000,0.000000,5600,6200,8500,8700,12000,15000,15000,15000,15000,15000,15000,18,0,4900.0,5697.7053499997255,1204.9279999919236,15140.702599979704,19667.0
1778884501,155,GET,GET /api/ -> https://github.com/ibnesayeed/linkextractor,0.100000,0.000000,2600,2600,2600,2600,2600,2600,2600,2600,2600,2600,2600,1,0,2574.325299996417,2574.325299996417,2574.325299996417,2574.325299996417,11810.0
1778884501,155,GET,GET /api/ -> https://httpbin.org/,2.600000,0.100000,5300,8100,8700,9500,11000,11000,17000,17000,17000,17000,17000,63,1,2800.0,4012.20085873178,782.9554000054486,17493.53279999923,308.46031746031747
1778884501,155,GET,GET /api/ -> https://locust.io/,0.100000,0.000000,810,810,810,810,810,810,810,810,810,810,810,1,0,810.5398000043351,810.5398000043351,810.5398000043351,810.5398000043351,4762.0
1778884501,155,GET,GET /api/ -> https://redis.io/,0.400000,0.000000,7100,8300,8300,17000,17000,17000,17000,17000,17000,17000,17000,5,0,7100.0,9028.558940003859,6251.785200001905,17042.3949000251,7221.0
1778884501,155,GET,GET /api/ -> https://www.python.org/,2.000000,0.000000,5500,6600,9000,10000,16000,20000,20000,20000,20000,20000,20000,46,0,3600.0,4758.724684784007,792.8072000213433,19641.65740000317,12980.0
1778884501,155,,Aggregated,12.600000,0.100000,6200,8300,9500,10000,13000,15000,17000,17000,20000,20000,20000,353,1,3200.0,4179.257592917803,350.9800000174437,19641.65740000317,5026.320113314448
1778884502,160,GET,GET /api/ -> http://example.com/,1.600000,0.000000,8300,9500,9500,9500,9600,9600,9600,9600,9600,9600,9600,100,0,2500.0,2804.861034998612,350.9800000174437,9609.065399999963,65.0
1778884502,160,GET,GET /api/ -> https://books.toscrape.com/,3.300000,0.000000,7500,10000,11000,12000,13000,13000,14000,14000,14000,14000,14000,88,0,3400.0,4613.094651136966,997.8395000216551,13735.454600013327,7848.0
1778884502,160,GET,GET /api/ -> https://docs.docker.com/,1.400000,0.000000,6100,9300,11000,11000,13000,14000,14000,14000,14000,14000,14000,32,0,4600.0,5335.673328121629,1077.1667000080924,13796.885100018699,1741.0
1778884502,160,GET,GET /api/ -> https://flask.palletsprojects.com/,1.200000,0.000000,5600,8500,12000,12000,14000,15000,15000,15000,15000,15000,15000,19,0,5200.0,6128.615668421844,1204.9279999919236,15140.702599979704,19667.0
1778884502,160,GET,GET /api/ -> https://github.com/ibnesayeed/linkextractor,0.100000,0.000000,2600,2600,2600,2600,2600,2600,2600,2600,2600,2600,2600,1,0,2574.325299996417,2574.325299996417,2574.325299996417,2574.325299996417,11810.0
1778884502,160,GET,GET /api/ -> https://httpbin.org/,2.400000,0.000000,5700,8100,8700,9500,11000,11000,17000,17000,17000,17000,17000,64,1,2800.0,4051.9268937518973,782.9554000054486,17493.53279999923,308.53125
1778884502,160,GET,GET /api/ -> https://locust.io/,0.100000,0.000000,4700,4700,4700,4700,4700,4700,4700,4700,4700,4700,4700,2,0,810.5398000043351,2745.375949991285,810.5398000043351,4680.212099978235,4762.0
1778884502,160,GET,GET /api/ -> https://redis.io/,0.400000,0.000000,7100,8300,8300,17000,17000,17000,17000,17000,17000,17000,17000,5,0,7100.0,9028.558940003859,6251.785200001905,17042.3949000251,7221.0
1778884502,160,GET,GET /api/ -> https://www.python.org/,2.000000,0.000000,5500,8700,9000,10000,16000,20000,20000,20000,20000,20000,20000,47,0,3700.0,4843.610425532964,792.8072000213433,19641.65740000317,12980.0
1778884502,160,,Aggregated,12.500000,0.000000,6400,8500,9500,10000,13000,15000,17000,17000,20000,20000,20000,358,1,3200.0,4228.504357821202,350.9800000174437,19641.65740000317,5066.351955307263
1778884503,165,GET,GET /api/ -> http://example.com/,1.300000,0.000000,8300,9500,9500,9500,9600,9600,9600,9600,9600,9600,9600,100,0,2500.0,2804.861034998612,350.9800000174437,9609.065399999963,65.0
1778884503,165,GET,GET /api/ -> https://books.toscrape.com/,3.200000,0.000000,8300,10000,11000,11000,13000,14000,14000,14000,14000,14000,14000,88,0,3400.0,4613.094651136966,997.8395000216551,13735.454600013327,7848.0
1778884503,165,GET,GET /api/ -> https://docs.docker.com/,1.400000,0.000000,6100,8000,9300,11000,13000,14000,14000,14000,14000,14000,14000,33,0,4700.0,5415.942466663458,1077.1667000080924,13796.885100018699,1741.0
1778884503,165,GET,GET /api/ -> https://flask.palletsprojects.com/,1.300000,0.000000,5600,8500,12000,12000,14000,15000,15000,15000,15000,15000,15000,20,0,5200.0,6081.888580000668,1204.9279999919236,15140.702599979704,19667.0
1778884503,165,GET,GET /api/ -> https://github.com/ibnesayeed/linkextractor,0.100000,0.000000,2600,2600,2600,2600,2600,2600,2600,2600,2600,2600,2600,1,0,2574.325299996417,2574.325299996417,2574.325299996417,2574.325299996417,11810.0
1778884503,165,GET,GET /api/ -> https://httpbin.org/,2.200000,0.000000,7000,8500,10000,11000,17000,21000,21000,21000,21000,21000,21000,67,1,2900.0,4414.724931345016,782.9554000054486,21027.225700003328,308.7313432835821
1778884503,165,GET,GET /api/ -> https://locust.io/,0.100000,0.000000,4700,4700,5100,5100,5100,5100,5100,5100,5100,5100,5100,3,0,4700.0,3523.702033320054,810.5398000043351,5080.354199977592,4762.0
1778884503,165,GET,GET /api/ -> https://redis.io/,0.500000,0.000000,8300,8300,8700,8700,17000,17000,17000,17000,17000,17000,17000,6,0,7100.0,8980.499849999129,6251.785200001905,17042.3949000251,7221.0
1778884503,165,GET,GET /api/ -> https://www.python.org/,2.100000,0.000000,5600,8700,9000,10000,16000,20000,20000,20000,20000,20000,20000,48,0,3700.0,4897.834635417894,792.8072000213433,19641.65740000317,12980.0
1778884503,165,,Aggregated,12.200000,0.000000,6600,8700,9600,10000,14000,16000,20000,21000,21000,21000,21000,366,1,3300.0,4329.817948633738,350.9800000174437,21027.225700003328,5084.87431693989
1778884504,170,GET,GET /api/ -> http://example.com/,1.100000,0.000000,9500,9500,9500,9600,9600,9600,9600,9600,9600,9600,9600,100,0,2500.0,2804.861034998612,350.9800000174437,9609.065399999963,65.0
1778884504,170,GET,GET /api/ -> https://books.toscrape.com/,3.100000,0.000000,10000,11000,12000,12000,14000,17000,17000,17000,17000,17000,17000,91,0,3700.0,4913.72325604431,997.8395000216551,17105.326299992157,7848.0
1778884504,170,GET,GET /api/ -> https://docs.docker.com/,1.400000,0.000000,6100,8000,9300,11000,13000,14000,14000,14000,14000,14000,14000,34,0,4700.0,5405.831429408007,1077.1667000080924,13796.885100018699,1741.0
1778884504,170,GET,GET /api/ -> https://flask.palletsprojects.com/,1.300000,0.000000,5600,8500,12000,12000,14000,15000,15000,15000,15000,15000,15000,21,0,5200.0,6043.622257143614,1204.9279999919236,15140.702599979704,19667.0
1778884504,170,GET,GET /api/ -> https://github.com/ibnesayeed/linkextractor,0.100000,0.000000,2600,2600,2600,2600,2600,2600,2600,2600,2600,2600,2600,1,0,2574.325299996417,2574.325299996417,2574.325299996417,2574.325299996417,11810.0
1778884504,170,GET,GET /api/ -> https://httpbin.org/,2.200000,0.000000,8100,9500,10000,11000,17000,21000,21000,21000,21000,21000,21000,69,1,3000.0,4572.352589857157,782.9554000054486,21027.225700003328,308.8550724637681
1778884504,170,GET,GET /api/ -> https://locust.io/,0.100000,0.000000,4700,4700,5100,5100,5100,5100,5100,5100,5100,5100,5100,3,0,4700.0,3523.702033320054,810.5398000043351,5080.354199977592,4762.0
1778884504,170,GET,GET /api/ -> https://redis.io/,0.500000,0.000000,7100,8300,8700,8700,17000,17000,17000,17000,17000,17000,17000,7,0,7100.0,8665.904900000896,6251.785200001905,17042.3949000251,7221.0
1778884504,170,GET,GET /api/ -> https://www.python.org/,2.100000,0.000000,7400,8900,9500,9500,16000,20000,20000,20000,20000,20000,20000,49,0,4000.0,4991.826304083105,792.8072000213433,19641.65740000317,12980.0
1778884504,170,,Aggregated,11.900000,0.000000,8100,9500,10000,11000,14000,17000,20000,21000,21000,21000,21000,375,1,3500.0,4459.327570933227,350.9800000174437,21027.225700003328,5138.248
1778884505,175,GET,GET /api/ -> http://example.com/,1.100000,0.000000,9500,9500,9600,9600,9600,9600,9600,9600,9600,9600,9600,100,0,2500.0,2804.861034998612,350.9800000174437,9609.065399999963,65.0
1778884505,175,GET,GET /api/ -> https://books.toscrape.com/,3.100000,0.000000,11000,12000,12000,14000,17000,17000,17000,17000,17000,17000,17000,91,0,3700.0,4913.72325604431,997.8395000216551,17105.326299992157,7848.0
1778884505,175,GET,GET /api/ -> https://docs.docker.com/,1.400000,0.000000,6100,7400,8000,11000,12000,14000,14000,14000,14000,14000,14000,36,0,4900.0,5635.119583329167,1077.1667000080924,13796.885100018699,1741.0
1778884505,175,GET,GET /api/ -> https://flask.palletsprojects.com/,1.300000,0.000000,5600,8500,12000,12000,14000,15000,15000,15000,15000,15000,15000,22,0,5200.0,6102.632154545228,1204.9279999919236,15140.702599979704,19667.0
1778884505,175,GET,GET /api/ -> https://github.com/ibnesayeed/linkextractor,0.100000,0.000000,2600,2600,2600,2600,2600,2600,2600,2600,2600,2600,2600,1,0,2574.325299996417,2574.325299996417,2574.325299996417,2574.325299996417,11810.0
1778884505,175,GET,GET /api/ -> https://httpbin.org/,2.200000,0.000000,8500,10000,11000,12000,14000,21000,21000,21000,21000,21000,21000,72,1,3000.0,4788.778647223808,782.9554000054486,21027.225700003328,309.02777777777777
1778884505,175,GET,GET /api/ -> https://locust.io/,0.100000,0.000000,4700,4700,5100,5100,5100,5100,5100,5100,5100,5100,5100,3,0,4700.0,3523.702033320054,810.5398000043351,5080.354199977592,4762.0
1778884505,175,GET,GET /api/ -> https://redis.io/,0.500000,0.000000,8300,8700,8700,17000,17000,17000,17000,17000,17000,17000,17000,7,0,7100.0,8665.904900000896,6251.785200001905,17042.3949000251,7221.0
1778884505,175,GET,GET /api/ -> https://www.python.org/,2.100000,0.000000,8900,9300,12000,12000,16000,20000,20000,20000,20000,20000,20000,53,0,4400.0,5312.538816981822,792.8072000213433,19641.65740000317,12980.0
1778884505,175,,Aggregated,11.900000,0.000000,8300,9700,11000,12000,14000,17000,20000,21000,21000,21000,21000,385,1,3600.0,4584.209137142472,350.9800000174437,21027.225700003328,5202.21038961039
1778884507,180,GET,GET /api/ -> http://example.com/,0.500000,0.000000,9500,9500,9600,9600,9600,9600,9600,9600,9600,9600,9600,100,0,2500.0,2804.861034998612,350.9800000174437,9609.065399999963,65.0
1778884507,180,GET,GET /api/ -> https://books.toscrape.com/,1.800000,0.000000,11000,12000,12000,14000,17000,17000,17000,17000,17000,17000,17000,92,0,3700.0,4939.35827065244,997.8395000216551,17105.326299992157,7848.0
1778884507,180,GET,GET /api/ -> https://docs.docker.com/,1.500000,0.000000,6300,8000,11000,12000,14000,16000,16000,16000,16000,16000,16000,37,0,5100.0,5908.86744594192,1077.1667000080924,15763.79050000105,1741.0
1778884507,180,GET,GET /api/ -> https://flask.palletsprojects.com/,1.300000,0.000000,5300,7300,8500,12000,14000,14000,14000,14000,14000,14000,14000,22,0,5200.0,6102.632154545228,1204.9279999919236,15140.702599979704,19667.0
1778884507,180,GET,GET /api/ -> https://github.com/ibnesayeed/linkextractor,0.100000,0.000000,2600,2600,2600,2600,2600,2600,2600,2600,2600,2600,2600,1,0,2574.325299996417,2574.325299996417,2574.325299996417,2574.325299996417,11810.0
1778884507,180,GET,GET /api/ -> https://httpbin.org/,2.200000,0.000000,9700,11000,11000,12000,15000,21000,21000,21000,21000,21000,21000,76,1,3000.0,5030.698105264348,782.9554000054486,21027.225700003328,309.2368421052632
1778884507,180,GET,GET /api/ -> https://locust.io/,0.300000,0.000000,4700,4700,5100,5100,5100,5100,5100,5100,5100,5100,5100,3,0,4700.0,3523.702033320054,810.5398000043351,5080.354199977592,4762.0
1778884507,180,GET,GET /api/ -> https://redis.io/,0.500000,0.000000,8300,8300,8700,8700,17000,17000,17000,17000,17000,17000,17000,8,0,7100.0,8475.667375001649,6251.785200001905,17042.3949000251,7221.0
1778884507,180,GET,GET /api/ -> https://www.python.org/,2.000000,0.000000,9300,9500,12000,12000,20000,20000,20000,20000,20000,20000,20000,53,0,4400.0,5312.538816981822,792.8072000213433,19641.65740000317,12980.0
1778884507,180,,Aggregated,10.200000,0.000000,8500,10000,11000,12000,14000,17000,20000,21000,21000,21000,21000,392,1,3600.0,4675.105742346502,350.9800000174437,21027.225700003328,5155.390306122449
1778884508,185,GET,GET /api/ -> http://example.com/,0.400000,0.000000,9500,9500,9600,9600,9600,9600,9600,9600,9600,9600,9600,100,0,2500.0,2804.861034998612,350.9800000174437,9609.065399999963,65.0
1778884508,185,GET,GET /api/ -> https://books.toscrape.com/,1.000000,0.000000,12000,12000,14000,14000,17000,17000,17000,17000,17000,17000,17000,92,0,3700.0,4939.35827065244,997.8395000216551,17105.326299992157,7848.0
1778884508,185,GET,GET /api/ -> https://docs.docker.com/,1.400000,0.000000,6300,7400,12000,12000,16000,16000,16000,16000,16000,16000,16000,38,0,5100.0,6168.65183420611,1077.1667000080924,15780.67419998115,1741.0
1778884508,185,GET,GET /api/ -> https://flask.palletsprojects.com/,1.200000,0.000000,6100,7300,8500,12000,14000,14000,14000,14000,14000,14000,14000,23,0,5300.0,6104.100665216759,1204.9279999919236,15140.702599979704,19667.0
1778884508,185,GET,GET /api/ -> https://github.com/ibnesayeed/linkextractor,0.100000,0.000000,2600,2600,2600,2600,2600,2600,2600,2600,2600,2600,2600,1,0,2574.325299996417,2574.325299996417,2574.325299996417,2574.325299996417,11810.0
1778884508,185,GET,GET /api/ -> https://httpbin.org/,1.500000,0.000000,9700,11000,11000,12000,15000,21000,21000,21000,21000,21000,21000,77,1,3200.0,5073.072300001135,782.9554000054486,21027.225700003328,309.2857142857143
1778884508,185,GET,GET /api/ -> https://locust.io/,0.200000,0.000000,5100,5100,14000,14000,14000,14000,14000,14000,14000,14000,14000,4,0,4700.0,6029.922624991741,810.5398000043351,13548.584400006803,4762.0
1778884508,185,GET,GET /api/ -> https://redis.io/,0.500000,0.000000,8700,15000,15000,17000,17000,17000,17000,17000,17000,17000,17000,9,0,7100.0,9164.728477778328,6251.785200001905,17042.3949000251,7221.0
1778884508,185,GET,GET /api/ -> https://www.python.org/,1.700000,0.000000,9300,11000,12000,12000,12000,20000,20000,20000,20000,20000,20000,55,0,4400.0,5376.715976364424,792.8072000213433,19641.65740000317,12980.0
1778884508,185,,Aggregated,8.000000,0.000000,8700,11000,12000,12000,15000,17000,20000,21000,21000,21000,21000,399,1,3700.0,4775.019216290231,350.9800000174437,21027.225700003328,5214.478696741855
1778884509,190,GET,GET /api/ -> http://example.com/,0.300000,0.000000,9500,9500,9600,9600,9600,9600,9600,9600,9600,9600,9600,100,0,2500.0,2804.861034998612,350.9800000174437,9609.065399999963,65.0
1778884509,190,GET,GET /api/ -> https://books.toscrape.com/,0.900000,0.000000,12000,12000,14000,14000,17000,17000,17000,17000,17000,17000,17000,92,0,3700.0,4939.35827065244,997.8395000216551,17105.326299992157,7848.0
1778884509,190,GET,GET /api/ -> https://docs.docker.com/,1.300000,0.000000,7400,8000,12000,16000,16000,16000,16000,16000,16000,16000,16000,39,0,5100.0,6099.9756435854715,1077.1667000080924,15780.67419998115,1741.0
1778884509,190,GET,GET /api/ -> https://flask.palletsprojects.com/,1.100000,0.000000,7300,8500,12000,14000,20000,20000,20000,20000,20000,20000,20000,26,0,5300.0,6801.547349999265,1204.9279999919236,19585.16009998857,19667.0
1778884509,190,GET,GET /api/ -> https://github.com/ibnesayeed/linkextractor,0.100000,0.000000,2600,2600,2600,2600,2600,2600,2600,2600,2600,2600,2600,1,0,2574.325299996417,2574.325299996417,2574.325299996417,2574.325299996417,11810.0
1778884509,190,GET,GET /api/ -> https://httpbin.org/,1.500000,0.000000,9700,11000,11000,12000,15000,21000,21000,21000,21000,21000,21000,79,1,3400.0,5192.056377216086,782.9554000054486,21027.225700003328,309.37974683544303
1778884509,190,GET,GET /api/ -> https://locust.io/,0.200000,0.000000,5100,5100,14000,14000,14000,14000,14000,14000,14000,14000,14000,5,0,4800.0,5791.926999995485,810.5398000043351,13548.584400006803,4762.0
1778884509,190,GET,GET /api/ -> https://redis.io/,0.600000,0.000000,8700,15000,15000,17000,17000,17000,17000,17000,17000,17000,17000,9,0,7100.0,9164.728477778328,6251.785200001905,17042.3949000251,7221.0
1778884509,190,GET,GET /api/ -> https://www.python.org/,1.600000,0.000000,11000,12000,13000,13000,13000,20000,20000,20000,20000,20000,20000,57,0,4400.0,5653.674440351703,792.8072000213433,19641.65740000317,12980.0
1778884509,190,,Aggregated,7.600000,0.000000,8700,11000,12000,14000,16000,17000,20000,21000,21000,21000,21000,408,1,3700.0,4892.389115440678,350.9800000174437,21027.225700003328,5325.1642156862745
1778884510,195,GET,GET /api/ -> http://example.com/,0.300000,0.000000,9500,9500,9600,9600,9600,9600,9600,9600,9600,9600,9600,100,0,2500.0,2804.861034998612,350.9800000174437,9609.065399999963,65.0
1778884510,195,GET,GET /api/ -> https://books.toscrape.com/,0.900000,0.000000,12000,12000,14000,14000,17000,17000,17000,17000,17000,17000,17000,93,0,3800.0,4993.969270967946,997.8395000216551,17105.326299992157,7848.0
1778884510,195,GET,GET /api/ -> https://docs.docker.com/,1.100000,0.000000,8000,12000,16000,16000,16000,16000,16000,16000,16000,16000,16000,39,0,5100.0,6099.9756435854715,1077.1667000080924,15780.67419998115,1741.0
1778884510,195,GET,GET /api/ -> https://flask.palletsprojects.com/,1.000000,0.000000,7300,12000,14000,14000,18000,20000,20000,20000,20000,20000,20000,27,0,5300.0,7223.392403702881,1204.9279999919236,19585.16009998857,19667.0
1778884510,195,GET,GET /api/ -> https://github.com/ibnesayeed/linkextractor,0.100000,0.000000,2600,2600,2600,2600,2600,2600,2600,2600,2600,2600,2600,1,0,2574.325299996417,2574.325299996417,2574.325299996417,2574.325299996417,11810.0
1778884510,195,GET,GET /api/ -> https://httpbin.org/,1.700000,0.000000,10000,11000,14000,15000,16000,21000,21000,21000,21000,21000,21000,81,1,3500.0,5456.912493828345,782.9554000054486,21027.225700003328,309.4691358024691
1778884510,195,GET,GET /api/ -> https://locust.io/,0.300000,0.000000,5100,5100,14000,14000,14000,14000,14000,14000,14000,14000,14000,5,0,4800.0,5791.926999995485,810.5398000043351,13548.584400006803,4762.0
1778884510,195,GET,GET /api/ -> https://redis.io/,0.500000,0.000000,8700,15000,17000,17000,17000,17000,17000,17000,17000,17000,17000,11,0,7400.0,9679.708490907533,6251.785200001905,17042.3949000251,7221.0
1778884510,195,GET,GET /api/ -> https://www.python.org/,1.200000,0.000000,9500,11000,12000,12000,13000,13000,13000,13000,13000,13000,13000,58,0,4400.0,5646.730779310898,792.8072000213433,19641.65740000317,12980.0
1778884510,195,,Aggregated,7.100000,0.000000,9300,12000,13000,14000,16000,17000,20000,21000,21000,21000,21000,415,1,3900.0,5025.028774939219,350.9800000174437,21027.225700003328,5369.22891566265
1778884511,200,GET,GET /api/ -> http://example.com/,0.300000,0.000000,9500,9500,9600,9600,9600,9600,9600,9600,9600,9600,9600,100,0,2500.0,2804.861034998612,350.9800000174437,9609.065399999963,65.0
1778884511,200,GET,GET /api/ -> https://books.toscrape.com/,0.800000,0.000000,14000,14000,17000,17000,18000,18000,18000,18000,18000,18000,18000,95,0,3800.0,5231.34798315801,997.8395000216551,18157.684799982235,7848.0
1778884511,200,GET,GET /api/ -> https://docs.docker.com/,1.300000,0.000000,8600,12000,16000,16000,16000,16000,16000,16000,16000,16000,16000,43,0,5600.0,6588.192313949464,1077.1667000080924,16429.533700022148,1741.0
1778884511,200,GET,GET /api/ -> https://flask.palletsprojects.com/,1.100000,0.000000,7300,14000,18000,18000,20000,22000,22000,22000,22000,22000,22000,29,0,5600.0,7694.22796551652,1204.9279999919236,22144.41139998962,19667.0
1778884511,200,GET,GET /api/ -> https://github.com/ibnesayeed/linkextractor,0.000000,0.000000,2600,2600,2600,2600,2600,2600,2600,2600,2600,2600,2600,1,0,2574.325299996417,2574.325299996417,2574.325299996417,2574.325299996417,11810.0
1778884511,200,GET,GET /api/ -> https://httpbin.org/,1.900000,0.000000,11000,14000,16000,16000,19000,21000,21000,21000,21000,21000,21000,83,1,3900.0,5770.316356627891,782.9554000054486,21027.225700003328,309.5542168674699
1778884511,200,GET,GET /api/ -> https://locust.io/,0.400000,0.000000,4800,4800,5100,5100,14000,14000,14000,14000,14000,14000,14000,7,0,4700.0,4971.109799999145,810.5398000043351,13548.584400006803,4762.0
1778884511,200,GET,GET /api/ -> https://redis.io/,0.500000,0.000000,8700,13000,15000,15000,17000,17000,17000,17000,17000,17000,17000,12,0,7400.0,9932.09516666684,6251.785200001905,17042.3949000251,7221.0
1778884511,200,GET,GET /api/ -> https://www.python.org/,1.300000,0.000000,9300,11000,12000,12000,13000,13000,13000,13000,13000,13000,13000,61,0,4700.0,5736.236867213385,792.8072000213433,19641.65740000317,12980.0
1778884511,200,,Aggregated,7.600000,0.000000,9700,12000,14000,15000,17000,19000,21000,22000,22000,22000,22000,431,1,3900.0,5265.180939210677,350.9800000174437,22144.41139998962,5444.396751740139
1778884512,205,GET,GET /api/ -> http://example.com/,0.000000,0.000000,9500,9500,9600,9600,9600,9600,9600,9600,9600,9600,9600,100,0,2500.0,2804.861034998612,350.9800000174437,9609.065399999963,65.0
1778884512,205,GET,GET /api/ -> https://books.toscrape.com/,0.600000,0.000000,14000,17000,17000,18000,24000,24000,24000,24000,24000,24000,24000,97,0,3900.0,5541.355793814705,997.8395000216551,24023.9710000169,7848.0
1778884512,205,GET,GET /api/ -> https://docs.docker.com/,1.000000,0.000000,12000,15000,15000,16000,16000,16000,16000,16000,16000,16000,16000,45,0,5600.0,6884.012482218289,1077.1667000080924,16429.533700022148,1741.0
1778884512,205,GET,GET /api/ -> https://flask.palletsprojects.com/,1.000000,0.000000,7300,14000,18000,18000,20000,22000,22000,22000,22000,22000,22000,29,0,5600.0,7694.22796551652,1204.9279999919236,22144.41139998962,19667.0
1778884512,205,GET,GET /api/ -> https://github.com/ibnesayeed/linkextractor,0.000000,0.000000,2600,2600,2600,2600,2600,2600,2600,2600,2600,2600,2600,1,0,2574.325299996417,2574.325299996417,2574.325299996417,2574.325299996417,11810.0
1778884512,205,GET,GET /api/ -> https://httpbin.org/,1.900000,0.000000,11000,14000,16000,16000,19000,21000,21000,21000,21000,21000,21000,83,1,3900.0,5770.316356627891,782.9554000054486,21027.225700003328,309.5542168674699
1778884512,205,GET,GET /api/ -> https://locust.io/,0.400000,0.000000,4800,5100,5100,14000,14000,14000,14000,14000,14000,14000,14000,7,0,4700.0,4971.109799999145,810.5398000043351,13548.584400006803,4762.0
1778884512,205,GET,GET /api/ -> https://redis.io/,0.700000,0.000000,13000,13000,15000,15000,17000,17000,17000,17000,17000,17000,17000,13,0,8300.0,10160.267899999431,6251.785200001905,17042.3949000251,7221.0
1778884512,205,GET,GET /api/ -> https://www.python.org/,1.200000,0.000000,9500,11000,12000,13000,16000,23000,23000,23000,23000,23000,23000,65,0,4800.0,6115.535275385124,792.8072000213433,22515.90539998142,12980.0
1778884512,205,,Aggregated,6.800000,0.000000,11000,13000,15000,16000,18000,21000,23000,24000,24000,24000,24000,440,1,4000.0,5447.300943863227,350.9800000174437,24023.9710000169,5511.031818181818
1778884513,210,GET,GET /api/ -> http://example.com/,0.000000,0.000000,9500,9500,9600,9600,9600,9600,9600,9600,9600,9600,9600,100,0,2500.0,2804.861034998612,350.9800000174437,9609.065399999963,65.0
1778884513,210,GET,GET /api/ -> https://books.toscrape.com/,0.700000,0.000000,17000,17000,18000,18000,24000,24000,24000,24000,24000,24000,24000,97,0,3900.0,5541.355793814705,997.8395000216551,24023.9710000169,7848.0
1778884513,210,GET,GET /api/ -> https://docs.docker.com/,1.200000,0.000000,12000,15000,16000,16000,16000,21000,21000,21000,21000,21000,21000,48,0,5600.0,7168.510345829418,1077.1667000080924,21091.228799981764,1741.0
1778884513,210,GET,GET /api/ -> https://flask.palletsprojects.com/,1.100000,0.000000,7300,12000,18000,20000,22000,22000,22000,22000,22000,22000,22000,30,0,5300.0,7584.1224833323695,1204.9279999919236,22144.41139998962,19667.0
1778884513,210,GET,GET /api/ -> https://github.com/ibnesayeed/linkextractor,0.000000,0.000000,2600,2600,2600,2600,2600,2600,2600,2600,2600,2600,2600,1,0,2574.325299996417,2574.325299996417,2574.325299996417,2574.325299996417,11810.0
1778884513,210,GET,GET /api/ -> https://httpbin.org/,1.800000,0.000000,11000,14000,16000,16000,18000,19000,19000,19000,19000,19000,19000,84,1,3500.0,5714.463464287248,782.9554000054486,21027.225700003328,309.5952380952381
1778884513,210,GET,GET /api/ -> https://locust.io/,0.600000,0.000000,4800,5100,5100,14000,14000,14000,14000,14000,14000,14000,14000,7,0,4700.0,4971.109799999145,810.5398000043351,13548.584400006803,4762.0
1778884513,210,GET,GET /api/ -> https://redis.io/,0.600000,0.000000,13000,13000,15000,16000,17000,17000,17000,17000,17000,17000,17000,14,0,8300.0,10563.1128285708,6251.785200001905,17042.3949000251,7221.0
1778884513,210,GET,GET /api/ -> https://training.play-with-docker.com/,0.000000,0.000000,0,0,0,0,0,0,0,0,0,0,0,1,0,14409.557899984065,14409.557899984065,14409.557899984065,14409.557899984065,1424.0
1778884513,210,GET,GET /api/ -> https://www.python.org/,1.500000,0.000000,9500,11000,12000,13000,16000,23000,23000,23000,23000,23000,23000,67,0,4900.0,6184.380683582276,792.8072000213433,22515.90539998142,12980.0
1778884513,210,,Aggregated,7.500000,0.000000,11000,14000,15000,16000,18000,21000,23000,24000,24000,24000,24000,449,1,4100.0,5531.499899331352,350.9800000174437,24023.9710000169,5533.768374164811
1778884514,215,GET,GET /api/ -> http://example.com/,0.000000,0.000000,9500,9500,9600,9600,9600,9600,9600,9600,9600,9600,9600,100,0,2500.0,2804.861034998612,350.9800000174437,9609.065399999963,65.0
1778884514,215,GET,GET /api/ -> https://books.toscrape.com/,0.900000,0.000000,17000,17000,18000,18000,24000,24000,24000,24000,24000,24000,24000,97,0,3900.0,5541.355793814705,997.8395000216551,24023.9710000169,7848.0
1778884514,215,GET,GET /api/ -> https://docs.docker.com/,1.100000,0.000000,12000,15000,16000,16000,16000,21000,21000,21000,21000,21000,21000,50,0,6100.0,7340.591737996438,1077.1667000080924,21091.228799981764,1741.0
1778884514,215,GET,GET /api/ -> https://flask.palletsprojects.com/,1.100000,0.000000,9000,12000,18000,18000,20000,22000,22000,22000,22000,22000,22000,32,0,5600.0,7842.420568749731,1204.9279999919236,22144.41139998962,19667.0
1778884514,215,GET,GET /api/ -> https://github.com/ibnesayeed/linkextractor,0.000000,0.000000,2700,2700,2700,2700,2700,2700,2700,2700,2700,2700,2700,2,0,2600.0,2645.1906000002054,2574.325299996417,2716.055900003994,11810.0
1778884514,215,GET,GET /api/ -> https://httpbin.org/,1.900000,0.000000,11000,14000,16000,16000,18000,19000,19000,19000,19000,19000,19000,87,1,3900.0,5934.737254024802,782.9554000054486,21027.225700003328,309.71264367816093
1778884514,215,GET,GET /api/ -> https://locust.io/,0.600000,0.000000,4800,5100,5100,14000,14000,14000,14000,14000,14000,14000,14000,7,0,4700.0,4971.109799999145,810.5398000043351,13548.584400006803,4762.0
1778884514,215,GET,GET /api/ -> https://redis.io/,0.700000,0.000000,13000,13000,15000,16000,17000,17000,17000,17000,17000,17000,17000,16,0,8700.0,10904.85932500087,6251.785200001905,17042.3949000251,7221.0
1778884514,215,GET,GET /api/ -> https://training.play-with-docker.com/,0.000000,0.000000,14000,14000,14000,14000,14000,14000,14000,14000,14000,14000,14000,1,0,14409.557899984065,14409.557899984065,14409.557899984065,14409.557899984065,1424.0
1778884514,215,GET,GET /api/ -> https://www.python.org/,1.500000,0.000000,9500,11000,12000,12000,13000,16000,23000,23000,23000,23000,23000,69,0,5100.0,6247.89111159423,792.8072000213433,22515.90539998142,12980.0
1778884514,215,,Aggregated,7.800000,0.000000,11000,14000,15000,16000,18000,20000,23000,24000,24000,24000,24000,461,1,4200.0,5666.782527765403,350.9800000174437,24023.9710000169,5597.893709327549
1778884515,220,GET,GET /api/ -> http://example.com/,0.000000,0.000000,9500,9500,9600,9600,9600,9600,9600,9600,9600,9600,9600,100,0,2500.0,2804.861034998612,350.9800000174437,9609.065399999963,65.0
1778884515,220,GET,GET /api/ -> https://books.toscrape.com/,0.900000,0.000000,17000,18000,20000,20000,24000,24000,24000,24000,24000,24000,24000,98,0,3900.0,5683.921451020775,997.8395000216551,24023.9710000169,7848.0
1778884515,220,GET,GET /api/ -> https://docs.docker.com/,1.300000,0.000000,12000,15000,16000,16000,18000,21000,21000,21000,21000,21000,21000,53,0,6100.0,7405.259977355665,1077.1667000080924,21091.228799981764,1741.0
1778884515,220,GET,GET /api/ -> https://flask.palletsprojects.com/,1.000000,0.000000,11000,12000,18000,18000,20000,22000,22000,22000,22000,22000,22000,34,0,5600.0,7824.385820588384,1204.9279999919236,22144.41139998962,19667.0
1778884515,220,GET,GET /api/ -> https://github.com/ibnesayeed/linkextractor,0.000000,0.000000,2700,2700,13000,13000,13000,13000,13000,13000,13000,13000,13000,3,0,2700.0,5940.526766663727,2574.325299996417,12531.199099990772,11810.0
1778884515,220,GET,GET /api/ -> https://httpbin.org/,1.900000,0.000000,14000,16000,18000,18000,21000,22000,22000,22000,22000,22000,22000,90,1,4000.0,6331.678342223879,782.9554000054486,21793.63000000012,309.8222222222222
1778884515,220,GET,GET /api/ -> https://locust.io/,0.500000,0.000000,4800,4800,14000,14000,14000,14000,14000,14000,14000,14000,14000,7,0,4700.0,4971.109799999145,810.5398000043351,13548.584400006803,4762.0
1778884515,220,GET,GET /api/ -> https://redis.io/,0.900000,0.000000,13000,13000,15000,15000,16000,17000,17000,17000,17000,17000,17000,18,0,8700.0,10682.928016667978,5554.637499997625,17042.3949000251,7221.0
1778884515,220,GET,GET /api/ -> https://training.play-with-docker.com/,0.100000,0.000000,14000,14000,14000,14000,14000,14000,14000,14000,14000,14000,14000,1,0,14409.557899984065,14409.557899984065,14409.557899984065,14409.557899984065,1424.0
1778884515,220,GET,GET /api/ -> https://www.python.org/,1.900000,0.000000,10000,11000,13000,13000,16000,23000,23000,23000,23000,23000,23000,70,0,5100.0,6353.145721428363,792.8072000213433,22515.90539998142,12980.0
1778884515,220,,Aggregated,8.500000,0.000000,11000,14000,16000,16000,19000,21000,23000,24000,24000,24000,24000,474,1,4400.0,5843.69444050607,350.9800000174437,24023.9710000169,5639.672995780591
1778884516,225,GET,GET /api/ -> http://example.com/,0.000000,0.000000,9500,9500,9600,9600,9600,9600,9600,9600,9600,9600,9600,100,0,2500.0,2804.861034998612,350.9800000174437,9609.065399999963,65.0
1778884516,225,GET,GET /api/ -> https://books.toscrape.com/,0.800000,0.000000,17000,18000,20000,20000,24000,24000,24000,24000,24000,24000,24000,98,0,3900.0,5683.921451020775,997.8395000216551,24023.9710000169,7848.0
1778884516,225,GET,GET /api/ -> https://docs.docker.com/,1.600000,0.000000,12000,15000,16000,16000,18000,21000,21000,21000,21000,21000,21000,54,0,6100.0,7472.331196293386,1077.1667000080924,21091.228799981764,1741.0
1778884516,225,GET,GET /api/ -> https://flask.palletsprojects.com/,1.200000,0.000000,11000,12000,18000,18000,20000,22000,22000,22000,22000,22000,22000,34,0,5600.0,7824.385820588384,1204.9279999919236,22144.41139998962,19667.0
1778884516,225,GET,GET /api/ -> https://github.com/ibnesayeed/linkextractor,0.100000,0.000000,8100,8100,13000,13000,13000,13000,13000,13000,13000,13000,13000,4,0,2700.0,6491.575000000012,2574.325299996417,12531.199099990772,11810.0
1778884516,225,GET,GET /api/ -> https://httpbin.org/,1.800000,0.000000,14000,16000,18000,18000,21000,22000,22000,22000,22000,22000,22000,91,1,4200.0,6360.488597803831,782.9554000054486,21793.63000000012,309.85714285714283
1778884516,225,GET,GET /api/ -> https://locust.io/,0.400000,0.000000,4800,13000,13000,14000,14000,14000,14000,14000,14000,14000,14000,8,0,4700.0,5978.294349999487,810.5398000043351,13548.584400006803,4762.0
1778884516,225,GET,GET /api/ -> https://redis.io/,0.700000,0.000000,13000,13000,15000,15000,16000,17000,17000,17000,17000,17000,17000,20,0,8700.0,10475.144150000415,5387.809100007871,17042.3949000251,7221.0
1778884516,225,GET,GET /api/ -> https://training.play-with-docker.com/,0.100000,0.000000,14000,14000,14000,14000,14000,14000,14000,14000,14000,14000,14000,1,0,14409.557899984065,14409.557899984065,14409.557899984065,14409.557899984065,1424.0
1778884516,225,GET,GET /api/ -> https://www.python.org/,2.000000,0.000000,10000,11000,13000,13000,16000,17000,23000,23000,23000,23000,23000,74,0,5300.0,6610.862331081424,792.8072000213433,22515.90539998142,12980.0
1778884516,225,,Aggregated,8.700000,0.000000,12000,14000,16000,16000,18000,21000,23000,24000,24000,24000,24000,484,1,4400.0,5935.4520223138525,350.9800000174437,24023.9710000169,5698.745867768595
1778884517,230,GET,GET /api/ -> http://example.com/,0.000000,0.000000,0,0,0,0,0,0,0,0,0,0,0,100,0,2500.0,2804.861034998612,350.9800000174437,9609.065399999963,65.0
1778884517,230,GET,GET /api/ -> https://books.toscrape.com/,0.600000,0.000000,17000,18000,20000,20000,24000,24000,24000,24000,24000,24000,24000,98,0,3900.0,5683.921451020775,997.8395000216551,24023.9710000169,7848.0
1778884517,230,GET,GET /api/ -> https://docs.docker.com/,1.500000,0.000000,8900,13000,15000,15000,16000,18000,21000,21000,21000,21000,21000,59,0,6100.0,7359.610937285174,1032.3861000069883,21091.228799981764,1741.0
1778884517,230,GET,GET /api/ -> https://flask.palletsprojects.com/,1.200000,0.000000,11000,14000,17000,18000,20000,22000,22000,22000,22000,22000,22000,36,0,5600.0,7907.36493333356,1204.9279999919236,22144.41139998962,19667.0
1778884517,230,GET,GET /api/ -> https://github.com/ibnesayeed/linkextractor,0.200000,0.000000,8100,8100,13000,13000,13000,13000,13000,13000,13000,13000,13000,4,0,2700.0,6491.575000000012,2574.325299996417,12531.199099990772,11810.0
1778884517,230,GET,GET /api/ -> https://httpbin.org/,1.600000,0.000000,16000,18000,19000,19000,21000,22000,22000,22000,22000,22000,22000,92,1,4200.0,6523.953400001515,782.9554000054486,21793.63000000012,309.89130434782606
1778884517,230,GET,GET /api/ -> https://locust.io/,0.400000,0.000000,4800,4800,13000,13000,13000,13000,13000,13000,13000,13000,13000,8,0,4700.0,5978.294349999487,810.5398000043351,13548.584400006803,4762.0
1778884517,230,GET,GET /api/ -> https://redis.io/,1.000000,0.000000,13000,13000,15000,16000,17000,21000,21000,21000,21000,21000,21000,21,0,12000.0,10976.648509524584,5387.809100007871,21006.735700007994,7221.0
1778884517,230,GET,GET /api/ -> https://training.play-with-docker.com/,0.100000,0.000000,14000,14000,14000,14000,14000,14000,14000,14000,14000,14000,14000,2,0,3433.452600002056,8921.50524999306,3433.452600002056,14409.557899984065,1424.0
1778884517,230,GET,GET /api/ -> https://www.python.org/,1.700000,0.000000,10000,13000,13000,14000,17000,23000,26000,26000,26000,26000,26000,76,0,5300.0,6814.479793421924,792.8072000213433,25692.283300013514,12980.0
1778884517,230,,Aggregated,8.300000,0.000000,11000,14000,16000,17000,20000,22000,24000,26000,26000,26000,26000,496,1,4400.0,6041.617035685347,350.9800000174437,25692.283300013514,5728.125
1778884518,235,GET,GET /api/ -> http://example.com/,0.000000,0.000000,0,0,0,0,0,0,0,0,0,0,0,100,0,2500.0,2804.861034998612,350.9800000174437,9609.065399999963,65.0
1778884518,235,GET,GET /api/ -> https://books.toscrape.com/,0.700000,0.000000,18000,18000,20000,20000,24000,24000,24000,24000,24000,24000,24000,98,0,3900.0,5683.921451020775,997.8395000216551,24023.9710000169,7848.0
1778884518,235,GET,GET /api/ -> https://docs.docker.com/,1.800000,0.000000,8600,12000,14000,15000,16000,18000,21000,21000,21000,21000,21000,62,0,5700.0,7242.138625803261,1032.3861000069883,21091.228799981764,1741.0
1778884518,235,GET,GET /api/ -> https://flask.palletsprojects.com/,1.200000,0.000000,11000,14000,17000,18000,18000,22000,22000,22000,22000,22000,22000,39,0,5600.0,7863.46940769223,1204.9279999919236,22144.41139998962,19667.0
1778884518,235,GET,GET /api/ -> https://github.com/ibnesayeed/linkextractor,0.300000,0.000000,8100,8100,13000,13000,13000,13000,13000,13000,13000,13000,13000,4,0,2700.0,6491.575000000012,2574.325299996417,12531.199099990772,11810.0
1778884518,235,GET,GET /api/ -> https://httpbin.org/,1.800000,0.000000,16000,18000,19000,21000,21000,22000,22000,22000,22000,22000,22000,92,1,4200.0,6523.953400001515,782.9554000054486,21793.63000000012,309.89130434782606
1778884518,235,GET,GET /api/ -> https://locust.io/,0.400000,0.000000,4800,5500,5700,5700,13000,13000,13000,13000,13000,13000,13000,12,0,4700.0,5470.161350000126,810.5398000043351,13548.584400006803,4762.0
1778884518,235,GET,GET /api/ -> https://redis.io/,1.200000,0.000000,13000,13000,13000,16000,17000,21000,21000,21000,21000,21000,21000,22,0,9900.0,10929.687081818965,5387.809100007871,21006.735700007994,7221.0
1778884518,235,GET,GET /api/ -> https://training.play-with-docker.com/,0.100000,0.000000,14000,14000,14000,14000,14000,14000,14000,14000,14000,14000,14000,2,0,3433.452600002056,8921.50524999306,3433.452600002056,14409.557899984065,1424.0
1778884518,235,GET,GET /api/ -> https://www.python.org/,1.900000,0.000000,10000,13000,13000,14000,23000,26000,28000,28000,28000,28000,28000,81,0,5600.0,7138.542692593434,792.8072000213433,27508.503599994583,12980.0
1778884518,235,,Aggregated,9.400000,0.000000,10000,13000,16000,17000,20000,22000,24000,26000,28000,28000,28000,512,1,4600.0,6096.735040624817,350.9800000174437,27508.503599994583,5852.623046875
1778884519,240,GET,GET /api/ -> http://example.com/,0.000000,0.000000,0,0,0,0,0,0,0,0,0,0,0,100,0,2500.0,2804.861034998612,350.9800000174437,9609.065399999963,65.0
1778884519,240,GET,GET /api/ -> https://books.toscrape.com/,0.700000,0.000000,18000,20000,24000,24000,24000,24000,24000,24000,24000,24000,24000,99,0,4100.0,5866.474057576264,997.8395000216551,24023.9710000169,7848.0
1778884519,240,GET,GET /api/ -> https://docs.docker.com/,2.000000,0.000000,8600,11000,14000,15000,18000,21000,22000,22000,22000,22000,22000,66,0,5800.0,7439.921268179067,1032.3861000069883,21983.21780000697,1741.0
1778884519,240,GET,GET /api/ -> https://flask.palletsprojects.com/,1.400000,0.000000,9000,14000,17000,18000,18000,22000,22000,22000,22000,22000,22000,39,0,5600.0,7863.46940769223,1204.9279999919236,22144.41139998962,19667.0
1778884519,240,GET,GET /api/ -> https://github.com/ibnesayeed/linkextractor,0.300000,0.000000,9900,13000,13000,16000,16000,16000,16000,16000,16000,16000,16000,6,0,8100.0,8701.60788333063,2574.325299996417,16316.784399998141,11810.0
1778884519,240,GET,GET /api/ -> https://httpbin.org/,1.800000,0.000000,18000,19000,21000,21000,21000,22000,22000,22000,22000,22000,22000,94,1,4600.0,6696.163301065408,782.9554000054486,21793.63000000012,309.9574468085106
1778884519,240,GET,GET /api/ -> https://locust.io/,0.500000,0.000000,4500,5500,5700,5700,13000,13000,13000,13000,13000,13000,13000,12,0,4700.0,5470.161350000126,810.5398000043351,13548.584400006803,4762.0
1778884519,240,GET,GET /api/ -> https://redis.io/,1.200000,0.000000,13000,13000,14000,16000,17000,21000,21000,21000,21000,21000,21000,24,0,9900.0,10884.814604167332,5387.809100007871,21006.735700007994,7221.0
1778884519,240,GET,GET /api/ -> https://training.play-with-docker.com/,0.200000,0.000000,14000,14000,14000,14000,14000,14000,14000,14000,14000,14000,14000,2,0,3433.452600002056,8921.50524999306,3433.452600002056,14409.557899984065,1424.0
1778884519,240,GET,GET /api/ -> https://www.python.org/,2.200000,0.000000,9000,11000,14000,16000,23000,26000,28000,28000,28000,28000,28000,84,0,5600.0,7285.43939523938,792.8072000213433,27508.503599994583,12980.0
1778884519,240,,Aggregated,10.300000,0.000000,10000,13000,16000,17000,21000,22000,24000,26000,28000,28000,28000,526,1,4600.0,6268.675950190054,350.9800000174437,27508.503599994583,5872.5912547528515
1778884520,245,GET,GET /api/ -> http://example.com/,0.000000,0.000000,5000,5000,5000,5000,5000,5000,5000,5000,5000,5000,5000,101,0,2500.0,2826.299918810595,350.9800000174437,9609.065399999963,65.0
1778884520,245,GET,GET /api/ -> https://books.toscrape.com/,0.700000,0.000000,20000,24000,24000,24000,24000,24000,24000,24000,24000,24000,24000,99,0,4100.0,5866.474057576264,997.8395000216551,24023.9710000169,7848.0
1778884520,245,GET,GET /api/ -> https://docs.docker.com/,2.000000,0.000000,8600,11000,14000,15000,18000,21000,22000,22000,22000,22000,22000,66,0,5800.0,7439.921268179067,1032.3861000069883,21983.21780000697,1741.0
1778884520,245,GET,GET /api/ -> https://flask.palletsprojects.com/,1.400000,0.000000,9000,14000,17000,18000,18000,22000,22000,22000,22000,22000,22000,40,0,5300.0,7768.010297499859,1204.9279999919236,22144.41139998962,19667.0
1778884520,245,GET,GET /api/ -> https://github.com/ibnesayeed/linkextractor,0.300000,0.000000,9900,13000,13000,16000,16000,16000,16000,16000,16000,16000,16000,6,0,8100.0,8701.60788333063,2574.325299996417,16316.784399998141,11810.0
1778884520,245,GET,GET /api/ -> https://httpbin.org/,1.800000,0.000000,18000,19000,21000,21000,21000,22000,22000,22000,22000,22000,22000,95,1,4600.0,6676.716071580488,782.9554000054486,21793.63000000012,309.9894736842105
1778884520,245,GET,GET /api/ -> https://locust.io/,0.500000,0.000000,5500,5700,13000,13000,19000,19000,19000,19000,19000,19000,19000,13,0,4800.0,6481.61394615398,810.5398000043351,18619.04510000022,4762.0
1778884520,245,GET,GET /api/ -> https://redis.io/,1.200000,0.000000,13000,13000,13000,14000,16000,21000,21000,21000,21000,21000,21000,25,0,9900.0,10813.789488001494,5387.809100007871,21006.735700007994,7221.0
1778884520,245,GET,GET /api/ -> https://training.play-with-docker.com/,0.200000,0.000000,14000,14000,14000,14000,14000,14000,14000,14000,14000,14000,14000,2,0,3433.452600002056,8921.50524999306,3433.452600002056,14409.557899984065,1424.0
1778884520,245,GET,GET /api/ -> https://www.python.org/,2.200000,0.000000,10000,13000,14000,17000,23000,26000,28000,28000,28000,28000,28000,86,0,5600.0,7294.918143024281,792.8072000213433,27508.503599994583,12980.0
1778884520,245,,Aggregated,10.300000,0.000000,10000,13000,15000,17000,21000,22000,24000,26000,28000,28000,28000,533,1,4700.0,6293.249160412711,350.9800000174437,27508.503599994583,5904.260787992495
1778884521,250,GET,GET /api/ -> http://example.com/,0.000000,0.000000,30000,30000,30000,30000,30000,30000,30000,30000,30000,30000,30000,106,0,2600.0,4109.223998111907,350.9800000174437,30030.36889998475,61.93396226415094
1778884521,250,GET,GET /api/ -> https://books.toscrape.com/,0.700000,0.000000,20000,24000,24000,24000,24000,24000,24000,24000,24000,24000,24000,99,0,4100.0,5866.474057576264,997.8395000216551,24023.9710000169,7848.0
1778884521,250,GET,GET /api/ -> https://docs.docker.com/,2.700000,0.000000,6500,11000,13000,14000,18000,21000,22000,22000,22000,22000,22000,66,0,5800.0,7439.921268179067,1032.3861000069883,21983.21780000697,1741.0
1778884521,250,GET,GET /api/ -> https://flask.palletsprojects.com/,1.400000,0.000000,4400,11000,14000,17000,18000,30000,30000,30000,30000,30000,30000,42,0,5300.0,8222.145569047176,1204.9279999919236,30276.93389999331,19198.738095238095
1778884521,250,GET,GET /api/ -> https://github.com/ibnesayeed/linkextractor,0.400000,0.000000,9900,9900,13000,13000,16000,16000,16000,16000,16000,16000,16000,7,0,8100.0,8152.535457143261,2574.325299996417,16316.784399998141,11810.0
1778884521,250,GET,GET /api/ -> https://httpbin.org/,1.500000,0.000000,14000,18000,21000,21000,21000,22000,22000,22000,22000,22000,22000,95,1,4600.0,6676.716071580488,782.9554000054486,21793.63000000012,309.9894736842105
1778884521,250,GET,GET /api/ -> https://locust.io/,0.700000,0.000000,5500,5700,13000,13000,19000,19000,19000,19000,19000,19000,19000,13,0,4800.0,6481.61394615398,810.5398000043351,18619.04510000022,4762.0
1778884521,250,GET,GET /api/ -> https://redis.io/,1.400000,0.000000,12000,13000,13000,14000,16000,21000,21000,21000,21000,21000,21000,25,0,9900.0,10813.789488001494,5387.809100007871,21006.735700007994,7221.0
1778884521,250,GET,GET /api/ -> https://training.play-with-docker.com/,0.200000,0.000000,14000,14000,14000,14000,14000,14000,14000,14000,14000,14000,14000,2,0,3433.452600002056,8921.50524999306,3433.452600002056,14409.557899984065,1424.0
1778884521,250,GET,GET /api/ -> https://www.python.org/,2.500000,0.000000,10000,13000,16000,17000,23000,26000,28000,28000,28000,28000,28000,86,0,5600.0,7294.918143024281,792.8072000213433,27508.503599994583,12980.0
1778884521,250,,Aggregated,11.500000,0.000000,10000,13000,16000,18000,22000,30000,30000,30000,30000,30000,30000,541,1,4700.0,6550.630420332669,350.9800000174437,30276.93389999331,5875.134935304991
1778884522,255,GET,GET /api/ -> http://example.com/,0.100000,0.000000,30000,30000,30000,30000,30000,30000,30000,30000,30000,30000,30000,112,0,2800.0,5264.4168401766365,350.9800000174437,30030.36889998475,59.19642857142857
1778884522,255,GET,GET /api/ -> https://books.toscrape.com/,0.700000,0.000000,20000,24000,24000,24000,24000,24000,24000,24000,24000,24000,24000,99,0,4100.0,5866.474057576264,997.8395000216551,24023.9710000169,7848.0
1778884522,255,GET,GET /api/ -> https://docs.docker.com/,2.700000,0.000000,6300,8900,11000,13000,18000,21000,22000,22000,22000,22000,22000,66,0,5800.0,7439.921268179067,1032.3861000069883,21983.21780000697,1741.0
1778884522,255,GET,GET /api/ -> https://flask.palletsprojects.com/,1.400000,0.000000,5000,11000,14000,17000,18000,30000,30000,30000,30000,30000,30000,43,0,5300.0,8148.314779069339,1204.9279999919236,30276.93389999331,19209.627906976744
1778884522,255,GET,GET /api/ -> https://github.com/ibnesayeed/linkextractor,0.500000,0.000000,9900,9900,13000,13000,16000,16000,16000,16000,16000,16000,16000,7,0,8100.0,8152.535457143261,2574.325299996417,16316.784399998141,11810.0
1778884522,255,GET,GET /api/ -> https://httpbin.org/,1.500000,0.000000,18000,19000,21000,21000,21000,22000,22000,22000,22000,22000,22000,96,1,4600.0,6800.345241668158,782.9554000054486,21793.63000000012,310.0208333333333
1778884522,255,GET,GET /api/ -> https://locust.io/,0.800000,0.000000,5500,5700,6600,13000,19000,19000,19000,19000,19000,19000,19000,14,0,4800.0,6487.938371428754,810.5398000043351,18619.04510000022,4762.0
1778884522,255,GET,GET /api/ -> https://redis.io/,1.400000,0.000000,13000,13000,13000,14000,16000,21000,21000,21000,21000,21000,21000,26,0,9900.0,10909.574696154987,5387.809100007871,21006.735700007994,7221.0
1778884522,255,GET,GET /api/ -> https://training.play-with-docker.com/,0.200000,0.000000,14000,14000,14000,14000,14000,14000,14000,14000,14000,14000,14000,2,0,3433.452600002056,8921.50524999306,3433.452600002056,14409.557899984065,1424.0
1778884522,255,GET,GET /api/ -> https://www.python.org/,2.900000,0.000000,10000,13000,14000,17000,26000,28000,28000,28000,28000,28000,28000,86,0,5600.0,7294.918143024281,792.8072000213433,27508.503599994583,12980.0
1778884522,255,,Aggregated,12.200000,0.000000,10000,13000,18000,20000,30000,30000,30000,30000,30000,30000,30000,551,1,4800.0,6790.190378402693,350.9800000174437,30276.93389999331,5826.635208711434
1778884523,260,GET,GET /api/ -> http://example.com/,0.100000,0.000000,30000,30000,30000,30000,30000,30000,30000,30000,30000,30000,30000,117,0,2800.0,6323.2492786308785,350.9800000174437,30046.935000020312,56.666666666666664
1778884523,260,GET,GET /api/ -> https://books.toscrape.com/,0.500000,0.000000,20000,20000,24000,24000,24000,24000,24000,24000,24000,24000,24000,100,0,3900.0,5836.252204000484,997.8395000216551,24023.9710000169,7848.0
1778884523,260,GET,GET /api/ -> https://docs.docker.com/,2.300000,0.000000,5800,6500,11000,11000,18000,22000,22000,22000,22000,22000,22000,70,0,5800.0,7347.005427140227,1032.3861000069883,21983.21780000697,1741.0
1778884523,260,GET,GET /api/ -> https://flask.palletsprojects.com/,1.100000,0.000000,5000,12000,17000,18000,22000,30000,30000,30000,30000,30000,30000,45,0,5600.0,8549.811684443719,1204.9279999919236,30276.93389999331,19229.955555555556
1778884523,260,GET,GET /api/ -> https://github.com/ibnesayeed/linkextractor,0.500000,0.000000,9900,13000,13000,16000,16000,16000,16000,16000,16000,16000,16000,7,0,8100.0,8152.535457143261,2574.325299996417,16316.784399998141,11810.0
1778884523,260,GET,GET /api/ -> https://httpbin.org/,1.400000,0.000000,18000,21000,21000,21000,21000,22000,22000,22000,22000,22000,22000,97,1,4600.0,6776.548900001517,782.9554000054486,21793.63000000012,310.0515463917526
1778884523,260,GET,GET /api/ -> https://locust.io/,0.600000,0.000000,5700,6600,13000,13000,19000,19000,19000,19000,19000,19000,19000,15,0,5100.0,6421.101639999931,810.5398000043351,18619.04510000022,4762.0
1778884523,260,GET,GET /api/ -> https://redis.io/,1.400000,0.000000,12000,13000,13000,14000,21000,30000,30000,30000,30000,30000,30000,28,0,9900.0,11486.279378572362,5387.809100007871,30014.07229999313,6963.107142857143
1778884523,260,GET,GET /api/ -> https://training.play-with-docker.com/,0.200000,0.000000,8600,8600,14000,14000,14000,14000,14000,14000,14000,14000,14000,3,0,8600.0,8828.486166671306,3433.452600002056,14409.557899984065,1424.0
1778884523,260,GET,GET /api/ -> https://www.python.org/,2.500000,0.000000,11000,13000,14000,17000,26000,28000,28000,28000,28000,28000,28000,86,0,5600.0,7294.918143024281,792.8072000213433,27508.503599994583,12980.0
1778884523,260,,Aggregated,10.600000,0.000000,10000,14000,20000,22000,30000,30000,30000,30000,30000,30000,30000,568,1,4900.0,7057.484241549155,350.9800000174437,30276.93389999331,5771.728873239436
1778884524,265,GET,GET /api/ -> http://example.com/,0.600000,0.000000,30000,30000,30000,30000,30000,30000,30000,30000,30000,30000,30000,122,0,2900.0,7294.888672949441,350.9800000174437,30046.935000020312,54.34426229508197
1778884524,265,GET,GET /api/ -> https://books.toscrape.com/,0.200000,0.000000,20000,20000,24000,24000,24000,24000,24000,24000,24000,24000,24000,100,0,3900.0,5836.252204000484,997.8395000216551,24023.9710000169,7848.0
1778884524,265,GET,GET /api/ -> https://docs.docker.com/,2.300000,0.000000,5800,6500,11000,11000,18000,22000,22000,22000,22000,22000,22000,70,0,5800.0,7347.005427140227,1032.3861000069883,21983.21780000697,1741.0
1778884524,265,GET,GET /api/ -> https://flask.palletsprojects.com/,1.300000,0.000000,5000,11000,17000,18000,22000,30000,30000,30000,30000,30000,30000,47,0,5600.0,8455.784917020788,1204.9279999919236,30276.93389999331,19248.55319148936
1778884524,265,GET,GET /api/ -> https://github.com/ibnesayeed/linkextractor,0.600000,0.000000,9900,9900,16000,16000,16000,16000,16000,16000,16000,16000,16000,7,0,8100.0,8152.535457143261,2574.325299996417,16316.784399998141,11810.0
1778884524,265,GET,GET /api/ -> https://httpbin.org/,1.200000,0.000000,14000,21000,21000,21000,21000,22000,22000,22000,22000,22000,22000,99,1,4700.0,6903.321646465837,782.9554000054486,21793.63000000012,310.1111111111111
1778884524,265,GET,GET /api/ -> https://locust.io/,0.600000,0.000000,5700,6600,13000,13000,19000,19000,19000,19000,19000,19000,19000,15,0,5100.0,6421.101639999931,810.5398000043351,18619.04510000022,4762.0
1778884524,265,GET,GET /api/ -> https://redis.io/,1.400000,0.000000,12000,13000,14000,21000,29000,30000,30000,30000,30000,30000,30000,30,0,9900.0,11900.53062000079,5387.809100007871,30014.07229999313,6980.3
1778884524,265,GET,GET /api/ -> https://training.play-with-docker.com/,0.200000,0.000000,8600,8600,8600,8600,8600,8600,8600,8600,8600,8600,8600,3,0,8600.0,8828.486166671306,3433.452600002056,14409.557899984065,1424.0
1778884524,265,GET,GET /api/ -> https://www.python.org/,2.400000,0.000000,9000,11000,13000,17000,26000,28000,28000,28000,28000,28000,28000,88,0,5600.0,7240.495602273851,792.8072000213433,27508.503599994583,12980.0
1778884524,265,,Aggregated,10.800000,0.000000,11000,18000,22000,29000,30000,30000,30000,30000,30000,30000,30000,581,1,5000.0,7302.568012736536,350.9800000174437,30276.93389999331,5780.901893287435
1778884525,270,GET,GET /api/ -> http://example.com/,1.200000,0.000000,30000,30000,30000,30000,30000,30000,30000,30000,30000,30000,30000,127,0,3300.0,8189.877912597401,350.9800000174437,30046.935000020312,52.20472440944882
1778884525,270,GET,GET /api/ -> https://books.toscrape.com/,0.300000,0.000000,20000,20000,24000,24000,24000,24000,24000,24000,24000,24000,24000,100,0,3900.0,5836.252204000484,997.8395000216551,24023.9710000169,7848.0
1778884525,270,GET,GET /api/ -> https://docs.docker.com/,2.400000,0.000000,6300,6700,12000,13000,18000,22000,22000,22000,22000,22000,22000,73,0,6100.0,7627.964993148615,1032.3861000069883,21983.21780000697,1741.0
1778884525,270,GET,GET /api/ -> https://flask.palletsprojects.com/,1.300000,0.000000,7500,11000,12000,17000,22000,30000,30000,30000,30000,30000,30000,52,0,5800.0,8324.940917307686,1204.9279999919236,30276.93389999331,19288.78846153846
1778884525,270,GET,GET /api/ -> https://github.com/ibnesayeed/linkextractor,0.600000,0.000000,9900,9900,16000,16000,16000,16000,16000,16000,16000,16000,16000,7,0,8100.0,8152.535457143261,2574.325299996417,16316.784399998141,11810.0
1778884525,270,GET,GET /api/ -> https://httpbin.org/,1.200000,0.000000,13000,14000,19000,21000,21000,21000,21000,21000,21000,21000,21000,99,1,4700.0,6903.321646465837,782.9554000054486,21793.63000000012,310.1111111111111
1778884525,270,GET,GET /api/ -> https://locust.io/,0.800000,0.000000,5700,13000,14000,14000,17000,19000,19000,19000,19000,19000,19000,18,0,5100.0,7158.52056666659,810.5398000043351,18619.04510000022,4762.0
1778884525,270,GET,GET /api/ -> https://redis.io/,1.400000,0.000000,12000,13000,21000,21000,29000,30000,30000,30000,30000,30000,30000,31,0,9900.0,11781.280516129505,5387.809100007871,30014.07229999313,6988.064516129032
1778884525,270,GET,GET /api/ -> https://training.play-with-docker.com/,0.100000,0.000000,5500,5500,8600,8600,8600,8600,8600,8600,8600,8600,8600,4,0,5500.0,7991.405550004856,3433.452600002056,14409.557899984065,1424.0
1778884525,270,GET,GET /api/ -> https://www.python.org/,2.000000,0.000000,9500,11000,17000,17000,26000,28000,28000,28000,28000,28000,28000,91,0,5600.0,7419.310257144229,792.8072000213433,27508.503599994583,12980.0
1778884525,270,,Aggregated,11.300000,0.000000,11000,17000,24000,30000,30000,30000,30000,30000,30000,30000,30000,602,1,5100.0,7566.728572259211,350.9800000174437,30276.93389999331,5854.041528239202
1778884526,275,GET,GET /api/ -> http://example.com/,1.700000,0.000000,30000,30000,30000,30000,30000,30000,30000,30000,30000,30000,30000,132,0,3500.0,9017.471121968729,350.9800000174437,30048.370300006354,50.22727272727273
1778884526,275,GET,GET /api/ -> https://books.toscrape.com/,0.300000,0.000000,24000,24000,24000,24000,24000,24000,24000,24000,24000,24000,24000,100,0,3900.0,5836.252204000484,997.8395000216551,24023.9710000169,7848.0
1778884526,275,GET,GET /api/ -> https://docs.docker.com/,2.000000,0.000000,5800,6700,11000,12000,18000,22000,22000,22000,22000,22000,22000,73,0,6100.0,7627.964993148615,1032.3861000069883,21983.21780000697,1741.0
1778884526,275,GET,GET /api/ -> https://flask.palletsprojects.com/,1.300000,0.000000,7500,12000,12000,12000,22000,30000,30000,30000,30000,30000,30000,53,0,6000.0,8391.827016981002,1204.9279999919236,30276.93389999331,19295.924528301886
1778884526,275,GET,GET /api/ -> https://github.com/ibnesayeed/linkextractor,0.500000,0.000000,9900,9900,16000,16000,16000,16000,16000,16000,16000,16000,16000,8,0,8100.0,8175.06471249726,2574.325299996417,16316.784399998141,11810.0
1778884526,275,GET,GET /api/ -> https://httpbin.org/,1.100000,0.000000,13000,14000,19000,21000,21000,21000,21000,21000,21000,21000,21000,99,1,4700.0,6903.321646465837,782.9554000054486,21793.63000000012,310.1111111111111
1778884526,275,GET,GET /api/ -> https://locust.io/,0.800000,0.000000,5700,7300,14000,14000,17000,19000,19000,19000,19000,19000,19000,19,0,5500.0,7163.606757893975,810.5398000043351,18619.04510000022,4762.0
1778884526,275,GET,GET /api/ -> https://redis.io/,1.400000,0.000000,13000,14000,21000,21000,29000,30000,30000,30000,30000,30000,30000,32,0,9900.0,11911.593765625184,5387.809100007871,30014.07229999313,6995.34375
1778884526,275,GET,GET /api/ -> https://training.play-with-docker.com/,0.200000,0.000000,5500,5500,8600,8600,8600,8600,8600,8600,8600,8600,8600,4,0,5500.0,7991.405550004856,3433.452600002056,14409.557899984065,1424.0
1778884526,275,GET,GET /api/ -> https://www.python.org/,1.900000,0.000000,8800,11000,11000,13000,18000,28000,28000,28000,28000,28000,28000,92,0,5600.0,7416.335897827673,792.8072000213433,27508.503599994583,12980.0
1778884526,275,,Aggregated,11.200000,0.000000,11000,18000,30000,30000,30000,30000,30000,30000,30000,30000,30000,612,1,5300.0,7771.106371405252,350.9800000174437,30276.93389999331,5850.609477124183
1778884527,280,GET,GET /api/ -> http://example.com/,2.200000,0.000000,30000,30000,30000,30000,30000,30000,30000,30000,30000,30000,30000,138,0,3600.0,9715.286223187686,268.7828000052832,30048.370300006354,48.51449275362319
1778884527,280,GET,GET /api/ -> https://books.toscrape.com/,0.300000,0.000000,24000,24000,24000,24000,24000,24000,24000,24000,24000,24000,24000,100,0,3900.0,5836.252204000484,997.8395000216551,24023.9710000169,7848.0
1778884527,280,GET,GET /api/ -> https://docs.docker.com/,1.900000,0.000000,9500,12000,13000,17000,18000,22000,22000,22000,22000,22000,22000,75,0,6300.0,7775.115870664595,1032.3861000069883,21983.21780000697,1741.0
1778884527,280,GET,GET /api/ -> https://flask.palletsprojects.com/,1.700000,0.000000,11000,12000,14000,15000,20000,22000,30000,30000,30000,30000,30000,59,0,6200.0,9010.330996610288,1204.9279999919236,30276.93389999331,19333.661016949154
1778884527,280,GET,GET /api/ -> https://github.com/ibnesayeed/linkextractor,0.400000,0.000000,8500,9900,9900,16000,16000,16000,16000,16000,16000,16000,16000,9,0,8300.0,8208.59702221868,2574.325299996417,16316.784399998141,11810.0
1778884527,280,GET,GET /api/ -> https://httpbin.org/,1.100000,0.000000,13000,14000,19000,19000,21000,21000,21000,21000,21000,21000,21000,99,1,4700.0,6903.321646465837,782.9554000054486,21793.63000000012,310.1111111111111
1778884527,280,GET,GET /api/ -> https://locust.io/,0.900000,0.000000,7300,9400,14000,17000,19000,19000,19000,19000,19000,19000,19000,20,0,5500.0,7273.122434999095,810.5398000043351,18619.04510000022,4762.0
1778884527,280,GET,GET /api/ -> https://redis.io/,1.400000,0.000000,13000,14000,16000,16000,29000,30000,30000,30000,30000,30000,30000,33,0,12000.0,11940.54936969681,5387.809100007871,30014.07229999313,7002.181818181818
1778884527,280,GET,GET /api/ -> https://training.play-with-docker.com/,0.300000,0.000000,6400,6400,8600,8600,8600,8600,8600,8600,8600,8600,8600,5,0,6400.0,7676.953000004869,3433.452600002056,14409.557899984065,1424.0
1778884527,280,GET,GET /api/ -> https://www.python.org/,1.900000,0.000000,8800,11000,11000,17000,18000,28000,28000,28000,28000,28000,28000,93,0,5600.0,7422.998277421024,792.8072000213433,27508.503599994583,12980.0
1778884527,280,,Aggregated,12.100000,0.000000,13000,21000,30000,30000,30000,30000,30000,30000,30000,30000,30000,631,1,5400.0,8026.3206611728065,268.7828000052832,30276.93389999331,5927.605388272583
1778884528,285,GET,GET /api/ -> http://example.com/,2.700000,0.000000,30000,30000,30000,30000,30000,30000,30000,30000,30000,30000,30000,143,0,3700.0,10425.441142656413,268.7828000052832,30048.370300006354,46.81818181818182
1778884528,285,GET,GET /api/ -> https://books.toscrape.com/,0.200000,0.000000,5900,5900,24000,24000,24000,24000,24000,24000,24000,24000,24000,101,0,4100.0,5836.647362376812,997.8395000216551,24023.9710000169,7848.0
1778884528,285,GET,GET /api/ -> https://docs.docker.com/,1.900000,0.000000,9500,12000,14000,17000,19000,22000,22000,22000,22000,22000,22000,80,0,6300.0,7954.803363747851,1032.3861000069883,21983.21780000697,1741.0
1778884528,285,GET,GET /api/ -> https://flask.palletsprojects.com/,1.900000,0.000000,9700,12000,14000,15000,20000,22000,30000,30000,30000,30000,30000,63,0,6100.0,8775.449080952621,1204.9279999919236,30276.93389999331,19354.825396825396
1778884528,285,GET,GET /api/ -> https://github.com/ibnesayeed/linkextractor,0.300000,0.000000,8500,8500,10000,10000,16000,16000,16000,16000,16000,16000,16000,11,0,8400.0,8410.7489181783,2574.325299996417,16316.784399998141,11810.0
1778884528,285,GET,GET /api/ -> https://httpbin.org/,0.900000,0.000000,13000,13000,14000,14000,19000,19000,19000,19000,19000,19000,19000,99,1,4700.0,6903.321646465837,782.9554000054486,21793.63000000012,310.1111111111111
1778884528,285,GET,GET /api/ -> https://locust.io/,1.100000,0.000000,7300,9400,14000,17000,19000,19000,19000,19000,19000,19000,19000,22,0,5100.0,6920.263181816236,810.5398000043351,18619.04510000022,4762.0
1778884528,285,GET,GET /api/ -> https://redis.io/,1.200000,0.000000,13000,13000,16000,16000,29000,30000,30000,30000,30000,30000,30000,35,0,12000.0,11967.817537143128,5387.809100007871,30014.07229999313,7014.685714285714
1778884528,285,GET,GET /api/ -> https://training.play-with-docker.com/,0.300000,0.000000,6400,8600,8600,9300,9300,9300,9300,9300,9300,9300,9300,6,0,6400.0,7952.133083337685,3433.452600002056,14409.557899984065,1424.0
1778884528,285,GET,GET /api/ -> https://www.python.org/,1.900000,0.000000,9500,11000,11000,11000,17000,18000,18000,18000,18000,18000,18000,94,0,5600.0,7461.453721278032,792.8072000213433,27508.503599994583,12980.0
1778884528,285,,Aggregated,12.400000,0.000000,12000,19000,30000,30000,30000,30000,30000,30000,30000,30000,30000,654,1,5400.0,8204.484650458679,268.7828000052832,30276.93389999331,5959.525993883792
1778884529,290,GET,GET /api/ -> http://example.com/,3.200000,0.000000,30000,30000,30000,30000,30000,30000,30000,30000,30000,30000,30000,148,0,3900.0,11087.647002026151,268.7828000052832,30048.370300006354,45.236486486486484
1778884529,290,GET,GET /api/ -> https://books.toscrape.com/,0.200000,0.000000,5900,5900,24000,24000,24000,24000,24000,24000,24000,24000,24000,101,0,4100.0,5836.647362376812,997.8395000216551,24023.9710000169,7848.0
1778884529,290,GET,GET /api/ -> https://docs.docker.com/,1.700000,0.000000,7800,11000,13000,14000,18000,19000,22000,22000,22000,22000,22000,83,0,6300.0,7812.056979515831,1032.3861000069883,21983.21780000697,1741.0
1778884529,290,GET,GET /api/ -> https://flask.palletsprojects.com/,2.000000,0.000000,9700,12000,12000,15000,20000,22000,30000,30000,30000,30000,30000,64,0,6100.0,8814.625131250523,1204.9279999919236,30276.93389999331,19359.703125
1778884529,290,GET,GET /api/ -> https://github.com/ibnesayeed/linkextractor,0.500000,0.000000,8400,8500,10000,10000,16000,16000,16000,16000,16000,16000,16000,12,0,8300.0,7854.083866661919,1730.7682999817189,16316.784399998141,11810.0
1778884529,290,GET,GET /api/ -> https://httpbin.org/,0.700000,0.000000,8100,13000,14000,14000,19000,19000,19000,19000,19000,19000,19000,100,1,4600.0,6841.978608001082,769.0177999902517,21793.63000000012,310.14
1778884529,290,GET,GET /api/ -> https://locust.io/,1.100000,0.000000,7300,9400,14000,17000,19000,19000,19000,19000,19000,19000,19000,22,0,5100.0,6920.263181816236,810.5398000043351,18619.04510000022,4762.0
1778884529,290,GET,GET /api/ -> https://redis.io/,1.200000,0.000000,10000,13000,15000,16000,29000,30000,30000,30000,30000,30000,30000,37,0,10000.0,11638.76324324362,4432.642800005851,30014.07229999313,7025.8378378378375
1778884529,290,GET,GET /api/ -> https://training.play-with-docker.com/,0.200000,0.000000,6400,8600,8600,9300,9300,9300,9300,9300,9300,9300,9300,7,0,6400.0,6940.2611285747425,869.0293999970891,14409.557899984065,1424.0
1778884529,290,GET,GET /api/ -> https://www.python.org/,1.700000,0.000000,8800,11000,11000,11000,17000,18000,18000,18000,18000,18000,18000,95,0,5600.0,7438.205763159356,792.8072000213433,27508.503599994583,12980.0
1778884529,290,,Aggregated,12.500000,0.000000,12000,19000,30000,30000,30000,30000,30000,30000,30000,30000,30000,669,1,5400.0,8310.236397907265,268.7828000052832,30276.93389999331,5924.348281016442
1778884530,295,GET,GET /api/ -> http://example.com/,3.800000,0.000000,30000,30000,30000,30000,30000,30000,30000,30000,30000,30000,30000,153,0,3900.0,11706.911352287112,268.7828000052832,30048.370300006354,43.75816993464052
1778884530,295,GET,GET /api/ -> https://books.toscrape.com/,0.200000,0.000000,5900,5900,30000,30000,30000,30000,30000,30000,30000,30000,30000,102,0,4100.0,6073.6005627456025,997.8395000216551,30005.873799993424,7771.058823529412
1778884530,295,GET,GET /api/ -> https://docs.docker.com/,1.500000,0.000000,7800,12000,13000,14000,18000,19000,19000,19000,19000,19000,19000,85,0,6300.0,7853.191296468311,1032.3861000069883,21983.21780000697,1741.0
1778884530,295,GET,GET /api/ -> https://flask.palletsprojects.com/,2.100000,0.000000,11000,12000,14000,15000,22000,22000,30000,30000,30000,30000,30000,67,0,7300.0,9103.072335821083,1204.9279999919236,30276.93389999331,19373.462686567163
1778884530,295,GET,GET /api/ -> https://github.com/ibnesayeed/linkextractor,0.600000,0.000000,8400,8400,8500,8500,10000,10000,10000,10000,10000,10000,10000,12,0,8300.0,7854.083866661919,1730.7682999817189,16316.784399998141,11810.0
1778884530,295,GET,GET /api/ -> https://httpbin.org/,0.700000,0.000000,13000,14000,14000,19000,19000,19000,19000,19000,19000,19000,19000,100,1,4600.0,6841.978608001082,769.0177999902517,21793.63000000012,310.14
1778884530,295,GET,GET /api/ -> https://locust.io/,1.100000,0.000000,6600,8000,9400,9400,14000,17000,17000,17000,17000,17000,17000,24,0,5100.0,6719.930233331979,810.5398000043351,18619.04510000022,4762.0
1778884530,295,GET,GET /api/ -> https://redis.io/,1.100000,0.000000,13000,13000,16000,17000,29000,30000,30000,30000,30000,30000,30000,40,0,10000.0,11676.299492499675,4432.642800005851,30014.07229999313,7040.475
1778884530,295,GET,GET /api/ -> https://training.play-with-docker.com/,0.400000,0.000000,6400,8600,8600,9300,9300,9300,9300,9300,9300,9300,9300,7,0,6400.0,6940.2611285747425,869.0293999970891,14409.557899984065,1424.0
1778884530,295,GET,GET /api/ -> https://www.python.org/,1.600000,0.000000,8800,11000,11000,11000,17000,18000,18000,18000,18000,18000,18000,95,0,5600.0,7438.205763159356,792.8072000213433,27508.503599994583,12980.0
1778884530,295,,Aggregated,13.100000,0.000000,13000,30000,30000,30000,30000,30000,30000,30000,30000,30000,30000,685,1,5600.0,8540.263283065644,268.7828000052832,30276.93389999331,5922.713868613138
1778884531,300,GET,GET /api/ -> http://example.com/,4.300000,0.000000,30000,30000,30000,30000,30000,30000,30000,30000,30000,30000,30000,158,0,4000.0,12286.834554430105,268.7828000052832,30048.370300006354,42.37341772151899
1778884531,300,GET,GET /api/ -> https://books.toscrape.com/,0.200000,0.000000,5900,5900,30000,30000,30000,30000,30000,30000,30000,30000,30000,102,0,4100.0,6073.6005627456025,997.8395000216551,30005.873799993424,7771.058823529412
1778884531,300,GET,GET /api/ -> https://docs.docker.com/,1.500000,0.000000,9400,12000,13000,13000,17000,18000,19000,19000,19000,19000,19000,88,0,6300.0,7886.339714770822,1032.3861000069883,21983.21780000697,1741.0
1778884531,300,GET,GET /api/ -> https://flask.palletsprojects.com/,2.400000,0.000000,11000,12000,12000,15000,20000,22000,22000,22000,22000,22000,22000,67,0,7300.0,9103.072335821083,1204.9279999919236,30276.93389999331,19373.462686567163
1778884531,300,GET,GET /api/ -> https://github.com/ibnesayeed/linkextractor,0.700000,0.000000,8400,8400,8500,8500,10000,10000,10000,10000,10000,10000,10000,12,0,8300.0,7854.083866661919,1730.7682999817189,16316.784399998141,11810.0
1778884531,300,GET,GET /api/ -> https://httpbin.org/,0.700000,0.000000,13000,14000,14000,19000,19000,19000,19000,19000,19000,19000,19000,100,1,4600.0,6841.978608001082,769.0177999902517,21793.63000000012,310.14
1778884531,300,GET,GET /api/ -> https://locust.io/,1.000000,0.000000,6600,8000,9400,9400,14000,17000,17000,17000,17000,17000,17000,24,0,5100.0,6719.930233331979,810.5398000043351,18619.04510000022,4762.0
1778884531,300,GET,GET /api/ -> https://redis.io/,1.200000,0.000000,13000,15000,16000,17000,29000,30000,30000,30000,30000,30000,30000,44,0,11000.0,11872.954784090822,4432.642800005851,30014.07229999313,7056.886363636364
1778884531,300,GET,GET /api/ -> https://training.play-with-docker.com/,0.400000,0.000000,6400,8600,8600,9300,9300,9300,9300,9300,9300,9300,9300,7,0,6400.0,6940.2611285747425,869.0293999970891,14409.557899984065,1424.0
1778884531,300,GET,GET /api/ -> https://www.python.org/,1.200000,0.000000,8800,9500,11000,11000,17000,17000,17000,17000,17000,17000,17000,95,0,5600.0,7438.205763159356,792.8072000213433,27508.503599994583,12980.0
1778884531,300,,Aggregated,13.600000,0.000000,13000,29000,30000,30000,30000,30000,30000,30000,30000,30000,30000,697,1,5600.0,8726.07953672888,268.7828000052832,30276.93389999331,5869.67862266858
1778884532,305,GET,GET /api/ -> http://example.com/,4.700000,0.000000,30000,30000,30000,30000,30000,30000,30000,30000,30000,30000,30000,163,0,4400.0,12832.46476196311,268.7828000052832,30092.177399987122,41.07361963190184
1778884532,305,GET,GET /api/ -> https://books.toscrape.com/,0.300000,0.000000,5900,5900,30000,30000,30000,30000,30000,30000,30000,30000,30000,102,0,4100.0,6073.6005627456025,997.8395000216551,30005.873799993424,7771.058823529412
1778884532,305,GET,GET /api/ -> https://docs.docker.com/,1.900000,0.000000,11000,13000,14000,14000,18000,19000,19000,19000,19000,19000,19000,89,0,6300.0,7957.659744941747,1032.3861000069883,21983.21780000697,1741.0
1778884532,305,GET,GET /api/ -> https://flask.palletsprojects.com/,2.500000,0.000000,12000,12000,15000,17000,20000,22000,22000,22000,22000,22000,22000,69,0,7500.0,9398.84075652209,1204.9279999919236,30276.93389999331,19381.971014492752
1778884532,305,GET,GET /api/ -> https://github.com/ibnesayeed/linkextractor,0.600000,0.000000,8300,8400,8500,8500,10000,10000,10000,10000,10000,10000,10000,13,0,8300.0,7794.6979846120275,1730.7682999817189,16316.784399998141,11810.0
1778884532,305,GET,GET /api/ -> https://httpbin.org/,0.500000,0.000000,13000,13000,14000,14000,14000,14000,14000,14000,14000,14000,14000,100,1,4600.0,6841.978608001082,769.0177999902517,21793.63000000012,310.14
1778884532,305,GET,GET /api/ -> https://locust.io/,1.000000,0.000000,6600,8000,9400,14000,16000,17000,17000,17000,17000,17000,17000,26,0,5100.0,6860.238192306357,810.5398000043351,18619.04510000022,4762.0
1778884532,305,GET,GET /api/ -> https://redis.io/,1.300000,0.000000,10000,13000,15000,16000,23000,29000,30000,30000,30000,30000,30000,47,0,10000.0,11521.24013404357,4432.642800005851,30014.07229999313,7067.36170212766
1778884532,305,GET,GET /api/ -> https://training.play-with-docker.com/,0.500000,0.000000,6400,8600,8600,9300,9300,9300,9300,9300,9300,9300,9300,7,0,6400.0,6940.2611285747425,869.0293999970891,14409.557899984065,1424.0
1778884532,305,GET,GET /api/ -> https://www.python.org/,0.900000,0.000000,9500,10000,11000,11000,17000,17000,17000,17000,17000,17000,17000,96,0,5600.0,7467.631315626629,792.8072000213433,27508.503599994583,12980.0
1778884532,305,,Aggregated,14.200000,0.000000,13000,23000,30000,30000,30000,30000,30000,30000,30000,30000,30000,712,1,5700.0,8902.83510000019,268.7828000052832,30276.93389999331,5882.328651685393
1778884533,310,GET,GET /api/ -> http://example.com/,5.200000,0.000000,30000,30000,30000,30000,30000,30000,30000,30000,30000,30000,30000,168,0,4600.0,13344.113255357073,268.7828000052832,30092.177399987122,39.851190476190474
1778884533,310,GET,GET /api/ -> https://books.toscrape.com/,0.300000,0.000000,5900,5900,30000,30000,30000,30000,30000,30000,30000,30000,30000,102,0,4100.0,6073.6005627456025,997.8395000216551,30005.873799993424,7771.058823529412
1778884533,310,GET,GET /api/ -> https://docs.docker.com/,2.100000,0.000000,11000,13000,14000,14000,17000,18000,19000,19000,19000,19000,19000,90,0,6300.0,8050.86752444234,1032.3861000069883,21983.21780000697,1741.0
1778884533,310,GET,GET /api/ -> https://flask.palletsprojects.com/,2.700000,0.000000,11000,12000,14000,15000,20000,20000,22000,22000,22000,22000,22000,72,0,7300.0,9308.148983333618,1204.9279999919236,30276.93389999331,19393.847222222223
1778884533,310,GET,GET /api/ -> https://github.com/ibnesayeed/linkextractor,0.600000,0.000000,8400,8500,10000,10000,15000,15000,15000,15000,15000,15000,15000,15,0,8300.0,7953.330586664379,1730.7682999817189,16316.784399998141,11810.0
1778884533,310,GET,GET /api/ -> https://httpbin.org/,0.500000,0.000000,13000,13000,14000,14000,14000,14000,14000,14000,14000,14000,14000,100,1,4600.0,6841.978608001082,769.0177999902517,21793.63000000012,310.14
1778884533,310,GET,GET /api/ -> https://locust.io/,1.100000,0.000000,7300,9400,14000,16000,17000,18000,18000,18000,18000,18000,18000,28,0,5100.0,7140.167117855786,810.5398000043351,18619.04510000022,4762.0
1778884533,310,GET,GET /api/ -> https://redis.io/,1.600000,0.000000,10000,13000,15000,16000,23000,29000,29000,29000,29000,29000,29000,48,0,9900.0,11481.918127084404,4432.642800005851,30014.07229999313,7070.5625
1778884533,310,GET,GET /api/ -> https://training.play-with-docker.com/,0.500000,0.000000,6400,6400,9300,9300,9300,9300,9300,9300,9300,9300,9300,7,0,6400.0,6940.2611285747425,869.0293999970891,14409.557899984065,1424.0
1778884533,310,GET,GET /api/ -> https://www.python.org/,0.900000,0.000000,9500,10000,11000,11000,17000,17000,17000,17000,17000,17000,17000,96,0,5600.0,7467.631315626629,792.8072000213433,27508.503599994583,12980.0
1778884533,310,,Aggregated,15.500000,0.000000,13000,22000,30000,30000,30000,30000,30000,30000,30000,30000,30000,726,1,5700.0,9058.00563567512,268.7828000052832,30276.93389999331,5908.161157024793
1778884534,315,GET,GET /api/ -> http://example.com/,5.200000,0.000000,30000,30000,30000,30000,30000,30000,30000,30000,30000,30000,30000,174,0,4600.0,13762.615702298823,268.7828000052832,30092.177399987122,38.85057471264368
1778884534,315,GET,GET /api/ -> https://books.toscrape.com/,0.300000,0.000000,30000,30000,30000,30000,30000,30000,30000,30000,30000,30000,30000,102,0,4100.0,6073.6005627456025,997.8395000216551,30005.873799993424,7771.058823529412
1778884534,315,GET,GET /api/ -> https://docs.docker.com/,2.200000,0.000000,11000,13000,14000,14000,17000,19000,19000,19000,19000,19000,19000,91,0,6400.0,8115.450796701275,1032.3861000069883,21983.21780000697,1741.0
1778884534,315,GET,GET /api/ -> https://flask.palletsprojects.com/,2.500000,0.000000,12000,12000,17000,19000,22000,24000,24000,24000,24000,24000,24000,74,0,7300.0,9399.25284864856,1204.9279999919236,30276.93389999331,19401.22972972973
1778884534,315,GET,GET /api/ -> https://github.com/ibnesayeed/linkextractor,0.500000,0.000000,8400,8400,10000,10000,15000,15000,15000,15000,15000,15000,15000,15,0,8300.0,7953.330586664379,1730.7682999817189,16316.784399998141,11810.0
1778884534,315,GET,GET /api/ -> https://httpbin.org/,0.500000,0.000000,770,770,770,770,770,770,770,770,770,770,770,100,1,4600.0,6841.978608001082,769.0177999902517,21793.63000000012,310.14
1778884534,315,GET,GET /api/ -> https://locust.io/,1.200000,0.000000,3800,8000,9400,9400,16000,18000,18000,18000,18000,18000,18000,30,0,4800.0,6912.194296665257,810.5398000043351,18619.04510000022,4762.0
1778884534,315,GET,GET /api/ -> https://redis.io/,1.800000,0.000000,9600,11000,13000,15000,17000,23000,23000,23000,23000,23000,23000,51,0,9700.0,11213.045721569477,4432.642800005851,30014.07229999313,7079.411764705882
1778884534,315,GET,GET /api/ -> https://training.play-with-docker.com/,0.500000,0.000000,9300,9300,18000,18000,18000,18000,18000,18000,18000,18000,18000,8,0,6400.0,8368.33658750038,869.0293999970891,18364.86479997984,1424.0
1778884534,315,GET,GET /api/ -> https://www.python.org/,0.900000,0.000000,10000,10000,11000,11000,11000,11000,11000,11000,11000,11000,11000,96,0,5600.0,7467.631315626629,792.8072000213433,27508.503599994583,12980.0
1778884534,315,,Aggregated,15.600000,0.000000,13000,23000,30000,30000,30000,30000,30000,30000,30000,30000,30000,741,1,5800.0,9196.790016464358,268.7828000052832,30276.93389999331,5888.091767881241
1778884537,320,GET,GET /api/ -> http://example.com/,5.200000,0.000000,30000,30000,30000,30000,31000,31000,31000,31000,31000,31000,31000,185,0,5300.0,14652.818055675722,268.7828000052832,30985.410100023728,36.891891891891895
1778884537,320,GET,GET /api/ -> https://books.toscrape.com/,0.200000,0.000000,30000,30000,30000,30000,30000,30000,30000,30000,30000,30000,30000,102,0,4100.0,6073.6005627456025,997.8395000216551,30005.873799993424,7771.058823529412
1778884537,320,GET,GET /api/ -> https://docs.docker.com/,2.100000,0.000000,12000,13000,14000,14000,16000,19000,19000,19000,19000,19000,19000,92,0,6400.0,8159.529364128147,1032.3861000069883,21983.21780000697,1741.0
1778884537,320,GET,GET /api/ -> https://flask.palletsprojects.com/,2.300000,0.000000,9300,12000,12000,18000,20000,22000,24000,24000,24000,24000,24000,80,0,7500.0,9420.792601250287,1204.9279999919236,30276.93389999331,19421.1625
1778884537,320,GET,GET /api/ -> https://github.com/ibnesayeed/linkextractor,0.800000,0.000000,8900,9100,10000,10000,15000,15000,15000,15000,15000,15000,15000,17,0,8400.0,8078.2686647058545,1730.7682999817189,16316.784399998141,11810.0
1778884537,320,GET,GET /api/ -> https://httpbin.org/,0.100000,0.000000,770,770,770,770,770,770,770,770,770,770,770,100,1,4600.0,6841.978608001082,769.0177999902517,21793.63000000012,310.14
1778884537,320,GET,GET /api/ -> https://locust.io/,1.400000,0.000000,3800,5500,8000,9700,16000,18000,18000,18000,18000,18000,18000,36,0,5000.0,6612.687966665868,717.8297999780625,18619.04510000022,4762.0
1778884537,320,GET,GET /api/ -> https://redis.io/,2.000000,0.000000,9600,11000,13000,15000,17000,23000,23000,23000,23000,23000,23000,53,0,9700.0,11173.534132076213,4432.642800005851,30014.07229999313,7084.754716981132
1778884537,320,GET,GET /api/ -> https://training.play-with-docker.com/,0.400000,0.000000,8000,9300,9300,18000,18000,18000,18000,18000,18000,18000,18000,9,0,8000.0,8322.62687777984,869.0293999970891,18364.86479997984,1424.0
1778884537,320,GET,GET /api/ -> https://www.python.org/,0.700000,0.000000,10000,10000,11000,11000,11000,11000,11000,11000,11000,11000,11000,96,0,5600.0,7467.631315626629,792.8072000213433,27508.503599994583,12980.0
1778884537,320,,Aggregated,15.200000,0.000000,12000,30000,30000,30000,30000,30000,31000,31000,31000,31000,31000,770,1,6200.0,9452.204492727487,268.7828000052832,30985.410100023728,5910.314285714286
1778884538,330,GET,GET /api/ -> http://example.com/,4.700000,0.000000,30000,30000,30000,30000,31000,31000,31000,31000,31000,31000,31000,190,0,5400.0,15057.325892105211,268.7828000052832,30985.410100023728,35.921052631578945
1778884538,330,GET,GET /api/ -> https://books.toscrape.com/,0.200000,0.000000,30000,30000,30000,30000,30000,30000,30000,30000,30000,30000,30000,102,0,4100.0,6073.6005627456025,997.8395000216551,30005.873799993424,7771.058823529412
1778884538,330,GET,GET /api/ -> https://docs.docker.com/,1.800000,0.000000,12000,13000,14000,14000,16000,19000,19000,19000,19000,19000,19000,95,0,6400.0,8165.725351576877,908.0612999969162,21983.21780000697,1741.0
1778884538,330,GET,GET /api/ -> https://flask.palletsprojects.com/,2.100000,0.000000,11000,12000,18000,19000,22000,24000,24000,24000,24000,24000,24000,81,0,7800.0,9400.427262963121,1204.9279999919236,30276.93389999331,19424.197530864196
1778884538,330,GET,GET /api/ -> https://github.com/ibnesayeed/linkextractor,0.800000,0.000000,9100,10000,13000,13000,15000,15000,15000,15000,15000,15000,15000,18,0,8400.0,8357.386938888036,1730.7682999817189,16316.784399998141,11810.0
1778884538,330,GET,GET /api/ -> https://httpbin.org/,0.100000,0.000000,770,770,770,770,770,770,770,770,770,770,770,100,1,4600.0,6841.978608001082,769.0177999902517,21793.63000000012,310.14
1778884538,330,GET,GET /api/ -> https://locust.io/,1.200000,0.000000,5500,9700,11000,16000,18000,18000,18000,18000,18000,18000,18000,39,0,5500.0,7318.022717947874,717.8297999780625,18619.04510000022,4762.0
1778884538,330,GET,GET /api/ -> https://redis.io/,2.000000,0.000000,9100,11000,11000,13000,17000,23000,23000,23000,23000,23000,23000,54,0,9700.0,11165.381581482103,4432.642800005851,30014.07229999313,7087.277777777777
1778884538,330,GET,GET /api/ -> https://training.play-with-docker.com/,0.400000,0.000000,8000,8000,11000,11000,18000,18000,18000,18000,18000,18000,18000,12,0,6400.0,7635.85993333739,693.0578000028618,18364.86479997984,1424.0
1778884538,330,GET,GET /api/ -> https://www.python.org/,0.500000,0.000000,10000,13000,13000,21000,21000,21000,21000,21000,21000,21000,21000,99,0,6300.0,7688.063181819738,792.8072000213433,27508.503599994583,12980.0
1778884538,330,,Aggregated,13.800000,0.000000,13000,30000,30000,30000,30000,30000,31000,31000,31000,31000,31000,790,1,6300.0,9611.760234050827,268.7828000052832,30985.410100023728,5889.064556962026
1778884539,335,GET,GET /api/ -> http://example.com/,5.200000,0.000000,30000,30000,30000,30000,31000,31000,31000,31000,31000,31000,31000,196,0,6200.0,15365.172347959075,268.7828000052832,30985.410100023728,35.1530612244898
1778884539,335,GET,GET /api/ -> https://books.toscrape.com/,0.200000,0.000000,30000,30000,30000,30000,30000,30000,30000,30000,30000,30000,30000,103,0,4100.0,6130.461313592799,997.8395000216551,30005.873799993424,7771.805825242718
1778884539,335,GET,GET /api/ -> https://docs.docker.com/,1.900000,0.000000,12000,14000,14000,14000,16000,19000,19000,19000,19000,19000,19000,96,0,6300.0,8090.857199998027,908.0612999969162,21983.21780000697,1741.0
1778884539,335,GET,GET /api/ -> https://flask.palletsprojects.com/,2.000000,0.000000,8300,12000,18000,19000,22000,24000,24000,24000,24000,24000,24000,84,0,7500.0,9255.255753571484,1120.9144000022206,30276.93389999331,19432.869047619046
1778884539,335,GET,GET /api/ -> https://github.com/ibnesayeed/linkextractor,0.700000,0.000000,9100,13000,13000,13000,15000,28000,28000,28000,28000,28000,28000,21,0,8500.0,9175.57794761905,1730.7682999817189,27770.20349999657,11810.0
1778884539,335,GET,GET /api/ -> https://httpbin.org/,0.100000,0.000000,16000,16000,16000,16000,16000,16000,16000,16000,16000,16000,16000,101,1,4700.0,6936.229416832851,769.0177999902517,21793.63000000012,310.16831683168317
1778884539,335,GET,GET /api/ -> https://locust.io/,1.400000,0.000000,5000,9700,11000,16000,18000,18000,18000,18000,18000,18000,18000,40,0,5100.0,7159.55102999942,717.8297999780625,18619.04510000022,4762.0
1778884539,335,GET,GET /api/ -> https://redis.io/,2.000000,0.000000,9700,11000,13000,13000,17000,23000,23000,23000,23000,23000,23000,55,0,9900.0,11189.760596364398,4432.642800005851,30014.07229999313,7089.709090909091
1778884539,335,GET,GET /api/ -> https://training.play-with-docker.com/,0.500000,0.000000,4700,8000,11000,11000,18000,18000,18000,18000,18000,18000,18000,13,0,6400.0,7112.161584619361,693.0578000028618,18364.86479997984,1424.0
1778884539,335,GET,GET /api/ -> https://www.python.org/,0.400000,0.000000,10000,13000,13000,21000,21000,21000,21000,21000,21000,21000,21000,99,0,6300.0,7688.063181819738,792.8072000213433,27508.503599994583,12980.0
1778884539,335,,Aggregated,14.400000,0.000000,13000,28000,30000,30000,30000,30000,31000,31000,31000,31000,31000,808,1,6300.0,9710.16906881212,268.7828000052832,30985.410100023728,5903.670792079208
1778884540,340,GET,GET /api/ -> http://example.com/,5.200000,0.000000,30000,30000,30000,30000,31000,31000,31000,31000,31000,31000,31000,202,0,6500.0,15667.278983663235,268.7828000052832,30985.410100023728,34.43069306930693
1778884540,340,GET,GET /api/ -> https://books.toscrape.com/,0.200000,0.000000,12000,12000,30000,30000,30000,30000,30000,30000,30000,30000,30000,104,0,4100.0,6101.491504808319,997.8395000216551,30005.873799993424,7772.538461538462
1778884540,340,GET,GET /api/ -> https://docs.docker.com/,1.600000,0.000000,12000,14000,14000,16000,19000,19000,19000,19000,19000,19000,19000,96,0,6300.0,8090.857199998027,908.0612999969162,21983.21780000697,1741.0
1778884540,340,GET,GET /api/ -> https://flask.palletsprojects.com/,2.200000,0.000000,9400,12000,12000,18000,20000,22000,24000,24000,24000,24000,24000,87,0,7800.0,9198.002345977424,1120.9144000022206,30276.93389999331,19440.94252873563
1778884540,340,GET,GET /api/ -> https://github.com/ibnesayeed/linkextractor,0.700000,0.000000,9100,13000,15000,15000,17000,28000,28000,28000,28000,28000,28000,24,0,8400.0,9224.720820831863,1730.7682999817189,27770.20349999657,11810.0
1778884540,340,GET,GET /api/ -> https://httpbin.org/,0.100000,0.000000,16000,16000,16000,16000,16000,16000,16000,16000,16000,16000,16000,101,1,4700.0,6936.229416832851,769.0177999902517,21793.63000000012,310.16831683168317
1778884540,340,GET,GET /api/ -> https://locust.io/,1.800000,0.000000,6900,11000,18000,18000,26000,30000,30000,30000,30000,30000,30000,44,0,5500.0,8069.801381818252,717.8297999780625,30014.780900004553,4653.772727272727
1778884540,340,GET,GET /api/ -> https://redis.io/,2.100000,0.000000,9700,11000,13000,13000,15000,23000,23000,23000,23000,23000,23000,57,0,10000.0,11252.243129824994,4432.642800005851,30014.07229999313,7094.315789473684
1778884540,340,GET,GET /api/ -> https://training.play-with-docker.com/,0.600000,0.000000,4700,8000,11000,11000,18000,18000,18000,18000,18000,18000,18000,13,0,6400.0,7112.161584619361,693.0578000028618,18364.86479997984,1424.0
1778884540,340,GET,GET /api/ -> https://www.python.org/,0.400000,0.000000,13000,13000,21000,21000,21000,21000,21000,21000,21000,21000,21000,99,0,6300.0,7688.063181819738,792.8072000213433,27508.503599994583,12980.0
1778884540,340,,Aggregated,14.900000,0.000000,13000,26000,30000,30000,30000,30000,31000,31000,31000,31000,31000,827,1,6400.0,9852.807632527452,268.7828000052832,30985.410100023728,5926.527206771463
1778884541,345,GET,GET /api/ -> http://example.com/,5.200000,0.000000,30000,30000,30000,30000,31000,31000,31000,31000,31000,31000,31000,207,0,9500.0,16014.2840516907,268.7828000052832,30985.410100023728,33.59903381642512
1778884541,345,GET,GET /api/ -> https://books.toscrape.com/,0.100000,0.000000,12000,12000,30000,30000,30000,30000,30000,30000,30000,30000,30000,104,0,4100.0,6101.491504808319,997.8395000216551,30005.873799993424,7772.538461538462
1778884541,345,GET,GET /api/ -> https://docs.docker.com/,1.500000,0.000000,12000,14000,14000,16000,19000,19000,19000,19000,19000,19000,19000,97,0,6400.0,8125.027018554506,908.0612999969162,21983.21780000697,1741.0
1778884541,345,GET,GET /api/ -> https://flask.palletsprojects.com/,2.000000,0.000000,8100,9900,12000,12000,19000,20000,24000,24000,24000,24000,24000,88,0,7500.0,9128.660310227464,1120.9144000022206,30276.93389999331,19443.511363636364
1778884541,345,GET,GET /api/ -> https://github.com/ibnesayeed/linkextractor,0.800000,0.000000,9100,13000,15000,15000,17000,28000,28000,28000,28000,28000,28000,25,0,8500.0,9454.34971599956,1730.7682999817189,27770.20349999657,11810.0
1778884541,345,GET,GET /api/ -> https://httpbin.org/,0.000000,0.000000,16000,16000,16000,16000,16000,16000,16000,16000,16000,16000,16000,101,1,4700.0,6936.229416832851,769.0177999902517,21793.63000000012,310.16831683168317
1778884541,345,GET,GET /api/ -> https://locust.io/,1.800000,0.000000,6400,9700,11000,18000,18000,26000,30000,30000,30000,30000,30000,46,0,5500.0,8050.682563043665,717.8297999780625,30014.780900004553,4658.478260869565
1778884541,345,GET,GET /api/ -> https://redis.io/,1.900000,0.000000,9600,11000,11000,11000,13000,15000,15000,15000,15000,15000,15000,59,0,10000.0,11183.36062881478,4432.642800005851,30014.07229999313,7098.610169491525
1778884541,345,GET,GET /api/ -> https://training.play-with-docker.com/,0.600000,0.000000,8000,11000,13000,13000,18000,18000,18000,18000,18000,18000,18000,15,0,6400.0,7104.812920002344,693.0578000028618,18364.86479997984,1424.0
1778884541,345,GET,GET /api/ -> https://www.python.org/,0.500000,0.000000,13000,13000,21000,21000,21000,21000,21000,21000,21000,21000,21000,99,0,6300.0,7688.063181819738,792.8072000213433,27508.503599994583,12980.0
1778884541,345,,Aggregated,14.400000,0.000000,12000,24000,30000,30000,30000,30000,31000,31000,31000,31000,31000,841,1,6500.0,9959.238621997887,268.7828000052832,30985.410100023728,5899.250891795482
1778884542,350,GET,GET /api/ -> http://example.com/,5.300000,0.000000,30000,30000,30000,30000,31000,31000,31000,31000,31000,31000,31000,213,0,9600.0,16280.059451173645,268.7828000052832,30985.410100023728,32.95774647887324
1778884542,350,GET,GET /api/ -> https://books.toscrape.com/,0.100000,0.000000,12000,12000,30000,30000,30000,30000,30000,30000,30000,30000,30000,104,0,4100.0,6101.491504808319,997.8395000216551,30005.873799993424,7772.538461538462
1778884542,350,GET,GET /api/ -> https://docs.docker.com/,1.100000,0.000000,12000,14000,16000,16000,19000,19000,19000,19000,19000,19000,19000,97,0,6400.0,8125.027018554506,908.0612999969162,21983.21780000697,1741.0
1778884542,350,GET,GET /api/ -> https://flask.palletsprojects.com/,2.000000,0.000000,7800,9400,11000,12000,15000,18000,24000,24000,24000,24000,24000,90,0,7500.0,9143.418337777905,1120.9144000022206,30276.93389999331,19448.477777777778
1778884542,350,GET,GET /api/ -> https://github.com/ibnesayeed/linkextractor,1.100000,0.000000,9100,13000,13000,15000,17000,28000,28000,28000,28000,28000,28000,27,0,8500.0,9377.215470370613,1730.7682999817189,27770.20349999657,11810.0
1778884542,350,GET,GET /api/ -> https://httpbin.org/,0.100000,0.000000,16000,16000,16000,16000,16000,16000,16000,16000,16000,16000,16000,101,1,4700.0,6936.229416832851,769.0177999902517,21793.63000000012,310.16831683168317
1778884542,350,GET,GET /api/ -> https://locust.io/,1.900000,0.000000,6900,11000,14000,18000,26000,30000,30000,30000,30000,30000,30000,47,0,5500.0,8169.360425531929,717.8297999780625,30014.780900004553,4660.68085106383
1778884542,350,GET,GET /api/ -> https://redis.io/,1.900000,0.000000,11000,13000,14000,15000,15000,17000,17000,17000,17000,17000,17000,62,0,11000.0,11378.605446775422,4432.642800005851,30014.07229999313,7104.532258064516
1778884542,350,GET,GET /api/ -> https://training.play-with-docker.com/,0.600000,0.000000,8000,11000,13000,13000,18000,18000,18000,18000,18000,18000,18000,15,0,6400.0,7104.812920002344,693.0578000028618,18364.86479997984,1424.0
1778884542,350,GET,GET /api/ -> https://www.python.org/,0.400000,0.000000,13000,21000,21000,22000,22000,22000,22000,22000,22000,22000,22000,100,0,6300.0,7832.422346001258,792.8072000213433,27508.503599994583,12980.0
1778884542,350,,Aggregated,14.500000,0.000000,13000,26000,30000,30000,30000,30000,31000,31000,31000,31000,31000,856,1,6600.0,10100.74175899558,268.7828000052832,30985.410100023728,5915.530373831775
1778884543,350,GET,GET /api/ -> http://example.com/,5.400000,0.000000,30000,30000,30000,30000,30000,31000,31000,31000,31000,31000,31000,221,0,12000.0,16493.28669683288,268.7828000052832,30985.410100023728,32.64705882352941
1778884543,350,GET,GET /api/ -> https://books.toscrape.com/,0.200000,0.000000,12000,12000,30000,30000,30000,30000,30000,30000,30000,30000,30000,105,0,4100.0,6075.884802857625,997.8395000216551,30005.873799993424,7773.257142857143
1778884543,350,GET,GET /api/ -> https://docs.docker.com/,1.000000,0.000000,11000,12000,14000,16000,19000,19000,19000,19000,19000,19000,19000,98,0,6300.0,8095.670855099844,908.0612999969162,21983.21780000697,1741.0
1778884543,350,GET,GET /api/ -> https://flask.palletsprojects.com/,2.100000,0.000000,8100,9900,12000,12000,18000,24000,24000,24000,24000,24000,24000,90,0,7500.0,9143.418337777905,1120.9144000022206,30276.93389999331,19448.477777777778
1778884543,350,GET,GET /api/ -> https://github.com/ibnesayeed/linkextractor,1.300000,0.000000,9100,13000,13000,15000,17000,28000,28000,28000,28000,28000,28000,29,0,8500.0,9275.291210345538,1730.7682999817189,27770.20349999657,11810.0
1778884543,350,GET,GET /api/ -> https://httpbin.org/,0.100000,0.000000,16000,16000,16000,16000,16000,16000,16000,16000,16000,16000,16000,101,1,4700.0,6936.229416832851,769.0177999902517,21793.63000000012,310.16831683168317
1778884543,350,GET,GET /api/ -> https://locust.io/,2.200000,0.000000,6900,11000,11000,14000,18000,26000,30000,30000,30000,30000,30000,49,0,5500.0,8127.124200000699,717.8297999780625,30014.780900004553,4664.816326530612
1778884543,350,GET,GET /api/ -> https://redis.io/,1.800000,0.000000,11000,13000,15000,15000,17000,22000,22000,22000,22000,22000,22000,67,0,11000.0,11390.343808956051,4432.642800005851,30014.07229999313,7113.223880597015
1778884543,350,GET,GET /api/ -> https://training.play-with-docker.com/,0.600000,0.000000,5100,8000,11000,13000,18000,18000,18000,18000,18000,18000,18000,16,0,5500.0,6981.199750001906,693.0578000028618,18364.86479997984,1424.0
1778884543,350,GET,GET /api/ -> https://www.python.org/,0.400000,0.000000,13000,21000,21000,22000,22000,22000,22000,22000,22000,22000,22000,100,0,6300.0,7832.422346001258,792.8072000213433,27508.503599994583,12980.0
1778884543,350,,Aggregated,15.100000,0.000000,12000,22000,30000,30000,30000,30000,31000,31000,31000,31000,31000,876,1,6600.0,10188.508934132766,268.7828000052832,30985.410100023728,5872.318493150685
1778884544,350,GET,GET /api/ -> http://example.com/,5.500000,0.000000,30000,30000,30000,30000,30000,31000,31000,31000,31000,31000,31000,226,0,30000.0,16793.916934513665,268.7828000052832,30985.410100023728,31.924778761061948
1778884544,350,GET,GET /api/ -> https://books.toscrape.com/,0.200000,0.000000,3400,3400,12000,12000,12000,12000,12000,12000,12000,12000,12000,105,0,4100.0,6075.884802857625,997.8395000216551,30005.873799993424,7773.257142857143
1778884544,350,GET,GET /api/ -> https://docs.docker.com/,0.900000,0.000000,5200,11000,12000,12000,19000,19000,19000,19000,19000,19000,19000,98,0,6300.0,8095.670855099844,908.0612999969162,21983.21780000697,1741.0
1778884544,350,GET,GET /api/ -> https://flask.palletsprojects.com/,2.100000,0.000000,9400,12000,14000,15000,18000,24000,24000,24000,24000,24000,24000,93,0,8000.0,9286.311645161233,1120.9144000022206,30276.93389999331,19455.52688172043
1778884544,350,GET,GET /api/ -> https://github.com/ibnesayeed/linkextractor,1.300000,0.000000,9800,13000,13000,15000,22000,28000,28000,28000,28000,28000,28000,32,0,8500.0,9584.833340626574,1730.7682999817189,27770.20349999657,11810.0
1778884544,350,GET,GET /api/ -> https://httpbin.org/,0.100000,0.000000,16000,16000,16000,16000,16000,16000,16000,16000,16000,16000,16000,101,1,4700.0,6936.229416832851,769.0177999902517,21793.63000000012,310.16831683168317
1778884544,350,GET,GET /api/ -> https://locust.io/,2.100000,0.000000,6900,11000,11000,14000,18000,26000,30000,30000,30000,30000,30000,50,0,5500.0,8025.566614000127,717.8297999780625,30014.780900004553,4666.76
1778884544,350,GET,GET /api/ -> https://redis.io/,1.700000,0.000000,11000,13000,15000,15000,17000,22000,22000,22000,22000,22000,22000,69,0,11000.0,11329.108649275968,4432.642800005851,30014.07229999313,7116.347826086957
1778884544,350,GET,GET /api/ -> https://training.play-with-docker.com/,0.800000,0.000000,5100,11000,13000,13000,17000,18000,18000,18000,18000,18000,18000,18,0,5500.0,7340.0085611129825,693.0578000028618,18364.86479997984,1424.0
1778884544,350,GET,GET /api/ -> https://www.python.org/,0.400000,0.000000,21000,21000,22000,22000,22000,22000,22000,22000,22000,22000,22000,100,0,6300.0,7832.422346001258,792.8072000213433,27508.503599994583,12980.0
1778884544,350,,Aggregated,15.100000,0.000000,13000,22000,30000,30000,30000,30000,31000,31000,31000,31000,31000,892,1,6700.0,10309.438242713337,268.7828000052832,30985.410100023728,5897.571748878924
1778884545,350,GET,GET /api/ -> http://example.com/,5.800000,0.000000,30000,30000,30000,30000,30000,31000,31000,31000,31000,31000,31000,233,0,30000.0,16960.600465665648,268.7828000052832,30985.410100023728,31.523605150214593
1778884545,350,GET,GET /api/ -> https://books.toscrape.com/,0.300000,0.000000,3400,11000,11000,12000,12000,12000,12000,12000,12000,12000,12000,107,0,4100.0,6094.5832785053035,997.8395000216551,30005.873799993424,7774.654205607477
1778884545,350,GET,GET /api/ -> https://docs.docker.com/,0.800000,0.000000,5200,11000,12000,12000,19000,19000,19000,19000,19000,19000,19000,98,0,6300.0,8095.670855099844,908.0612999969162,21983.21780000697,1741.0
1778884545,350,GET,GET /api/ -> https://flask.palletsprojects.com/,2.100000,0.000000,8300,11000,12000,14000,16000,18000,18000,18000,18000,18000,18000,94,0,7800.0,9204.04554148913,1120.9144000022206,30276.93389999331,19457.77659574468
1778884545,350,GET,GET /api/ -> https://github.com/ibnesayeed/linkextractor,1.400000,0.000000,9800,13000,13000,15000,22000,28000,28000,28000,28000,28000,28000,35,0,8500.0,9281.767214287538,1730.7682999817189,27770.20349999657,11810.0
1778884545,350,GET,GET /api/ -> https://httpbin.org/,0.100000,0.000000,16000,16000,16000,16000,16000,16000,16000,16000,16000,16000,16000,102,1,4700.0,6918.106252942451,769.0177999902517,21793.63000000012,310.19607843137254
1778884545,350,GET,GET /api/ -> https://locust.io/,2.000000,0.000000,6900,11000,11000,14000,18000,26000,30000,30000,30000,30000,30000,51,0,5500.0,7969.121145097625,717.8297999780625,30014.780900004553,4668.6274509803925
1778884545,350,GET,GET /api/ -> https://redis.io/,1.400000,0.000000,11000,14000,15000,15000,17000,22000,22000,22000,22000,22000,22000,70,0,11000.0,11375.194635714954,4432.642800005851,30014.07229999313,7117.842857142857
1778884545,350,GET,GET /api/ -> https://training.play-with-docker.com/,0.800000,0.000000,5100,8000,11000,13000,13000,17000,17000,17000,17000,17000,17000,22,0,5100.0,7059.015368182868,693.0578000028618,18364.86479997984,1424.0
1778884545,350,GET,GET /api/ -> https://www.python.org/,0.400000,0.000000,21000,21000,22000,22000,22000,22000,22000,22000,22000,22000,22000,100,0,6300.0,7832.422346001258,792.8072000213433,27508.503599994583,12980.0
1778884545,350,,Aggregated,15.100000,0.000000,12000,18000,30000,30000,30000,30000,31000,31000,31000,31000,31000,912,1,6700.0,10344.555274013483,268.7828000052832,30985.410100023728,5865.733552631579
1778884546,350,GET,GET /api/ -> http://example.com/,5.800000,0.000000,30000,30000,30000,30000,30000,30000,30000,30000,30000,30000,30000,238,0,30000.0,17235.526197059095,268.7828000052832,30985.410100023728,30.861344537815125
1778884546,350,GET,GET /api/ -> https://books.toscrape.com/,0.300000,0.000000,3400,11000,11000,12000,12000,12000,12000,12000,12000,12000,12000,107,0,4100.0,6094.5832785053035,997.8395000216551,30005.873799993424,7774.654205607477
1778884546,350,GET,GET /api/ -> https://docs.docker.com/,0.700000,0.000000,5200,5200,11000,11000,19000,19000,19000,19000,19000,19000,19000,98,0,6300.0,8095.670855099844,908.0612999969162,21983.21780000697,1741.0
1778884546,350,GET,GET /api/ -> https://flask.palletsprojects.com/,1.800000,0.000000,9400,11000,12000,14000,16000,18000,18000,18000,18000,18000,18000,94,0,7800.0,9204.04554148913,1120.9144000022206,30276.93389999331,19457.77659574468
1778884546,350,GET,GET /api/ -> https://github.com/ibnesayeed/linkextractor,1.600000,0.000000,9800,13000,13000,15000,22000,28000,28000,28000,28000,28000,28000,36,0,8400.0,9192.311122223651,1730.7682999817189,27770.20349999657,11810.0
1778884546,350,GET,GET /api/ -> https://httpbin.org/,0.100000,0.000000,16000,16000,16000,16000,16000,16000,16000,16000,16000,16000,16000,102,1,4700.0,6918.106252942451,769.0177999902517,21793.63000000012,310.19607843137254
1778884546,350,GET,GET /api/ -> https://locust.io/,2.200000,0.000000,9700,11000,15000,18000,26000,30000,30000,30000,30000,30000,30000,53,0,5500.0,8007.956601886347,717.8297999780625,30014.780900004553,4672.1509433962265
1778884546,350,GET,GET /api/ -> https://redis.io/,1.900000,0.000000,12000,14000,15000,15000,17000,22000,22000,22000,22000,22000,22000,72,0,11000.0,11311.43025833444,4432.642800005851,30014.07229999313,7120.708333333333
1778884546,350,GET,GET /api/ -> https://training.play-with-docker.com/,1.000000,0.000000,5100,8600,13000,13000,13000,17000,17000,17000,17000,17000,17000,25,0,5500.0,7168.5043640004005,693.0578000028618,18364.86479997984,1424.0
1778884546,350,GET,GET /api/ -> https://www.python.org/,0.400000,0.000000,21000,21000,22000,22000,22000,22000,22000,22000,22000,22000,22000,100,0,6300.0,7832.422346001258,792.8072000213433,27508.503599994583,12980.0
1778884546,350,,Aggregated,15.800000,0.000000,12000,17000,30000,30000,30000,30000,30000,30000,30000,30000,30000,925,1,6900.0,10433.082411675972,268.7828000052832,30985.410100023728,5826.5913513513515
1778884547,350,GET,GET /api/ -> http://example.com/,5.800000,0.000000,30000,30000,30000,30000,30000,30000,30000,30000,30000,30000,30000,243,0,30000.0,17498.73900699629,268.7828000052832,30985.410100023728,30.226337448559672
1778884547,350,GET,GET /api/ -> https://books.toscrape.com/,0.400000,0.000000,3400,11000,11000,12000,12000,12000,12000,12000,12000,12000,12000,107,0,4100.0,6094.5832785053035,997.8395000216551,30005.873799993424,7774.654205607477
1778884547,350,GET,GET /api/ -> https://docs.docker.com/,0.700000,0.000000,11000,11000,19000,19000,20000,20000,20000,20000,20000,20000,20000,99,0,6400.0,8213.782995957188,908.0612999969162,21983.21780000697,1741.0
1778884547,350,GET,GET /api/ -> https://flask.palletsprojects.com/,1.900000,0.000000,9900,12000,14000,15000,16000,20000,20000,20000,20000,20000,20000,95,0,8000.0,9315.03375684199,1120.9144000022206,30276.93389999331,19459.97894736842
1778884547,350,GET,GET /api/ -> https://github.com/ibnesayeed/linkextractor,1.900000,0.000000,9800,13000,13000,15000,22000,28000,28000,28000,28000,28000,28000,36,0,8400.0,9192.311122223651,1730.7682999817189,27770.20349999657,11810.0
1778884547,350,GET,GET /api/ -> https://httpbin.org/,0.100000,0.000000,5100,5100,16000,16000,16000,16000,16000,16000,16000,16000,16000,103,1,4800.0,6899.119015535265,769.0177999902517,21793.63000000012,310.22330097087377
1778884547,350,GET,GET /api/ -> https://locust.io/,2.100000,0.000000,8800,11000,14000,15000,26000,30000,30000,30000,30000,30000,30000,54,0,5500.0,8095.182837036124,717.8297999780625,30014.780900004553,4673.814814814815
1778884547,350,GET,GET /api/ -> https://redis.io/,1.800000,0.000000,11000,13000,15000,15000,17000,21000,22000,22000,22000,22000,22000,76,0,10000.0,11310.886759211779,4432.642800005851,30014.07229999313,7125.986842105263
1778884547,350,GET,GET /api/ -> https://training.play-with-docker.com/,1.200000,0.000000,4700,5100,11000,13000,13000,17000,17000,17000,17000,17000,17000,27,0,5100.0,6849.5967555554,693.0578000028618,18364.86479997984,1424.0
1778884547,350,GET,GET /api/ -> https://www.python.org/,0.400000,0.000000,22000,22000,22000,22000,22000,22000,22000,22000,22000,22000,22000,100,0,6300.0,7832.422346001258,792.8072000213433,27508.503599994583,12980.0
1778884547,350,,Aggregated,16.300000,0.000000,13000,20000,30000,30000,30000,30000,30000,30000,30000,30000,30000,940,1,7000.0,10541.36998500029,268.7828000052832,30985.410100023728,5795.544680851064
1778884548,350,GET,GET /api/ -> http://example.com/,6.400000,0.000000,30000,30000,30000,30000,30000,30000,30000,30000,30000,30000,30000,250,0,30000.0,17611.329322400263,241.67970000416972,30985.410100023728,29.9
1778884548,350,GET,GET /api/ -> https://books.toscrape.com/,0.500000,0.000000,5400,5400,11000,11000,12000,12000,12000,12000,12000,12000,12000,109,0,4100.0,6081.349241285085,997.8395000216551,30005.873799993424,7776.0
1778884548,350,GET,GET /api/ -> https://docs.docker.com/,0.700000,0.000000,11000,11000,19000,19000,20000,20000,20000,20000,20000,20000,20000,99,0,6400.0,8213.782995957188,908.0612999969162,21983.21780000697,1741.0
1778884548,350,GET,GET /api/ -> https://flask.palletsprojects.com/,2.000000,0.000000,11000,14000,15000,16000,18000,20000,20000,20000,20000,20000,20000,96,0,8000.0,9406.294847916493,1120.9144000022206,30276.93389999331,19462.135416666668
1778884548,350,GET,GET /api/ -> https://github.com/ibnesayeed/linkextractor,2.100000,0.000000,8100,10000,13000,14000,16000,17000,22000,22000,22000,22000,22000,44,0,8400.0,9287.51639091206,1730.7682999817189,27770.20349999657,11810.0
1778884548,350,GET,GET /api/ -> https://httpbin.org/,0.200000,0.000000,5100,5100,16000,16000,16000,16000,16000,16000,16000,16000,16000,104,1,4700.0,6860.940003847645,769.0177999902517,21793.63000000012,310.25
1778884548,350,GET,GET /api/ -> https://locust.io/,2.100000,0.000000,8800,13000,14000,15000,26000,30000,30000,30000,30000,30000,30000,57,0,5500.0,8142.545440349638,717.8297999780625,30014.780900004553,4678.456140350877
1778884548,350,GET,GET /api/ -> https://redis.io/,1.900000,0.000000,12000,14000,15000,15000,17000,21000,22000,22000,22000,22000,22000,80,0,10000.0,11238.506153751223,4432.642800005851,30014.07229999313,7130.7375
1778884548,350,GET,GET /api/ -> https://training.play-with-docker.com/,1.600000,0.000000,5100,8600,13000,13000,13000,17000,17000,17000,17000,17000,17000,28,0,5100.0,6927.833235714518,693.0578000028618,18364.86479997984,1424.0
1778884548,350,GET,GET /api/ -> https://www.python.org/,0.400000,0.000000,22000,22000,22000,22000,22000,22000,22000,22000,22000,22000,22000,100,0,6300.0,7832.422346001258,792.8072000213433,27508.503599994583,12980.0
1778884548,350,,Aggregated,17.900000,0.000000,12000,17000,30000,30000,30000,30000,30000,30000,30000,30000,30000,967,1,7100.0,10594.08877880076,241.67970000416972,30985.410100023728,5814.572905894519
1778884549,350,GET,GET /api/ -> http://example.com/,5.900000,0.000000,30000,30000,30000,30000,30000,30000,30000,30000,30000,30000,30000,256,0,30000.0,17796.851014453176,241.67970000416972,30985.410100023728,29.453125
1778884549,350,GET,GET /api/ -> https://books.toscrape.com/,0.500000,0.000000,5400,5400,6500,6500,11000,11000,11000,11000,11000,11000,11000,110,0,4100.0,6084.960018182491,997.8395000216551,30005.873799993424,7776.654545454546
1778884549,350,GET,GET /api/ -> https://docs.docker.com/,0.700000,0.000000,11000,11000,20000,20000,20000,20000,20000,20000,20000,20000,20000,100,0,6400.0,8198.75819099776,908.0612999969162,21983.21780000697,1741.0
1778884549,350,GET,GET /api/ -> https://flask.palletsprojects.com/,1.900000,0.000000,11000,14000,16000,16000,18000,20000,20000,20000,20000,20000,20000,97,0,8100.0,9394.443605154556,1120.9144000022206,30276.93389999331,19464.24742268041
1778884549,350,GET,GET /api/ -> https://github.com/ibnesayeed/linkextractor,2.000000,0.000000,8000,10000,12000,13000,15000,16000,22000,22000,22000,22000,22000,46,0,8300.0,9182.590563047004,1730.7682999817189,27770.20349999657,11810.0
1778884549,350,GET,GET /api/ -> https://httpbin.org/,0.200000,0.000000,5100,10000,10000,16000,16000,16000,16000,16000,16000,16000,16000,105,1,4800.0,6893.699674287234,769.0177999902517,21793.63000000012,310.2761904761905
1778884549,350,GET,GET /api/ -> https://locust.io/,2.100000,0.000000,7000,11000,13000,14000,15000,26000,26000,26000,26000,26000,26000,61,0,5700.0,8114.103218030994,717.8297999780625,30014.780900004553,4683.934426229508
1778884549,350,GET,GET /api/ -> https://redis.io/,2.100000,0.000000,11000,14000,15000,15000,17000,21000,22000,22000,22000,22000,22000,80,0,10000.0,11238.506153751223,4432.642800005851,30014.07229999313,7130.7375
1778884549,350,GET,GET /api/ -> https://training.play-with-docker.com/,1.700000,0.000000,5100,6700,9000,13000,13000,17000,17000,17000,17000,17000,17000,32,0,5100.0,6619.140903126208,628.0587000073865,18364.86479997984,1424.0
1778884549,350,GET,GET /api/ -> https://www.python.org/,0.400000,0.000000,9300,9300,22000,22000,22000,22000,22000,22000,22000,22000,22000,101,0,6300.0,7772.695579209323,792.8072000213433,27508.503599994583,12980.0
1778884549,350,,Aggregated,17.500000,0.000000,11000,15000,30000,30000,30000,30000,30000,30000,30000,30000,30000,988,1,7000.0,10621.062240081324,241.67970000416972,30985.410100023728,5783.066801619433
1778884550,350,GET,GET /api/ -> http://example.com/,5.800000,0.000000,30000,30000,30000,30000,30000,30000,30000,30000,30000,30000,30000,265,0,30000.0,17840.768355849068,220.18269999534823,30985.410100023728,29.433962264150942
1778884550,350,GET,GET /api/ -> https://books.toscrape.com/,0.600000,0.000000,5400,5400,6500,6500,11000,11000,11000,11000,11000,11000,11000,111,0,4100.0,6052.348298198693,997.8395000216551,30005.873799993424,7777.2972972972975
1778884550,350,GET,GET /api/ -> https://docs.docker.com/,0.600000,0.000000,6700,6700,11000,11000,20000,20000,20000,20000,20000,20000,20000,102,0,6300.0,8054.358208821071,805.3940999961924,21983.21780000697,1741.0
1778884550,350,GET,GET /api/ -> https://flask.palletsprojects.com/,1.500000,0.000000,11000,14000,16000,16000,18000,20000,20000,20000,20000,20000,20000,97,0,8100.0,9394.443605154556,1120.9144000022206,30276.93389999331,19464.24742268041
1778884550,350,GET,GET /api/ -> https://github.com/ibnesayeed/linkextractor,2.100000,0.000000,8000,9800,12000,13000,15000,16000,22000,22000,22000,22000,22000,48,0,8100.0,8925.159495836851,1730.7682999817189,27770.20349999657,11810.0
1778884550,350,GET,GET /api/ -> https://httpbin.org/,0.400000,0.000000,5100,5100,10000,10000,16000,16000,16000,16000,16000,16000,16000,106,1,4700.0,6869.7146330202295,769.0177999902517,21793.63000000012,310.3018867924528
1778884550,350,GET,GET /api/ -> https://locust.io/,1.600000,0.000000,6500,8800,12000,14000,15000,19000,26000,26000,26000,26000,26000,67,0,6100.0,8090.165465669237,717.8297999780625,30014.780900004553,4690.925373134329
1778884550,350,GET,GET /api/ -> https://redis.io/,2.400000,0.000000,12000,13000,15000,15000,17000,21000,22000,22000,22000,22000,22000,83,0,10000.0,11106.769507229805,3205.9604999958538,30014.07229999313,7134.0
1778884550,350,GET,GET /api/ -> https://training.play-with-docker.com/,1.500000,0.000000,5100,8600,10000,12000,13000,13000,17000,17000,17000,17000,17000,36,0,5100.0,6667.306233333268,628.0587000073865,18364.86479997984,1424.0
1778884550,350,GET,GET /api/ -> https://www.python.org/,0.200000,0.000000,1800,1800,22000,22000,22000,22000,22000,22000,22000,22000,22000,103,0,5700.0,7646.744193205467,780.648400017526,27508.503599994583,12980.0
1778884550,350,,Aggregated,16.700000,0.000000,10000,15000,30000,30000,30000,30000,30000,30000,30000,30000,30000,1018,1,7000.0,10589.938979273273,220.18269999534823,30985.410100023728,5727.980353634578
1778884551,350,GET,GET /api/ -> http://example.com/,6.000000,0.000000,30000,30000,30000,30000,30000,30000,30000,30000,30000,30000,30000,270,0,30000.0,18066.305945925964,220.18269999534823,30985.410100023728,28.88888888888889
1778884551,350,GET,GET /api/ -> https://books.toscrape.com/,0.700000,0.000000,11000,30000,30000,30000,30000,30000,30000,30000,30000,30000,30000,116,0,4400.0,7085.896764655601,997.8395000216551,30032.202499976847,7442.068965517241
1778884551,350,GET,GET /api/ -> https://docs.docker.com/,0.400000,0.000000,5200,6700,6700,20000,20000,20000,20000,20000,20000,20000,20000,102,0,6300.0,8054.358208821071,805.3940999961924,21983.21780000697,1741.0
1778884551,350,GET,GET /api/ -> https://flask.palletsprojects.com/,1.300000,0.000000,14000,15000,16000,18000,20000,20000,20000,20000,20000,20000,20000,97,0,8100.0,9394.443605154556,1120.9144000022206,30276.93389999331,19464.24742268041
1778884551,350,GET,GET /api/ -> https://github.com/ibnesayeed/linkextractor,2.600000,0.000000,6300,9800,10000,12000,14000,16000,22000,22000,22000,22000,22000,50,0,8100.0,8626.046452003065,1435.1949999982025,27770.20349999657,11810.0
1778884551,350,GET,GET /api/ -> https://httpbin.org/,0.400000,0.000000,5100,5100,10000,10000,16000,16000,16000,16000,16000,16000,16000,106,1,4700.0,6869.7146330202295,769.0177999902517,21793.63000000012,310.3018867924528
1778884551,350,GET,GET /api/ -> https://locust.io/,1.700000,0.000000,6500,8400,11000,13000,15000,15000,19000,19000,19000,19000,19000,71,0,6100.0,7967.745643659597,717.8297999780625,30014.780900004553,4694.929577464789
1778884551,350,GET,GET /api/ -> https://redis.io/,2.600000,0.000000,12000,14000,15000,18000,21000,22000,30000,30000,30000,30000,30000,86,0,11000.0,11522.623170931014,3205.9604999958538,30019.80869998806,7053.069767441861
1778884551,350,GET,GET /api/ -> https://training.play-with-docker.com/,1.800000,0.000000,5100,6700,9000,10000,13000,13000,17000,17000,17000,17000,17000,41,0,5100.0,6412.903575608563,628.0587000073865,18364.86479997984,1424.0
1778884551,350,GET,GET /api/ -> https://www.python.org/,0.100000,0.000000,1800,1800,22000,22000,22000,22000,22000,22000,22000,22000,22000,103,0,5700.0,7646.744193205467,780.648400017526,27508.503599994583,12980.0
1778884551,350,,Aggregated,17.600000,0.000000,9800,15000,30000,30000,30000,30000,30000,30000,30000,30000,30000,1042,1,7100.0,10747.949618714125,220.18269999534823,30985.410100023728,5657.690978886756
1778884552,350,GET,GET /api/ -> http://example.com/,6.100000,0.000000,30000,30000,30000,30000,30000,30000,30000,30000,30000,30000,30000,278,0,30000.0,18125.471426978573,220.18269999534823,30985.410100023728,28.758992805755394
1778884552,350,GET,GET /api/ -> https://books.toscrape.com/,0.700000,0.000000,30000,30000,30000,30000,30000,30000,30000,30000,30000,30000,30000,124,0,4600.0,7934.950060484322,997.8395000216551,30033.555600006366,7151.806451612903
1778884552,350,GET,GET /api/ -> https://docs.docker.com/,0.400000,0.000000,5200,6700,6700,20000,20000,20000,20000,20000,20000,20000,20000,102,0,6300.0,8054.358208821071,805.3940999961924,21983.21780000697,1741.0
1778884552,350,GET,GET /api/ -> https://flask.palletsprojects.com/,1.200000,0.000000,14000,16000,18000,18000,20000,20000,20000,20000,20000,20000,20000,98,0,8000.0,9318.58585306119,1120.9144000022206,30276.93389999331,19466.316326530614
1778884552,350,GET,GET /api/ -> https://github.com/ibnesayeed/linkextractor,2.400000,0.000000,8000,9800,12000,12000,14000,16000,22000,22000,22000,22000,22000,51,0,8100.0,8739.479960786983,1435.1949999982025,27770.20349999657,11810.0
1778884552,350,GET,GET /api/ -> https://httpbin.org/,0.500000,0.000000,5000,5000,5100,5100,10000,10000,10000,10000,10000,10000,10000,107,1,4700.0,6814.356351403191,769.0177999902517,21793.63000000012,310.32710280373834
1778884552,350,GET,GET /api/ -> https://locust.io/,2.400000,0.000000,6200,7800,9300,11000,15000,15000,19000,19000,19000,19000,19000,73,0,6000.0,7901.250489038967,717.8297999780625,30014.780900004553,4696.767123287671
1778884552,350,GET,GET /api/ -> https://redis.io/,2.300000,0.000000,10000,13000,15000,18000,21000,22000,30000,30000,30000,30000,30000,87,0,11000.0,11470.781834483623,3205.9604999958538,30019.80869998806,7055.0
1778884552,350,GET,GET /api/ -> https://training.play-with-docker.com/,2.100000,0.000000,4400,6100,8600,9000,13000,13000,17000,17000,17000,17000,17000,43,0,5100.0,6287.342432556744,628.0587000073865,18364.86479997984,1424.0
1778884552,350,GET,GET /api/ -> https://www.python.org/,0.300000,0.000000,1800,1800,22000,22000,22000,22000,22000,22000,22000,22000,22000,103,0,5700.0,7646.744193205467,780.648400017526,27508.503599994583,12980.0
1778884552,350,,Aggregated,18.400000,0.000000,9000,16000,30000,30000,30000,30000,30000,30000,30000,30000,30000,1066,1,7100.0,10849.10891604142,220.18269999534823,30985.410100023728,5600.784240150094
1778884553,350,GET,GET /api/ -> http://example.com/,6.300000,0.000000,30000,30000,30000,30000,30000,30000,30000,30000,30000,30000,30000,288,0,30000.0,18085.513520138986,220.18269999534823,30985.410100023728,28.88888888888889
1778884553,350,GET,GET /api/ -> https://books.toscrape.com/,0.700000,0.000000,30000,30000,30000,30000,30000,30000,30000,30000,30000,30000,30000,129,0,5000.0,8792.251045736908,997.8395000216551,30058.13789999229,6874.604651162791
1778884553,350,GET,GET /api/ -> https://docs.docker.com/,0.500000,0.000000,5200,6700,6700,20000,20000,20000,20000,20000,20000,20000,20000,102,0,6300.0,8054.358208821071,805.3940999961924,21983.21780000697,1741.0
1778884553,350,GET,GET /api/ -> https://flask.palletsprojects.com/,0.900000,0.000000,11000,16000,18000,18000,20000,20000,20000,20000,20000,20000,20000,99,0,8000.0,9267.399377777827,1120.9144000022206,30276.93389999331,19468.343434343435
1778884553,350,GET,GET /api/ -> https://github.com/ibnesayeed/linkextractor,2.300000,0.000000,6200,8100,10000,12000,14000,14000,16000,16000,16000,16000,16000,52,0,8100.0,8633.72252692576,1435.1949999982025,27770.20349999657,11810.0
1778884553,350,GET,GET /api/ -> https://httpbin.org/,0.500000,0.000000,4400,5000,5100,5100,10000,10000,10000,10000,10000,10000,10000,108,1,4600.0,6776.487466667917,769.0177999902517,21793.63000000012,310.35185185185185
1778884553,350,GET,GET /api/ -> https://locust.io/,2.300000,0.000000,6500,7800,12000,13000,19000,30000,30000,30000,30000,30000,30000,77,0,6100.0,8405.293203894103,717.8297999780625,30014.780900004553,4576.467532467533
1778884553,350,GET,GET /api/ -> https://redis.io/,2.500000,0.000000,12000,13000,15000,15000,21000,21000,30000,30000,30000,30000,30000,91,0,11000.0,11488.23026923148,3205.9604999958538,30019.80869998806,7062.2967032967035
1778884553,350,GET,GET /api/ -> https://training.play-with-docker.com/,2.500000,0.000000,4100,6100,8600,9000,13000,13000,17000,17000,17000,17000,17000,44,0,4700.0,6166.541813635294,628.0587000073865,18364.86479997984,1424.0
1778884553,350,GET,GET /api/ -> https://www.python.org/,0.400000,0.000000,1800,1800,1800,22000,22000,22000,22000,22000,22000,22000,22000,104,0,5600.0,7579.521939424571,655.6297999923117,27508.503599994583,12980.0
1778884553,350,,Aggregated,18.900000,0.000000,9000,17000,30000,30000,30000,30000,30000,30000,30000,30000,30000,1094,1,7100.0,10982.535854570517,220.18269999534823,30985.410100023728,5535.066727605119
1778884554,350,GET,GET /api/ -> http://example.com/,6.200000,0.000000,30000,30000,30000,30000,30000,30000,30000,30000,30000,30000,30000,295,0,30000.0,18195.54584677985,220.18269999534823,30985.410100023728,28.64406779661017
1778884554,350,GET,GET /api/ -> https://books.toscrape.com/,1.400000,0.000000,30000,30000,30000,30000,30000,30000,30000,30000,30000,30000,30000,137,0,5100.0,9451.600433577083,997.8395000216551,30058.13789999229,6645.021897810219
1778884554,350,GET,GET /api/ -> https://docs.docker.com/,0.500000,0.000000,6700,6700,20000,20000,20000,20000,20000,20000,20000,20000,20000,102,0,6300.0,8054.358208821071,805.3940999961924,21983.21780000697,1741.0
1778884554,350,GET,GET /api/ -> https://flask.palletsprojects.com/,0.900000,0.000000,7500,8300,18000,18000,20000,20000,20000,20000,20000,20000,20000,100,0,7800.0,9250.09567000001,1120.9144000022206,30276.93389999331,19470.33
1778884554,350,GET,GET /api/ -> https://github.com/ibnesayeed/linkextractor,2.500000,0.000000,6100,8000,10000,12000,14000,16000,16000,16000,16000,16000,16000,54,0,8000.0,8478.374675928433,1435.1949999982025,27770.20349999657,11810.0
1778884554,350,GET,GET /api/ -> https://httpbin.org/,0.500000,0.000000,5000,5100,5500,5500,10000,10000,10000,10000,10000,10000,10000,109,1,4700.0,6764.489510093138,769.0177999902517,21793.63000000012,310.3761467889908
1778884554,350,GET,GET /api/ -> https://locust.io/,2.600000,0.000000,6200,7800,9300,13000,19000,30000,30000,30000,30000,30000,30000,79,0,6000.0,8299.294583542167,717.8297999780625,30014.780900004553,4581.164556962025
1778884554,350,GET,GET /api/ -> https://redis.io/,2.500000,0.000000,12000,14000,15000,15000,21000,21000,30000,30000,30000,30000,30000,92,0,11000.0,11525.640317392295,3205.9604999958538,30019.80869998806,7064.021739130435
1778884554,350,GET,GET /api/ -> https://training.play-with-docker.com/,2.700000,0.000000,3800,5600,6700,7600,10000,12000,13000,13000,13000,13000,13000,47,0,5100.0,6071.118551063688,628.0587000073865,18364.86479997984,1424.0
1778884554,350,GET,GET /api/ -> https://www.python.org/,0.400000,0.000000,1800,1800,15000,15000,22000,22000,22000,22000,22000,22000,22000,105,0,5700.0,7653.219141906205,655.6297999923117,27508.503599994583,12980.0
1778884554,350,,Aggregated,20.200000,0.000000,8300,18000,30000,30000,30000,30000,30000,30000,30000,30000,30000,1120,1,7100.0,11079.647089910917,220.18269999534823,30985.410100023728,5496.994642857143
1778884555,350,GET,GET /api/ -> http://example.com/,6.400000,0.000000,30000,30000,30000,30000,30000,30000,30000,30000,30000,30000,30000,303,0,30000.0,18257.750494719512,220.18269999534823,30985.410100023728,28.53135313531353
1778884555,350,GET,GET /api/ -> https://books.toscrape.com/,1.900000,0.000000,30000,30000,30000,30000,30000,30000,30000,30000,30000,30000,30000,144,0,5400.0,10161.989858333578,997.8395000216551,30058.13789999229,6431.0
1778884555,350,GET,GET /api/ -> https://docs.docker.com/,0.500000,0.000000,6700,6700,20000,20000,20000,20000,20000,20000,20000,20000,20000,102,0,6300.0,8054.358208821071,805.3940999961924,21983.21780000697,1741.0
1778884555,350,GET,GET /api/ -> https://flask.palletsprojects.com/,0.800000,0.000000,8300,8300,18000,18000,20000,20000,20000,20000,20000,20000,20000,100,0,7800.0,9250.09567000001,1120.9144000022206,30276.93389999331,19470.33
1778884555,350,GET,GET /api/ -> https://github.com/ibnesayeed/linkextractor,2.400000,0.000000,5100,6300,8000,10000,14000,14000,16000,16000,16000,16000,16000,59,0,7800.0,8124.162981358664,1402.4115999927744,27770.20349999657,11810.0
1778884555,350,GET,GET /api/ -> https://httpbin.org/,0.600000,0.000000,4400,5000,5100,5500,10000,10000,10000,10000,10000,10000,10000,111,1,4600.0,6656.1165045058515,705.199599993648,21793.63000000012,310.4234234234234
1778884555,350,GET,GET /api/ -> https://locust.io/,2.800000,0.000000,6500,7800,9300,13000,19000,30000,30000,30000,30000,30000,30000,80,0,6000.0,8285.809831247752,717.8297999780625,30014.780900004553,4583.425
1778884555,350,GET,GET /api/ -> https://redis.io/,2.800000,0.000000,12000,14000,15000,18000,21000,22000,30000,30000,30000,30000,30000,93,0,11000.0,11634.87533871047,3205.9604999958538,30019.80869998806,7065.709677419355
1778884555,350,GET,GET /api/ -> https://training.play-with-docker.com/,2.800000,0.000000,3600,5500,5700,6700,9000,10000,12000,12000,12000,12000,12000,49,0,4700.0,5890.617299999576,628.0587000073865,18364.86479997984,1424.0
1778884555,350,GET,GET /api/ -> https://www.python.org/,0.300000,0.000000,1800,1800,1800,15000,15000,15000,15000,15000,15000,15000,15000,105,0,5700.0,7653.219141906205,655.6297999923117,27508.503599994583,12980.0
1778884555,350,,Aggregated,21.300000,0.000000,8100,20000,30000,30000,30000,30000,30000,30000,30000,30000,30000,1146,1,7100.0,11166.90230567202,220.18269999534823,30985.410100023728,5451.162303664922
1778884556,350,GET,GET /api/ -> http://example.com/,6.800000,0.000000,30000,30000,30000,30000,30000,30000,30000,30000,30000,30000,30000,309,0,30000.0,18390.310217799397,220.18269999534823,30985.410100023728,28.187702265372167
1778884556,350,GET,GET /api/ -> https://books.toscrape.com/,2.500000,0.000000,30000,30000,30000,30000,30000,30000,30000,30000,30000,30000,30000,152,0,5400.0,10733.33806644759,997.8395000216551,30065.11490000412,6247.421052631579
1778884556,350,GET,GET /api/ -> https://docs.docker.com/,0.400000,0.000000,6700,6700,20000,20000,20000,20000,20000,20000,20000,20000,20000,102,0,6300.0,8054.358208821071,805.3940999961924,21983.21780000697,1741.0
1778884556,350,GET,GET /api/ -> https://flask.palletsprojects.com/,0.800000,0.000000,8300,8300,17000,17000,18000,18000,18000,18000,18000,18000,18000,101,0,8000.0,9330.319483168274,1120.9144000022206,30276.93389999331,19472.27722772277
1778884556,350,GET,GET /api/ -> https://github.com/ibnesayeed/linkextractor,2.100000,0.000000,5800,8000,9500,10000,14000,16000,18000,18000,18000,18000,18000,63,0,7800.0,8221.994336511541,1402.4115999927744,27770.20349999657,11810.0
1778884556,350,GET,GET /api/ -> https://httpbin.org/,0.800000,0.000000,2900,5000,5500,5500,7800,10000,10000,10000,10000,10000,10000,113,1,4600.0,6627.198746904115,705.199599993648,21793.63000000012,310.46902654867256
1778884556,350,GET,GET /api/ -> https://locust.io/,2.900000,0.000000,6200,7400,8400,9300,19000,30000,30000,30000,30000,30000,30000,81,0,6000.0,8255.064023454546,717.8297999780625,30014.780900004553,4585.62962962963
1778884556,350,GET,GET /api/ -> https://redis.io/,2.400000,0.000000,12000,14000,15000,18000,21000,22000,30000,30000,30000,30000,30000,95,0,11000.0,11546.066306316674,3205.9604999958538,30019.80869998806,7068.978947368421
1778884556,350,GET,GET /api/ -> https://training.play-with-docker.com/,2.800000,0.000000,3800,5500,6100,6700,9000,10000,12000,12000,12000,12000,12000,50,0,4400.0,5788.246055999771,628.0587000073865,18364.86479997984,1424.0
1778884556,350,GET,GET /api/ -> https://www.python.org/,0.400000,0.000000,1800,1800,10000,10000,15000,15000,15000,15000,15000,15000,15000,106,0,5700.0,7679.685736794128,655.6297999923117,27508.503599994583,12980.0
1778884556,350,,Aggregated,21.900000,0.000000,8100,21000,30000,30000,30000,30000,30000,30000,30000,30000,30000,1172,1,7300.0,11274.602923208411,220.18269999534823,30985.410100023728,5436.674061433447
1778884557,350,GET,GET /api/ -> http://example.com/,6.800000,0.000000,30000,30000,30000,30000,30000,30000,30000,30000,30000,30000,30000,321,0,30000.0,18225.647814018594,220.18269999534823,30985.410100023728,28.55140186915888
1778884557,350,GET,GET /api/ -> https://books.toscrape.com/,3.100000,0.000000,30000,30000,30000,30000,30000,30000,30000,30000,30000,30000,30000,157,0,6200.0,11347.491401274374,997.8395000216551,30065.11490000412,6048.458598726114
1778884557,350,GET,GET /api/ -> https://docs.docker.com/,0.400000,0.000000,1100,3800,3800,6700,6700,6700,6700,6700,6700,6700,6700,104,0,6300.0,7947.300658651119,805.3940999961924,21983.21780000697,1741.0
1778884557,350,GET,GET /api/ -> https://flask.palletsprojects.com/,0.700000,0.000000,8300,8300,17000,17000,18000,18000,18000,18000,18000,18000,18000,101,0,8000.0,9330.319483168274,1120.9144000022206,30276.93389999331,19472.27722772277
1778884557,350,GET,GET /api/ -> https://github.com/ibnesayeed/linkextractor,2.500000,0.000000,5800,8000,9500,12000,16000,18000,19000,19000,19000,19000,19000,65,0,7800.0,8315.839669234208,1402.4115999927744,27770.20349999657,11810.0
1778884557,350,GET,GET /api/ -> https://httpbin.org/,0.900000,0.000000,2900,5000,5500,5500,7800,10000,10000,10000,10000,10000,10000,113,1,4600.0,6627.198746904115,705.199599993648,21793.63000000012,310.46902654867256
1778884557,350,GET,GET /api/ -> https://locust.io/,2.900000,0.000000,6100,7200,7800,8400,19000,30000,30000,30000,30000,30000,30000,82,0,5800.0,8201.863886583342,717.8297999780625,30014.780900004553,4587.780487804878
1778884557,350,GET,GET /api/ -> https://redis.io/,2.300000,0.000000,12000,15000,15000,18000,22000,30000,30000,30000,30000,30000,30000,95,0,11000.0,11546.066306316674,3205.9604999958538,30019.80869998806,7068.978947368421
1778884557,350,GET,GET /api/ -> https://training.play-with-docker.com/,2.800000,0.000000,3800,5600,6100,6700,9000,10000,12000,12000,12000,12000,12000,55,0,4400.0,5589.220507272562,628.0587000073865,18364.86479997984,1424.0
1778884557,350,GET,GET /api/ -> https://www.python.org/,0.500000,0.000000,3900,7100,10000,10000,15000,15000,15000,15000,15000,15000,15000,108,0,5700.0,7638.757557408772,655.6297999923117,27508.503599994583,12980.0
1778884557,350,,Aggregated,22.900000,0.000000,8000,21000,30000,30000,30000,30000,30000,30000,30000,30000,30000,1201,1,7200.0,11317.315365029313,220.18269999534823,30985.410100023728,5359.850957535387
1778884558,350,GET,GET /api/ -> http://example.com/,7.000000,0.000000,30000,30000,30000,30000,30000,30000,30000,30000,30000,30000,30000,329,0,30000.0,18309.135369604843,220.18269999534823,30985.410100023728,28.44984802431611
1778884558,350,GET,GET /api/ -> https://books.toscrape.com/,3.800000,0.000000,30000,30000,30000,30000,30000,30000,30000,30000,30000,30000,30000,168,0,6200.0,11627.39092559544,997.8395000216551,30065.11490000412,5932.714285714285
1778884558,350,GET,GET /api/ -> https://docs.docker.com/,0.400000,0.000000,3700,3700,3800,3800,6700,6700,6700,6700,6700,6700,6700,105,0,6300.0,7907.137239044754,805.3940999961924,21983.21780000697,1741.0
1778884558,350,GET,GET /api/ -> https://flask.palletsprojects.com/,0.700000,0.000000,7500,8300,8300,17000,17000,17000,17000,17000,17000,17000,17000,101,0,8000.0,9330.319483168274,1120.9144000022206,30276.93389999331,19472.27722772277
1778884558,350,GET,GET /api/ -> https://github.com/ibnesayeed/linkextractor,2.500000,0.000000,5000,6300,9500,9500,14000,18000,19000,19000,19000,19000,19000,69,0,7800.0,8237.879163771615,1402.4115999927744,27770.20349999657,11810.0
1778884558,350,GET,GET /api/ -> https://httpbin.org/,1.100000,0.000000,4400,5500,7000,7800,8600,10000,10000,10000,10000,10000,10000,117,1,4700.0,6599.28798547132,705.199599993648,21793.63000000012,310.55555555555554
1778884558,350,GET,GET /api/ -> https://locust.io/,3.000000,0.000000,6200,7400,8400,8500,19000,30000,30000,30000,30000,30000,30000,85,0,6000.0,8161.942377645413,717.8297999780625,30014.780900004553,4593.929411764706
1778884558,350,GET,GET /api/ -> https://redis.io/,2.400000,0.000000,13000,15000,18000,21000,22000,30000,30000,30000,30000,30000,30000,96,0,11000.0,11657.515768750878,3205.9604999958538,30019.80869998806,7070.5625
1778884558,350,GET,GET /api/ -> https://training.play-with-docker.com/,2.600000,0.000000,3500,4100,5600,5800,8500,10000,12000,12000,12000,12000,12000,59,0,3800.0,5433.609386440859,628.0587000073865,18364.86479997984,1424.0
1778884558,350,GET,GET /api/ -> https://www.python.org/,0.600000,0.000000,3900,4900,7100,10000,15000,15000,15000,15000,15000,15000,15000,110,0,5600.0,7549.873919092352,556.0411000042222,27508.503599994583,12980.0
1778884558,350,,Aggregated,24.100000,0.000000,7600,22000,30000,30000,30000,30000,30000,30000,30000,30000,30000,1239,1,7200.0,11343.183976917055,220.18269999534823,30985.410100023728,5317.0782889426955
1778884559,350,GET,GET /api/ -> http://example.com/,7.300000,0.000000,30000,30000,30000,30000,30000,30000,30000,30000,30000,30000,30000,335,0,30000.0,18449.26003223864,220.18269999534823,30985.410100023728,28.134328358208954
1778884559,350,GET,GET /api/ -> https://books.toscrape.com/,4.500000,0.000000,30000,30000,30000,30000,30000,30000,30000,30000,30000,30000,30000,178,0,6400.0,11980.543824157505,997.8395000216551,30065.11490000412,5819.865168539326
1778884559,350,GET,GET /api/ -> https://docs.docker.com/,0.400000,0.000000,1100,3700,3700,3800,3800,3800,3800,3800,3800,3800,3800,105,0,6300.0,7907.137239044754,805.3940999961924,21983.21780000697,1741.0
1778884559,350,GET,GET /api/ -> https://flask.palletsprojects.com/,0.600000,0.000000,7500,8300,8300,17000,17000,17000,17000,17000,17000,17000,17000,101,0,8000.0,9330.319483168274,1120.9144000022206,30276.93389999331,19472.27722772277
1778884559,350,GET,GET /api/ -> https://github.com/ibnesayeed/linkextractor,2.900000,0.000000,5000,6300,9500,13000,14000,18000,19000,19000,19000,19000,19000,70,0,7800.0,8322.244480003636,1402.4115999927744,27770.20349999657,11810.0
1778884559,350,GET,GET /api/ -> https://httpbin.org/,1.100000,0.000000,3400,5400,7000,7800,8600,10000,10000,10000,10000,10000,10000,119,1,4600.0,6523.304435295129,705.199599993648,21793.63000000012,310.5966386554622
1778884559,350,GET,GET /api/ -> https://locust.io/,2.800000,0.000000,6000,7300,7500,8500,30000,30000,30000,30000,30000,30000,30000,86,0,6000.0,8145.019716277264,717.8297999780625,30014.780900004553,4595.883720930233
1778884559,350,GET,GET /api/ -> https://redis.io/,2.200000,0.000000,13000,15000,21000,21000,22000,30000,30000,30000,30000,30000,30000,96,0,11000.0,11657.515768750878,3205.9604999958538,30019.80869998806,7070.5625
1778884559,350,GET,GET /api/ -> https://training.play-with-docker.com/,2.500000,0.000000,3500,3700,5600,5700,8500,8500,12000,12000,12000,12000,12000,61,0,3800.0,5406.127822950872,628.0587000073865,18364.86479997984,1424.0
1778884559,350,GET,GET /api/ -> https://www.python.org/,0.700000,0.000000,4800,4900,7100,10000,15000,15000,15000,15000,15000,15000,15000,111,0,5600.0,7525.017492794316,556.0411000042222,27508.503599994583,12980.0
1778884559,350,,Aggregated,25.000000,0.000000,8100,30000,30000,30000,30000,30000,30000,30000,30000,30000,30000,1262,1,7300.0,11433.537939065101,220.18269999534823,30985.410100023728,5277.488906497623
1778884560,350,GET,GET /api/ -> http://example.com/,7.800000,0.000000,30000,30000,30000,30000,30000,30000,30000,30000,30000,30000,30000,341,0,30000.0,18579.12454574761,220.18269999534823,30985.410100023728,27.82991202346041
1778884560,350,GET,GET /api/ -> https://books.toscrape.com/,5.100000,0.000000,30000,30000,30000,30000,30000,30000,30000,30000,30000,30000,30000,183,0,6500.0,12473.594120765187,997.8395000216551,30065.11490000412,5660.852459016393
1778884560,350,GET,GET /api/ -> https://docs.docker.com/,0.500000,0.000000,1100,3700,3700,3800,3800,3800,3800,3800,3800,3800,3800,105,0,6300.0,7907.137239044754,805.3940999961924,21983.21780000697,1741.0
1778884560,350,GET,GET /api/ -> https://flask.palletsprojects.com/,0.500000,0.000000,4300,7500,7500,17000,17000,17000,17000,17000,17000,17000,17000,102,0,7800.0,9264.609489215574,1120.9144000022206,30276.93389999331,19474.186274509804
1778884560,350,GET,GET /api/ -> https://github.com/ibnesayeed/linkextractor,2.800000,0.000000,5100,6300,9500,13000,14000,18000,19000,19000,19000,19000,19000,72,0,7700.0,8283.38693194827,1402.4115999927744,27770.20349999657,11810.0
1778884560,350,GET,GET /api/ -> https://httpbin.org/,1.100000,0.000000,3400,5500,7000,7800,8600,30000,30000,30000,30000,30000,30000,120,1,4600.0,6719.028849167565,705.199599993648,30010.23409998743,308.0083333333333
1778884560,350,GET,GET /api/ -> https://locust.io/,2.800000,0.000000,6700,7300,8500,9300,30000,30000,30000,30000,30000,30000,30000,87,0,6100.0,8200.880165515273,717.8297999780625,30014.780900004553,4597.793103448276
1778884560,350,GET,GET /api/ -> https://redis.io/,1.700000,0.000000,15000,15000,22000,22000,22000,30000,30000,30000,30000,30000,30000,96,0,11000.0,11657.515768750878,3205.9604999958538,30019.80869998806,7070.5625
1778884560,350,GET,GET /api/ -> https://training.play-with-docker.com/,2.800000,0.000000,3500,3700,5600,5800,8500,8500,9900,9900,9900,9900,9900,63,0,3800.0,5422.735965078963,628.0587000073865,18364.86479997984,1424.0
1778884560,350,GET,GET /api/ -> https://www.python.org/,0.800000,0.000000,4800,4900,7100,10000,15000,15000,15000,15000,15000,15000,15000,111,0,5600.0,7525.017492794316,556.0411000042222,27508.503599994583,12980.0
1778884560,350,,Aggregated,25.900000,0.000000,8600,30000,30000,30000,30000,30000,30000,30000,30000,30000,30000,1280,1,7300.0,11566.862100703202,220.18269999534823,30985.410100023728,5243.08828125
1778884561,350,GET,GET /api/ -> http://example.com/,8.000000,0.000000,30000,30000,30000,30000,30000,30000,30000,30000,30000,30000,30000,347,0,30000.0,18691.815133141026,220.18269999534823,30985.410100023728,27.53602305475504
1778884561,350,GET,GET /api/ -> https://books.toscrape.com/,6.000000,0.000000,30000,30000,30000,30000,30000,30000,30000,30000,30000,30000,30000,191,0,6600.0,12807.269275392786,997.8395000216551,30065.11490000412,5547.015706806283
1778884561,350,GET,GET /api/ -> https://docs.docker.com/,0.500000,0.000000,1200,1200,3700,3700,3800,3800,3800,3800,3800,3800,3800,106,0,6100.0,7843.608152827485,805.3940999961924,21983.21780000697,1741.0
1778884561,350,GET,GET /api/ -> https://flask.palletsprojects.com/,0.500000,0.000000,4300,7500,7500,17000,17000,17000,17000,17000,17000,17000,17000,102,0,7800.0,9264.609489215574,1120.9144000022206,30276.93389999331,19474.186274509804
1778884561,350,GET,GET /api/ -> https://github.com/ibnesayeed/linkextractor,2.300000,0.000000,6100,9500,11000,13000,14000,18000,19000,19000,19000,19000,19000,73,0,7800.0,8323.633612332505,1402.4115999927744,27770.20349999657,11810.0
1778884561,350,GET,GET /api/ -> https://httpbin.org/,1.300000,0.000000,3400,5500,7000,7800,8600,30000,30000,30000,30000,30000,30000,120,1,4600.0,6719.028849167565,705.199599993648,30010.23409998743,308.0083333333333
1778884561,350,GET,GET /api/ -> https://locust.io/,2.800000,0.000000,7200,7500,8800,8800,30000,30000,30000,30000,30000,30000,30000,90,0,6100.0,8186.590965553316,717.8297999780625,30014.780900004553,4603.266666666666
1778884561,350,GET,GET /api/ -> https://redis.io/,1.600000,0.000000,13000,15000,15000,22000,22000,22000,22000,22000,22000,22000,22000,96,0,11000.0,11657.515768750878,3205.9604999958538,30019.80869998806,7070.5625
1778884561,350,GET,GET /api/ -> https://training.play-with-docker.com/,3.000000,0.000000,2700,3700,5600,5700,8500,8500,9900,9900,9900,9900,9900,64,0,3700.0,5352.722157811968,628.0587000073865,18364.86479997984,1424.0
1778884561,350,GET,GET /api/ -> https://www.python.org/,1.000000,0.000000,4900,7100,10000,10000,15000,15000,15000,15000,15000,15000,15000,111,0,5600.0,7525.017492794316,556.0411000042222,27508.503599994583,12980.0
1778884561,350,,Aggregated,27.000000,0.000000,8800,30000,30000,30000,30000,30000,30000,30000,30000,30000,30000,1300,1,7400.0,11658.71960846159,220.18269999534823,30985.410100023728,5203.094615384615
1778884562,350,GET,GET /api/ -> http://example.com/,7.800000,0.000000,30000,30000,30000,30000,30000,30000,30000,30000,30000,30000,30000,357,0,30000.0,18649.629925490153,220.18269999534823,30985.410100023728,27.675070028011206
1778884562,350,GET,GET /api/ -> https://books.toscrape.com/,6.800000,0.000000,30000,30000,30000,30000,30000,30000,30000,30000,30000,30000,30000,197,0,7100.0,13202.467929441713,997.8395000216551,30065.11490000412,5417.908629441625
1778884562,350,GET,GET /api/ -> https://docs.docker.com/,0.500000,0.000000,1200,3700,3800,3800,5600,5600,5600,5600,5600,5600,5600,107,0,6100.0,7822.431159810387,805.3940999961924,21983.21780000697,1741.0
1778884562,350,GET,GET /api/ -> https://flask.palletsprojects.com/,0.400000,0.000000,7500,7500,17000,17000,17000,17000,17000,17000,17000,17000,17000,102,0,7800.0,9264.609489215574,1120.9144000022206,30276.93389999331,19474.186274509804
1778884562,350,GET,GET /api/ -> https://github.com/ibnesayeed/linkextractor,2.500000,0.000000,6300,10000,11000,13000,14000,18000,19000,19000,19000,19000,19000,76,0,8000.0,8460.897643424687,1402.4115999927744,27770.20349999657,11810.0
1778884562,350,GET,GET /api/ -> https://httpbin.org/,1.400000,0.000000,3400,5400,7000,7000,8600,30000,30000,30000,30000,30000,30000,123,1,4600.0,6618.509621139118,705.199599993648,30010.23409998743,308.130081300813
1778884562,350,GET,GET /api/ -> https://locust.io/,2.000000,0.000000,6900,7300,8500,8500,8800,13000,13000,13000,13000,13000,13000,91,0,6200.0,8172.204161536174,717.8297999780625,30014.780900004553,4605.010989010989
1778884562,350,GET,GET /api/ -> https://redis.io/,1.600000,0.000000,14000,15000,22000,22000,22000,22000,22000,22000,22000,22000,22000,98,0,11000.0,11645.041173470103,3205.9604999958538,30019.80869998806,7073.632653061224
1778884562,350,GET,GET /api/ -> https://training.play-with-docker.com/,2.900000,0.000000,2600,3600,5600,5700,8500,8500,9900,9900,9900,9900,9900,65,0,3700.0,5310.27489076861,628.0587000073865,18364.86479997984,1424.0
1778884562,350,GET,GET /api/ -> https://www.python.org/,0.900000,0.000000,4800,4900,7100,10000,15000,15000,15000,15000,15000,15000,15000,112,0,5600.0,7481.447041072897,556.0411000042222,27508.503599994583,12980.0
1778884562,350,,Aggregated,26.800000,0.000000,8500,30000,30000,30000,30000,30000,30000,30000,30000,30000,30000,1328,1,7400.0,11721.290528614525,220.18269999534823,30985.410100023728,5153.549698795181
1778884563,350,GET,GET /api/ -> http://example.com/,7.700000,0.000000,30000,30000,30000,30000,30000,30000,30000,30000,30000,30000,30000,365,0,30000.0,18694.548877808236,220.18269999534823,30985.410100023728,27.602739726027398
1778884563,350,GET,GET /api/ -> https://books.toscrape.com/,7.300000,0.000000,30000,30000,30000,30000,30000,30000,30000,30000,30000,30000,30000,204,0,7200.0,13535.895250490285,997.8395000216551,30342.521300015505,5308.941176470588
1778884563,350,GET,GET /api/ -> https://docs.docker.com/,0.400000,0.000000,3800,4400,4500,4500,5600,5600,5600,5600,5600,5600,5600,109,0,6100.0,7759.848492657669,805.3940999961924,21983.21780000697,1741.0
1778884563,350,GET,GET /api/ -> https://flask.palletsprojects.com/,0.500000,0.000000,7500,7500,17000,17000,17000,17000,17000,17000,17000,17000,17000,103,0,7800.0,9233.59169611635,1120.9144000022206,30276.93389999331,19476.058252427185
1778884563,350,GET,GET /api/ -> https://github.com/ibnesayeed/linkextractor,2.400000,0.000000,6300,9600,11000,11000,14000,18000,19000,19000,19000,19000,19000,78,0,8000.0,8391.969806413563,1402.4115999927744,27770.20349999657,11810.0
1778884563,350,GET,GET /api/ -> https://httpbin.org/,1.400000,0.000000,4400,5700,7200,7400,8600,30000,30000,30000,30000,30000,30000,127,1,4600.0,6604.458510236793,705.199599993648,30010.23409998743,308.2834645669291
1778884563,350,GET,GET /api/ -> https://locust.io/,1.900000,0.000000,7100,7300,8500,8800,8800,13000,13000,13000,13000,13000,13000,93,0,6200.0,8082.280554836529,717.8297999780625,30014.780900004553,4608.387096774193
1778884563,350,GET,GET /api/ -> https://redis.io/,1.200000,0.000000,14000,15000,22000,22000,22000,22000,22000,22000,22000,22000,22000,98,0,11000.0,11645.041173470103,3205.9604999958538,30019.80869998806,7073.632653061224
1778884563,350,GET,GET /api/ -> https://training.play-with-docker.com/,2.600000,0.000000,2600,3700,5700,5800,8500,8500,9900,9900,9900,9900,9900,67,0,3700.0,5304.656952237728,628.0587000073865,18364.86479997984,1424.0
1778884563,350,GET,GET /api/ -> https://www.python.org/,0.800000,0.000000,4900,7100,10000,10000,15000,15000,15000,15000,15000,15000,15000,112,0,5600.0,7481.447041072897,556.0411000042222,27508.503599994583,12980.0
1778884563,350,,Aggregated,26.200000,0.000000,8500,30000,30000,30000,30000,30000,30000,30000,30000,30000,30000,1356,1,7400.0,11770.838118436579,220.18269999534823,30985.410100023728,5103.390855457227
1778884564,350,GET,GET /api/ -> http://example.com/,7.800000,0.000000,30000,30000,30000,30000,30000,30000,30000,30000,30000,30000,30000,375,0,30000.0,18643.53659760004,220.18269999534823,30985.410100023728,27.733333333333334
1778884564,350,GET,GET /api/ -> https://books.toscrape.com/,7.400000,0.000000,30000,30000,30000,30000,30000,30000,30000,30000,30000,30000,30000,211,0,7500.0,13878.61535734617,997.8395000216551,30342.521300015505,5207.203791469195
1778884564,350,GET,GET /api/ -> https://docs.docker.com/,0.400000,0.000000,4400,4500,5600,5600,7500,7500,7500,7500,7500,7500,7500,110,0,6100.0,7757.261216360811,805.3940999961924,21983.21780000697,1741.0
1778884564,350,GET,GET /api/ -> https://flask.palletsprojects.com/,0.500000,0.000000,6100,14000,14000,17000,17000,17000,17000,17000,17000,17000,17000,105,0,7800.0,9206.788367618961,1120.9144000022206,30276.93389999331,19479.69523809524
1778884564,350,GET,GET /api/ -> https://github.com/ibnesayeed/linkextractor,2.500000,0.000000,9500,10000,11000,13000,14000,18000,19000,19000,19000,19000,19000,80,0,7800.0,8310.626868753388,1402.4115999927744,27770.20349999657,11810.0
1778884564,350,GET,GET /api/ -> https://httpbin.org/,1.600000,0.000000,4700,5700,7200,7400,8600,30000,30000,30000,30000,30000,30000,130,1,4600.0,6533.5940930775205,705.199599993648,30010.23409998743,308.39230769230767
1778884564,350,GET,GET /api/ -> https://locust.io/,1.900000,0.000000,6900,7300,8500,8800,8800,13000,13000,13000,13000,13000,13000,93,0,6200.0,8082.280554836529,717.8297999780625,30014.780900004553,4608.387096774193
1778884564,350,GET,GET /api/ -> https://redis.io/,1.100000,0.000000,14000,14000,22000,22000,22000,22000,22000,22000,22000,22000,22000,98,0,11000.0,11645.041173470103,3205.9604999958538,30019.80869998806,7073.632653061224
1778884564,350,GET,GET /api/ -> https://training.play-with-docker.com/,2.200000,0.000000,2500,3500,3700,5800,8500,8500,9900,9900,9900,9900,9900,69,0,3600.0,5223.646540579005,628.0587000073865,18364.86479997984,1424.0
1778884564,350,GET,GET /api/ -> https://www.python.org/,0.900000,0.000000,4800,4900,7100,7100,10000,10000,10000,10000,10000,10000,10000,113,0,5600.0,7435.866806196127,556.0411000042222,27508.503599994583,12980.0
1778884564,350,,Aggregated,26.300000,0.000000,8500,30000,30000,30000,30000,30000,30000,30000,30000,30000,30000,1384,1,7400.0,11811.772865245724,220.18269999534823,30985.410100023728,5070.578757225434
1778884565,350,GET,GET /api/ -> http://example.com/,7.900000,0.000000,30000,30000,30000,30000,30000,30000,30000,30000,30000,30000,30000,375,0,30000.0,18643.53659760004,220.18269999534823,30985.410100023728,27.733333333333334
1778884565,350,GET,GET /api/ -> https://books.toscrape.com/,7.400000,0.000000,30000,30000,30000,30000,30000,30000,30000,30000,30000,30000,30000,213,0,7400.0,13770.498945070602,997.8395000216551,30342.521300015505,5232.0
1778884565,350,GET,GET /api/ -> https://docs.docker.com/,0.600000,0.000000,3800,4400,4500,5600,7500,7500,7500,7500,7500,7500,7500,111,0,6100.0,7698.46768558276,805.3940999961924,21983.21780000697,1741.0
1778884565,350,GET,GET /api/ -> https://flask.palletsprojects.com/,0.500000,0.000000,5000,6100,14000,14000,17000,17000,17000,17000,17000,17000,17000,107,0,7500.0,9112.419481308169,1120.9144000022206,30276.93389999331,19483.196261682242
1778884565,350,GET,GET /api/ -> https://github.com/ibnesayeed/linkextractor,2.400000,0.000000,9500,11000,13000,14000,18000,19000,19000,19000,19000,19000,19000,81,0,7800.0,8253.68052963268,1402.4115999927744,27770.20349999657,11810.0
1778884565,350,GET,GET /api/ -> https://httpbin.org/,1.700000,0.000000,4700,5700,7200,7400,8600,30000,30000,30000,30000,30000,30000,130,1,4600.0,6533.5940930775205,705.199599993648,30010.23409998743,308.39230769230767
1778884565,350,GET,GET /api/ -> https://locust.io/,1.600000,0.000000,7100,7300,8800,8800,8800,13000,13000,13000,13000,13000,13000,93,0,6200.0,8082.280554836529,717.8297999780625,30014.780900004553,4608.387096774193
1778884565,350,GET,GET /api/ -> https://redis.io/,0.800000,0.000000,14000,14000,22000,22000,22000,22000,22000,22000,22000,22000,22000,98,0,11000.0,11645.041173470103,3205.9604999958538,30019.80869998806,7073.632653061224
1778884565,350,GET,GET /api/ -> https://training.play-with-docker.com/,2.200000,0.000000,2500,3600,5800,7700,8500,9900,9900,9900,9900,9900,9900,69,0,3600.0,5223.646540579005,628.0587000073865,18364.86479997984,1424.0
1778884565,350,GET,GET /api/ -> https://www.python.org/,0.900000,0.000000,3900,4800,4900,4900,7100,7100,7100,7100,7100,7100,7100,114,0,5600.0,7394.229251755812,556.0411000042222,27508.503599994583,12980.0
1778884565,350,,Aggregated,26.000000,0.000000,7700,30000,30000,30000,30000,30000,30000,30000,30000,30000,30000,1391,1,7400.0,11767.186574119363,220.18269999534823,30985.410100023728,5103.696621135873
1778884566,350,GET,GET /api/ -> http://example.com/,7.600000,0.000000,30000,30000,30000,30000,30000,30000,30000,30000,30000,30000,30000,380,0,30000.0,18794.82369894738,220.18269999534823,30985.410100023728,27.36842105263158
1778884566,350,GET,GET /api/ -> https://books.toscrape.com/,7.400000,0.000000,30000,30000,30000,30000,30000,30000,30000,30000,30000,30000,30000,225,0,7700.0,14401.756477333705,997.8395000216551,30342.521300015505,5022.72
1778884566,350,GET,GET /api/ -> https://docs.docker.com/,0.700000,0.000000,4400,4500,4600,5600,7500,7500,7500,7500,7500,7500,7500,112,0,5800.0,7671.145918747113,805.3940999961924,21983.21780000697,1741.0
1778884566,350,GET,GET /api/ -> https://flask.palletsprojects.com/,0.400000,0.000000,5000,6100,14000,14000,17000,17000,17000,17000,17000,17000,17000,107,0,7500.0,9112.419481308169,1120.9144000022206,30276.93389999331,19483.196261682242
1778884566,350,GET,GET /api/ -> https://github.com/ibnesayeed/linkextractor,2.600000,0.000000,8600,10000,11000,13000,14000,15000,15000,15000,15000,15000,15000,84,0,7800.0,8334.348013098255,1402.4115999927744,27770.20349999657,11810.0
1778884566,350,GET,GET /api/ -> https://httpbin.org/,1.900000,0.000000,4700,5700,7200,7400,8600,11000,30000,30000,30000,30000,30000,135,1,4700.0,6506.748306666958,705.199599993648,30010.23409998743,308.56296296296296
1778884566,350,GET,GET /api/ -> https://locust.io/,1.400000,0.000000,7100,7300,8800,8800,8800,13000,13000,13000,13000,13000,13000,94,0,6100.0,8046.133295742503,717.8297999780625,30014.780900004553,4610.021276595745
1778884566,350,GET,GET /api/ -> https://redis.io/,0.600000,0.000000,14000,17000,17000,22000,22000,22000,22000,22000,22000,22000,22000,99,0,11000.0,11697.526058586634,3205.9604999958538,30019.80869998806,7075.121212121212
1778884566,350,GET,GET /api/ -> https://training.play-with-docker.com/,2.200000,0.000000,3500,5800,8200,8500,9200,9900,9900,9900,9900,9900,9900,71,0,3700.0,5321.063283097957,628.0587000073865,18364.86479997984,1424.0
1778884566,350,GET,GET /api/ -> https://www.python.org/,0.800000,0.000000,3900,4800,4900,4900,11000,11000,11000,11000,11000,11000,11000,115,0,5600.0,7423.859413044841,556.0411000042222,27508.503599994583,12980.0
1778884566,350,,Aggregated,25.600000,0.000000,8500,30000,30000,30000,30000,30000,30000,30000,30000,30000,30000,1422,1,7400.0,11913.539121026746,220.18269999534823,30985.410100023728,5050.270745428973
1778884567,350,GET,GET /api/ -> http://example.com/,7.500000,0.000000,30000,30000,30000,30000,30000,30000,30000,30000,30000,30000,30000,385,0,30000.0,18940.735545194795,220.18269999534823,30985.410100023728,27.01298701298701
1778884567,350,GET,GET /api/ -> https://books.toscrape.com/,7.400000,0.000000,30000,30000,30000,30000,30000,30000,30000,30000,30000,30000,30000,231,0,8300.0,14700.105590043531,997.8395000216551,30342.521300015505,4926.233766233766
1778884567,350,GET,GET /api/ -> https://docs.docker.com/,0.800000,0.000000,4400,4500,4600,5600,7500,7500,7500,7500,7500,7500,7500,113,0,5800.0,7615.430769023529,805.3940999961924,21983.21780000697,1741.0
1778884567,350,GET,GET /api/ -> https://flask.palletsprojects.com/,0.500000,0.000000,5000,6100,9900,9900,14000,14000,14000,14000,14000,14000,14000,108,0,7500.0,9119.343108332907,1120.9144000022206,30276.93389999331,19484.89814814815
1778884567,350,GET,GET /api/ -> https://github.com/ibnesayeed/linkextractor,2.100000,0.000000,9500,10000,11000,13000,14000,15000,15000,15000,15000,15000,15000,86,0,7800.0,8350.55817907262,1402.4115999927744,27770.20349999657,11810.0
1778884567,350,GET,GET /api/ -> https://httpbin.org/,2.000000,0.000000,4700,6500,7200,7400,9400,11000,30000,30000,30000,30000,30000,137,1,4700.0,6527.894323357988,705.199599993648,30010.23409998743,308.62773722627736
1778884567,350,GET,GET /api/ -> https://locust.io/,1.300000,0.000000,6900,8500,8800,8800,8800,13000,13000,13000,13000,13000,13000,94,0,6100.0,8046.133295742503,717.8297999780625,30014.780900004553,4610.021276595745
1778884567,350,GET,GET /api/ -> https://redis.io/,0.600000,0.000000,17000,17000,22000,22000,22000,22000,22000,22000,22000,22000,22000,99,0,11000.0,11697.526058586634,3205.9604999958538,30019.80869998806,7075.121212121212
1778884567,350,GET,GET /api/ -> https://training.play-with-docker.com/,2.100000,0.000000,3500,7700,8200,8500,9200,9900,9900,9900,9900,9900,9900,72,0,3700.0,5368.8579805550235,628.0587000073865,18364.86479997984,1424.0
1778884567,350,GET,GET /api/ -> https://www.python.org/,0.800000,0.000000,2600,2700,4900,4900,9300,11000,11000,11000,11000,11000,11000,120,0,5600.0,7227.043658334878,556.0411000042222,27508.503599994583,12980.0
1778884567,350,,Aggregated,25.100000,0.000000,8800,30000,30000,30000,30000,30000,30000,30000,30000,30000,30000,1445,1,7500.0,11982.010005328713,220.18269999534823,30985.410100023728,5052.810380622837
1778884569,350,GET,GET /api/ -> http://example.com/,6.700000,0.000000,30000,30000,30000,30000,30000,30000,30000,30000,30000,30000,30000,392,0,30000.0,19003.362130612255,220.18269999534823,30985.410100023728,26.862244897959183
1778884569,350,GET,GET /api/ -> https://books.toscrape.com/,6.800000,0.000000,30000,30000,30000,30000,30000,30000,30000,30000,30000,30000,30000,240,0,8800.0,14935.798595000106,997.8395000216551,30342.521300015505,4872.3
1778884569,350,GET,GET /api/ -> https://docs.docker.com/,0.900000,0.000000,4400,4500,4600,5600,7500,7500,7500,7500,7500,7500,7500,115,0,5700.0,7514.935116518957,738.3707000117283,21983.21780000697,1741.0
1778884569,350,GET,GET /api/ -> https://flask.palletsprojects.com/,0.600000,0.000000,5000,6100,9900,9900,14000,14000,14000,14000,14000,14000,14000,109,0,7500.0,9064.115506421706,1120.9144000022206,30276.93389999331,19486.56880733945
1778884569,350,GET,GET /api/ -> https://github.com/ibnesayeed/linkextractor,2.000000,0.000000,9200,10000,11000,11000,14000,15000,15000,15000,15000,15000,15000,87,0,8000.0,8360.529659772907,1402.4115999927744,27770.20349999657,11810.0
1778884569,350,GET,GET /api/ -> https://httpbin.org/,1.700000,0.000000,4700,5700,7200,7400,9400,11000,30000,30000,30000,30000,30000,139,1,4700.0,6473.9903769790435,705.199599993648,30010.23409998743,308.6906474820144
1778884569,350,GET,GET /api/ -> https://locust.io/,1.200000,0.000000,7100,8800,8800,8800,13000,13000,13000,13000,13000,13000,13000,94,0,6100.0,8046.133295742503,717.8297999780625,30014.780900004553,4610.021276595745
1778884569,350,GET,GET /api/ -> https://redis.io/,0.400000,0.000000,7800,14000,16000,16000,17000,17000,17000,17000,17000,17000,17000,103,0,11000.0,11564.309836894237,3205.9604999958538,30019.80869998806,7080.78640776699
1778884569,350,GET,GET /api/ -> https://training.play-with-docker.com/,1.900000,0.000000,2600,4700,7700,8200,8800,9200,9200,9200,9200,9200,9200,76,0,3600.0,5207.813873684101,628.0587000073865,18364.86479997984,1424.0
1778884569,350,GET,GET /api/ -> https://www.python.org/,0.800000,0.000000,2700,4800,4900,9300,9600,11000,11000,11000,11000,11000,11000,124,0,5500.0,7171.175942743562,556.0411000042222,27508.503599994583,12980.0
1778884569,350,,Aggregated,23.000000,0.000000,9200,30000,30000,30000,30000,30000,30000,30000,30000,30000,30000,1479,1,7500.0,11998.54401872895,220.18269999534823,30985.410100023728,5040.512508451657
1778884571,350,GET,GET /api/ -> http://example.com/,5.700000,0.000000,30000,30000,30000,30000,30000,30000,30000,30000,30000,30000,30000,403,0,30000.0,18965.955708436526,220.18269999534823,30985.410100023728,27.096774193548388
1778884571,350,GET,GET /api/ -> https://books.toscrape.com/,7.100000,0.000000,30000,30000,30000,30000,30000,32000,32000,32000,32000,32000,32000,250,0,9600.0,15154.278086800236,997.8395000216551,32006.326800008537,4834.368
1778884571,350,GET,GET /api/ -> https://docs.docker.com/,1.000000,0.000000,4400,4500,5600,5600,7500,21000,21000,21000,21000,21000,21000,118,0,5700.0,7560.9776211835415,738.3707000117283,21983.21780000697,1741.0
1778884571,350,GET,GET /api/ -> https://flask.palletsprojects.com/,0.800000,0.000000,6100,6900,8700,9900,14000,14000,14000,14000,14000,14000,14000,111,0,7500.0,9040.812629729673,1120.9144000022206,30276.93389999331,19489.81981981982
1778884571,350,GET,GET /api/ -> https://github.com/ibnesayeed/linkextractor,1.800000,0.000000,9200,10000,10000,14000,15000,32000,32000,32000,32000,32000,32000,89,0,8000.0,8642.080697755518,1402.4115999927744,31704.498899984173,11677.303370786516
1778884571,350,GET,GET /api/ -> https://httpbin.org/,2.200000,0.000000,5000,6500,7400,8000,11000,12000,13000,13000,13000,13000,13000,146,1,4700.0,6487.458920548431,705.199599993648,30010.23409998743,308.8972602739726
1778884571,350,GET,GET /api/ -> https://locust.io/,0.900000,0.000000,5700,6900,8800,8800,13000,23000,23000,23000,23000,23000,23000,100,0,6000.0,8075.62226999813,717.8297999780625,30014.780900004553,4619.14
1778884571,350,GET,GET /api/ -> https://redis.io/,0.700000,0.000000,6600,7800,16000,16000,16000,17000,17000,17000,17000,17000,17000,108,0,11000.0,11364.088644445237,3205.9604999958538,30019.80869998806,7087.277777777777
1778884571,350,GET,GET /api/ -> https://training.play-with-docker.com/,1.600000,0.000000,5200,8200,8800,9200,13000,13000,17000,17000,17000,17000,17000,86,0,4400.0,5593.014950000378,628.0587000073865,18364.86479997984,1424.0
1778884571,350,GET,GET /api/ -> https://www.python.org/,1.400000,0.000000,4800,7000,9500,9600,12000,13000,14000,14000,14000,14000,14000,132,0,5600.0,7260.857713637851,556.0411000042222,27508.503599994583,12980.0
1778884571,350,,Aggregated,23.200000,0.000000,8300,15000,30000,30000,30000,30000,32000,32000,32000,32000,32000,1543,1,7500.0,12001.429502527593,220.18269999534823,32006.326800008537,5013.52106286455
1778884572,350,GET,GET /api/ -> http://example.com/,5.900000,0.000000,30000,30000,30000,30000,30000,31000,31000,31000,31000,31000,31000,418,0,30000.0,19381.305613636123,220.18269999534823,31219.803599989973,26.124401913875598
1778884572,350,GET,GET /api/ -> https://books.toscrape.com/,6.300000,0.000000,30000,30000,30000,30000,31000,32000,32000,32000,32000,32000,32000,263,0,11000.0,15912.511130798412,997.8395000216551,32006.326800008537,4595.406844106464
1778884572,350,GET,GET /api/ -> https://docs.docker.com/,1.000000,0.000000,3500,4400,4600,4600,7500,21000,21000,21000,21000,21000,21000,119,0,5700.0,7529.9435705853875,738.3707000117283,21983.21780000697,1741.0
1778884572,350,GET,GET /api/ -> https://flask.palletsprojects.com/,0.800000,0.000000,6100,6900,8700,9900,14000,14000,14000,14000,14000,14000,14000,111,0,7500.0,9040.812629729673,1120.9144000022206,30276.93389999331,19489.81981981982
1778884572,350,GET,GET /api/ -> https://github.com/ibnesayeed/linkextractor,1.500000,0.000000,8600,9600,10000,10000,15000,32000,32000,32000,32000,32000,32000,89,0,8000.0,8642.080697755518,1402.4115999927744,31704.498899984173,11677.303370786516
1778884572,350,GET,GET /api/ -> https://httpbin.org/,1.900000,0.000000,5000,6500,7200,8000,11000,12000,13000,13000,13000,13000,13000,146,1,4700.0,6487.458920548431,705.199599993648,30010.23409998743,308.8972602739726
1778884572,350,GET,GET /api/ -> https://locust.io/,0.800000,0.000000,4700,5400,7100,13000,23000,23000,23000,23000,23000,23000,23000,100,0,6000.0,8075.62226999813,717.8297999780625,30014.780900004553,4619.14
1778884572,350,GET,GET /api/ -> https://redis.io/,0.800000,0.000000,6600,7800,16000,16000,16000,17000,17000,17000,17000,17000,17000,108,0,11000.0,11364.088644445237,3205.9604999958538,30019.80869998806,7087.277777777777
1778884572,350,GET,GET /api/ -> https://training.play-with-docker.com/,1.400000,0.000000,5200,8200,8800,9200,13000,13000,17000,17000,17000,17000,17000,86,0,4400.0,5593.014950000378,628.0587000073865,18364.86479997984,1424.0
1778884572,350,GET,GET /api/ -> https://www.python.org/,1.400000,0.000000,4900,9300,9600,11000,13000,14000,14000,14000,14000,14000,14000,132,0,5600.0,7260.857713637851,556.0411000042222,27508.503599994583,12980.0
1778884572,350,,Aggregated,21.800000,0.000000,9800,30000,30000,30000,30000,31000,32000,32000,32000,32000,32000,1572,1,7800.0,12326.081520165386,220.18269999534823,32006.326800008537,4922.139949109414
1778884573,350,GET,GET /api/ -> http://example.com/,5.900000,0.000000,30000,30000,30000,30000,31000,31000,31000,31000,31000,31000,31000,418,0,30000.0,19381.305613636123,220.18269999534823,31219.803599989973,26.124401913875598
1778884573,350,GET,GET /api/ -> https://books.toscrape.com/,6.300000,0.000000,30000,30000,30000,30000,31000,32000,32000,32000,32000,32000,32000,265,0,11000.0,16019.133130943428,997.8395000216551,32006.326800008537,4560.7245283018865
1778884573,350,GET,GET /api/ -> https://docs.docker.com/,1.000000,0.000000,3500,3900,4600,7500,21000,21000,21000,21000,21000,21000,21000,119,0,5700.0,7529.9435705853875,738.3707000117283,21983.21780000697,1741.0
1778884573,350,GET,GET /api/ -> https://flask.palletsprojects.com/,0.800000,0.000000,6900,8700,9900,9900,14000,14000,14000,14000,14000,14000,14000,111,0,7500.0,9040.812629729673,1120.9144000022206,30276.93389999331,19489.81981981982
1778884573,350,GET,GET /api/ -> https://github.com/ibnesayeed/linkextractor,1.500000,0.000000,8600,10000,10000,10000,15000,32000,32000,32000,32000,32000,32000,89,0,8000.0,8642.080697755518,1402.4115999927744,31704.498899984173,11677.303370786516
1778884573,350,GET,GET /api/ -> https://httpbin.org/,1.900000,0.000000,5000,6500,8000,9400,12000,13000,13000,13000,13000,13000,13000,146,1,4700.0,6487.458920548431,705.199599993648,30010.23409998743,308.8972602739726
1778884573,350,GET,GET /api/ -> https://locust.io/,0.800000,0.000000,4700,5400,7100,13000,23000,23000,23000,23000,23000,23000,23000,100,0,6000.0,8075.62226999813,717.8297999780625,30014.780900004553,4619.14
1778884573,350,GET,GET /api/ -> https://redis.io/,0.800000,0.000000,6600,7800,16000,16000,16000,17000,17000,17000,17000,17000,17000,108,0,11000.0,11364.088644445237,3205.9604999958538,30019.80869998806,7087.277777777777
1778884573,350,GET,GET /api/ -> https://training.play-with-docker.com/,1.400000,0.000000,5200,8300,9200,9600,13000,17000,17000,17000,17000,17000,17000,86,0,4400.0,5593.014950000378,628.0587000073865,18364.86479997984,1424.0
1778884573,350,GET,GET /api/ -> https://www.python.org/,1.400000,0.000000,4900,9300,9600,11000,13000,14000,14000,14000,14000,14000,14000,132,0,5600.0,7260.857713637851,556.0411000042222,27508.503599994583,12980.0
1778884573,350,,Aggregated,21.800000,0.000000,10000,30000,30000,30000,30000,31000,32000,32000,32000,32000,32000,1574,1,7800.0,12348.589581956805,220.18269999534823,32006.326800008537,4915.885641677255
1778884574,350,GET,GET /api/ -> http://example.com/,6.000000,0.000000,30000,30000,30000,30000,31000,31000,31000,31000,31000,31000,31000,418,0,30000.0,19381.305613636123,220.18269999534823,31219.803599989973,26.124401913875598
1778884574,350,GET,GET /api/ -> https://books.toscrape.com/,6.800000,0.000000,30000,30000,30000,30000,31000,32000,32000,32000,32000,32000,32000,275,0,12000.0,16528.64818399993,997.8395000216551,32006.326800008537,4394.88
1778884574,350,GET,GET /api/ -> https://docs.docker.com/,1.300000,0.000000,3400,3500,3900,4600,21000,21000,21000,21000,21000,21000,21000,119,0,5700.0,7529.9435705853875,738.3707000117283,21983.21780000697,1741.0
1778884574,350,GET,GET /api/ -> https://flask.palletsprojects.com/,0.900000,0.000000,6900,6900,8700,8700,9900,9900,9900,9900,9900,9900,9900,111,0,7500.0,9040.812629729673,1120.9144000022206,30276.93389999331,19489.81981981982
1778884574,350,GET,GET /api/ -> https://github.com/ibnesayeed/linkextractor,1.400000,0.000000,9200,10000,10000,15000,32000,32000,32000,32000,32000,32000,32000,89,0,8000.0,8642.080697755518,1402.4115999927744,31704.498899984173,11677.303370786516
1778884574,350,GET,GET /api/ -> https://httpbin.org/,2.400000,0.000000,5000,6500,8000,9400,12000,13000,13000,13000,13000,13000,13000,146,1,4700.0,6487.458920548431,705.199599993648,30010.23409998743,308.8972602739726
1778884574,350,GET,GET /api/ -> https://locust.io/,0.900000,0.000000,4700,5400,13000,13000,23000,23000,23000,23000,23000,23000,23000,100,0,6000.0,8075.62226999813,717.8297999780625,30014.780900004553,4619.14
1778884574,350,GET,GET /api/ -> https://redis.io/,1.100000,0.000000,6600,7600,16000,16000,17000,17000,17000,17000,17000,17000,17000,108,0,11000.0,11364.088644445237,3205.9604999958538,30019.80869998806,7087.277777777777
1778884574,350,GET,GET /api/ -> https://training.play-with-docker.com/,2.200000,0.000000,5200,8300,9200,9600,13000,17000,17000,17000,17000,17000,17000,86,0,4400.0,5593.014950000378,628.0587000073865,18364.86479997984,1424.0
1778884574,350,GET,GET /api/ -> https://www.python.org/,2.000000,0.000000,4900,9300,9600,11000,13000,14000,14000,14000,14000,14000,14000,132,0,5600.0,7260.857713637851,556.0411000042222,27508.503599994583,12980.0
1778884574,350,,Aggregated,25.000000,0.000000,13000,30000,30000,30000,30000,31000,32000,32000,32000,32000,32000,1584,1,8000.0,12460.219679861104,220.18269999534823,32006.326800008537,4884.85101010101
1778884575,350,GET,GET /api/ -> http://example.com/,5.400000,0.000000,30000,30000,30000,30000,31000,31000,31000,31000,31000,31000,31000,418,0,30000.0,19381.305613636123,220.18269999534823,31219.803599989973,26.124401913875598
1778884575,350,GET,GET /api/ -> https://books.toscrape.com/,6.700000,0.000000,30000,30000,30000,30000,31000,32000,32000,32000,32000,32000,32000,280,0,12000.0,16769.466107500077,997.8395000216551,32006.326800008537,4316.4
1778884575,350,GET,GET /api/ -> https://docs.docker.com/,1.100000,0.000000,3500,3900,4600,4600,21000,21000,21000,21000,21000,21000,21000,119,0,5700.0,7529.9435705853875,738.3707000117283,21983.21780000697,1741.0
1778884575,350,GET,GET /api/ -> https://flask.palletsprojects.com/,0.800000,0.000000,8700,8700,9900,9900,9900,9900,9900,9900,9900,9900,9900,111,0,7500.0,9040.812629729673,1120.9144000022206,30276.93389999331,19489.81981981982
1778884575,350,GET,GET /api/ -> https://github.com/ibnesayeed/linkextractor,1.300000,0.000000,10000,10000,15000,15000,32000,32000,32000,32000,32000,32000,32000,89,0,8000.0,8642.080697755518,1402.4115999927744,31704.498899984173,11677.303370786516
1778884575,350,GET,GET /api/ -> https://httpbin.org/,2.200000,0.000000,5400,6900,9400,9400,12000,13000,13000,13000,13000,13000,13000,146,1,4700.0,6487.458920548431,705.199599993648,30010.23409998743,308.8972602739726
1778884575,350,GET,GET /api/ -> https://locust.io/,0.900000,0.000000,4700,5400,13000,13000,23000,23000,23000,23000,23000,23000,23000,100,0,6000.0,8075.62226999813,717.8297999780625,30014.780900004553,4619.14
1778884575,350,GET,GET /api/ -> https://redis.io/,1.000000,0.000000,6600,7600,16000,16000,17000,17000,17000,17000,17000,17000,17000,108,0,11000.0,11364.088644445237,3205.9604999958538,30019.80869998806,7087.277777777777
1778884575,350,GET,GET /api/ -> https://training.play-with-docker.com/,2.100000,0.000000,7000,8800,9200,9600,13000,17000,17000,17000,17000,17000,17000,86,0,4400.0,5593.014950000378,628.0587000073865,18364.86479997984,1424.0
1778884575,350,GET,GET /api/ -> https://www.python.org/,2.000000,0.000000,6700,9300,9600,11000,13000,14000,14000,14000,14000,14000,14000,132,0,5600.0,7260.857713637851,556.0411000042222,27508.503599994583,12980.0
1778884575,350,,Aggregated,23.500000,0.000000,14000,30000,30000,30000,30000,31000,32000,32000,32000,32000,32000,1589,1,8000.0,12515.456408055397,220.18269999534823,32006.326800008537,4869.480176211454
1778884576,350,GET,GET /api/ -> http://example.com/,4.800000,0.000000,30000,30000,30000,30000,31000,31000,31000,31000,31000,31000,31000,422,0,30000.0,19235.19167085284,220.18269999534823,31219.803599989973,26.492890995260662
1778884576,350,GET,GET /api/ -> https://books.toscrape.com/,6.600000,0.000000,30000,30000,30000,30000,31000,32000,32000,32000,32000,32000,32000,287,0,13000.0,16953.80372299653,997.8395000216551,32006.326800008537,4265.811846689896
1778884576,350,GET,GET /api/ -> https://docs.docker.com/,1.000000,0.000000,3400,3500,3900,3900,21000,21000,21000,21000,21000,21000,21000,119,0,5700.0,7529.9435705853875,738.3707000117283,21983.21780000697,1741.0
1778884576,350,GET,GET /api/ -> https://flask.palletsprojects.com/,0.800000,0.000000,8700,8700,9900,9900,9900,9900,9900,9900,9900,9900,9900,111,0,7500.0,9040.812629729673,1120.9144000022206,30276.93389999331,19489.81981981982
1778884576,350,GET,GET /api/ -> https://github.com/ibnesayeed/linkextractor,1.100000,0.000000,10000,10000,10000,32000,32000,32000,32000,32000,32000,32000,32000,89,0,8000.0,8642.080697755518,1402.4115999927744,31704.498899984173,11677.303370786516
1778884576,350,GET,GET /api/ -> https://httpbin.org/,1.800000,0.000000,5400,6500,9400,9400,12000,13000,13000,13000,13000,13000,13000,147,1,4700.0,6475.74369047652,705.199599993648,30010.23409998743,308.9251700680272
1778884576,350,GET,GET /api/ -> https://locust.io/,0.700000,0.000000,4700,5400,13000,13000,23000,23000,23000,23000,23000,23000,23000,100,0,6000.0,8075.62226999813,717.8297999780625,30014.780900004553,4619.14
1778884576,350,GET,GET /api/ -> https://redis.io/,1.000000,0.000000,6600,7600,16000,16000,17000,17000,17000,17000,17000,17000,17000,108,0,11000.0,11364.088644445237,3205.9604999958538,30019.80869998806,7087.277777777777
1778884576,350,GET,GET /api/ -> https://training.play-with-docker.com/,1.900000,0.000000,7000,8800,12000,12000,13000,17000,17000,17000,17000,17000,17000,87,0,4700.0,5667.471170115308,628.0587000073865,18364.86479997984,1424.0
1778884576,350,GET,GET /api/ -> https://www.python.org/,2.000000,0.000000,6700,9300,9600,9600,13000,14000,14000,14000,14000,14000,14000,132,0,5600.0,7260.857713637851,556.0411000042222,27508.503599994583,12980.0
1778884576,350,,Aggregated,21.700000,0.000000,13000,30000,30000,30000,30000,31000,32000,32000,32000,32000,32000,1602,1,8000.0,12540.607088389503,220.18269999534823,32006.326800008537,4841.009363295881
1778884577,350,GET,GET /api/ -> http://example.com/,4.300000,0.000000,30000,30000,30000,30000,31000,31000,31000,31000,31000,31000,31000,427,0,30000.0,19098.560365573492,220.18269999534823,31219.803599989973,26.943793911007027
1778884577,350,GET,GET /api/ -> https://books.toscrape.com/,6.400000,0.000000,30000,30000,30000,30000,31000,32000,32000,32000,32000,32000,32000,297,0,13000.0,17072.864395959423,997.8395000216551,32006.326800008537,4254.30303030303
1778884577,350,GET,GET /api/ -> https://docs.docker.com/,0.900000,0.000000,3900,5700,5700,5800,21000,21000,21000,21000,21000,21000,21000,122,0,5700.0,7485.479229505099,738.3707000117283,21983.21780000697,1741.0
1778884577,350,GET,GET /api/ -> https://flask.palletsprojects.com/,0.600000,0.000000,6900,6900,8700,8700,8700,8700,8700,8700,8700,8700,8700,111,0,7500.0,9040.812629729673,1120.9144000022206,30276.93389999331,19489.81981981982
1778884577,350,GET,GET /api/ -> https://github.com/ibnesayeed/linkextractor,0.900000,0.000000,10000,10000,32000,32000,32000,32000,32000,32000,32000,32000,32000,89,0,8000.0,8642.080697755518,1402.4115999927744,31704.498899984173,11677.303370786516
1778884577,350,GET,GET /api/ -> https://httpbin.org/,1.600000,0.000000,5700,8400,9000,12000,13000,13000,13000,13000,13000,13000,13000,152,1,4800.0,6557.6593105267275,705.199599993648,30010.23409998743,309.0592105263158
1778884577,350,GET,GET /api/ -> https://locust.io/,0.700000,0.000000,5400,5400,5500,13000,23000,23000,23000,23000,23000,23000,23000,102,0,5800.0,8024.744612743163,717.8297999780625,30014.780900004553,4621.941176470588
1778884577,350,GET,GET /api/ -> https://redis.io/,1.000000,0.000000,6000,6600,7600,16000,16000,16000,16000,16000,16000,16000,16000,108,0,11000.0,11364.088644445237,3205.9604999958538,30019.80869998806,7087.277777777777
1778884577,350,GET,GET /api/ -> https://training.play-with-docker.com/,1.700000,0.000000,5200,8300,12000,13000,13000,17000,17000,17000,17000,17000,17000,87,0,4700.0,5667.471170115308,628.0587000073865,18364.86479997984,1424.0
1778884577,350,GET,GET /api/ -> https://www.python.org/,1.900000,0.000000,9200,9500,12000,12000,13000,14000,14000,14000,14000,14000,14000,133,0,5600.0,7275.367139851109,556.0411000042222,27508.503599994583,12980.0
1778884577,350,,Aggregated,20.000000,0.000000,13000,30000,30000,30000,30000,31000,32000,32000,32000,32000,32000,1628,1,8000.0,12539.885388452009,220.18269999534823,32006.326800008537,4805.991400491401
1778884578,350,GET,GET /api/ -> http://example.com/,4.400000,0.000000,30000,30000,30000,30000,31000,31000,31000,31000,31000,31000,31000,429,0,30000.0,19051.058722377315,220.18269999534823,31219.803599989973,27.12121212121212
1778884578,350,GET,GET /api/ -> https://books.toscrape.com/,6.700000,0.000000,30000,30000,30000,30000,31000,32000,32000,32000,32000,32000,32000,305,0,13000.0,17174.04229016363,997.8395000216551,32006.326800008537,4219.9081967213115
1778884578,350,GET,GET /api/ -> https://docs.docker.com/,0.800000,0.000000,5700,7100,7200,7300,10000,21000,21000,21000,21000,21000,21000,126,0,5700.0,7500.959714282616,738.3707000117283,21983.21780000697,1741.0
1778884578,350,GET,GET /api/ -> https://flask.palletsprojects.com/,0.400000,0.000000,7200,8700,9700,9700,10000,10000,10000,10000,10000,10000,10000,116,0,7500.0,8955.32370689636,1120.9144000022206,30276.93389999331,19497.456896551725
1778884578,350,GET,GET /api/ -> https://github.com/ibnesayeed/linkextractor,0.800000,0.000000,10000,10000,32000,32000,32000,32000,32000,32000,32000,32000,32000,89,0,8000.0,8642.080697755518,1402.4115999927744,31704.498899984173,11677.303370786516
1778884578,350,GET,GET /api/ -> https://httpbin.org/,1.600000,0.000000,5700,8400,9000,12000,13000,13000,13000,13000,13000,13000,13000,152,1,4800.0,6557.6593105267275,705.199599993648,30010.23409998743,309.0592105263158
1778884578,350,GET,GET /api/ -> https://locust.io/,0.700000,0.000000,5400,5500,9600,13000,23000,23000,23000,23000,23000,23000,23000,103,0,6000.0,8039.5893592212815,717.8297999780625,30014.780900004553,4623.300970873786
1778884578,350,GET,GET /api/ -> https://redis.io/,1.000000,0.000000,6000,6600,6600,16000,16000,16000,16000,16000,16000,16000,16000,108,0,11000.0,11364.088644445237,3205.9604999958538,30019.80869998806,7087.277777777777
1778884578,350,GET,GET /api/ -> https://training.play-with-docker.com/,1.700000,0.000000,8300,9600,13000,13000,13000,17000,17000,17000,17000,17000,17000,88,0,4700.0,5678.665640909458,628.0587000073865,18364.86479997984,1424.0
1778884578,350,GET,GET /api/ -> https://www.python.org/,1.800000,0.000000,7000,9500,12000,12000,13000,14000,14000,14000,14000,14000,14000,137,0,5700.0,7290.0885240889465,556.0411000042222,27508.503599994583,12980.0
1778884578,350,,Aggregated,19.900000,0.000000,12000,30000,30000,30000,30000,31000,32000,32000,32000,32000,32000,1653,1,8000.0,12531.578308227321,220.18269999534823,32006.326800008537,4846.480943738657
1778884579,350,GET,GET /api/ -> http://example.com/,4.200000,0.000000,30000,30000,30000,30000,31000,31000,31000,31000,31000,31000,31000,432,0,30000.0,18953.819524305327,220.18269999534823,31219.803599989973,27.38425925925926
1778884579,350,GET,GET /api/ -> https://books.toscrape.com/,6.400000,0.000000,30000,30000,30000,30000,31000,32000,32000,32000,32000,32000,32000,311,0,14000.0,17358.88186655919,997.8395000216551,32006.326800008537,4163.729903536978
1778884579,350,GET,GET /api/ -> https://docs.docker.com/,0.700000,0.000000,5800,7100,7300,7300,10000,21000,21000,21000,21000,21000,21000,127,0,5700.0,7451.317804721395,738.3707000117283,21983.21780000697,1741.0
1778884579,350,GET,GET /api/ -> https://flask.palletsprojects.com/,0.300000,0.000000,8700,9700,10000,10000,11000,11000,11000,11000,11000,11000,11000,117,0,7500.0,8975.056486324662,1120.9144000022206,30276.93389999331,19498.905982905984
1778884579,350,GET,GET /api/ -> https://github.com/ibnesayeed/linkextractor,0.500000,0.000000,13000,13000,16000,16000,32000,32000,32000,32000,32000,32000,32000,93,0,8100.0,8755.509149465304,1402.4115999927744,31704.498899984173,11683.010752688173
1778884579,350,GET,GET /api/ -> https://httpbin.org/,1.200000,0.000000,5700,8400,9000,12000,13000,13000,13000,13000,13000,13000,13000,154,1,4700.0,6503.92225064967,705.199599993648,30010.23409998743,309.11038961038963
1778884579,350,GET,GET /api/ -> https://locust.io/,0.800000,0.000000,5500,9600,13000,23000,26000,26000,26000,26000,26000,26000,26000,104,0,6000.0,8208.421620190515,717.8297999780625,30014.780900004553,4624.634615384615
1778884579,350,GET,GET /api/ -> https://redis.io/,0.900000,0.000000,6600,6600,8200,8200,16000,16000,16000,16000,16000,16000,16000,109,0,11000.0,11334.707350459445,3205.9604999958538,30019.80869998806,7088.504587155963
1778884579,350,GET,GET /api/ -> https://training.play-with-docker.com/,1.600000,0.000000,8300,9600,13000,13000,13000,17000,17000,17000,17000,17000,17000,88,0,4700.0,5678.665640909458,628.0587000073865,18364.86479997984,1424.0
1778884579,350,GET,GET /api/ -> https://www.python.org/,1.600000,0.000000,7900,9500,12000,13000,14000,17000,17000,17000,17000,17000,17000,139,0,6300.0,7361.383542447375,556.0411000042222,27508.503599994583,12980.0
1778884579,350,,Aggregated,18.200000,0.000000,12000,30000,30000,30000,30000,31000,32000,32000,32000,32000,32000,1674,1,8000.0,12551.398734229293,220.18269999534823,32006.326800008537,4854.535842293907
1778884580,350,GET,GET /api/ -> http://example.com/,4.200000,0.000000,11000,30000,30000,30000,31000,31000,31000,31000,31000,31000,31000,435,0,30000.0,18888.31139218374,220.18269999534823,31219.803599989973,27.64367816091954
1778884580,350,GET,GET /api/ -> https://books.toscrape.com/,6.600000,0.000000,30000,30000,30000,30000,31000,32000,32000,32000,32000,32000,32000,318,0,14000.0,17484.375275471317,997.8395000216551,32006.326800008537,4121.433962264151
1778884580,350,GET,GET /api/ -> https://docs.docker.com/,0.900000,0.000000,5700,7100,7300,10000,13000,21000,21000,21000,21000,21000,21000,130,0,5700.0,7406.805846920067,738.3707000117283,21983.21780000697,1741.0
1778884580,350,GET,GET /api/ -> https://flask.palletsprojects.com/,0.300000,0.000000,8700,8900,9700,10000,11000,11000,11000,11000,11000,11000,11000,119,0,7500.0,8910.964263865515,1120.9144000022206,30276.93389999331,19501.731092436974
1778884580,350,GET,GET /api/ -> https://github.com/ibnesayeed/linkextractor,0.300000,0.000000,13000,13000,16000,16000,32000,32000,32000,32000,32000,32000,32000,93,0,8100.0,8755.509149465304,1402.4115999927744,31704.498899984173,11683.010752688173
1778884580,350,GET,GET /api/ -> https://httpbin.org/,1.500000,0.000000,5700,8600,8800,9000,13000,13000,13000,13000,13000,13000,13000,156,1,4700.0,6490.049176282273,705.199599993648,30010.23409998743,309.1602564102564
1778884580,350,GET,GET /api/ -> https://locust.io/,0.800000,0.000000,8500,9600,13000,13000,23000,26000,26000,26000,26000,26000,26000,106,0,6100.0,8241.228586790934,717.8297999780625,30014.780900004553,4627.226415094339
1778884580,350,GET,GET /api/ -> https://redis.io/,0.900000,0.000000,6600,8200,8200,16000,16000,16000,16000,16000,16000,16000,16000,109,0,11000.0,11334.707350459445,3205.9604999958538,30019.80869998806,7088.504587155963
1778884580,350,GET,GET /api/ -> https://training.play-with-docker.com/,1.500000,0.000000,7000,8300,12000,12000,13000,17000,17000,17000,17000,17000,17000,89,0,4700.0,5623.2477123600565,628.0587000073865,18364.86479997984,1424.0
1778884580,350,GET,GET /api/ -> https://www.python.org/,1.400000,0.000000,9200,12000,13000,16000,17000,24000,24000,24000,24000,24000,24000,143,0,6300.0,7570.127675525716,556.0411000042222,27508.503599994583,12980.0
1778884580,350,,Aggregated,18.400000,0.000000,11000,30000,30000,30000,30000,31000,32000,32000,32000,32000,32000,1698,1,8100.0,12555.062990871527,220.18269999534823,32006.326800008537,4858.913427561837
1778884581,350,GET,GET /api/ -> http://example.com/,3.900000,0.000000,7200,11000,18000,30000,30000,30000,30000,30000,30000,30000,30000,435,0,30000.0,18888.31139218374,220.18269999534823,31219.803599989973,27.64367816091954
1778884581,350,GET,GET /api/ -> https://books.toscrape.com/,6.500000,0.000000,30000,30000,30000,30000,30000,30000,30000,30000,30000,30000,30000,326,0,16000.0,17547.180687422922,997.8395000216551,32006.326800008537,4092.5153374233128
1778884581,350,GET,GET /api/ -> https://docs.docker.com/,1.100000,0.000000,5700,7100,7300,7300,13000,21000,21000,21000,21000,21000,21000,131,0,5700.0,7358.925891600244,738.3707000117283,21983.21780000697,1741.0
1778884581,350,GET,GET /api/ -> https://flask.palletsprojects.com/,0.700000,0.000000,6900,8700,8900,9700,10000,11000,11000,11000,11000,11000,11000,122,0,7300.0,8747.703414754113,1120.9144000022206,30276.93389999331,19505.79508196721
1778884581,350,GET,GET /api/ -> https://github.com/ibnesayeed/linkextractor,0.200000,0.000000,10000,13000,16000,16000,32000,32000,32000,32000,32000,32000,32000,94,0,8100.0,8763.350750002923,1402.4115999927744,31704.498899984173,11684.36170212766
1778884581,350,GET,GET /api/ -> https://httpbin.org/,1.400000,0.000000,8400,9000,13000,30000,30000,30000,30000,30000,30000,30000,30000,163,1,4800.0,7171.199852760676,705.199599993648,30076.15189999342,299.7239263803681
1778884581,350,GET,GET /api/ -> https://locust.io/,0.900000,0.000000,8500,11000,13000,23000,26000,30000,30000,30000,30000,30000,30000,107,0,6200.0,8444.635223363097,717.8297999780625,30014.780900004553,4583.981308411215
1778884581,350,GET,GET /api/ -> https://redis.io/,0.500000,0.000000,8200,8200,9700,9700,16000,16000,16000,16000,16000,16000,16000,110,0,10000.0,11319.80047454629,3205.9604999958538,30019.80869998806,7089.709090909091
1778884581,350,GET,GET /api/ -> https://training.play-with-docker.com/,1.200000,0.000000,7000,8300,12000,12000,13000,17000,17000,17000,17000,17000,17000,89,0,4700.0,5623.2477123600565,628.0587000073865,18364.86479997984,1424.0
1778884581,350,GET,GET /api/ -> https://www.python.org/,1.400000,0.000000,9200,9500,12000,13000,16000,17000,24000,24000,24000,24000,24000,147,0,6300.0,7503.8776585046635,556.0411000042222,27508.503599994583,12980.0
1778884581,350,,Aggregated,17.800000,0.000000,11000,30000,30000,30000,30000,30000,30000,30000,30000,30000,30000,1724,1,8100.0,12594.541240081131,220.18269999534823,32006.326800008537,4876.042923433874
1778884582,350,GET,GET /api/ -> http://example.com/,3.400000,0.000000,7200,10000,18000,30000,30000,30000,30000,30000,30000,30000,30000,437,0,30000.0,18834.31930251705,220.18269999534823,31219.803599989973,27.814645308924486
1778884582,350,GET,GET /api/ -> https://books.toscrape.com/,7.100000,0.000000,30000,30000,30000,30000,30000,30000,30000,30000,30000,30000,30000,333,0,18000.0,17745.99962942906,997.8395000216551,32006.326800008537,4053.6216216216217
1778884582,350,GET,GET /api/ -> https://docs.docker.com/,1.200000,0.000000,5800,7300,11000,12000,15000,21000,21000,21000,21000,21000,21000,134,0,5700.0,7482.507155221017,738.3707000117283,21983.21780000697,1741.0
1778884582,350,GET,GET /api/ -> https://flask.palletsprojects.com/,0.900000,0.000000,6900,8700,8900,9700,10000,11000,11000,11000,11000,11000,11000,122,0,7300.0,8747.703414754113,1120.9144000022206,30276.93389999331,19505.79508196721
1778884582,350,GET,GET /api/ -> https://github.com/ibnesayeed/linkextractor,0.600000,0.000000,10000,13000,16000,16000,32000,32000,32000,32000,32000,32000,32000,95,0,8100.0,8730.836057897634,1402.4115999927744,31704.498899984173,11685.684210526315
1778884582,350,GET,GET /api/ -> https://httpbin.org/,1.500000,0.000000,8800,20000,30000,30000,30000,30000,30000,30000,30000,30000,30000,171,1,5000.0,7869.364243274594,705.199599993648,30076.15189999342,291.1929824561403
1778884582,350,GET,GET /api/ -> https://locust.io/,1.100000,0.000000,8500,11000,13000,23000,26000,30000,30000,30000,30000,30000,30000,107,0,6200.0,8444.635223363097,717.8297999780625,30014.780900004553,4583.981308411215
1778884582,350,GET,GET /api/ -> https://redis.io/,0.500000,0.000000,6600,8200,9700,9700,16000,16000,16000,16000,16000,16000,16000,111,0,10000.0,11253.632083784805,3205.9604999958538,30019.80869998806,7090.891891891892
1778884582,350,GET,GET /api/ -> https://training.play-with-docker.com/,1.100000,0.000000,6700,8300,9600,12000,13000,17000,17000,17000,17000,17000,17000,90,0,4400.0,5589.972692222929,628.0587000073865,18364.86479997984,1424.0
1778884582,350,GET,GET /api/ -> https://www.python.org/,1.500000,0.000000,7900,9500,12000,13000,16000,17000,24000,24000,24000,24000,24000,148,0,6300.0,7470.840108109327,556.0411000042222,27508.503599994583,12980.0
1778884582,350,,Aggregated,18.900000,0.000000,10000,30000,30000,30000,30000,30000,30000,30000,30000,30000,30000,1748,1,8100.0,12669.61836773449,220.18269999534823,32006.326800008537,4840.801487414187
1778884583,350,GET,GET /api/ -> http://example.com/,3.600000,0.000000,5600,7200,8500,10000,13000,18000,18000,18000,18000,18000,18000,437,0,30000.0,18834.31930251705,220.18269999534823,31219.803599989973,27.814645308924486
1778884583,350,GET,GET /api/ -> https://books.toscrape.com/,7.700000,0.000000,30000,30000,30000,30000,30000,30000,30000,30000,30000,30000,30000,339,0,21000.0,17893.238813273947,997.8395000216551,32006.326800008537,4005.026548672566
1778884583,350,GET,GET /api/ -> https://docs.docker.com/,1.500000,0.000000,5800,7300,11000,12000,15000,21000,21000,21000,21000,21000,21000,135,0,5700.0,7434.298864441398,738.3707000117283,21983.21780000697,1741.0
1778884583,350,GET,GET /api/ -> https://flask.palletsprojects.com/,1.000000,0.000000,6900,8700,9700,9700,11000,17000,17000,17000,17000,17000,17000,125,0,7300.0,8765.927868800005,1120.9144000022206,30276.93389999331,19509.664
1778884583,350,GET,GET /api/ -> https://github.com/ibnesayeed/linkextractor,0.600000,0.000000,12000,13000,30000,30000,30000,32000,32000,32000,32000,32000,32000,99,0,8100.0,9217.174819194961,1402.4115999927744,31704.498899984173,11452.121212121212
1778884583,350,GET,GET /api/ -> https://httpbin.org/,1.800000,0.000000,13000,30000,30000,30000,30000,30000,30000,30000,30000,30000,30000,179,1,5400.0,8498.153160893464,705.199599993648,30076.15189999342,283.4245810055866
1778884583,350,GET,GET /api/ -> https://locust.io/,1.200000,0.000000,9600,11000,26000,26000,30000,30000,30000,30000,30000,30000,30000,107,0,6200.0,8444.635223363097,717.8297999780625,30014.780900004553,4583.981308411215
1778884583,350,GET,GET /api/ -> https://redis.io/,0.500000,0.000000,8200,9700,14000,14000,16000,16000,16000,16000,16000,16000,16000,112,0,10000.0,11282.613607143763,3205.9604999958538,30019.80869998806,7092.053571428572
1778884583,350,GET,GET /api/ -> https://training.play-with-docker.com/,1.200000,0.000000,6700,6700,12000,12000,12000,12000,12000,12000,12000,12000,12000,90,0,4400.0,5589.972692222929,628.0587000073865,18364.86479997984,1424.0
1778884583,350,GET,GET /api/ -> https://www.python.org/,2.000000,0.000000,9200,9500,12000,13000,16000,17000,24000,24000,24000,24000,24000,149,0,6300.0,7499.815136242671,556.0411000042222,27508.503599994583,12980.0
1778884583,350,,Aggregated,21.100000,0.000000,11000,30000,30000,30000,30000,30000,30000,30000,30000,30000,30000,1772,1,8300.0,12763.68241343105,220.18269999534823,32006.326800008537,4839.204853273138
1778884586,350,GET,GET /api/ -> http://example.com/,1.900000,0.000000,6600,7900,10000,11000,13000,18000,18000,18000,18000,18000,18000,437,0,30000.0,18834.31930251705,220.18269999534823,31219.803599989973,27.814645308924486
1778884586,350,GET,GET /api/ -> https://books.toscrape.com/,6.900000,0.000000,30000,30000,30000,30000,30000,31000,31000,31000,31000,31000,31000,345,0,24000.0,18052.85313043437,997.8395000216551,32006.326800008537,3958.121739130435
1778884586,350,GET,GET /api/ -> https://docs.docker.com/,1.700000,0.000000,6300,7300,10000,11000,13000,15000,15000,15000,15000,15000,15000,138,0,5700.0,7401.609707967905,738.3707000117283,21983.21780000697,1741.0
1778884586,350,GET,GET /api/ -> https://flask.palletsprojects.com/,1.400000,0.000000,6800,8900,9700,10000,11000,17000,17000,17000,17000,17000,17000,125,0,7300.0,8765.927868800005,1120.9144000022206,30276.93389999331,19509.664
1778884586,350,GET,GET /api/ -> https://github.com/ibnesayeed/linkextractor,1.100000,0.000000,12000,12000,16000,16000,30000,30000,30000,30000,30000,30000,30000,101,0,8100.0,9144.362452478288,1402.4115999927744,31704.498899984173,11459.20792079208
1778884586,350,GET,GET /api/ -> https://httpbin.org/,3.300000,0.000000,30000,30000,30000,30000,32000,32000,32000,32000,32000,32000,32000,184,1,5500.0,9119.063990217199,705.199599993648,31691.557800018927,275.7228260869565
1778884586,350,GET,GET /api/ -> https://locust.io/,0.700000,0.000000,9600,11000,26000,26000,30000,30000,30000,30000,30000,30000,30000,108,0,6100.0,8393.750890739386,717.8297999780625,30014.780900004553,4585.62962962963
1778884586,350,GET,GET /api/ -> https://redis.io/,0.400000,0.000000,8200,9700,9700,14000,14000,14000,14000,14000,14000,14000,14000,113,0,10000.0,11234.477740708859,3205.9604999958538,30019.80869998806,7093.194690265486
1778884586,350,GET,GET /api/ -> https://training.play-with-docker.com/,0.400000,0.000000,6700,6700,12000,12000,12000,12000,12000,12000,12000,12000,12000,90,0,4400.0,5589.972692222929,628.0587000073865,18364.86479997984,1424.0
1778884586,350,GET,GET /api/ -> https://www.python.org/,1.800000,0.000000,9200,9500,12000,16000,17000,24000,24000,24000,24000,24000,24000,150,0,6300.0,7491.152202000958,556.0411000042222,27508.503599994583,12980.0
1778884586,350,,Aggregated,19.600000,0.000000,10000,30000,30000,30000,30000,30000,32000,32000,32000,32000,32000,1791,1,8300.0,12830.9742176995,220.18269999534823,32006.326800008537,4822.292015633724
