Timestamp,User Count,Type,Name,Requests/s,Failures/s,50%,66%,75%,80%,90%,95%,98%,99%,99.9%,99.99%,100%,Total Request Count,Total Failure Count,Total Median Response Time,Total Average Response Time,Total Min Response Time,Total Max Response Time,Total Average Content Size
1778884188,0,,Aggregated,0.000000,0.000000,N/A,N/A,N/A,N/A,N/A,N/A,N/A,N/A,N/A,N/A,N/A,0,0,0,0.0,0,0,0
1778884189,5,GET,GET /api/ -> http://example.com/,0.000000,0.000000,0,0,0,0,0,0,0,0,0,0,0,5,0,660.0,659.0911399980541,593.7349000014365,771.3387999974657,65.0
1778884189,5,,Aggregated,0.000000,0.000000,0,0,0,0,0,0,0,0,0,0,0,5,0,660.0,659.0911399980541,593.7349000014365,771.3387999974657,65.0
1778884190,10,GET,GET /api/ -> http://example.com/,0.000000,0.000000,0,0,0,0,0,0,0,0,0,0,0,10,0,110.0,383.2227300008526,103.21569998632185,771.3387999974657,65.0
1778884190,10,GET,GET /api/ -> https://books.toscrape.com/,0.000000,0.000000,0,0,0,0,0,0,0,0,0,0,0,10,0,870.0,860.1944999943953,679.7647999774199,1014.4930999958888,7848.0
1778884190,10,,Aggregated,0.000000,0.000000,770,840,880,880,990,1000,1000,1000,1000,1000,1000,20,0,680.0,621.708614997624,103.21569998632185,1014.4930999958888,3956.5
1778884191,15,GET,GET /api/ -> http://example.com/,0.000000,0.000000,290,350,350,570,570,570,570,570,570,570,570,15,0,290.0,366.12715333079296,103.21569998632185,771.3387999974657,65.0
1778884191,15,GET,GET /api/ -> https://books.toscrape.com/,0.000000,0.000000,0,0,0,0,0,0,0,0,0,0,0,10,0,870.0,860.1944999943953,679.7647999774199,1014.4930999958888,7848.0
1778884191,15,GET,GET /api/ -> https://httpbin.org/,0.000000,0.000000,0,0,0,0,0,0,0,0,0,0,0,9,0,740.0,752.0765111128437,660.9478000027593,909.4310000073165,313.0
1778884191,15,GET,GET /api/ -> https://www.python.org/,0.000000,0.000000,0,0,0,0,0,0,0,0,0,0,0,2,0,720.0,734.9726999964332,715.1616000046488,754.7837999882177,12980.0
1778884191,15,,Aggregated,0.000000,0.000000,720,750,800,840,910,990,1000,1000,1000,1000,1000,36,0,720.0,620.3468416642863,103.21569998632185,1014.4930999958888,3006.4444444444443
1778884192,20,GET,GET /api/ -> http://example.com/,5.000000,0.000000,570,630,660,720,730,730,730,730,730,730,730,20,0,470.0,435.0700299968594,103.21569998632185,771.3387999974657,65.0
1778884192,20,GET,GET /api/ -> https://books.toscrape.com/,0.000000,0.000000,1000,1100,1100,1400,1400,1400,1400,1400,1400,1400,1400,15,0,900.0,933.7643466618223,679.7647999774199,1438.2935999892652,7848.0
1778884192,20,GET,GET /api/ -> https://docs.docker.com/,0.000000,0.000000,0,0,0,0,0,0,0,0,0,0,0,2,0,884.4699000183027,938.4912500099745,884.4699000183027,992.5126000016462,1741.0
1778884192,20,GET,GET /api/ -> https://httpbin.org/,0.000000,0.000000,800,840,910,910,1200,1200,1200,1200,1200,1200,1200,11,0,750.0,796.5043181823355,660.9478000027593,1156.408199982252,313.0
1778884192,20,GET,GET /api/ -> https://www.python.org/,0.000000,0.000000,0,0,0,0,0,0,0,0,0,0,0,9,0,750.0,831.2773666596817,592.8292000025976,1127.9980999825057,12980.0
1778884192,20,,Aggregated,5.000000,0.000000,740,840,890,910,1000,1100,1200,1400,1400,1400,1400,57,0,740.0,716.2788087688999,103.21569998632185,1438.2935999892652,4259.035087719299
1778884193,25,GET,GET /api/ -> http://example.com/,5.000000,0.000000,570,630,660,720,730,730,730,730,730,730,730,20,0,470.0,435.0700299968594,103.21569998632185,771.3387999974657,65.0
1778884193,25,GET,GET /api/ -> https://books.toscrape.com/,0.000000,0.000000,1000,1100,1100,1400,1400,1400,1400,1400,1400,1400,1400,15,0,900.0,933.7643466618223,679.7647999774199,1438.2935999892652,7848.0
1778884193,25,GET,GET /api/ -> https://docs.docker.com/,0.000000,0.000000,990,990,1300,1300,1300,1300,1300,1300,1300,1300,1300,3,0,990.0,1057.646900007967,884.4699000183027,1295.9582000039518,1741.0
1778884193,25,GET,GET /api/ -> https://httpbin.org/,0.000000,0.000000,800,840,910,910,1200,1200,1200,1200,1200,1200,1200,11,0,750.0,796.5043181823355,660.9478000027593,1156.408199982252,313.0
1778884193,25,GET,GET /api/ -> https://www.python.org/,0.000000,0.000000,940,1100,1100,1100,1100,1100,1100,1100,1100,1100,1100,9,0,750.0,831.2773666596817,592.8292000025976,1127.9980999825057,12980.0
1778884193,25,,Aggregated,5.000000,0.000000,750,870,900,940,1100,1200,1300,1400,1400,1400,1400,58,0,740.0,726.2732810315732,103.21569998632185,1438.2935999892652,4215.620689655172
1778884195,30,GET,GET /api/ -> http://example.com/,4.000000,0.000000,630,720,730,2800,2900,3000,3000,3000,3000,3000,3000,23,0,590.0,753.9178217361357,103.21569998632185,2970.5441999831237,65.0
1778884195,30,GET,GET /api/ -> https://books.toscrape.com/,3.000000,0.000000,1100,1100,1400,1400,2700,2700,2700,2700,2700,2700,2700,16,0,900.0,1044.9739437462995,679.7647999774199,2713.117900013458,7848.0
1778884195,30,GET,GET /api/ -> https://docs.docker.com/,0.600000,0.000000,2800,2900,3300,3300,3300,3300,3300,3300,3300,3300,3300,8,0,2700.0,2262.716637505946,884.4699000183027,3306.4244000124745,1741.0
1778884195,30,GET,GET /api/ -> https://httpbin.org/,2.200000,0.000000,840,910,1200,2700,2800,2800,2800,2800,2800,2800,2800,13,0,750.0,1093.40576923121,660.9478000027593,2801.277599995956,313.0
1778884195,30,GET,GET /api/ -> https://www.python.org/,1.800000,0.000000,1100,1100,1100,1100,3800,3800,3800,3800,3800,3800,3800,10,0,750.0,1126.4759799931198,592.8292000025976,3783.2634999940637,12980.0
1778884195,30,,Aggregated,11.600000,0.000000,800,940,1100,1300,2800,3000,3300,3800,3800,3800,3800,70,0,770.0,1109.14944142652,103.21569998632185,3783.2634999940637,3926.5714285714284
1778884196,35,GET,GET /api/ -> http://example.com/,3.333333,0.000000,720,1200,2000,2800,3000,3200,3200,3200,3200,3200,3200,27,0,630.0,919.1052814788202,103.21569998632185,3226.298900000984,65.0
1778884196,35,GET,GET /api/ -> https://books.toscrape.com/,2.500000,0.000000,1400,2700,3400,3400,3600,3600,3600,3600,3600,3600,3600,18,0,910.0,1317.7156777738774,679.7647999774199,3603.561099997023,7848.0
1778884196,35,GET,GET /api/ -> https://docs.docker.com/,0.500000,0.000000,2800,2900,3300,3300,3300,3300,3300,3300,3300,3300,3300,8,0,2700.0,2262.716637505946,884.4699000183027,3306.4244000124745,1741.0
1778884196,35,GET,GET /api/ -> https://httpbin.org/,1.833333,0.000000,840,1200,2700,2700,2800,4100,4100,4100,4100,4100,4100,14,0,750.0,1309.1959071441254,660.9478000027593,4114.467700012028,313.0
1778884196,35,GET,GET /api/ -> https://www.python.org/,1.500000,0.000000,1100,1100,1100,1100,3800,3800,3800,3800,3800,3800,3800,10,0,750.0,1126.4759799931198,592.8292000025976,3783.2634999940637,12980.0
1778884196,35,,Aggregated,9.666667,0.000000,870,1000,1200,2700,3000,3400,3800,4100,4100,4100,4100,77,0,870.0,1249.7397454526554,103.21569998632185,4114.467700012028,3780.896103896104
1778884197,40,GET,GET /api/ -> http://example.com/,2.857143,0.000000,1200,1800,2200,2300,3000,3200,4500,4500,4500,4500,4500,37,0,720.0,1177.9663459448195,103.21569998632185,4523.696999996901,65.0
1778884197,40,GET,GET /api/ -> https://books.toscrape.com/,2.142857,0.000000,2700,3400,3600,4400,4500,4500,4500,4500,4500,4500,4500,20,0,940.0,1631.114164997416,679.7647999774199,4526.284199993825,7848.0
1778884197,40,GET,GET /api/ -> https://docs.docker.com/,0.714286,0.000000,2800,2900,3300,3300,3300,3300,3300,3300,3300,3300,3300,8,0,2700.0,2262.716637505946,884.4699000183027,3306.4244000124745,1741.0
1778884197,40,GET,GET /api/ -> https://flask.palletsprojects.com/,0.000000,0.000000,0,0,0,0,0,0,0,0,0,0,0,1,0,4980.399299995042,4980.399299995042,4980.399299995042,4980.399299995042,19667.0
1778884197,40,GET,GET /api/ -> https://httpbin.org/,1.857143,0.000000,910,2400,2700,2800,4100,5000,5000,5000,5000,5000,5000,16,0,800.0,1603.472468750624,660.9478000027593,4959.374600002775,313.0
1778884197,40,GET,GET /api/ -> https://www.python.org/,1.428571,0.000000,1100,2100,2800,2800,3800,3800,3800,3800,3800,3800,3800,12,0,890.0,1351.3261499926255,592.8292000025976,3783.2634999940637,12980.0
1778884197,40,,Aggregated,9.000000,0.000000,910,1400,2300,2800,3300,4400,5000,5000,5000,5000,5000,94,0,910.0,1501.7089765943697,103.21569998632185,4980.399299995042,3763.063829787234
1778884198,45,GET,GET /api/ -> http://example.com/,3.250000,0.000000,1000,1800,2000,2300,3000,3200,4500,4500,4500,4500,4500,39,0,730.0,1166.6682487165626,103.21569998632185,4523.696999996901,65.0
1778884198,45,GET,GET /api/ -> https://books.toscrape.com/,2.250000,0.000000,2500,2700,3600,3600,4400,4500,4500,4500,4500,4500,4500,22,0,990.0,1673.286768180498,679.7647999774199,4526.284199993825,7848.0
1778884198,45,GET,GET /api/ -> https://docs.docker.com/,1.000000,0.000000,2800,2900,3100,3300,3300,3300,3300,3300,3300,3300,3300,9,0,2800.0,2350.7808777827045,884.4699000183027,3306.4244000124745,1741.0
1778884198,45,GET,GET /api/ -> https://flask.palletsprojects.com/,0.000000,0.000000,0,0,0,0,0,0,0,0,0,0,0,3,0,5000.0,4321.662333337978,2546.4628000045195,5438.1249000143725,19667.0
1778884198,45,GET,GET /api/ -> https://httpbin.org/,1.625000,0.000000,910,2400,2700,2800,4100,5000,5000,5000,5000,5000,5000,16,0,800.0,1603.472468750624,660.9478000027593,4959.374600002775,313.0
1778884198,45,GET,GET /api/ -> https://www.python.org/,1.250000,0.000000,1100,2100,2800,2800,3800,3800,3800,3800,3800,3800,3800,12,0,890.0,1351.3261499926255,592.8292000025976,3783.2634999940637,12980.0
1778884198,45,,Aggregated,9.375000,0.000000,960,1600,2500,2800,3300,4400,5000,5000,5400,5400,5400,101,0,960.0,1567.3847405930362,103.21569998632185,5438.1249000143725,4065.633663366337
1778884199,55,GET,GET /api/ -> http://example.com/,3.444444,0.000000,1200,1800,2000,2200,2900,3200,4500,4500,4500,4500,4500,41,0,770.0,1185.7388024374548,103.21569998632185,4523.696999996901,65.0
1778884199,55,GET,GET /api/ -> https://books.toscrape.com/,2.222222,0.000000,2500,3600,3800,3900,4400,4500,4500,4500,4500,4500,4500,27,0,1100.0,1930.7367148134358,679.7647999774199,4526.284199993825,7848.0
1778884199,55,GET,GET /api/ -> https://docs.docker.com/,0.888889,0.000000,2800,2900,3100,3300,3300,3300,3300,3300,3300,3300,3300,9,0,2800.0,2350.7808777827045,884.4699000183027,3306.4244000124745,1741.0
1778884199,55,GET,GET /api/ -> https://flask.palletsprojects.com/,0.000000,0.000000,5000,5000,5400,5400,5400,5400,5400,5400,5400,5400,5400,4,0,4600.0,4399.452675010252,2546.4628000045195,5438.1249000143725,19667.0
1778884199,55,GET,GET /api/ -> https://httpbin.org/,1.555556,0.000000,1200,2700,3300,3500,4100,5000,5000,5000,5000,5000,5000,18,0,840.0,1806.1096277783186,660.9478000027593,4959.374600002775,313.0
1778884199,55,GET,GET /api/ -> https://www.python.org/,1.222222,0.000000,1100,2100,2800,2800,3800,3800,3800,3800,3800,3800,3800,12,0,890.0,1351.3261499926255,592.8292000025976,3783.2634999940637,12980.0
1778884199,55,,Aggregated,9.333333,0.000000,1200,2200,2800,3000,3800,4500,5000,5000,5400,5400,5400,111,0,1000.0,1695.728899999144,103.21569998632185,5438.1249000143725,4236.864864864865
1778884200,60,GET,GET /api/ -> http://example.com/,3.700000,0.000000,1400,1900,2100,2200,2900,3200,4500,4500,4500,4500,4500,45,0,880.0,1221.244964443354,103.21569998632185,4523.696999996901,65.0
1778884200,60,GET,GET /api/ -> https://books.toscrape.com/,2.000000,0.000000,2700,3200,3800,3900,4100,4400,4500,4500,4500,4500,4500,34,0,1600.0,2123.429508822429,679.7647999774199,4526.284199993825,7848.0
1778884200,60,GET,GET /api/ -> https://docs.docker.com/,0.800000,0.000000,2800,2900,3100,3300,3300,3300,3300,3300,3300,3300,3300,9,0,2800.0,2350.7808777827045,884.4699000183027,3306.4244000124745,1741.0
1778884200,60,GET,GET /api/ -> https://flask.palletsprojects.com/,0.300000,0.000000,5000,5400,5400,5500,5500,5500,5500,5500,5500,5500,5500,5,0,5000.0,4617.914120008936,2546.4628000045195,5491.759900003672,19667.0
1778884200,60,GET,GET /api/ -> https://httpbin.org/,1.600000,0.000000,1500,2700,3300,3500,4100,5000,5000,5000,5000,5000,5000,21,0,910.0,1833.939285716042,660.9478000027593,4959.374600002775,313.0
1778884200,60,GET,GET /api/ -> https://www.python.org/,1.200000,0.000000,1100,2100,2800,3800,7200,7200,7200,7200,7200,7200,7200,13,0,940.0,1804.6346692247496,592.8292000025976,7244.336900010239,12980.0
1778884200,60,,Aggregated,9.600000,0.000000,1900,2800,3100,3300,4100,5000,5500,7200,7200,7200,7200,127,0,1200.0,1837.5763850390642,103.21569998632185,7244.336900010239,4402.157480314961
1778884201,65,GET,GET /api/ -> http://example.com/,4.000000,0.000000,1800,2000,2100,2300,3000,4200,4500,4500,4500,4500,4500,49,0,960.0,1298.5666408144148,103.21569998632185,4523.696999996901,65.0
1778884201,65,GET,GET /api/ -> https://books.toscrape.com/,2.300000,0.000000,2900,3400,3800,3900,4100,4400,4500,4500,4500,4500,4500,34,0,1600.0,2123.429508822429,679.7647999774199,4526.284199993825,7848.0
1778884201,65,GET,GET /api/ -> https://docs.docker.com/,0.900000,0.000000,2900,3100,3300,3300,9400,9400,9400,9400,9400,9400,9400,10,0,2800.0,3057.3851800058037,884.4699000183027,9416.823900013696,1741.0
1778884201,65,GET,GET /api/ -> https://flask.palletsprojects.com/,0.300000,0.000000,5400,5400,5500,5500,5500,5500,5500,5500,5500,5500,5500,6,0,5000.0,4761.70160001008,2546.4628000045195,5491.759900003672,19667.0
1778884201,65,GET,GET /api/ -> https://httpbin.org/,1.700000,0.000000,3300,3500,3900,3900,4100,5000,5000,5000,5000,5000,5000,22,0,910.0,1928.403886364487,660.9478000027593,4959.374600002775,313.0
1778884201,65,GET,GET /api/ -> https://www.python.org/,1.200000,0.000000,1100,2200,2800,2800,3800,7200,7200,7200,7200,7200,7200,15,0,1000.0,1780.1198333288387,592.8292000025976,7244.336900010239,12980.0
1778884201,65,,Aggregated,10.400000,0.000000,2300,2900,3300,3800,4500,5400,7200,9400,9400,9400,9400,136,0,1300.0,1941.8905374995495,103.21569998632185,9416.823900013696,4463.345588235294
1778884202,70,GET,GET /api/ -> http://example.com/,3.200000,0.000000,1800,2000,2300,2800,3200,4500,5300,5300,5300,5300,5300,54,0,1000.0,1454.798687035455,103.21569998632185,5259.4611999811605,65.0
1778884202,70,GET,GET /api/ -> https://books.toscrape.com/,3.000000,0.000000,3200,3800,3900,4000,4400,4500,5800,5800,5800,5800,5800,39,0,2400.0,2361.479017947717,679.7647999774199,5812.728299992159,7848.0
1778884202,70,GET,GET /api/ -> https://docs.docker.com/,0.900000,0.000000,2800,3100,3300,3300,3300,9400,9400,9400,9400,9400,9400,11,0,2800.0,3012.9528363679788,884.4699000183027,9416.823900013696,1741.0
1778884202,70,GET,GET /api/ -> https://flask.palletsprojects.com/,0.400000,0.000000,5000,5400,5500,5500,5500,5500,5500,5500,5500,5500,5500,7,0,5000.0,4604.285557151473,2546.4628000045195,5491.759900003672,19667.0
1778884202,70,GET,GET /api/ -> https://httpbin.org/,1.900000,0.000000,2800,3300,3600,3900,4100,5000,5000,5000,5000,5000,5000,25,0,1500.0,2006.9227159989532,660.9478000027593,4959.374600002775,313.0
1778884202,70,GET,GET /api/ -> https://www.python.org/,1.300000,0.000000,2100,2200,3800,3800,4800,7200,7200,7200,7200,7200,7200,16,0,1000.0,1969.6045249966119,592.8292000025976,7244.336900010239,12980.0
1778884202,70,,Aggregated,10.700000,0.000000,2500,3100,3500,3900,4600,5400,5800,7200,9400,9400,9400,152,0,1800.0,2090.2370473677843,103.21569998632185,9416.823900013696,4486.230263157895
1778884203,75,GET,GET /api/ -> http://example.com/,3.300000,0.000000,1900,2100,2800,2900,4200,5300,6500,6500,6500,6500,6500,60,0,1200.0,1532.2204266655415,103.21569998632185,6462.508000025991,65.0
1778884203,75,GET,GET /api/ -> https://books.toscrape.com/,2.400000,0.000000,3400,3900,4000,4100,4500,5800,7500,7500,7500,7500,7500,41,0,2500.0,2490.713821950499,679.7647999774199,7506.325200025458,7848.0
1778884203,75,GET,GET /api/ -> https://docs.docker.com/,0.900000,0.000000,3100,3300,3300,3300,9400,9400,9400,9400,9400,9400,9400,11,0,2800.0,3012.9528363679788,884.4699000183027,9416.823900013696,1741.0
1778884203,75,GET,GET /api/ -> https://flask.palletsprojects.com/,0.600000,0.000000,5000,5400,5500,5500,5500,5500,5500,5500,5500,5500,5500,7,0,5000.0,4604.285557151473,2546.4628000045195,5491.759900003672,19667.0
1778884203,75,GET,GET /api/ -> https://httpbin.org/,1.900000,0.000000,3200,3400,3600,3900,4100,5000,5000,5000,5000,5000,5000,26,0,1500.0,2061.8753692296405,660.9478000027593,4959.374600002775,313.0
1778884203,75,GET,GET /api/ -> https://www.python.org/,1.300000,0.000000,3400,3800,4800,4800,7200,7200,7200,7200,7200,7200,7200,17,0,1100.0,2053.1255117624396,592.8292000025976,7244.336900010239,12980.0
1778884203,75,,Aggregated,10.400000,0.000000,2800,3300,3800,4000,5000,5500,7200,7500,9400,9400,9400,162,0,1800.0,2147.7584302465625,103.21569998632185,9416.823900013696,4390.6543209876545
1778884204,80,GET,GET /api/ -> http://example.com/,3.600000,0.000000,1900,2100,2800,2900,4200,4700,6500,6500,6500,6500,6500,62,0,1200.0,1567.1633806444831,103.21569998632185,6462.508000025991,65.0
1778884204,80,GET,GET /api/ -> https://books.toscrape.com/,2.300000,0.000000,3400,3900,4100,4200,5800,6600,7500,7500,7500,7500,7500,45,0,2500.0,2564.010615555,679.7647999774199,7506.325200025458,7848.0
1778884204,80,GET,GET /api/ -> https://docs.docker.com/,1.000000,0.000000,3100,3300,3300,3300,9400,9400,9400,9400,9400,9400,9400,12,0,2700.0,2982.747141669582,884.4699000183027,9416.823900013696,1741.0
1778884204,80,GET,GET /api/ -> https://flask.palletsprojects.com/,0.700000,0.000000,5000,5400,5500,5500,5500,5500,5500,5500,5500,5500,5500,8,0,4600.0,4392.0644625068235,2546.4628000045195,5491.759900003672,19667.0
1778884204,80,GET,GET /api/ -> https://httpbin.org/,1.200000,0.000000,3200,3500,3600,3900,5000,5700,5700,5700,5700,5700,5700,28,0,1500.0,2156.2042214261187,660.9478000027593,5729.900099977385,313.0
1778884204,80,GET,GET /api/ -> https://www.python.org/,1.100000,0.000000,3400,3800,4800,4800,7200,7200,7200,7200,7200,7200,7200,17,0,1100.0,2053.1255117624396,592.8292000025976,7244.336900010239,12980.0
1778884204,80,,Aggregated,9.900000,0.000000,2700,3300,3900,4200,5300,5800,7200,7500,9400,9400,9400,172,0,1800.0,2202.0403523250893,103.21569998632185,9416.823900013696,4446.7558139534885
1778884205,85,GET,GET /api/ -> http://example.com/,3.400000,0.000000,1900,2000,2200,2800,4500,5300,6500,6500,6500,6500,6500,64,0,1200.0,1579.8010468743087,103.21569998632185,6462.508000025991,65.0
1778884205,85,GET,GET /api/ -> https://books.toscrape.com/,2.600000,0.000000,3200,3900,4200,4200,5800,6600,7500,7500,7500,7500,7500,45,0,2500.0,2564.010615555,679.7647999774199,7506.325200025458,7848.0
1778884205,85,GET,GET /api/ -> https://docs.docker.com/,0.800000,0.000000,3100,3300,3300,3300,9400,9400,9400,9400,9400,9400,9400,12,0,2700.0,2982.747141669582,884.4699000183027,9416.823900013696,1741.0
1778884205,85,GET,GET /api/ -> https://flask.palletsprojects.com/,0.700000,0.000000,5000,5400,5500,5500,5500,5500,5500,5500,5500,5500,5500,8,0,4600.0,4392.0644625068235,2546.4628000045195,5491.759900003672,19667.0
1778884205,85,GET,GET /api/ -> https://httpbin.org/,1.400000,0.000000,3300,3600,3900,4100,5000,5700,5700,5700,5700,5700,5700,30,0,1800.0,2238.7254833311695,660.9478000027593,5729.900099977385,313.0
1778884205,85,GET,GET /api/ -> https://redis.io/,0.000000,0.000000,0,0,0,0,0,0,0,0,0,0,0,1,0,7383.795499976259,7383.795499976259,7383.795499976259,7383.795499976259,7221.0
1778884205,85,GET,GET /api/ -> https://www.python.org/,0.700000,0.000000,2800,3400,4800,4800,7200,7200,7200,7200,7200,7200,7200,18,0,1100.0,2084.7655777761247,592.8292000025976,7244.336900010239,12980.0
1778884205,85,,Aggregated,9.600000,0.000000,2600,3400,4100,4400,5400,6500,7400,7500,9400,9400,9400,178,0,1800.0,2244.317789325292,103.21569998632185,9416.823900013696,4414.601123595506
1778884206,90,GET,GET /api/ -> http://example.com/,4.000000,0.000000,1800,1900,2100,3000,4500,5300,6500,6500,6500,6500,6500,64,0,1200.0,1579.8010468743087,103.21569998632185,6462.508000025991,65.0
1778884206,90,GET,GET /api/ -> https://books.toscrape.com/,2.800000,0.000000,3200,3900,4200,4200,5800,6600,7500,7500,7500,7500,7500,45,0,2500.0,2564.010615555,679.7647999774199,7506.325200025458,7848.0
1778884206,90,GET,GET /api/ -> https://docs.docker.com/,0.900000,0.000000,3900,3900,8300,8300,9400,9400,9400,9400,9400,9400,9400,14,0,2800.0,3428.0140214312787,884.4699000183027,9416.823900013696,1741.0
1778884206,90,GET,GET /api/ -> https://flask.palletsprojects.com/,0.700000,0.000000,5000,5400,5500,5500,5500,5500,5500,5500,5500,5500,5500,8,0,4600.0,4392.0644625068235,2546.4628000045195,5491.759900003672,19667.0
1778884206,90,GET,GET /api/ -> https://httpbin.org/,1.600000,0.000000,3400,3600,4300,5000,5700,6000,6000,6000,6000,6000,6000,32,0,2200.0,2421.9723999985945,660.9478000027593,6001.501800026745,313.0
1778884206,90,GET,GET /api/ -> https://redis.io/,0.000000,0.000000,0,0,0,0,0,0,0,0,0,0,0,2,0,6300.0,6823.830799985444,6263.86609999463,7383.795499976259,7221.0
1778884206,90,GET,GET /api/ -> https://www.python.org/,0.800000,0.000000,3400,4800,5600,5600,7200,7200,7200,7200,7200,7200,7200,19,0,1100.0,2270.3651578937606,592.8292000025976,7244.336900010239,12980.0
1778884206,90,,Aggregated,10.800000,0.000000,2800,3800,4200,4800,5800,7200,8300,9400,9400,9400,9400,184,0,1900.0,2358.174853803971,103.21569998632185,9416.823900013696,4402.760869565217
1778884207,95,GET,GET /api/ -> http://example.com/,4.200000,0.000000,1900,2800,3200,4200,6300,6500,8800,8800,8800,8800,8800,71,0,1400.0,1830.8870957739664,103.21569998632185,8829.570700007025,65.0
1778884207,95,GET,GET /api/ -> https://books.toscrape.com/,3.000000,0.000000,3200,3900,4100,4200,6600,6700,7500,7500,7500,7500,7500,49,0,2500.0,2710.1615142856476,679.7647999774199,7506.325200025458,7848.0
1778884207,95,GET,GET /api/ -> https://docs.docker.com/,0.700000,0.000000,3900,3900,8300,8300,9400,9400,9400,9400,9400,9400,9400,14,0,2800.0,3428.0140214312787,884.4699000183027,9416.823900013696,1741.0
1778884207,95,GET,GET /api/ -> https://flask.palletsprojects.com/,0.800000,0.000000,4600,5000,5400,5500,5500,5500,5500,5500,5500,5500,5500,9,0,4600.0,4314.534866674674,2546.4628000045195,5491.759900003672,19667.0
1778884207,95,GET,GET /api/ -> https://httpbin.org/,1.600000,0.000000,3500,4300,5700,6000,7600,7900,7900,7900,7900,7900,7900,36,0,2400.0,2885.3388472198276,660.9478000027593,7874.866899976041,313.0
1778884207,95,GET,GET /api/ -> https://redis.io/,0.000000,0.000000,6300,6300,6300,6300,6300,6300,6300,6300,6300,6300,6300,2,0,6300.0,6823.830799985444,6263.86609999463,7383.795499976259,7221.0
1778884207,95,GET,GET /api/ -> https://www.python.org/,0.800000,0.000000,3900,4800,5600,7200,11000,11000,11000,11000,11000,11000,11000,21,0,2100.0,2748.556442856733,592.8292000025976,10645.171800017124,12980.0
1778884207,95,,Aggregated,11.100000,0.000000,3200,3900,4700,5500,6700,7600,8800,9400,11000,11000,11000,202,0,2100.0,2598.284423267002,103.21569998632185,10645.171800017124,4400.168316831683
1778884208,100,GET,GET /api/ -> http://example.com/,3.800000,0.000000,1900,2900,3200,3400,6300,6500,8800,8800,8800,8800,8800,76,0,1400.0,1840.0676881574327,103.21569998632185,8829.570700007025,65.0
1778884208,100,GET,GET /api/ -> https://books.toscrape.com/,2.700000,0.000000,3800,4000,4200,5500,6700,6800,7500,7500,7500,7500,7500,51,0,2700.0,2811.5895196074143,679.7647999774199,7506.325200025458,7848.0
1778884208,100,GET,GET /api/ -> https://docs.docker.com/,0.500000,0.000000,3900,3900,8300,8300,9400,9400,9400,9400,9400,9400,9400,14,0,2800.0,3428.0140214312787,884.4699000183027,9416.823900013696,1741.0
1778884208,100,GET,GET /api/ -> https://flask.palletsprojects.com/,0.800000,0.000000,4600,5500,5500,5500,5700,5700,5700,5700,5700,5700,5700,10,0,4600.0,4450.9409000049345,2546.4628000045195,5678.595199977281,19667.0
1778884208,100,GET,GET /api/ -> https://httpbin.org/,1.700000,0.000000,3600,5000,6000,6500,7600,7900,7900,7900,7900,7900,7900,39,0,2700.0,3054.2017820497185,660.9478000027593,7934.401100006653,313.0
1778884208,100,GET,GET /api/ -> https://redis.io/,0.100000,0.000000,6300,6300,6300,6300,6300,6300,6300,6300,6300,6300,6300,2,0,6300.0,6823.830799985444,6263.86609999463,7383.795499976259,7221.0
1778884208,100,GET,GET /api/ -> https://www.python.org/,0.900000,0.000000,5600,5600,7700,7700,8900,11000,11000,11000,11000,11000,11000,24,0,2200.0,3332.3653624999374,592.8292000025976,10645.171800017124,12980.0
1778884208,100,,Aggregated,10.500000,0.000000,3400,4200,5500,5800,7400,7900,8900,9400,11000,11000,11000,216,0,2200.0,2724.4264578700863,103.21569998632185,10645.171800017124,4464.819444444444
1778884209,100,GET,GET /api/ -> http://example.com/,3.500000,0.000000,2100,3000,4200,5000,6300,8800,9200,9200,9200,9200,9200,82,0,1400.0,1988.6976048774825,103.21569998632185,9224.365200003376,65.0
1778884209,100,GET,GET /api/ -> https://books.toscrape.com/,2.600000,0.000000,3800,4200,5800,6600,6800,7500,7600,7600,7600,7600,7600,54,0,2700.0,2915.374975925833,679.7647999774199,7557.426399987889,7848.0
1778884209,100,GET,GET /api/ -> https://docs.docker.com/,0.600000,0.000000,3900,8300,8300,9400,9400,9400,9400,9400,9400,9400,9400,14,0,2800.0,3428.0140214312787,884.4699000183027,9416.823900013696,1741.0
1778884209,100,GET,GET /api/ -> https://flask.palletsprojects.com/,0.800000,0.000000,5500,5500,5700,5700,14000,14000,14000,14000,14000,14000,14000,11,0,5000.0,5276.8840727327515,2546.4628000045195,13536.315800010925,19667.0
1778884209,100,GET,GET /api/ -> https://httpbin.org/,2.000000,0.000000,3900,5700,6500,7600,7900,7900,7900,7900,7900,7900,7900,39,0,2700.0,3054.2017820497185,660.9478000027593,7934.401100006653,313.0
1778884209,100,GET,GET /api/ -> https://redis.io/,0.200000,0.000000,6300,6300,6300,6300,6300,6300,6300,6300,6300,6300,6300,2,0,6300.0,6823.830799985444,6263.86609999463,7383.795499976259,7221.0
1778884209,100,GET,GET /api/ -> https://www.python.org/,0.900000,0.000000,4800,5600,7200,7700,8900,11000,11000,11000,11000,11000,11000,26,0,2200.0,3234.745438461407,592.8292000025976,10645.171800017124,12980.0
1778884209,100,,Aggregated,10.600000,0.000000,3400,4800,5600,6300,7600,8800,9400,11000,14000,14000,14000,228,0,2300.0,2821.9573942980405,103.21569998632185,13536.315800010925,4534.921052631579
1778884210,100,GET,GET /api/ -> http://example.com/,3.400000,0.000000,2400,3000,4700,5300,6300,8800,9200,9200,9200,9200,9200,82,0,1400.0,1988.6976048774825,103.21569998632185,9224.365200003376,65.0
1778884210,100,GET,GET /api/ -> https://books.toscrape.com/,2.900000,0.000000,4200,5500,6600,6700,7400,7500,7600,7600,7600,7600,7600,56,0,2700.0,2996.0931500006286,679.7647999774199,7557.426399987889,7848.0
1778884210,100,GET,GET /api/ -> https://docs.docker.com/,0.600000,0.000000,3900,7600,8300,8300,9400,9400,9400,9400,9400,9400,9400,16,0,2900.0,3679.5414562529913,884.4699000183027,9416.823900013696,1741.0
1778884210,100,GET,GET /api/ -> https://flask.palletsprojects.com/,0.600000,0.000000,3700,5700,5700,14000,14000,14000,14000,14000,14000,14000,14000,11,0,5000.0,5276.8840727327515,2546.4628000045195,13536.315800010925,19667.0
1778884210,100,GET,GET /api/ -> https://httpbin.org/,2.100000,0.000000,3600,5000,6500,7600,7900,7900,11000,11000,11000,11000,11000,43,0,2800.0,3186.7795720917097,660.9478000027593,11177.690800017444,313.0
1778884210,100,GET,GET /api/ -> https://redis.io/,0.200000,0.000000,11000,11000,12000,12000,12000,12000,12000,12000,12000,12000,12000,5,0,7400.0,8421.80749999825,5333.235500002047,12478.026800003136,7221.0
1778884210,100,GET,GET /api/ -> https://www.python.org/,1.000000,0.000000,3900,5600,5600,7700,8900,11000,11000,11000,11000,11000,11000,28,0,2600.0,3307.424974999906,592.8292000025976,10645.171800017124,12980.0
1778884210,100,,Aggregated,10.800000,0.000000,3500,5400,6300,6700,7900,9400,11000,12000,14000,14000,14000,241,0,2500.0,2985.5654211619462,103.21569998632185,13536.315800010925,4572.676348547718
1778884211,100,GET,GET /api/ -> http://example.com/,3.700000,0.000000,2700,3000,4700,5400,6500,8800,9200,9200,9200,9200,9200,84,0,1700.0,2065.897340475723,103.21569998632185,9224.365200003376,65.0
1778884211,100,GET,GET /api/ -> https://books.toscrape.com/,2.900000,0.000000,4000,5500,6600,6700,7400,7500,7600,7600,7600,7600,7600,58,0,2700.0,2974.4244172420467,679.7647999774199,7557.426399987889,7848.0
1778884211,100,GET,GET /api/ -> https://docs.docker.com/,0.500000,0.000000,3900,5900,7600,7600,8300,8300,8300,8300,8300,8300,8300,17,0,3100.0,3809.599005885984,884.4699000183027,9416.823900013696,1741.0
1778884211,100,GET,GET /api/ -> https://flask.palletsprojects.com/,0.800000,0.000000,3700,5700,5700,14000,14000,14000,14000,14000,14000,14000,14000,11,0,5000.0,5276.8840727327515,2546.4628000045195,13536.315800010925,19667.0
1778884211,100,GET,GET /api/ -> https://httpbin.org/,2.200000,0.000000,4300,6000,7600,7600,7900,7900,11000,11000,11000,11000,11000,44,0,2800.0,3293.5714545442765,660.9478000027593,11177.690800017444,313.0
1778884211,100,GET,GET /api/ -> https://locust.io/,0.000000,0.000000,0,0,0,0,0,0,0,0,0,0,0,1,0,5626.232999988133,5626.232999988133,5626.232999988133,5626.232999988133,4762.0
1778884211,100,GET,GET /api/ -> https://redis.io/,0.200000,0.000000,11000,11000,11000,12000,12000,12000,12000,12000,12000,12000,12000,6,0,7400.0,8772.443333335104,5333.235500002047,12478.026800003136,7221.0
1778884211,100,GET,GET /api/ -> https://www.python.org/,1.300000,0.000000,4800,5600,5600,7700,8900,11000,11000,11000,11000,11000,11000,28,0,2600.0,3307.424974999906,592.8292000025976,10645.171800017124,12980.0
1778884211,100,,Aggregated,11.600000,0.000000,3800,5600,6500,7400,7900,11000,11000,12000,14000,14000,14000,249,0,2600.0,3070.870831325565,103.21569998632185,13536.315800010925,4545.694779116466
1778884212,100,GET,GET /api/ -> http://example.com/,4.000000,0.000000,3000,4700,6300,6500,8800,9700,9900,9900,9900,9900,9900,87,0,1800.0,2309.515490803811,103.21569998632185,9859.26989998552,65.0
1778884212,100,GET,GET /api/ -> https://books.toscrape.com/,2.600000,0.000000,3800,5500,6700,6800,7600,12000,12000,12000,12000,12000,12000,61,0,2700.0,3104.782472131774,679.7647999774199,11741.470599983586,7848.0
1778884212,100,GET,GET /api/ -> https://docs.docker.com/,0.600000,0.000000,3900,5900,7600,7600,8300,8300,8300,8300,8300,8300,8300,19,0,3100.0,3695.8814315822615,884.4699000183027,9416.823900013696,1741.0
1778884212,100,GET,GET /api/ -> https://flask.palletsprojects.com/,0.700000,0.000000,5700,5700,14000,14000,14000,14000,14000,14000,14000,14000,14000,11,0,5000.0,5276.8840727327515,2546.4628000045195,13536.315800010925,19667.0
1778884212,100,GET,GET /api/ -> https://httpbin.org/,2.200000,0.000000,5000,6500,7600,7900,7900,11000,11000,11000,11000,11000,11000,44,0,2800.0,3293.5714545442765,660.9478000027593,11177.690800017444,313.0
1778884212,100,GET,GET /api/ -> https://locust.io/,0.000000,0.000000,5600,5600,5600,5600,5600,5600,5600,5600,5600,5600,5600,2,0,5609.691400022712,5617.962200005422,5609.691400022712,5626.232999988133,4762.0
1778884212,100,GET,GET /api/ -> https://redis.io/,0.400000,0.000000,11000,11000,11000,12000,12000,12000,12000,12000,12000,12000,12000,6,0,7400.0,8772.443333335104,5333.235500002047,12478.026800003136,7221.0
1778884212,100,GET,GET /api/ -> https://www.python.org/,1.300000,0.000000,5400,5600,5600,7700,8900,11000,11000,11000,11000,11000,11000,30,0,2600.0,3303.081026666526,592.8292000025976,10645.171800017124,12980.0
1778884212,100,,Aggregated,11.800000,0.000000,3900,5700,6700,7600,8900,11000,12000,12000,14000,14000,14000,260,0,2700.0,3178.720037307917,103.21569998632185,13536.315800010925,4576.234615384616
1778884213,100,GET,GET /api/ -> http://example.com/,3.500000,0.000000,3000,5400,6300,7500,9200,9700,9900,9900,9900,9900,9900,88,0,1800.0,2346.9198511355153,103.21569998632185,9859.26989998552,65.0
1778884213,100,GET,GET /api/ -> https://books.toscrape.com/,2.300000,0.000000,4200,5900,6800,7400,8100,8700,12000,12000,12000,12000,12000,66,0,2900.0,3321.29595909183,679.7647999774199,11741.470599983586,7848.0
1778884213,100,GET,GET /api/ -> https://docs.docker.com/,0.800000,0.000000,4200,5900,7600,7600,8300,12000,12000,12000,12000,12000,12000,23,0,3300.0,4192.428495655211,884.4699000183027,11910.282099997858,1741.0
1778884213,100,GET,GET /api/ -> https://flask.palletsprojects.com/,0.500000,0.000000,3700,5700,5700,14000,14000,14000,14000,14000,14000,14000,14000,12,0,4600.0,4975.423350003742,1659.3553999846336,13536.315800010925,19667.0
1778884213,100,GET,GET /api/ -> https://httpbin.org/,2.100000,0.000000,5700,7600,7900,7900,11000,11000,11000,11000,11000,11000,11000,46,0,2900.0,3467.3834934769925,660.9478000027593,11177.690800017444,313.0
1778884213,100,GET,GET /api/ -> https://locust.io/,0.100000,0.000000,5600,5600,5600,5600,5600,5600,5600,5600,5600,5600,5600,2,0,5609.691400022712,5617.962200005422,5609.691400022712,5626.232999988133,4762.0
1778884213,100,GET,GET /api/ -> https://redis.io/,0.500000,0.000000,11000,11000,11000,11000,12000,12000,12000,12000,12000,12000,12000,7,0,11000.0,9108.320900002062,5333.235500002047,12478.026800003136,7221.0
1778884213,100,GET,GET /api/ -> https://www.python.org/,1.500000,0.000000,5600,5600,7700,8000,8900,11000,11000,11000,11000,11000,11000,32,0,2800.0,3527.5288562497735,592.8292000025976,10645.171800017124,12980.0
1778884213,100,,Aggregated,11.300000,0.000000,5400,6000,7600,7900,9900,11000,12000,12000,14000,14000,14000,276,0,2800.0,3366.812139855292,103.21569998632185,13536.315800010925,4672.333333333333
1778884214,100,GET,GET /api/ -> http://example.com/,3.300000,0.000000,3400,5600,7100,7500,9200,9700,9900,9900,9900,9900,9900,90,0,1800.0,2435.5701599991235,103.21569998632185,9859.26989998552,65.0
1778884214,100,GET,GET /api/ -> https://books.toscrape.com/,2.200000,0.000000,5500,5900,6800,7600,8700,11000,12000,12000,12000,12000,12000,68,0,3000.0,3471.6547970597544,679.7647999774199,11741.470599983586,7848.0
1778884214,100,GET,GET /api/ -> https://docs.docker.com/,0.800000,0.000000,5900,6100,6300,7600,8300,12000,12000,12000,12000,12000,12000,25,0,3300.0,4352.96664400259,884.4699000183027,11910.282099997858,1741.0
1778884214,100,GET,GET /api/ -> https://flask.palletsprojects.com/,0.400000,0.000000,5700,5700,8800,8800,14000,14000,14000,14000,14000,14000,14000,13,0,5000.0,5270.513600002652,1659.3553999846336,13536.315800010925,19667.0
1778884214,100,GET,GET /api/ -> https://httpbin.org/,2.200000,0.000000,6000,7600,7900,7900,11000,11000,11000,11000,11000,11000,11000,48,0,2900.0,3469.9224979158316,660.9478000027593,11177.690800017444,313.0
1778884214,100,GET,GET /api/ -> https://locust.io/,0.100000,0.000000,5600,5600,5600,5600,5600,5600,5600,5600,5600,5600,5600,2,0,5609.691400022712,5617.962200005422,5609.691400022712,5626.232999988133,4762.0
1778884214,100,GET,GET /api/ -> https://redis.io/,0.600000,0.000000,11000,11000,11000,11000,12000,12000,12000,12000,12000,12000,12000,7,0,11000.0,9108.320900002062,5333.235500002047,12478.026800003136,7221.0
1778884214,100,GET,GET /api/ -> https://www.python.org/,1.300000,0.000000,5600,5600,7700,7700,8900,11000,11000,11000,11000,11000,11000,34,0,2900.0,3537.868011765086,592.8292000025976,10645.171800017124,12980.0
1778884214,100,,Aggregated,10.900000,0.000000,5600,6300,7600,7900,9900,11000,12000,12000,14000,14000,14000,287,0,2900.0,3464.991799651853,103.21569998632185,13536.315800010925,4721.689895470383
1778884215,100,GET,GET /api/ -> http://example.com/,3.300000,0.000000,5000,6300,7500,7800,9700,9900,14000,14000,14000,14000,14000,91,0,1800.0,2557.7420351641754,103.21569998632185,13553.21080001886,65.0
1778884215,100,GET,GET /api/ -> https://books.toscrape.com/,2.100000,0.000000,5900,6200,7400,7600,8700,11000,12000,12000,12000,12000,12000,69,0,3000.0,3510.6079434791236,679.7647999774199,11741.470599983586,7848.0
1778884215,100,GET,GET /api/ -> https://docs.docker.com/,0.800000,0.000000,5900,6000,6300,6300,7600,12000,12000,12000,12000,12000,12000,25,0,3300.0,4352.96664400259,884.4699000183027,11910.282099997858,1741.0
1778884215,100,GET,GET /api/ -> https://flask.palletsprojects.com/,0.400000,0.000000,5700,5700,8800,8800,14000,14000,14000,14000,14000,14000,14000,14,0,4600.0,5005.599492859411,1561.716099997284,13536.315800010925,19667.0
1778884215,100,GET,GET /api/ -> https://httpbin.org/,1.900000,0.000000,6500,7900,7900,8300,11000,13000,13000,13000,13000,13000,13000,52,0,3200.0,3913.2582076921467,660.9478000027593,12745.645599992713,313.0
1778884215,100,GET,GET /api/ -> https://locust.io/,0.200000,0.000000,5600,5600,5600,5600,5600,5600,5600,5600,5600,5600,5600,2,0,5609.691400022712,5617.962200005422,5609.691400022712,5626.232999988133,4762.0
1778884215,100,GET,GET /api/ -> https://redis.io/,0.700000,0.000000,11000,11000,11000,11000,12000,12000,12000,12000,12000,12000,12000,7,0,11000.0,9108.320900002062,5333.235500002047,12478.026800003136,7221.0
1778884215,100,GET,GET /api/ -> https://www.python.org/,1.400000,0.000000,5400,5600,7700,8000,8900,11000,11000,11000,11000,11000,11000,34,0,2900.0,3537.868011765086,592.8292000025976,10645.171800017124,12980.0
1778884215,100,,Aggregated,10.800000,0.000000,5600,6500,7700,8100,11000,12000,13000,14000,14000,14000,14000,294,0,2900.0,3580.476674150088,103.21569998632185,13553.21080001886,4707.336734693878
1778884216,100,GET,GET /api/ -> http://example.com/,2.900000,0.000000,5400,7500,8400,8800,9900,11000,14000,14000,14000,14000,14000,94,0,1800.0,2765.3135723397854,103.21569998632185,13553.21080001886,65.0
1778884216,100,GET,GET /api/ -> https://books.toscrape.com/,2.300000,0.000000,5900,6800,7600,8700,11000,12000,13000,13000,13000,13000,13000,71,0,3200.0,3721.7736845080985,679.7647999774199,13262.477799988119,7848.0
1778884216,100,GET,GET /api/ -> https://docs.docker.com/,1.100000,0.000000,5900,6100,6300,7600,11000,12000,12000,12000,12000,12000,12000,26,0,3300.0,4605.239807694138,884.4699000183027,11910.282099997858,1741.0
1778884216,100,GET,GET /api/ -> https://flask.palletsprojects.com/,0.500000,0.000000,5000,5700,8800,8800,14000,14000,14000,14000,14000,14000,14000,15,0,5000.0,5005.684006670102,1561.716099997284,13536.315800010925,19667.0
1778884216,100,GET,GET /api/ -> https://httpbin.org/,2.000000,0.000000,6200,7600,7900,8300,11000,13000,13000,13000,13000,13000,13000,55,0,3300.0,3996.6525309084154,660.9478000027593,12745.645599992713,313.0
1778884216,100,GET,GET /api/ -> https://locust.io/,0.200000,0.000000,5600,5600,5600,5600,5600,5600,5600,5600,5600,5600,5600,2,0,5609.691400022712,5617.962200005422,5609.691400022712,5626.232999988133,4762.0
1778884216,100,GET,GET /api/ -> https://redis.io/,0.700000,0.000000,11000,11000,11000,11000,12000,12000,12000,12000,12000,12000,12000,7,0,11000.0,9108.320900002062,5333.235500002047,12478.026800003136,7221.0
1778884216,100,GET,GET /api/ -> https://www.python.org/,1.600000,0.000000,3900,5600,5800,7700,8000,8900,8900,8900,8900,8900,8900,35,0,3200.0,3539.2024942864996,592.8292000025976,10645.171800017124,12980.0
1778884216,100,,Aggregated,11.300000,0.000000,5600,6800,8000,8800,11000,12000,13000,14000,14000,14000,14000,305,0,3000.0,3730.1280318037034,103.21569998632185,13553.21080001886,4705.491803278688
1778884217,100,GET,GET /api/ -> http://example.com/,2.800000,0.000000,5600,7800,8500,9200,9900,11000,14000,14000,14000,14000,14000,95,0,1900.0,2825.5538484204167,103.21569998632185,13553.21080001886,65.0
1778884217,100,GET,GET /api/ -> https://books.toscrape.com/,2.300000,0.000000,5900,7600,8700,8800,12000,13000,15000,15000,15000,15000,15000,72,0,3200.0,3879.3415472233996,679.7647999774199,15066.659800009802,7848.0
1778884217,100,GET,GET /api/ -> https://docs.docker.com/,1.300000,0.000000,6000,6100,7600,7600,11000,12000,12000,12000,12000,12000,12000,26,0,3300.0,4605.239807694138,884.4699000183027,11910.282099997858,1741.0
1778884217,100,GET,GET /api/ -> https://flask.palletsprojects.com/,0.600000,0.000000,5000,5700,8800,8800,14000,14000,14000,14000,14000,14000,14000,16,0,4600.0,4970.194806252039,1561.716099997284,13536.315800010925,19667.0
1778884217,100,GET,GET /api/ -> https://httpbin.org/,2.000000,0.000000,6500,7900,8300,8800,11000,13000,13000,13000,13000,13000,13000,58,0,3300.0,4074.0892499989372,660.9478000027593,12745.645599992713,313.0
1778884217,100,GET,GET /api/ -> https://locust.io/,0.200000,0.000000,5600,5600,5600,5600,5600,5600,5600,5600,5600,5600,5600,2,0,5609.691400022712,5617.962200005422,5609.691400022712,5626.232999988133,4762.0
1778884217,100,GET,GET /api/ -> https://redis.io/,0.700000,0.000000,11000,11000,11000,11000,12000,12000,12000,12000,12000,12000,12000,8,0,10000.0,9252.850525001122,5333.235500002047,12478.026800003136,7221.0
1778884217,100,GET,GET /api/ -> https://www.python.org/,1.600000,0.000000,5400,5800,7700,8000,13000,15000,15000,15000,15000,15000,15000,39,0,3400.0,4186.033920513299,592.8292000025976,14650.624700007029,12980.0
1778884217,100,,Aggregated,11.500000,0.000000,5900,7600,8700,9700,11000,13000,14000,15000,15000,15000,15000,316,0,3000.0,3898.1354015825364,103.21569998632185,15066.659800009802,4819.098101265823
1778884218,100,GET,GET /api/ -> http://example.com/,2.800000,0.000000,7500,8400,9700,9900,13000,14000,14000,14000,14000,14000,14000,96,0,1900.0,2934.009054166078,103.21569998632185,13553.21080001886,65.0
1778884218,100,GET,GET /api/ -> https://books.toscrape.com/,2.300000,0.000000,6200,8100,8800,8800,12000,13000,15000,15000,15000,15000,15000,73,0,3400.0,3947.1159246586717,679.7647999774199,15066.659800009802,7848.0
1778884218,100,GET,GET /api/ -> https://docs.docker.com/,1.300000,0.000000,6000,6100,7600,7600,11000,12000,12000,12000,12000,12000,12000,26,0,3300.0,4605.239807694138,884.4699000183027,11910.282099997858,1741.0
1778884218,100,GET,GET /api/ -> https://flask.palletsprojects.com/,0.600000,0.000000,5000,5700,8800,8800,14000,14000,14000,14000,14000,14000,14000,16,0,4600.0,4970.194806252039,1561.716099997284,13536.315800010925,19667.0
1778884218,100,GET,GET /api/ -> https://httpbin.org/,2.000000,0.000000,6200,7900,8800,11000,13000,13000,13000,13000,13000,13000,13000,58,0,3300.0,4074.0892499989372,660.9478000027593,12745.645599992713,313.0
1778884218,100,GET,GET /api/ -> https://locust.io/,0.200000,0.000000,5600,5600,5600,5600,5600,5600,5600,5600,5600,5600,5600,2,0,5609.691400022712,5617.962200005422,5609.691400022712,5626.232999988133,4762.0
1778884218,100,GET,GET /api/ -> https://redis.io/,0.700000,0.000000,11000,11000,11000,11000,12000,12000,12000,12000,12000,12000,12000,8,0,10000.0,9252.850525001122,5333.235500002047,12478.026800003136,7221.0
1778884218,100,GET,GET /api/ -> https://www.python.org/,1.600000,0.000000,5400,5800,8000,10000,13000,15000,15000,15000,15000,15000,15000,39,0,3400.0,4186.033920513299,592.8292000025976,14650.624700007029,12980.0
1778884218,100,,Aggregated,11.500000,0.000000,6000,8000,8800,10000,12000,13000,15000,15000,15000,15000,15000,318,0,3000.0,3943.0028666669295,103.21569998632185,15066.659800009802,4813.672955974843
1778884219,100,GET,GET /api/ -> http://example.com/,2.800000,0.000000,7500,8400,9700,9900,13000,14000,14000,14000,14000,14000,14000,96,0,1900.0,2934.009054166078,103.21569998632185,13553.21080001886,65.0
1778884219,100,GET,GET /api/ -> https://books.toscrape.com/,2.500000,0.000000,8100,8800,11000,12000,13000,15000,15000,15000,15000,15000,15000,74,0,3400.0,4064.1288891901904,679.7647999774199,15066.659800009802,7848.0
1778884219,100,GET,GET /api/ -> https://docs.docker.com/,1.200000,0.000000,6000,6300,7600,7600,11000,12000,12000,12000,12000,12000,12000,26,0,3300.0,4605.239807694138,884.4699000183027,11910.282099997858,1741.0
1778884219,100,GET,GET /api/ -> https://flask.palletsprojects.com/,0.700000,0.000000,5000,5700,8800,8800,14000,14000,14000,14000,14000,14000,14000,16,0,4600.0,4970.194806252039,1561.716099997284,13536.315800010925,19667.0
1778884219,100,GET,GET /api/ -> https://httpbin.org/,2.200000,0.000000,6600,8300,10000,11000,13000,13000,13000,13000,13000,13000,13000,60,0,3400.0,4203.203013331707,660.9478000027593,12745.645599992713,313.0
1778884219,100,GET,GET /api/ -> https://locust.io/,0.200000,0.000000,5600,5600,5600,5600,5600,5600,5600,5600,5600,5600,5600,2,0,5609.691400022712,5617.962200005422,5609.691400022712,5626.232999988133,4762.0
1778884219,100,GET,GET /api/ -> https://redis.io/,0.500000,0.000000,11000,11000,11000,11000,11000,11000,11000,11000,11000,11000,11000,8,0,10000.0,9252.850525001122,5333.235500002047,12478.026800003136,7221.0
1778884219,100,GET,GET /api/ -> https://www.python.org/,1.600000,0.000000,5400,5800,8000,10000,13000,15000,15000,15000,15000,15000,15000,39,0,3400.0,4186.033920513299,592.8292000025976,14650.624700007029,12980.0
1778884219,100,,Aggregated,11.700000,0.000000,6300,8500,10000,11000,13000,13000,15000,15000,15000,15000,15000,321,0,3000.0,3994.9407825546377,103.21569998632185,15066.659800009802,4795.084112149532
1778884220,100,GET,GET /api/ -> http://example.com/,2.500000,0.000000,8400,9700,9900,11000,13000,14000,14000,14000,14000,14000,14000,96,0,1900.0,2934.009054166078,103.21569998632185,13553.21080001886,65.0
1778884220,100,GET,GET /api/ -> https://books.toscrape.com/,2.400000,0.000000,8100,8800,11000,12000,13000,15000,15000,15000,15000,15000,15000,74,0,3400.0,4064.1288891901904,679.7647999774199,15066.659800009802,7848.0
1778884220,100,GET,GET /api/ -> https://docs.docker.com/,1.200000,0.000000,6000,6100,6300,11000,12000,12000,12000,12000,12000,12000,12000,27,0,3300.0,4551.2143444470385,884.4699000183027,11910.282099997858,1741.0
1778884220,100,GET,GET /api/ -> https://flask.palletsprojects.com/,0.700000,0.000000,5000,8500,8800,8800,28000,28000,28000,28000,28000,28000,28000,18,0,5000.0,6443.3035333349835,1561.716099997284,27938.906499999575,19667.0
1778884220,100,GET,GET /api/ -> https://httpbin.org/,2.100000,0.000000,6600,7900,8800,10000,13000,13000,13000,13000,13000,13000,13000,62,0,3400.0,4287.171974192343,660.9478000027593,12745.645599992713,313.0
1778884220,100,GET,GET /api/ -> https://locust.io/,0.200000,0.000000,5600,5600,5600,5600,5600,5600,5600,5600,5600,5600,5600,2,0,5609.691400022712,5617.962200005422,5609.691400022712,5626.232999988133,4762.0
1778884220,100,GET,GET /api/ -> https://redis.io/,0.600000,0.000000,11000,11000,11000,11000,11000,11000,11000,11000,11000,11000,11000,8,0,10000.0,9252.850525001122,5333.235500002047,12478.026800003136,7221.0
1778884220,100,GET,GET /api/ -> https://www.python.org/,1.700000,0.000000,5400,5800,8000,10000,13000,15000,15000,15000,15000,15000,15000,41,0,3400.0,4205.399490244795,592.8292000025976,14650.624700007029,12980.0
1778884220,100,,Aggregated,11.400000,0.000000,6600,8500,10000,11000,13000,13000,15000,28000,28000,28000,28000,328,0,3200.0,4099.870207317375,103.21569998632185,27938.906499999575,4899.033536585366
1778884221,100,GET,GET /api/ -> http://example.com/,1.900000,0.000000,8500,9700,11000,11000,13000,14000,14000,14000,14000,14000,14000,96,0,1900.0,2934.009054166078,103.21569998632185,13553.21080001886,65.0
1778884221,100,GET,GET /api/ -> https://books.toscrape.com/,2.100000,0.000000,8100,8800,11000,12000,13000,15000,15000,15000,15000,15000,15000,75,0,3400.0,4053.3848400010415,679.7647999774199,15066.659800009802,7848.0
1778884221,100,GET,GET /api/ -> https://docs.docker.com/,1.200000,0.000000,4200,6000,6300,6300,11000,12000,12000,12000,12000,12000,12000,30,0,3300.0,4408.627743336062,884.4699000183027,11910.282099997858,1741.0
1778884221,100,GET,GET /api/ -> https://flask.palletsprojects.com/,0.500000,0.000000,8500,8800,11000,11000,28000,28000,28000,28000,28000,28000,28000,19,0,5000.0,6709.218257895707,1561.716099997284,27938.906499999575,19667.0
1778884221,100,GET,GET /api/ -> https://httpbin.org/,1.900000,0.000000,6700,8100,8800,10000,13000,13000,13000,13000,13000,13000,13000,63,0,3500.0,4348.313065078516,660.9478000027593,12745.645599992713,313.0
1778884221,100,GET,GET /api/ -> https://locust.io/,0.200000,0.000000,11000,11000,11000,11000,11000,11000,11000,11000,11000,11000,11000,3,0,5609.691400022712,7506.988466668797,5609.691400022712,11285.040999995545,4762.0
1778884221,100,GET,GET /api/ -> https://redis.io/,0.600000,0.000000,11000,11000,24000,24000,24000,24000,24000,24000,24000,24000,24000,10,0,10000.0,10569.19061000226,5333.235500002047,23858.80790001829,7221.0
1778884221,100,GET,GET /api/ -> https://www.python.org/,1.400000,0.000000,6000,8000,13000,13000,15000,15000,15000,15000,15000,15000,15000,44,0,3600.0,4734.828952273925,592.8292000025976,14862.885600014124,12980.0
1778884221,100,,Aggregated,9.800000,0.000000,7100,8800,10000,11000,13000,15000,24000,28000,28000,28000,28000,340,0,3200.0,4282.034646765147,103.21569998632185,27938.906499999575,4994.34705882353
1778884222,100,GET,GET /api/ -> http://example.com/,1.400000,0.000000,8500,11000,13000,14000,21000,21000,21000,21000,21000,21000,21000,97,0,1900.0,3117.648360824102,103.21569998632185,20747.0217999944,65.0
1778884222,100,GET,GET /api/ -> https://books.toscrape.com/,1.800000,0.000000,8800,11000,13000,13000,15000,22000,22000,22000,22000,22000,22000,82,0,3600.0,4685.713629268476,679.7647999774199,21879.819800000405,7848.0
1778884222,100,GET,GET /api/ -> https://docs.docker.com/,1.100000,0.000000,4200,6000,6300,6300,11000,12000,12000,12000,12000,12000,12000,31,0,3300.0,4301.303987100255,884.4699000183027,11910.282099997858,1741.0
1778884222,100,GET,GET /api/ -> https://flask.palletsprojects.com/,0.500000,0.000000,5000,8500,8800,11000,28000,28000,28000,28000,28000,28000,28000,20,0,5000.0,6436.052430002019,1245.901700021932,27938.906499999575,19667.0
1778884222,100,GET,GET /api/ -> https://github.com/ibnesayeed/linkextractor,0.000000,0.000000,0,0,0,0,0,0,0,0,0,0,0,1,0,9692.593299987493,9692.593299987493,9692.593299987493,9692.593299987493,11810.0
1778884222,100,GET,GET /api/ -> https://httpbin.org/,1.900000,0.000000,6600,8100,8800,10000,11000,13000,13000,13000,13000,13000,13000,66,0,3500.0,4429.521936363237,660.9478000027593,12745.645599992713,313.0
1778884222,100,GET,GET /api/ -> https://locust.io/,0.200000,0.000000,11000,11000,11000,11000,11000,11000,11000,11000,11000,11000,11000,3,0,5609.691400022712,7506.988466668797,5609.691400022712,11285.040999995545,4762.0
1778884222,100,GET,GET /api/ -> https://redis.io/,0.400000,0.000000,10000,11000,11000,24000,24000,24000,24000,24000,24000,24000,24000,11,0,10000.0,10212.696709093341,5333.235500002047,23858.80790001829,7221.0
1778884222,100,GET,GET /api/ -> https://www.python.org/,1.300000,0.000000,7900,8100,13000,13000,15000,15000,15000,15000,15000,15000,15000,45,0,3700.0,4810.7211711118,592.8292000025976,14862.885600014124,12980.0
1778884222,100,,Aggregated,8.600000,0.000000,7500,8800,11000,11000,13000,15000,24000,28000,28000,28000,28000,356,0,3300.0,4500.241583708221,103.21569998632185,27938.906499999575,5077.070224719101
1778884223,100,GET,GET /api/ -> http://example.com/,1.400000,0.000000,11000,13000,14000,14000,21000,21000,21000,21000,21000,21000,21000,97,0,1900.0,3117.648360824102,103.21569998632185,20747.0217999944,65.0
1778884223,100,GET,GET /api/ -> https://books.toscrape.com/,1.700000,0.000000,11000,13000,15000,15000,22000,24000,24000,24000,24000,24000,24000,86,0,3800.0,5127.342999999772,679.7647999774199,23556.899799994426,7848.0
1778884223,100,GET,GET /api/ -> https://docs.docker.com/,1.000000,0.000000,6100,10000,11000,11000,13000,27000,27000,27000,27000,27000,27000,34,0,3900.0,5408.5582205905885,884.4699000183027,26998.174299980747,1741.0
1778884223,100,GET,GET /api/ -> https://flask.palletsprojects.com/,0.700000,0.000000,8800,9600,11000,17000,28000,28000,28000,28000,28000,28000,28000,22,0,5000.0,7079.700577275203,1245.901700021932,27938.906499999575,19667.0
1778884223,100,GET,GET /api/ -> https://github.com/ibnesayeed/linkextractor,0.000000,0.000000,9700,9700,9700,9700,9700,9700,9700,9700,9700,9700,9700,2,0,2300.0,5973.526999994647,2254.4607000018004,9692.593299987493,11810.0
1778884223,100,GET,GET /api/ -> https://httpbin.org/,1.900000,0.000000,6600,8100,8800,10000,11000,13000,13000,13000,13000,13000,13000,68,0,3500.0,4476.871786764497,660.9478000027593,12745.645599992713,313.0
1778884223,100,GET,GET /api/ -> https://locust.io/,0.100000,0.000000,10000,10000,11000,11000,11000,11000,11000,11000,11000,11000,11000,4,0,5609.691400022712,8201.007250005205,5609.691400022712,11285.040999995545,4762.0
1778884223,100,GET,GET /api/ -> https://redis.io/,0.300000,0.000000,10000,11000,11000,24000,24000,24000,24000,24000,24000,24000,24000,11,0,10000.0,10212.696709093341,5333.235500002047,23858.80790001829,7221.0
1778884223,100,GET,GET /api/ -> https://www.python.org/,1.300000,0.000000,7900,10000,13000,13000,15000,15000,15000,15000,15000,15000,15000,47,0,3700.0,4841.390812767056,592.8292000025976,14862.885600014124,12980.0
1778884223,100,,Aggregated,8.400000,0.000000,8300,10000,11000,13000,15000,22000,27000,28000,28000,28000,28000,371,0,3400.0,4776.472177089291,103.21569998632185,27938.906499999575,5192.840970350404
1778884224,100,GET,GET /api/ -> http://example.com/,1.200000,0.000000,13000,14000,19000,19000,21000,21000,21000,21000,21000,21000,21000,98,0,1900.0,3279.7442112237986,103.21569998632185,20747.0217999944,65.0
1778884224,100,GET,GET /api/ -> https://books.toscrape.com/,1.700000,0.000000,11000,13000,15000,15000,22000,24000,24000,24000,24000,24000,24000,87,0,3800.0,5244.00128160895,679.7647999774199,23556.899799994426,7848.0
1778884224,100,GET,GET /api/ -> https://docs.docker.com/,1.200000,0.000000,6300,10000,10000,11000,13000,27000,27000,27000,27000,27000,27000,37,0,3900.0,5539.351659462744,884.4699000183027,26998.174299980747,1741.0
1778884224,100,GET,GET /api/ -> https://flask.palletsprojects.com/,0.800000,0.000000,9600,11000,13000,17000,28000,28000,28000,28000,28000,28000,28000,24,0,5000.0,7184.426033335815,1245.901700021932,27938.906499999575,19667.0
1778884224,100,GET,GET /api/ -> https://github.com/ibnesayeed/linkextractor,0.100000,0.000000,9700,9700,9700,9700,9700,9700,9700,9700,9700,9700,9700,2,0,2300.0,5973.526999994647,2254.4607000018004,9692.593299987493,11810.0
1778884224,100,GET,GET /api/ -> https://httpbin.org/,1.900000,0.000000,7500,8300,10000,10000,11000,13000,20000,20000,20000,20000,20000,71,0,3600.0,4823.490953520941,660.9478000027593,20199.0409999853,313.0
1778884224,100,GET,GET /api/ -> https://locust.io/,0.200000,0.000000,10000,10000,11000,11000,11000,11000,11000,11000,11000,11000,11000,4,0,5609.691400022712,8201.007250005205,5609.691400022712,11285.040999995545,4762.0
1778884224,100,GET,GET /api/ -> https://redis.io/,0.400000,0.000000,10000,10000,24000,24000,24000,24000,24000,24000,24000,24000,24000,11,0,10000.0,10212.696709093341,5333.235500002047,23858.80790001829,7221.0
1778884224,100,GET,GET /api/ -> https://www.python.org/,1.600000,0.000000,7600,10000,13000,13000,15000,15000,15000,15000,15000,15000,15000,50,0,3700.0,5049.122170000919,592.8292000025976,14862.885600014124,12980.0
1778884224,100,,Aggregated,9.100000,0.000000,8500,10000,13000,13000,15000,22000,27000,28000,28000,28000,28000,384,0,3500.0,4966.249982812921,103.21569998632185,27938.906499999575,5257.533854166667
1778884225,100,GET,GET /api/ -> http://example.com/,1.000000,0.000000,13000,13000,19000,19000,21000,21000,21000,21000,21000,21000,21000,98,0,1900.0,3279.7442112237986,103.21569998632185,20747.0217999944,65.0
1778884225,100,GET,GET /api/ -> https://books.toscrape.com/,2.000000,0.000000,12000,13000,15000,15000,22000,24000,24000,24000,24000,24000,24000,89,0,3800.0,5305.016680898569,679.7647999774199,23556.899799994426,7848.0
1778884225,100,GET,GET /api/ -> https://docs.docker.com/,1.200000,0.000000,10000,11000,12000,13000,13000,27000,27000,27000,27000,27000,27000,39,0,3900.0,5900.469205131044,884.4699000183027,26998.174299980747,1741.0
1778884225,100,GET,GET /api/ -> https://flask.palletsprojects.com/,0.900000,0.000000,11000,11000,13000,13000,17000,28000,28000,28000,28000,28000,28000,26,0,5400.0,7540.730538463462,1245.901700021932,27938.906499999575,19667.0
1778884225,100,GET,GET /api/ -> https://github.com/ibnesayeed/linkextractor,0.100000,0.000000,9700,9700,9700,9700,9700,9700,9700,9700,9700,9700,9700,2,0,2300.0,5973.526999994647,2254.4607000018004,9692.593299987493,11810.0
1778884225,100,GET,GET /api/ -> https://httpbin.org/,2.300000,0.000000,6700,8100,10000,10000,11000,20000,20000,20000,20000,20000,20000,72,0,3500.0,4798.43842638891,660.9478000027593,20199.0409999853,313.0
1778884225,100,GET,GET /api/ -> https://locust.io/,0.100000,0.000000,11000,11000,15000,15000,15000,15000,15000,15000,15000,15000,15000,5,0,10000.0,9596.96444000001,5609.691400022712,15180.793199979234,4762.0
1778884225,100,GET,GET /api/ -> https://redis.io/,0.400000,0.000000,10000,10000,24000,24000,24000,24000,24000,24000,24000,24000,24000,11,0,10000.0,10212.696709093341,5333.235500002047,23858.80790001829,7221.0
1778884225,100,GET,GET /api/ -> https://training.play-with-docker.com/,0.000000,0.000000,0,0,0,0,0,0,0,0,0,0,0,1,0,3040.629800001625,3040.629800001625,3040.629800001625,3040.629800001625,1424.0
1778884225,100,GET,GET /api/ -> https://www.python.org/,1.600000,0.000000,7600,8100,13000,13000,15000,15000,15000,15000,15000,15000,15000,52,0,3700.0,5056.501907693299,592.8292000025976,14862.885600014124,12980.0
1778884225,100,,Aggregated,9.600000,0.000000,8800,11000,13000,13000,15000,22000,27000,28000,28000,28000,28000,395,0,3600.0,5072.092521519332,103.21569998632185,27938.906499999575,5341.427848101266
1778884226,100,GET,GET /api/ -> http://example.com/,0.800000,0.000000,19000,19000,21000,21000,21000,21000,21000,21000,21000,21000,21000,98,0,1900.0,3279.7442112237986,103.21569998632185,20747.0217999944,65.0
1778884226,100,GET,GET /api/ -> https://books.toscrape.com/,2.000000,0.000000,12000,13000,15000,15000,22000,24000,24000,24000,24000,24000,24000,89,0,3800.0,5305.016680898569,679.7647999774199,23556.899799994426,7848.0
1778884226,100,GET,GET /api/ -> https://docs.docker.com/,1.100000,0.000000,7500,11000,12000,13000,13000,27000,27000,27000,27000,27000,27000,42,0,3900.0,5889.452492859813,884.4699000183027,26998.174299980747,1741.0
1778884226,100,GET,GET /api/ -> https://flask.palletsprojects.com/,1.000000,0.000000,11000,11000,13000,13000,17000,28000,28000,28000,28000,28000,28000,27,0,5500.0,7626.74938148336,1245.901700021932,27938.906499999575,19667.0
1778884226,100,GET,GET /api/ -> https://github.com/ibnesayeed/linkextractor,0.200000,0.000000,9700,9700,9700,9700,9700,9700,9700,9700,9700,9700,9700,2,0,2300.0,5973.526999994647,2254.4607000018004,9692.593299987493,11810.0
1778884226,100,GET,GET /api/ -> https://httpbin.org/,2.100000,0.000000,6700,7500,10000,10000,11000,20000,20000,20000,20000,20000,20000,74,0,3500.0,4752.399431081014,660.9478000027593,20199.0409999853,313.0
1778884226,100,GET,GET /api/ -> https://locust.io/,0.200000,0.000000,11000,11000,15000,15000,15000,15000,15000,15000,15000,15000,15000,5,0,10000.0,9596.96444000001,5609.691400022712,15180.793199979234,4762.0
1778884226,100,GET,GET /api/ -> https://redis.io/,0.400000,0.000000,10000,12000,12000,24000,24000,24000,24000,24000,24000,24000,24000,12,0,10000.0,10336.136008336325,5333.235500002047,23858.80790001829,7221.0
1778884226,100,GET,GET /api/ -> https://training.play-with-docker.com/,0.000000,0.000000,3000,3000,3000,3000,3000,3000,3000,3000,3000,3000,3000,1,0,3040.629800001625,3040.629800001625,3040.629800001625,3040.629800001625,1424.0
1778884226,100,GET,GET /api/ -> https://www.python.org/,1.400000,0.000000,7600,10000,13000,15000,22000,30000,30000,30000,30000,30000,30000,56,0,3700.0,5692.176641072625,592.8292000025976,29505.772200005595,12980.0
1778884226,100,,Aggregated,9.200000,0.000000,8500,11000,13000,13000,19000,24000,28000,30000,30000,30000,30000,406,0,3600.0,5182.9710423649185,103.21569998632185,29505.772200005595,5405.224137931034
1778884227,100,GET,GET /api/ -> http://example.com/,0.800000,0.000000,13000,19000,19000,21000,21000,21000,21000,21000,21000,21000,21000,99,0,1900.0,3261.508017171038,103.21569998632185,20747.0217999944,65.0
1778884227,100,GET,GET /api/ -> https://books.toscrape.com/,1.900000,0.000000,13000,15000,15000,22000,24000,26000,26000,26000,26000,26000,26000,91,0,3800.0,5736.026801098238,679.7647999774199,25749.370699981228,7848.0
1778884227,100,GET,GET /api/ -> https://docs.docker.com/,1.200000,0.000000,5500,10000,12000,13000,13000,27000,27000,27000,27000,27000,27000,43,0,3900.0,5880.116293026096,884.4699000183027,26998.174299980747,1741.0
1778884227,100,GET,GET /api/ -> https://flask.palletsprojects.com/,1.000000,0.000000,11000,11000,13000,13000,17000,28000,28000,28000,28000,28000,28000,28,0,5400.0,7410.902639286568,1245.901700021932,27938.906499999575,19667.0
1778884227,100,GET,GET /api/ -> https://github.com/ibnesayeed/linkextractor,0.200000,0.000000,9700,9700,9700,9700,9700,9700,9700,9700,9700,9700,9700,2,0,2300.0,5973.526999994647,2254.4607000018004,9692.593299987493,11810.0
1778884227,100,GET,GET /api/ -> https://httpbin.org/,2.200000,0.000000,6200,7500,10000,10000,11000,20000,20000,20000,20000,20000,20000,76,0,3500.0,4761.427311842119,660.9478000027593,20199.0409999853,313.0
1778884227,100,GET,GET /api/ -> https://locust.io/,0.200000,0.000000,10000,11000,11000,15000,15000,15000,15000,15000,15000,15000,15000,7,0,9500.0,8986.240542859638,5384.673500026111,15180.793199979234,4762.0
1778884227,100,GET,GET /api/ -> https://redis.io/,0.400000,0.000000,12000,12000,19000,19000,24000,24000,24000,24000,24000,24000,24000,13,0,11000.0,11015.565192308994,5333.235500002047,23858.80790001829,7221.0
1778884227,100,GET,GET /api/ -> https://training.play-with-docker.com/,0.100000,0.000000,3000,3000,3000,3000,3000,3000,3000,3000,3000,3000,3000,1,0,3040.629800001625,3040.629800001625,3040.629800001625,3040.629800001625,1424.0
1778884227,100,GET,GET /api/ -> https://www.python.org/,1.600000,0.000000,7400,8100,13000,15000,22000,30000,30000,30000,30000,30000,30000,58,0,3800.0,5788.200650000865,592.8292000025976,29505.772200005595,12980.0
1778884227,100,,Aggregated,9.600000,0.000000,8100,11000,13000,15000,21000,24000,28000,30000,30000,30000,30000,418,0,3600.0,5320.324965550466,103.21569998632185,29505.772200005595,5442.633971291866
1778884229,100,GET,GET /api/ -> http://example.com/,0.400000,0.000000,19000,19000,21000,21000,21000,21000,21000,21000,21000,21000,21000,99,0,1900.0,3261.508017171038,103.21569998632185,20747.0217999944,65.0
1778884229,100,GET,GET /api/ -> https://books.toscrape.com/,1.800000,0.000000,13000,15000,15000,22000,24000,26000,26000,26000,26000,26000,26000,91,0,3800.0,5736.026801098238,679.7647999774199,25749.370699981228,7848.0
1778884229,100,GET,GET /api/ -> https://docs.docker.com/,1.600000,0.000000,7500,10000,12000,13000,13000,27000,27000,27000,27000,27000,27000,44,0,3900.0,6023.319754547794,884.4699000183027,26998.174299980747,1741.0
1778884229,100,GET,GET /api/ -> https://flask.palletsprojects.com/,1.200000,0.000000,9900,11000,13000,13000,17000,28000,28000,28000,28000,28000,28000,32,0,5400.0,7382.6694406261595,1245.901700021932,27938.906499999575,19667.0
1778884229,100,GET,GET /api/ -> https://github.com/ibnesayeed/linkextractor,0.200000,0.000000,9700,9700,9700,9700,9700,9700,9700,9700,9700,9700,9700,2,0,2300.0,5973.526999994647,2254.4607000018004,9692.593299987493,11810.0
1778884229,100,GET,GET /api/ -> https://httpbin.org/,1.800000,0.000000,5500,7500,8100,10000,11000,20000,20000,20000,20000,20000,20000,77,0,3600.0,4771.473228571598,660.9478000027593,20199.0409999853,313.0
1778884229,100,GET,GET /api/ -> https://locust.io/,0.300000,0.000000,10000,10000,11000,11000,15000,15000,15000,15000,15000,15000,15000,8,0,7600.0,8814.249325005221,5384.673500026111,15180.793199979234,4762.0
1778884229,100,GET,GET /api/ -> https://redis.io/,0.500000,0.000000,12000,19000,19000,24000,24000,24000,24000,24000,24000,24000,24000,13,0,11000.0,11015.565192308994,5333.235500002047,23858.80790001829,7221.0
1778884229,100,GET,GET /api/ -> https://training.play-with-docker.com/,0.100000,0.000000,5600,5600,5600,5600,5600,5600,5600,5600,5600,5600,5600,2,0,3040.629800001625,4306.143599998904,3040.629800001625,5571.657399996184,1424.0
1778884229,100,GET,GET /api/ -> https://www.python.org/,2.000000,0.000000,7400,8100,12000,13000,15000,22000,30000,30000,30000,30000,30000,61,0,4800.0,5865.699295082404,592.8292000025976,29505.772200005595,12980.0
1778884229,100,,Aggregated,9.900000,0.000000,8100,11000,13000,13000,20000,24000,27000,28000,30000,30000,30000,429,0,3800.0,5374.419586946614,103.21569998632185,29505.772200005595,5596.431235431235
1778884230,100,GET,GET /api/ -> http://example.com/,0.300000,0.000000,19000,19000,21000,21000,21000,21000,21000,21000,21000,21000,21000,99,0,1900.0,3261.508017171038,103.21569998632185,20747.0217999944,65.0
1778884230,100,GET,GET /api/ -> https://books.toscrape.com/,1.800000,0.000000,13000,15000,17000,22000,24000,26000,26000,26000,26000,26000,26000,92,0,3800.0,5862.838361955769,679.7647999774199,25749.370699981228,7848.0
1778884230,100,GET,GET /api/ -> https://docs.docker.com/,1.700000,0.000000,5500,10000,12000,13000,13000,27000,27000,27000,27000,27000,27000,46,0,3900.0,5814.562421741911,884.4699000183027,26998.174299980747,1741.0
1778884230,100,GET,GET /api/ -> https://flask.palletsprojects.com/,1.200000,0.000000,9900,11000,13000,13000,15000,17000,17000,17000,17000,17000,17000,32,0,5400.0,7382.6694406261595,1245.901700021932,27938.906499999575,19667.0
1778884230,100,GET,GET /api/ -> https://github.com/ibnesayeed/linkextractor,0.200000,0.000000,6700,9700,9700,19000,19000,19000,19000,19000,19000,19000,19000,5,0,6700.0,7897.128960007103,2246.5819000208285,18549.19700001483,11810.0
1778884230,100,GET,GET /api/ -> https://httpbin.org/,1.800000,0.000000,5200,8100,10000,10000,20000,26000,26000,26000,26000,26000,26000,79,0,3600.0,4996.5953683543985,660.9478000027593,26420.995399996173,313.0
1778884230,100,GET,GET /api/ -> https://locust.io/,0.500000,0.000000,9500,10000,11000,11000,15000,15000,15000,15000,15000,15000,15000,9,0,7700.0,8693.518277784784,5384.673500026111,15180.793199979234,4762.0
1778884230,100,GET,GET /api/ -> https://redis.io/,0.500000,0.000000,12000,12000,19000,19000,24000,24000,24000,24000,24000,24000,24000,14,0,10000.0,10847.546992858823,5333.235500002047,23858.80790001829,7221.0
1778884230,100,GET,GET /api/ -> https://training.play-with-docker.com/,0.100000,0.000000,5600,5600,5600,5600,5600,5600,5600,5600,5600,5600,5600,2,0,3040.629800001625,4306.143599998904,3040.629800001625,5571.657399996184,1424.0
1778884230,100,GET,GET /api/ -> https://www.python.org/,1.900000,0.000000,7600,12000,13000,15000,15000,22000,30000,30000,30000,30000,30000,62,0,4800.0,6006.744762903714,592.8292000025976,29505.772200005595,12980.0
1778884230,100,,Aggregated,10.000000,0.000000,8100,11000,13000,15000,19000,24000,26000,27000,30000,30000,30000,440,0,3800.0,5480.318591591305,103.21569998632185,29505.772200005595,5620.95
1778884231,100,GET,GET /api/ -> http://example.com/,0.300000,0.000000,19000,19000,21000,21000,21000,21000,21000,21000,21000,21000,21000,100,0,1900.0,3232.9071769994334,103.21569998632185,20747.0217999944,65.0
1778884231,100,GET,GET /api/ -> https://books.toscrape.com/,1.800000,0.000000,13000,15000,17000,22000,24000,26000,26000,26000,26000,26000,26000,92,0,3800.0,5862.838361955769,679.7647999774199,25749.370699981228,7848.0
1778884231,100,GET,GET /api/ -> https://docs.docker.com/,1.700000,0.000000,7500,10000,12000,13000,13000,27000,27000,27000,27000,27000,27000,49,0,3900.0,5854.410491839802,884.4699000183027,26998.174299980747,1741.0
1778884231,100,GET,GET /api/ -> https://flask.palletsprojects.com/,1.200000,0.000000,9600,11000,13000,13000,15000,17000,17000,17000,17000,17000,17000,33,0,5400.0,7197.164072728342,1245.901700021932,27938.906499999575,19667.0
1778884231,100,GET,GET /api/ -> https://github.com/ibnesayeed/linkextractor,0.200000,0.000000,6700,9700,9700,19000,19000,19000,19000,19000,19000,19000,19000,5,0,6700.0,7897.128960007103,2246.5819000208285,18549.19700001483,11810.0
1778884231,100,GET,GET /api/ -> https://httpbin.org/,1.800000,0.000000,5500,7600,10000,10000,20000,26000,26000,26000,26000,26000,26000,83,0,3800.0,5045.85655542134,660.9478000027593,26420.995399996173,313.0
1778884231,100,GET,GET /api/ -> https://locust.io/,0.500000,0.000000,9500,10000,11000,11000,15000,15000,15000,15000,15000,15000,15000,10,0,7600.0,7926.467900007265,1023.0145000095945,15180.793199979234,4762.0
1778884231,100,GET,GET /api/ -> https://redis.io/,0.500000,0.000000,8700,12000,16000,16000,19000,19000,19000,19000,19000,19000,19000,17,0,10000.0,10631.260770587045,5333.235500002047,23858.80790001829,7221.0
1778884231,100,GET,GET /api/ -> https://training.play-with-docker.com/,0.100000,0.000000,5600,5600,5600,5600,5600,5600,5600,5600,5600,5600,5600,2,0,3040.629800001625,4306.143599998904,3040.629800001625,5571.657399996184,1424.0
1778884231,100,GET,GET /api/ -> https://www.python.org/,1.900000,0.000000,5200,8100,12000,15000,22000,30000,30000,30000,30000,30000,30000,63,0,4800.0,5922.5651936509485,592.8292000025976,29505.772200005595,12980.0
1778884231,100,,Aggregated,10.000000,0.000000,7600,10000,13000,15000,19000,24000,26000,27000,30000,30000,30000,454,0,3800.0,5478.119209031113,103.21569998632185,29505.772200005595,5592.136563876652
1778884232,100,GET,GET /api/ -> http://example.com/,0.300000,0.000000,19000,19000,21000,21000,21000,21000,21000,21000,21000,21000,21000,100,0,1900.0,3232.9071769994334,103.21569998632185,20747.0217999944,65.0
1778884232,100,GET,GET /api/ -> https://books.toscrape.com/,1.800000,0.000000,17000,18000,24000,24000,24000,26000,26000,26000,26000,26000,26000,94,0,3900.0,6163.524639360827,679.7647999774199,25749.370699981228,7848.0
1778884232,100,GET,GET /api/ -> https://docs.docker.com/,1.800000,0.000000,7500,10000,12000,13000,13000,27000,27000,27000,27000,27000,27000,51,0,3900.0,5770.956250983884,884.4699000183027,26998.174299980747,1741.0
1778884232,100,GET,GET /api/ -> https://flask.palletsprojects.com/,1.600000,0.000000,9600,11000,13000,13000,15000,17000,17000,17000,17000,17000,17000,34,0,5000.0,7030.766947059687,1245.901700021932,27938.906499999575,19667.0
1778884232,100,GET,GET /api/ -> https://github.com/ibnesayeed/linkextractor,0.200000,0.000000,6700,6700,19000,19000,19000,19000,19000,19000,19000,19000,19000,5,0,6700.0,7897.128960007103,2246.5819000208285,18549.19700001483,11810.0
1778884232,100,GET,GET /api/ -> https://httpbin.org/,1.900000,0.000000,5500,7600,7800,10000,20000,26000,26000,26000,26000,26000,26000,84,0,3800.0,5054.960573809304,660.9478000027593,26420.995399996173,313.0
1778884232,100,GET,GET /api/ -> https://locust.io/,0.500000,0.000000,7700,9500,10000,10000,15000,15000,15000,15000,15000,15000,15000,10,0,7600.0,7926.467900007265,1023.0145000095945,15180.793199979234,4762.0
1778884232,100,GET,GET /api/ -> https://redis.io/,0.500000,0.000000,8700,12000,16000,16000,19000,19000,19000,19000,19000,19000,19000,17,0,10000.0,10631.260770587045,5333.235500002047,23858.80790001829,7221.0
1778884232,100,GET,GET /api/ -> https://training.play-with-docker.com/,0.200000,0.000000,5600,5600,5600,5600,5600,5600,5600,5600,5600,5600,5600,2,0,3040.629800001625,4306.143599998904,3040.629800001625,5571.657399996184,1424.0
1778884232,100,GET,GET /api/ -> https://www.python.org/,2.200000,0.000000,5200,7800,12000,15000,22000,30000,30000,30000,30000,30000,30000,65,0,4800.0,5873.117564615453,592.8292000025976,29505.772200005595,12980.0
1778884232,100,,Aggregated,11.000000,0.000000,7500,11000,13000,15000,19000,24000,26000,27000,30000,30000,30000,462,0,3800.0,5520.541672727575,103.21569998632185,29505.772200005595,5636.251082251082
1778884233,100,GET,GET /api/ -> http://example.com/,0.400000,0.000000,1500,1500,19000,19000,19000,19000,19000,19000,19000,19000,19000,100,0,1900.0,3232.9071769994334,103.21569998632185,20747.0217999944,65.0
1778884233,100,GET,GET /api/ -> https://books.toscrape.com/,1.800000,0.000000,17000,18000,22000,24000,26000,26000,26000,26000,26000,26000,26000,95,0,3900.0,6276.027662104217,679.7647999774199,25749.370699981228,7848.0
1778884233,100,GET,GET /api/ -> https://docs.docker.com/,2.200000,0.000000,5800,9900,10000,12000,13000,13000,13000,13000,13000,13000,13000,53,0,3900.0,5900.369784908967,884.4699000183027,26998.174299980747,1741.0
1778884233,100,GET,GET /api/ -> https://flask.palletsprojects.com/,1.500000,0.000000,8500,9900,11000,13000,13000,15000,15000,15000,15000,15000,15000,37,0,5500.0,7141.82713783796,1245.901700021932,27938.906499999575,19667.0
1778884233,100,GET,GET /api/ -> https://github.com/ibnesayeed/linkextractor,0.500000,0.000000,4800,6700,6700,19000,19000,19000,19000,19000,19000,19000,19000,6,0,4800.0,7373.199633342058,2246.5819000208285,18549.19700001483,11810.0
1778884233,100,GET,GET /api/ -> https://httpbin.org/,2.100000,0.000000,5800,7600,10000,10000,20000,26000,26000,26000,26000,26000,26000,86,0,3900.0,5229.326912790448,660.9478000027593,26420.995399996173,313.0
1778884233,100,GET,GET /api/ -> https://locust.io/,0.800000,0.000000,7700,9500,10000,10000,15000,15000,15000,15000,15000,15000,15000,11,0,7600.0,7724.303490916182,1023.0145000095945,15180.793199979234,4762.0
1778884233,100,GET,GET /api/ -> https://redis.io/,0.900000,0.000000,8700,12000,16000,16000,19000,19000,19000,19000,19000,19000,19000,17,0,10000.0,10631.260770587045,5333.235500002047,23858.80790001829,7221.0
1778884233,100,GET,GET /api/ -> https://training.play-with-docker.com/,0.200000,0.000000,5600,5600,5600,5600,5600,5600,5600,5600,5600,5600,5600,2,0,3040.629800001625,4306.143599998904,3040.629800001625,5571.657399996184,1424.0
1778884233,100,GET,GET /api/ -> https://www.python.org/,2.200000,0.000000,7400,12000,15000,15000,17000,22000,30000,30000,30000,30000,30000,69,0,5200.0,6274.550650725175,592.8292000025976,29505.772200005595,12980.0
1778884233,100,,Aggregated,12.600000,0.000000,7500,10000,12000,15000,18000,22000,26000,26000,30000,30000,30000,476,0,3900.0,5667.430492017117,103.21569998632185,29505.772200005595,5763.439075630252
1778884234,100,GET,GET /api/ -> http://example.com/,0.400000,0.000000,19000,19000,30000,30000,30000,30000,30000,30000,30000,30000,30000,101,0,1900.0,3498.123528712457,103.21569998632185,30019.75870001479,64.35643564356435
1778884234,100,GET,GET /api/ -> https://books.toscrape.com/,1.900000,0.000000,17000,18000,22000,24000,26000,26000,26000,26000,26000,26000,26000,96,0,3900.0,6247.21181458214,679.7647999774199,25749.370699981228,7848.0
1778884234,100,GET,GET /api/ -> https://docs.docker.com/,2.100000,0.000000,6200,9900,12000,12000,13000,22000,22000,22000,22000,22000,22000,57,0,4000.0,6144.039345616699,884.4699000183027,26998.174299980747,1741.0
1778884234,100,GET,GET /api/ -> https://flask.palletsprojects.com/,1.500000,0.000000,8500,9900,11000,11000,13000,15000,15000,15000,15000,15000,15000,37,0,5500.0,7141.82713783796,1245.901700021932,27938.906499999575,19667.0
1778884234,100,GET,GET /api/ -> https://github.com/ibnesayeed/linkextractor,0.400000,0.000000,4800,4800,6700,6700,19000,19000,19000,19000,19000,19000,19000,7,0,4800.0,6986.400728579611,2246.5819000208285,18549.19700001483,11810.0
1778884234,100,GET,GET /api/ -> https://httpbin.org/,2.100000,0.000000,5500,5800,7800,10000,15000,26000,26000,26000,26000,26000,26000,86,0,3900.0,5229.326912790448,660.9478000027593,26420.995399996173,313.0
1778884234,100,GET,GET /api/ -> https://locust.io/,0.700000,0.000000,7600,7700,9500,15000,22000,22000,22000,22000,22000,22000,22000,14,0,5700.0,8148.421278578878,1023.0145000095945,22207.572699990124,4762.0
1778884234,100,GET,GET /api/ -> https://redis.io/,0.700000,0.000000,12000,16000,16000,16000,19000,19000,19000,19000,19000,19000,19000,18,0,10000.0,10918.24098888901,5333.235500002047,23858.80790001829,7221.0
1778884234,100,GET,GET /api/ -> https://training.play-with-docker.com/,0.200000,0.000000,5600,5600,5600,5600,5600,5600,5600,5600,5600,5600,5600,2,0,3040.629800001625,4306.143599998904,3040.629800001625,5571.657399996184,1424.0
1778884234,100,GET,GET /api/ -> https://www.python.org/,2.100000,0.000000,5200,12000,12000,15000,17000,22000,30000,30000,30000,30000,30000,71,0,5000.0,6156.405302817264,592.8292000025976,29505.772200005595,12980.0
1778884234,100,,Aggregated,12.100000,0.000000,6300,10000,12000,15000,19000,22000,26000,30000,30000,30000,30000,489,0,3900.0,5771.883182822428,103.21569998632185,30019.75870001479,5761.730061349694
1778884235,100,GET,GET /api/ -> http://example.com/,0.300000,0.000000,1500,1500,30000,30000,30000,30000,30000,30000,30000,30000,30000,101,0,1900.0,3498.123528712457,103.21569998632185,30019.75870001479,64.35643564356435
1778884235,100,GET,GET /api/ -> https://books.toscrape.com/,1.300000,0.000000,17000,18000,22000,24000,26000,26000,26000,26000,26000,26000,26000,96,0,3900.0,6247.21181458214,679.7647999774199,25749.370699981228,7848.0
1778884235,100,GET,GET /api/ -> https://docs.docker.com/,2.200000,0.000000,6200,8200,9900,10000,13000,22000,22000,22000,22000,22000,22000,58,0,4000.0,6177.372905175334,884.4699000183027,26998.174299980747,1741.0
1778884235,100,GET,GET /api/ -> https://flask.palletsprojects.com/,1.700000,0.000000,8500,8600,11000,11000,13000,15000,15000,15000,15000,15000,15000,41,0,5500.0,7322.97096585304,1245.901700021932,27938.906499999575,19667.0
1778884235,100,GET,GET /api/ -> https://github.com/ibnesayeed/linkextractor,0.500000,0.000000,4700,4800,6700,6700,19000,19000,19000,19000,19000,19000,19000,8,0,4700.0,6381.405000007362,2146.4349000016227,18549.19700001483,11810.0
1778884235,100,GET,GET /api/ -> https://httpbin.org/,1.800000,0.000000,5500,7600,10000,15000,19000,26000,26000,26000,26000,26000,26000,87,0,4100.0,5391.651033333184,660.9478000027593,26420.995399996173,313.0
1778884235,100,GET,GET /api/ -> https://locust.io/,0.800000,0.000000,5700,7700,9500,9500,15000,22000,22000,22000,22000,22000,22000,15,0,5700.0,7846.673793339869,1023.0145000095945,22207.572699990124,4762.0
1778884235,100,GET,GET /api/ -> https://redis.io/,0.600000,0.000000,12000,14000,16000,16000,19000,19000,19000,19000,19000,19000,19000,20,0,10000.0,11000.028844998451,5333.235500002047,23858.80790001829,7221.0
1778884235,100,GET,GET /api/ -> https://training.play-with-docker.com/,0.200000,0.000000,5600,5600,5600,5600,5600,5600,5600,5600,5600,5600,5600,2,0,3040.629800001625,4306.143599998904,3040.629800001625,5571.657399996184,1424.0
1778884235,100,GET,GET /api/ -> https://www.python.org/,2.200000,0.000000,5600,12000,12000,15000,17000,22000,30000,30000,30000,30000,30000,73,0,5000.0,6170.489528767002,592.8292000025976,29505.772200005595,12980.0
1778884235,100,,Aggregated,11.600000,0.000000,6600,9900,12000,15000,19000,22000,26000,30000,30000,30000,30000,501,0,3900.0,5845.221227944295,103.21569998632185,30019.75870001479,5898.566866267465
1778884236,100,GET,GET /api/ -> http://example.com/,0.400000,0.000000,1500,1500,30000,30000,30000,30000,30000,30000,30000,30000,30000,101,0,1900.0,3498.123528712457,103.21569998632185,30019.75870001479,64.35643564356435
1778884236,100,GET,GET /api/ -> https://books.toscrape.com/,0.900000,0.000000,20000,22000,24000,26000,27000,27000,27000,27000,27000,27000,27000,99,0,4000.0,6610.690477776289,679.7647999774199,26642.37069999217,7848.0
1778884236,100,GET,GET /api/ -> https://docs.docker.com/,2.300000,0.000000,6200,8200,9900,10000,12000,22000,22000,22000,22000,22000,22000,60,0,4000.0,6208.798911669874,884.4699000183027,26998.174299980747,1741.0
1778884236,100,GET,GET /api/ -> https://flask.palletsprojects.com/,1.500000,0.000000,8500,8600,11000,11000,13000,15000,15000,15000,15000,15000,15000,42,0,5500.0,7362.228538094704,1245.901700021932,27938.906499999575,19667.0
1778884236,100,GET,GET /api/ -> https://github.com/ibnesayeed/linkextractor,0.500000,0.000000,4800,4800,6700,6700,19000,19000,19000,19000,19000,19000,19000,8,0,4700.0,6381.405000007362,2146.4349000016227,18549.19700001483,11810.0
1778884236,100,GET,GET /api/ -> https://httpbin.org/,1.800000,0.000000,7600,10000,10000,15000,19000,26000,26000,26000,26000,26000,26000,88,0,4100.0,5447.580752272519,660.9478000027593,26420.995399996173,313.0
1778884236,100,GET,GET /api/ -> https://locust.io/,1.000000,0.000000,5700,7600,7700,9500,22000,22000,22000,22000,22000,22000,22000,15,0,5700.0,7846.673793339869,1023.0145000095945,22207.572699990124,4762.0
1778884236,100,GET,GET /api/ -> https://redis.io/,0.700000,0.000000,9700,14000,16000,16000,19000,19000,19000,19000,19000,19000,19000,21,0,10000.0,10937.814590475422,5333.235500002047,23858.80790001829,7221.0
1778884236,100,GET,GET /api/ -> https://training.play-with-docker.com/,0.200000,0.000000,5600,5600,5600,5600,5600,5600,5600,5600,5600,5600,5600,3,0,3000.0,3151.8992999917828,843.4106999775395,5571.657399996184,1424.0
1778884236,100,GET,GET /api/ -> https://www.python.org/,2.400000,0.000000,7800,12000,12000,15000,17000,19000,27000,27000,27000,27000,27000,77,0,5200.0,6625.327407792528,592.8292000025976,29505.772200005595,12980.0
1778884236,100,,Aggregated,11.700000,0.000000,7700,10000,12000,15000,19000,24000,27000,27000,30000,30000,30000,514,0,4100.0,6005.7370326850305,103.21569998632185,30019.75870001479,5958.663424124514
1778884237,100,GET,GET /api/ -> http://example.com/,0.400000,0.000000,30000,30000,30000,30000,30000,30000,30000,30000,30000,30000,30000,102,0,1900.0,3758.1903343131726,103.21569998632185,30024.937699985458,63.72549019607843
1778884237,100,GET,GET /api/ -> https://books.toscrape.com/,0.900000,0.000000,20000,22000,24000,26000,27000,27000,27000,27000,27000,27000,27000,99,0,4000.0,6610.690477776289,679.7647999774199,26642.37069999217,7848.0
1778884237,100,GET,GET /api/ -> https://docs.docker.com/,2.300000,0.000000,8100,8300,10000,11000,13000,22000,22000,22000,22000,22000,22000,61,0,4000.0,6320.295560658913,884.4699000183027,26998.174299980747,1741.0
1778884237,100,GET,GET /api/ -> https://flask.palletsprojects.com/,1.500000,0.000000,6500,8600,9000,11000,13000,15000,15000,15000,15000,15000,15000,45,0,5700.0,7251.243428888523,1245.901700021932,27938.906499999575,19667.0
1778884237,100,GET,GET /api/ -> https://github.com/ibnesayeed/linkextractor,0.500000,0.000000,4800,4800,6700,6700,19000,19000,19000,19000,19000,19000,19000,8,0,4700.0,6381.405000007362,2146.4349000016227,18549.19700001483,11810.0
1778884237,100,GET,GET /api/ -> https://httpbin.org/,1.800000,0.000000,7800,10000,15000,15000,19000,26000,26000,26000,26000,26000,26000,88,0,4100.0,5447.580752272519,660.9478000027593,26420.995399996173,313.0
1778884237,100,GET,GET /api/ -> https://locust.io/,1.000000,0.000000,5700,7600,7700,9500,22000,22000,22000,22000,22000,22000,22000,15,0,5700.0,7846.673793339869,1023.0145000095945,22207.572699990124,4762.0
1778884237,100,GET,GET /api/ -> https://redis.io/,0.700000,0.000000,14000,16000,16000,19000,28000,28000,28000,28000,28000,28000,28000,22,0,10000.0,11718.487795454248,5333.235500002047,28112.62510000961,7221.0
1778884237,100,GET,GET /api/ -> https://training.play-with-docker.com/,0.200000,0.000000,5600,5600,5600,5600,5600,5600,5600,5600,5600,5600,5600,3,0,3000.0,3151.8992999917828,843.4106999775395,5571.657399996184,1424.0
1778884237,100,GET,GET /api/ -> https://www.python.org/,2.400000,0.000000,8000,12000,17000,17000,27000,27000,27000,27000,27000,27000,27000,78,0,5200.0,6886.932033333534,592.8292000025976,29505.772200005595,12980.0
1778884237,100,,Aggregated,11.700000,0.000000,7800,10000,13000,16000,20000,27000,28000,30000,30000,30000,30000,521,0,4200.0,6146.294310940689,103.21569998632185,30024.937699985458,6033.965451055662
1778884238,100,GET,GET /api/ -> http://example.com/,0.300000,0.000000,30000,30000,30000,30000,30000,30000,30000,30000,30000,30000,30000,102,0,1900.0,3758.1903343131726,103.21569998632185,30024.937699985458,63.72549019607843
1778884238,100,GET,GET /api/ -> https://books.toscrape.com/,0.900000,0.000000,18000,20000,22000,22000,27000,27000,27000,27000,27000,27000,27000,99,0,4000.0,6610.690477776289,679.7647999774199,26642.37069999217,7848.0
1778884238,100,GET,GET /api/ -> https://docs.docker.com/,2.100000,0.000000,6200,8300,9900,10000,13000,22000,22000,22000,22000,22000,22000,61,0,4000.0,6320.295560658913,884.4699000183027,26998.174299980747,1741.0
1778884238,100,GET,GET /api/ -> https://flask.palletsprojects.com/,1.700000,0.000000,6500,8600,11000,11000,14000,15000,15000,15000,15000,15000,15000,47,0,5700.0,7320.850051062657,1245.901700021932,27938.906499999575,19667.0
1778884238,100,GET,GET /api/ -> https://github.com/ibnesayeed/linkextractor,0.500000,0.000000,4800,4800,6700,6700,19000,19000,19000,19000,19000,19000,19000,8,0,4700.0,6381.405000007362,2146.4349000016227,18549.19700001483,11810.0
1778884238,100,GET,GET /api/ -> https://httpbin.org/,1.600000,0.000000,7800,10000,15000,15000,19000,26000,26000,26000,26000,26000,26000,88,0,4100.0,5447.580752272519,660.9478000027593,26420.995399996173,313.0
1778884238,100,GET,GET /api/ -> https://locust.io/,1.100000,0.000000,5700,7600,7700,7700,22000,22000,22000,22000,22000,22000,22000,15,0,5700.0,7846.673793339869,1023.0145000095945,22207.572699990124,4762.0
1778884238,100,GET,GET /api/ -> https://redis.io/,0.900000,0.000000,9700,14000,16000,16000,28000,28000,28000,28000,28000,28000,28000,22,0,10000.0,11718.487795454248,5333.235500002047,28112.62510000961,7221.0
1778884238,100,GET,GET /api/ -> https://training.play-with-docker.com/,0.100000,0.000000,5600,5600,5600,5600,5600,5600,5600,5600,5600,5600,5600,3,0,3000.0,3151.8992999917828,843.4106999775395,5571.657399996184,1424.0
1778884238,100,GET,GET /api/ -> https://www.python.org/,2.300000,0.000000,8000,12000,17000,17000,27000,27000,27000,27000,27000,27000,27000,80,0,5200.0,6866.587407500265,592.8292000025976,29505.772200005595,12980.0
1778884238,100,,Aggregated,11.500000,0.000000,7800,10000,14000,16000,22000,27000,30000,30000,30000,30000,30000,525,0,4200.0,6156.456434476315,103.21569998632185,30024.937699985458,6112.361904761905
1778884239,100,GET,GET /api/ -> http://example.com/,0.300000,0.000000,30000,30000,30000,30000,30000,30000,30000,30000,30000,30000,30000,102,0,1900.0,3758.1903343131726,103.21569998632185,30024.937699985458,63.72549019607843
1778884239,100,GET,GET /api/ -> https://books.toscrape.com/,0.900000,0.000000,18000,20000,22000,22000,27000,27000,27000,27000,27000,27000,27000,99,0,4000.0,6610.690477776289,679.7647999774199,26642.37069999217,7848.0
1778884239,100,GET,GET /api/ -> https://docs.docker.com/,2.100000,0.000000,8100,8300,10000,11000,13000,22000,22000,22000,22000,22000,22000,61,0,4000.0,6320.295560658913,884.4699000183027,26998.174299980747,1741.0
1778884239,100,GET,GET /api/ -> https://flask.palletsprojects.com/,1.700000,0.000000,6500,8600,11000,11000,13000,14000,14000,14000,14000,14000,14000,47,0,5700.0,7320.850051062657,1245.901700021932,27938.906499999575,19667.0
1778884239,100,GET,GET /api/ -> https://github.com/ibnesayeed/linkextractor,0.500000,0.000000,4800,4800,6700,6700,19000,19000,19000,19000,19000,19000,19000,8,0,4700.0,6381.405000007362,2146.4349000016227,18549.19700001483,11810.0
1778884239,100,GET,GET /api/ -> https://httpbin.org/,1.600000,0.000000,7800,10000,10000,15000,19000,19000,19000,19000,19000,19000,19000,88,0,4100.0,5447.580752272519,660.9478000027593,26420.995399996173,313.0
1778884239,100,GET,GET /api/ -> https://locust.io/,1.100000,0.000000,3600,3600,5700,5700,22000,22000,22000,22000,22000,22000,22000,15,0,5700.0,7846.673793339869,1023.0145000095945,22207.572699990124,4762.0
1778884239,100,GET,GET /api/ -> https://redis.io/,0.900000,0.000000,14000,16000,16000,16000,28000,28000,28000,28000,28000,28000,28000,22,0,10000.0,11718.487795454248,5333.235500002047,28112.62510000961,7221.0
1778884239,100,GET,GET /api/ -> https://training.play-with-docker.com/,0.100000,0.000000,5600,5600,5600,5600,5600,5600,5600,5600,5600,5600,5600,3,0,3000.0,3151.8992999917828,843.4106999775395,5571.657399996184,1424.0
1778884239,100,GET,GET /api/ -> https://www.python.org/,2.300000,0.000000,8000,11000,17000,17000,27000,27000,27000,27000,27000,27000,27000,80,0,5200.0,6866.587407500265,592.8292000025976,29505.772200005595,12980.0
1778884239,100,,Aggregated,11.500000,0.000000,8000,10000,13000,16000,22000,27000,30000,30000,30000,30000,30000,525,0,4200.0,6156.456434476315,103.21569998632185,30024.937699985458,6112.361904761905
1778884240,100,GET,GET /api/ -> http://example.com/,0.300000,0.000000,30000,30000,30000,30000,30000,30000,30000,30000,30000,30000,30000,102,0,1900.0,3758.1903343131726,103.21569998632185,30024.937699985458,63.72549019607843
1778884240,100,GET,GET /api/ -> https://books.toscrape.com/,0.800000,0.000000,18000,20000,22000,22000,27000,27000,27000,27000,27000,27000,27000,99,0,4000.0,6610.690477776289,679.7647999774199,26642.37069999217,7848.0
1778884240,100,GET,GET /api/ -> https://docs.docker.com/,1.800000,0.000000,8200,9000,10000,11000,13000,22000,22000,22000,22000,22000,22000,63,0,4000.0,6325.056449208955,884.4699000183027,26998.174299980747,1741.0
1778884240,100,GET,GET /api/ -> https://flask.palletsprojects.com/,1.900000,0.000000,8500,9000,11000,11000,13000,14000,14000,14000,14000,14000,14000,47,0,5700.0,7320.850051062657,1245.901700021932,27938.906499999575,19667.0
1778884240,100,GET,GET /api/ -> https://github.com/ibnesayeed/linkextractor,0.600000,0.000000,4700,4700,4800,4800,4800,4800,4800,4800,4800,4800,4800,8,0,4700.0,6381.405000007362,2146.4349000016227,18549.19700001483,11810.0
1778884240,100,GET,GET /api/ -> https://httpbin.org/,1.200000,0.000000,10000,15000,15000,19000,19000,19000,19000,19000,19000,19000,19000,88,0,4100.0,5447.580752272519,660.9478000027593,26420.995399996173,313.0
1778884240,100,GET,GET /api/ -> https://locust.io/,0.800000,0.000000,3600,3600,5700,5700,22000,22000,22000,22000,22000,22000,22000,15,0,5700.0,7846.673793339869,1023.0145000095945,22207.572699990124,4762.0
1778884240,100,GET,GET /api/ -> https://redis.io/,0.900000,0.000000,14000,16000,16000,16000,28000,28000,28000,28000,28000,28000,28000,22,0,10000.0,11718.487795454248,5333.235500002047,28112.62510000961,7221.0
1778884240,100,GET,GET /api/ -> https://training.play-with-docker.com/,0.200000,0.000000,5600,5600,5600,5600,5600,5600,5600,5600,5600,5600,5600,3,0,3000.0,3151.8992999917828,843.4106999775395,5571.657399996184,1424.0
1778884240,100,GET,GET /api/ -> https://www.python.org/,2.200000,0.000000,8300,12000,17000,17000,27000,27000,27000,27000,27000,27000,27000,82,0,5200.0,6987.684224390782,592.8292000025976,29505.772200005595,12980.0
1778884240,100,,Aggregated,10.700000,0.000000,8500,11000,15000,17000,22000,27000,30000,30000,30000,30000,30000,529,0,4200.0,6179.098807183476,103.21569998632185,30024.937699985458,6121.799621928167
1778884241,100,GET,GET /api/ -> http://example.com/,0.300000,0.000000,30000,30000,30000,30000,30000,30000,30000,30000,30000,30000,30000,103,0,1900.0,3750.2763126205396,103.21569998632185,30024.937699985458,63.737864077669904
1778884241,100,GET,GET /api/ -> https://books.toscrape.com/,0.800000,0.000000,17000,20000,20000,27000,27000,27000,27000,27000,27000,27000,27000,99,0,4000.0,6610.690477776289,679.7647999774199,26642.37069999217,7848.0
1778884241,100,GET,GET /api/ -> https://docs.docker.com/,1.700000,0.000000,8300,9000,10000,11000,13000,22000,22000,22000,22000,22000,22000,64,0,4000.0,6366.0335796898835,884.4699000183027,26998.174299980747,1741.0
1778884241,100,GET,GET /api/ -> https://flask.palletsprojects.com/,1.500000,0.000000,8600,9400,11000,11000,13000,14000,14000,14000,14000,14000,14000,49,0,6000.0,7404.867987753704,1245.901700021932,27938.906499999575,19667.0
1778884241,100,GET,GET /api/ -> https://github.com/ibnesayeed/linkextractor,0.600000,0.000000,4700,4700,4800,4800,4800,4800,4800,4800,4800,4800,4800,8,0,4700.0,6381.405000007362,2146.4349000016227,18549.19700001483,11810.0
1778884241,100,GET,GET /api/ -> https://httpbin.org/,1.100000,0.000000,15000,15000,19000,19000,19000,19000,19000,19000,19000,19000,19000,88,0,4100.0,5447.580752272519,660.9478000027593,26420.995399996173,313.0
1778884241,100,GET,GET /api/ -> https://locust.io/,0.800000,0.000000,5700,5700,22000,22000,30000,30000,30000,30000,30000,30000,30000,16,0,5700.0,9232.09897500601,1023.0145000095945,30013.476699998137,4464.375
1778884241,100,GET,GET /api/ -> https://redis.io/,0.900000,0.000000,14000,16000,16000,28000,28000,28000,28000,28000,28000,28000,28000,22,0,10000.0,11718.487795454248,5333.235500002047,28112.62510000961,7221.0
1778884241,100,GET,GET /api/ -> https://training.play-with-docker.com/,0.100000,0.000000,840,840,840,840,840,840,840,840,840,840,840,3,0,3000.0,3151.8992999917828,843.4106999775395,5571.657399996184,1424.0
1778884241,100,GET,GET /api/ -> https://www.python.org/,1.900000,0.000000,11000,15000,17000,18000,27000,27000,27000,27000,27000,27000,27000,83,0,5200.0,7120.538326506278,592.8292000025976,29505.772200005595,12980.0
1778884241,100,,Aggregated,9.700000,0.000000,9000,11000,15000,17000,22000,28000,30000,30000,30000,30000,30000,535,0,4300.0,6256.8608192523,103.21569998632185,30024.937699985458,6154.302803738317
1778884242,100,GET,GET /api/ -> http://example.com/,0.300000,0.000000,30000,30000,30000,30000,30000,30000,30000,30000,30000,30000,30000,103,0,1900.0,3750.2763126205396,103.21569998632185,30024.937699985458,63.737864077669904
1778884242,100,GET,GET /api/ -> https://books.toscrape.com/,0.700000,0.000000,17000,20000,20000,27000,27000,27000,27000,27000,27000,27000,27000,99,0,4000.0,6610.690477776289,679.7647999774199,26642.37069999217,7848.0
1778884242,100,GET,GET /api/ -> https://docs.docker.com/,1.700000,0.000000,8300,9000,9400,11000,13000,22000,22000,22000,22000,22000,22000,66,0,4200.0,6379.4613196990795,884.4699000183027,26998.174299980747,1741.0
1778884242,100,GET,GET /api/ -> https://flask.palletsprojects.com/,1.500000,0.000000,8600,9400,11000,11000,13000,14000,14000,14000,14000,14000,14000,50,0,6000.0,7406.822295998572,1245.901700021932,27938.906499999575,19667.0
1778884242,100,GET,GET /api/ -> https://github.com/ibnesayeed/linkextractor,0.300000,0.000000,4700,4700,8400,8400,8400,8400,8400,8400,8400,8400,8400,9,0,4800.0,6611.21451111588,2146.4349000016227,18549.19700001483,11810.0
1778884242,100,GET,GET /api/ -> https://httpbin.org/,1.000000,0.000000,15000,19000,19000,30000,30000,30000,30000,30000,30000,30000,30000,90,0,4300.0,5821.505922222019,660.9478000027593,30014.089700009208,309.52222222222224
1778884242,100,GET,GET /api/ -> https://locust.io/,0.600000,0.000000,7000,7000,22000,22000,30000,30000,30000,30000,30000,30000,30000,17,0,7000.0,9100.662276475787,1023.0145000095945,30013.476699998137,4481.882352941177
1778884242,100,GET,GET /api/ -> https://redis.io/,0.800000,0.000000,14000,14000,16000,16000,28000,28000,28000,28000,28000,28000,28000,23,0,11000.0,11779.301769564525,5333.235500002047,28112.62510000961,7221.0
1778884242,100,GET,GET /api/ -> https://training.play-with-docker.com/,0.100000,0.000000,12000,12000,12000,12000,12000,12000,12000,12000,12000,12000,12000,4,0,3000.0,5286.2741999924765,843.4106999775395,11689.398899994558,1424.0
1778884242,100,GET,GET /api/ -> https://www.python.org/,1.900000,0.000000,8300,11000,18000,19000,27000,27000,27000,27000,27000,27000,27000,83,0,5200.0,7120.538326506278,592.8292000025976,29505.772200005595,12980.0
1778884242,100,,Aggregated,8.900000,0.000000,9000,12000,15000,18000,27000,30000,30000,30000,30000,30000,30000,544,0,4500.0,6348.058493198392,103.21569998632185,30024.937699985458,6141.96875
1778884243,100,GET,GET /api/ -> http://example.com/,0.300000,0.000000,30000,30000,30000,30000,30000,30000,30000,30000,30000,30000,30000,103,0,1900.0,3750.2763126205396,103.21569998632185,30024.937699985458,63.737864077669904
1778884243,100,GET,GET /api/ -> https://books.toscrape.com/,0.700000,0.000000,20000,20000,27000,27000,27000,27000,27000,27000,27000,27000,27000,99,0,4000.0,6610.690477776289,679.7647999774199,26642.37069999217,7848.0
1778884243,100,GET,GET /api/ -> https://docs.docker.com/,1.500000,0.000000,9000,9400,11000,13000,15000,15000,15000,15000,15000,15000,15000,67,0,4200.0,6505.251061196487,884.4699000183027,26998.174299980747,1741.0
1778884243,100,GET,GET /api/ -> https://flask.palletsprojects.com/,1.500000,0.000000,8600,9400,9400,11000,13000,14000,14000,14000,14000,14000,14000,50,0,6000.0,7406.822295998572,1245.901700021932,27938.906499999575,19667.0
1778884243,100,GET,GET /api/ -> https://github.com/ibnesayeed/linkextractor,0.300000,0.000000,8400,8400,18000,18000,18000,18000,18000,18000,18000,18000,18000,10,0,4800.0,7749.844630004372,2146.4349000016227,18549.19700001483,11810.0
1778884243,100,GET,GET /api/ -> https://httpbin.org/,0.500000,0.000000,15000,19000,19000,30000,30000,30000,30000,30000,30000,30000,30000,91,0,5000.0,5885.571628571028,660.9478000027593,30014.089700009208,309.56043956043953
1778884243,100,GET,GET /api/ -> https://locust.io/,0.600000,0.000000,7000,7000,30000,30000,30000,30000,30000,30000,30000,30000,30000,17,0,7000.0,9100.662276475787,1023.0145000095945,30013.476699998137,4481.882352941177
1778884243,100,GET,GET /api/ -> https://redis.io/,0.500000,0.000000,13000,14000,16000,16000,28000,28000,28000,28000,28000,28000,28000,25,0,11000.0,11812.662748000585,5333.235500002047,28112.62510000961,7221.0
1778884243,100,GET,GET /api/ -> https://training.play-with-docker.com/,0.100000,0.000000,12000,12000,12000,12000,12000,12000,12000,12000,12000,12000,12000,4,0,3000.0,5286.2741999924765,843.4106999775395,11689.398899994558,1424.0
1778884243,100,GET,GET /api/ -> https://www.python.org/,2.000000,0.000000,14000,15000,18000,19000,27000,27000,27000,27000,27000,27000,27000,85,0,5400.0,7278.15453647088,592.8292000025976,29505.772200005595,12980.0
1778884243,100,,Aggregated,8.000000,0.000000,9600,13000,15000,16000,27000,28000,30000,30000,30000,30000,30000,551,0,4700.0,6442.525004900123,103.21569998632185,30024.937699985458,6162.426497277677
1778884244,100,GET,GET /api/ -> http://example.com/,0.300000,0.000000,2900,2900,30000,30000,30000,30000,30000,30000,30000,30000,30000,104,0,1900.0,3718.816434614452,103.21569998632185,30024.937699985458,63.75
1778884244,100,GET,GET /api/ -> https://books.toscrape.com/,0.500000,0.000000,20000,20000,27000,27000,27000,27000,27000,27000,27000,27000,27000,99,0,4000.0,6610.690477776289,679.7647999774199,26642.37069999217,7848.0
1778884244,100,GET,GET /api/ -> https://docs.docker.com/,1.500000,0.000000,9400,9900,11000,13000,15000,15000,15000,15000,15000,15000,15000,71,0,5800.0,6723.965559157208,884.4699000183027,26998.174299980747,1741.0
1778884244,100,GET,GET /api/ -> https://flask.palletsprojects.com/,1.500000,0.000000,7500,9000,9400,9400,9400,14000,14000,14000,14000,14000,14000,52,0,6500.0,7410.2064134601205,1245.901700021932,27938.906499999575,19667.0
1778884244,100,GET,GET /api/ -> https://github.com/ibnesayeed/linkextractor,0.300000,0.000000,8400,8400,18000,18000,18000,18000,18000,18000,18000,18000,18000,10,0,4800.0,7749.844630004372,2146.4349000016227,18549.19700001483,11810.0
1778884244,100,GET,GET /api/ -> https://httpbin.org/,0.600000,0.000000,19000,19000,21000,21000,30000,30000,30000,30000,30000,30000,30000,92,0,5000.0,6049.172576086637,660.9478000027593,30014.089700009208,309.5978260869565
1778884244,100,GET,GET /api/ -> https://locust.io/,0.700000,0.000000,9600,9600,30000,30000,30000,30000,30000,30000,30000,30000,30000,18,0,7000.0,9127.437027782435,1023.0145000095945,30013.476699998137,4497.444444444444
1778884244,100,GET,GET /api/ -> https://redis.io/,0.600000,0.000000,16000,16000,16000,16000,28000,28000,28000,28000,28000,28000,28000,26,0,11000.0,11977.406150000976,5333.235500002047,28112.62510000961,7221.0
1778884244,100,GET,GET /api/ -> https://training.play-with-docker.com/,0.200000,0.000000,12000,12000,14000,14000,14000,14000,14000,14000,14000,14000,14000,5,0,5600.0,7116.069819993572,843.4106999775395,14435.252299997956,1424.0
1778884244,100,GET,GET /api/ -> https://www.python.org/,1.800000,0.000000,14000,15000,18000,19000,27000,27000,27000,27000,27000,27000,27000,86,0,5400.0,7331.342787209419,592.8292000025976,29505.772200005595,12980.0
1778884244,100,,Aggregated,8.000000,0.000000,9700,14000,15000,16000,27000,28000,30000,30000,30000,30000,30000,563,0,5000.0,6535.971817406656,103.21569998632185,30024.937699985458,6160.852575488455
1778884245,100,GET,GET /api/ -> http://example.com/,0.300000,0.000000,2900,2900,30000,30000,30000,30000,30000,30000,30000,30000,30000,104,0,1900.0,3718.816434614452,103.21569998632185,30024.937699985458,63.75
1778884245,100,GET,GET /api/ -> https://books.toscrape.com/,0.400000,0.000000,21000,21000,27000,27000,27000,27000,27000,27000,27000,27000,27000,100,0,4000.0,6749.856512998522,679.7647999774199,26642.37069999217,7848.0
1778884245,100,GET,GET /api/ -> https://docs.docker.com/,1.400000,0.000000,9400,9900,12000,13000,15000,15000,15000,15000,15000,15000,15000,74,0,5500.0,6736.759679731787,884.4699000183027,26998.174299980747,1741.0
1778884245,100,GET,GET /api/ -> https://flask.palletsprojects.com/,1.300000,0.000000,7500,9400,9400,12000,14000,19000,19000,19000,19000,19000,19000,55,0,6500.0,7662.209881817266,1245.901700021932,27938.906499999575,19667.0
1778884245,100,GET,GET /api/ -> https://github.com/ibnesayeed/linkextractor,0.300000,0.000000,11000,11000,18000,18000,18000,18000,18000,18000,18000,18000,18000,11,0,6700.0,8064.318090912738,2146.4349000016227,18549.19700001483,11810.0
1778884245,100,GET,GET /api/ -> https://httpbin.org/,0.500000,0.000000,15000,21000,23000,23000,30000,30000,30000,30000,30000,30000,30000,94,0,5000.0,6269.59020638265,660.9478000027593,30014.089700009208,309.67021276595744
1778884245,100,GET,GET /api/ -> https://locust.io/,0.600000,0.000000,9600,9600,30000,30000,30000,30000,30000,30000,30000,30000,30000,18,0,7000.0,9127.437027782435,1023.0145000095945,30013.476699998137,4497.444444444444
1778884245,100,GET,GET /api/ -> https://redis.io/,0.800000,0.000000,16000,16000,16000,16000,28000,28000,28000,28000,28000,28000,28000,27,0,11000.0,12131.196048149528,5333.235500002047,28112.62510000961,7221.0
1778884245,100,GET,GET /api/ -> https://training.play-with-docker.com/,0.200000,0.000000,12000,12000,14000,14000,14000,14000,14000,14000,14000,14000,14000,5,0,5600.0,7116.069819993572,843.4106999775395,14435.252299997956,1424.0
1778884245,100,GET,GET /api/ -> https://www.python.org/,1.600000,0.000000,14000,14000,15000,18000,27000,27000,27000,27000,27000,27000,27000,86,0,5400.0,7331.342787209419,592.8292000025976,29505.772200005595,12980.0
1778884245,100,,Aggregated,7.400000,0.000000,11000,14000,15000,16000,21000,28000,30000,30000,30000,30000,30000,574,0,5000.0,6650.949977874506,103.21569998632185,30024.937699985458,6202.594076655052
1778884246,100,GET,GET /api/ -> http://example.com/,0.300000,0.000000,2900,2900,30000,30000,30000,30000,30000,30000,30000,30000,30000,105,0,1900.0,3686.7046104752394,103.21569998632185,30024.937699985458,63.76190476190476
1778884246,100,GET,GET /api/ -> https://books.toscrape.com/,0.400000,0.000000,21000,21000,27000,27000,27000,27000,27000,27000,27000,27000,27000,100,0,4000.0,6749.856512998522,679.7647999774199,26642.37069999217,7848.0
1778884246,100,GET,GET /api/ -> https://docs.docker.com/,1.200000,0.000000,9700,12000,13000,13000,15000,19000,19000,19000,19000,19000,19000,76,0,5800.0,6972.058118422865,884.4699000183027,26998.174299980747,1741.0
1778884246,100,GET,GET /api/ -> https://flask.palletsprojects.com/,1.400000,0.000000,9400,12000,12000,14000,17000,19000,19000,19000,19000,19000,19000,59,0,7500.0,7919.029205084495,1245.901700021932,27938.906499999575,19667.0
1778884246,100,GET,GET /api/ -> https://github.com/ibnesayeed/linkextractor,0.300000,0.000000,11000,11000,18000,18000,18000,18000,18000,18000,18000,18000,18000,11,0,6700.0,8064.318090912738,2146.4349000016227,18549.19700001483,11810.0
1778884246,100,GET,GET /api/ -> https://httpbin.org/,0.600000,0.000000,15000,21000,23000,23000,30000,30000,30000,30000,30000,30000,30000,94,0,5000.0,6269.59020638265,660.9478000027593,30014.089700009208,309.67021276595744
1778884246,100,GET,GET /api/ -> https://locust.io/,0.400000,0.000000,9600,9600,12000,12000,30000,30000,30000,30000,30000,30000,30000,20,0,7600.0,9272.202230003313,1023.0145000095945,30013.476699998137,4523.9
1778884246,100,GET,GET /api/ -> https://redis.io/,0.800000,0.000000,16000,16000,16000,16000,28000,28000,28000,28000,28000,28000,28000,29,0,11000.0,12123.488024139078,5333.235500002047,28112.62510000961,7221.0
1778884246,100,GET,GET /api/ -> https://training.play-with-docker.com/,0.300000,0.000000,12000,12000,14000,14000,14000,14000,14000,14000,14000,14000,14000,5,0,5600.0,7116.069819993572,843.4106999775395,14435.252299997956,1424.0
1778884246,100,GET,GET /api/ -> https://www.python.org/,1.400000,0.000000,14000,14000,15000,15000,18000,18000,18000,18000,18000,18000,18000,86,0,5400.0,7331.342787209419,592.8292000025976,29505.772200005595,12980.0
1778884246,100,,Aggregated,7.100000,0.000000,12000,13000,15000,16000,19000,21000,30000,30000,30000,30000,30000,585,0,5200.0,6735.621846153785,103.21569998632185,30024.937699985458,6267.470085470086
1778884247,100,GET,GET /api/ -> http://example.com/,0.300000,0.000000,2900,2900,30000,30000,30000,30000,30000,30000,30000,30000,30000,105,0,1900.0,3686.7046104752394,103.21569998632185,30024.937699985458,63.76190476190476
1778884247,100,GET,GET /api/ -> https://books.toscrape.com/,0.300000,0.000000,20000,21000,21000,27000,27000,27000,27000,27000,27000,27000,27000,101,0,4000.0,6696.303627721154,679.7647999774199,26642.37069999217,7848.0
1778884247,100,GET,GET /api/ -> https://docs.docker.com/,1.600000,0.000000,9400,9900,12000,12000,15000,19000,19000,19000,19000,19000,19000,77,0,5800.0,6930.440051949813,884.4699000183027,26998.174299980747,1741.0
1778884247,100,GET,GET /api/ -> https://flask.palletsprojects.com/,1.400000,0.000000,9400,12000,12000,14000,17000,19000,19000,19000,19000,19000,19000,60,0,6500.0,7814.747584999714,1245.901700021932,27938.906499999575,19667.0
1778884247,100,GET,GET /api/ -> https://github.com/ibnesayeed/linkextractor,0.400000,0.000000,11000,11000,18000,18000,18000,18000,18000,18000,18000,18000,18000,11,0,6700.0,8064.318090912738,2146.4349000016227,18549.19700001483,11810.0
1778884247,100,GET,GET /api/ -> https://httpbin.org/,0.600000,0.000000,15000,21000,23000,23000,30000,30000,30000,30000,30000,30000,30000,94,0,5000.0,6269.59020638265,660.9478000027593,30014.089700009208,309.67021276595744
1778884247,100,GET,GET /api/ -> https://locust.io/,0.300000,0.000000,9600,12000,12000,30000,30000,30000,30000,30000,30000,30000,30000,20,0,7600.0,9272.202230003313,1023.0145000095945,30013.476699998137,4523.9
1778884247,100,GET,GET /api/ -> https://redis.io/,0.700000,0.000000,16000,16000,18000,18000,25000,28000,28000,28000,28000,28000,28000,32,0,11000.0,12852.673684375986,5333.235500002047,28112.62510000961,7221.0
1778884247,100,GET,GET /api/ -> https://training.play-with-docker.com/,0.300000,0.000000,14000,14000,14000,14000,14000,14000,14000,14000,14000,14000,14000,6,0,5600.0,8325.703266663671,843.4106999775395,14435.252299997956,1424.0
1778884247,100,GET,GET /api/ -> https://www.python.org/,1.300000,0.000000,12000,14000,14000,15000,18000,18000,18000,18000,18000,18000,18000,87,0,5400.0,7286.580197701442,592.8292000025976,29505.772200005595,12980.0
1778884247,100,,Aggregated,7.200000,0.000000,12000,14000,15000,16000,19000,23000,30000,30000,30000,30000,30000,593,0,5200.0,6786.888140472128,103.21569998632185,30024.937699985458,6293.074198988195
1778884248,100,GET,GET /api/ -> http://example.com/,0.400000,0.000000,480,480,2900,2900,2900,2900,2900,2900,2900,2900,2900,105,0,1900.0,3686.7046104752394,103.21569998632185,30024.937699985458,63.76190476190476
1778884248,100,GET,GET /api/ -> https://books.toscrape.com/,0.100000,0.000000,20000,21000,21000,27000,27000,27000,27000,27000,27000,27000,27000,101,0,4000.0,6696.303627721154,679.7647999774199,26642.37069999217,7848.0
1778884248,100,GET,GET /api/ -> https://docs.docker.com/,1.600000,0.000000,9400,12000,12000,12000,15000,19000,19000,19000,19000,19000,19000,78,0,5800.0,6996.7761217965,884.4699000183027,26998.174299980747,1741.0
1778884248,100,GET,GET /api/ -> https://flask.palletsprojects.com/,1.700000,0.000000,7500,9400,12000,12000,17000,19000,19000,19000,19000,19000,19000,65,0,6500.0,7636.099559999555,1245.901700021932,27938.906499999575,19667.0
1778884248,100,GET,GET /api/ -> https://github.com/ibnesayeed/linkextractor,0.300000,0.000000,11000,11000,18000,18000,18000,18000,18000,18000,18000,18000,18000,11,0,6700.0,8064.318090912738,2146.4349000016227,18549.19700001483,11810.0
1778884248,100,GET,GET /api/ -> https://httpbin.org/,0.700000,0.000000,15000,21000,23000,23000,30000,30000,30000,30000,30000,30000,30000,95,0,5100.0,6330.26277894724,660.9478000027593,30014.089700009208,309.70526315789476
1778884248,100,GET,GET /api/ -> https://locust.io/,0.400000,0.000000,9600,12000,12000,30000,30000,30000,30000,30000,30000,30000,30000,20,0,7600.0,9272.202230003313,1023.0145000095945,30013.476699998137,4523.9
1778884248,100,GET,GET /api/ -> https://redis.io/,0.800000,0.000000,16000,16000,16000,16000,18000,25000,25000,25000,25000,25000,25000,33,0,12000.0,12940.737860607138,5333.235500002047,28112.62510000961,7221.0
1778884248,100,GET,GET /api/ -> https://training.play-with-docker.com/,0.200000,0.000000,14000,14000,14000,14000,14000,14000,14000,14000,14000,14000,14000,7,0,6100.0,8013.852328569295,843.4106999775395,14435.252299997956,1424.0
1778884248,100,GET,GET /api/ -> https://www.python.org/,0.900000,0.000000,14000,14000,15000,15000,18000,18000,18000,18000,18000,18000,18000,87,0,5400.0,7286.580197701442,592.8292000025976,29505.772200005595,12980.0
1778884248,100,,Aggregated,7.100000,0.000000,11000,13000,15000,16000,19000,23000,30000,30000,30000,30000,30000,602,0,5200.0,6807.518205813915,103.21569998632185,30024.937699985458,6380.111295681063
1778884249,100,GET,GET /api/ -> http://example.com/,0.300000,0.000000,480,480,2900,2900,2900,2900,2900,2900,2900,2900,2900,105,0,1900.0,3686.7046104752394,103.21569998632185,30024.937699985458,63.76190476190476
1778884249,100,GET,GET /api/ -> https://books.toscrape.com/,0.200000,0.000000,20000,21000,21000,27000,27000,27000,27000,27000,27000,27000,27000,101,0,4000.0,6696.303627721154,679.7647999774199,26642.37069999217,7848.0
1778884249,100,GET,GET /api/ -> https://docs.docker.com/,1.600000,0.000000,9700,12000,12000,12000,15000,19000,19000,19000,19000,19000,19000,79,0,5900.0,6990.4773379764465,884.4699000183027,26998.174299980747,1741.0
1778884249,100,GET,GET /api/ -> https://flask.palletsprojects.com/,1.500000,0.000000,7700,12000,13000,15000,19000,24000,24000,24000,24000,24000,24000,71,0,7500.0,8219.001736619402,1245.901700021932,27938.906499999575,19667.0
1778884249,100,GET,GET /api/ -> https://github.com/ibnesayeed/linkextractor,0.300000,0.000000,11000,11000,18000,18000,18000,18000,18000,18000,18000,18000,18000,11,0,6700.0,8064.318090912738,2146.4349000016227,18549.19700001483,11810.0
1778884249,100,GET,GET /api/ -> https://httpbin.org/,0.600000,0.000000,15000,17000,21000,23000,30000,30000,30000,30000,30000,30000,30000,97,0,5100.0,6412.723355669739,660.9478000027593,30014.089700009208,309.77319587628864
1778884249,100,GET,GET /api/ -> https://locust.io/,0.500000,0.000000,9600,12000,12000,30000,30000,30000,30000,30000,30000,30000,30000,20,0,7600.0,9272.202230003313,1023.0145000095945,30013.476699998137,4523.9
1778884249,100,GET,GET /api/ -> https://redis.io/,0.900000,0.000000,16000,16000,16000,16000,18000,25000,25000,25000,25000,25000,25000,34,0,12000.0,12970.178750001223,5333.235500002047,28112.62510000961,7221.0
1778884249,100,GET,GET /api/ -> https://training.play-with-docker.com/,0.200000,0.000000,14000,14000,14000,14000,14000,14000,14000,14000,14000,14000,14000,7,0,6100.0,8013.852328569295,843.4106999775395,14435.252299997956,1424.0
1778884249,100,GET,GET /api/ -> https://www.python.org/,0.800000,0.000000,14000,15000,15000,15000,18000,18000,18000,18000,18000,18000,18000,88,0,5400.0,7369.019434091156,592.8292000025976,29505.772200005595,12980.0
1778884249,100,,Aggregated,6.900000,0.000000,12000,14000,15000,16000,19000,24000,30000,30000,30000,30000,30000,613,0,5300.0,6918.384904730791,103.21569998632185,30024.937699985458,6494.938009787928
1778884250,100,GET,GET /api/ -> http://example.com/,0.300000,0.000000,480,480,2900,2900,2900,2900,2900,2900,2900,2900,2900,105,0,1900.0,3686.7046104752394,103.21569998632185,30024.937699985458,63.76190476190476
1778884250,100,GET,GET /api/ -> https://books.toscrape.com/,0.200000,0.000000,13000,13000,21000,21000,21000,21000,21000,21000,21000,21000,21000,102,0,4000.0,6758.707343135599,679.7647999774199,26642.37069999217,7848.0
1778884250,100,GET,GET /api/ -> https://docs.docker.com/,1.700000,0.000000,9700,12000,12000,15000,15000,19000,19000,19000,19000,19000,19000,81,0,6000.0,7110.205519754715,884.4699000183027,26998.174299980747,1741.0
1778884250,100,GET,GET /api/ -> https://flask.palletsprojects.com/,1.500000,0.000000,7500,12000,13000,15000,19000,24000,24000,24000,24000,24000,24000,72,0,6500.0,8151.084319444231,1245.901700021932,27938.906499999575,19667.0
1778884250,100,GET,GET /api/ -> https://github.com/ibnesayeed/linkextractor,0.300000,0.000000,11000,11000,18000,18000,18000,18000,18000,18000,18000,18000,18000,12,0,6700.0,8059.126133336879,2146.4349000016227,18549.19700001483,11810.0
1778884250,100,GET,GET /api/ -> https://httpbin.org/,0.600000,0.000000,15000,17000,21000,23000,30000,30000,30000,30000,30000,30000,30000,98,0,5000.0,6379.060896938223,660.9478000027593,30014.089700009208,309.8061224489796
1778884250,100,GET,GET /api/ -> https://locust.io/,0.500000,0.000000,9400,9600,9600,12000,12000,12000,12000,12000,12000,12000,12000,21,0,7700.0,9235.140400003209,1023.0145000095945,30013.476699998137,4535.238095238095
1778884250,100,GET,GET /api/ -> https://redis.io/,1.100000,0.000000,16000,16000,16000,16000,25000,25000,25000,25000,25000,25000,25000,38,0,12000.0,13089.588565790205,5171.644899994135,28112.62510000961,7221.0
1778884250,100,GET,GET /api/ -> https://training.play-with-docker.com/,0.300000,0.000000,14000,14000,14000,14000,14000,14000,14000,14000,14000,14000,14000,7,0,6100.0,8013.852328569295,843.4106999775395,14435.252299997956,1424.0
1778884250,100,GET,GET /api/ -> https://www.python.org/,0.700000,0.000000,14000,14000,15000,15000,18000,18000,18000,18000,18000,18000,18000,90,0,5400.0,7305.1216544447625,592.8292000025976,29505.772200005595,12980.0
1778884250,100,,Aggregated,7.200000,0.000000,12000,13000,15000,16000,19000,24000,25000,30000,30000,30000,30000,626,0,5400.0,6974.528053993525,103.21569998632185,30024.937699985458,6524.158146964856
1778884251,100,GET,GET /api/ -> http://example.com/,0.300000,0.000000,480,480,480,480,480,480,480,480,480,480,480,105,0,1900.0,3686.7046104752394,103.21569998632185,30024.937699985458,63.76190476190476
1778884251,100,GET,GET /api/ -> https://books.toscrape.com/,0.200000,0.000000,13000,13000,21000,21000,21000,21000,21000,21000,21000,21000,21000,102,0,4000.0,6758.707343135599,679.7647999774199,26642.37069999217,7848.0
1778884251,100,GET,GET /api/ -> https://docs.docker.com/,1.800000,0.000000,9700,12000,12000,15000,15000,19000,19000,19000,19000,19000,19000,83,0,5900.0,7001.057097591889,884.4699000183027,26998.174299980747,1741.0
1778884251,100,GET,GET /api/ -> https://flask.palletsprojects.com/,2.200000,0.000000,7500,12000,13000,15000,19000,24000,24000,24000,24000,24000,24000,72,0,6500.0,8151.084319444231,1245.901700021932,27938.906499999575,19667.0
1778884251,100,GET,GET /api/ -> https://github.com/ibnesayeed/linkextractor,0.300000,0.000000,11000,11000,18000,18000,18000,18000,18000,18000,18000,18000,18000,12,0,6700.0,8059.126133336879,2146.4349000016227,18549.19700001483,11810.0
1778884251,100,GET,GET /api/ -> https://httpbin.org/,0.800000,0.000000,15000,17000,21000,21000,23000,30000,30000,30000,30000,30000,30000,99,0,5100.0,6480.5651999994725,660.9478000027593,30014.089700009208,309.83838383838383
1778884251,100,GET,GET /api/ -> https://locust.io/,0.500000,0.000000,8500,9400,9600,9600,12000,12000,12000,12000,12000,12000,12000,24,0,7600.0,8715.319758336895,1023.0145000095945,30013.476699998137,4563.583333333333
1778884251,100,GET,GET /api/ -> https://redis.io/,1.200000,0.000000,16000,16000,16000,16000,25000,25000,25000,25000,25000,25000,25000,40,0,12000.0,13090.98736500091,5171.644899994135,28112.62510000961,7221.0
1778884251,100,GET,GET /api/ -> https://training.play-with-docker.com/,0.400000,0.000000,14000,14000,14000,14000,14000,14000,14000,14000,14000,14000,14000,7,0,6100.0,8013.852328569295,843.4106999775395,14435.252299997956,1424.0
1778884251,100,GET,GET /api/ -> https://www.python.org/,0.700000,0.000000,12000,14000,14000,14000,15000,15000,15000,15000,15000,15000,15000,90,0,5400.0,7305.1216544447625,592.8292000025976,29505.772200005595,12980.0
1778884251,100,,Aggregated,8.400000,0.000000,11000,13000,15000,16000,18000,23000,25000,25000,25000,25000,25000,634,0,5400.0,6985.975545110363,103.21569998632185,30024.937699985458,6493.132492113565
1778884252,100,GET,GET /api/ -> http://example.com/,0.300000,0.000000,480,480,480,480,480,480,480,480,480,480,480,105,0,1900.0,3686.7046104752394,103.21569998632185,30024.937699985458,63.76190476190476
1778884252,100,GET,GET /api/ -> https://books.toscrape.com/,0.300000,0.000000,13000,13000,21000,21000,21000,21000,21000,21000,21000,21000,21000,102,0,4000.0,6758.707343135599,679.7647999774199,26642.37069999217,7848.0
1778884252,100,GET,GET /api/ -> https://docs.docker.com/,1.700000,0.000000,9700,12000,12000,15000,17000,19000,19000,19000,19000,19000,19000,85,0,5900.0,7049.057925883886,884.4699000183027,26998.174299980747,1741.0
1778884252,100,GET,GET /api/ -> https://flask.palletsprojects.com/,2.400000,0.000000,7500,12000,13000,15000,19000,24000,24000,24000,24000,24000,24000,73,0,6500.0,8092.661232876509,1245.901700021932,27938.906499999575,19667.0
1778884252,100,GET,GET /api/ -> https://github.com/ibnesayeed/linkextractor,0.400000,0.000000,11000,11000,18000,18000,18000,18000,18000,18000,18000,18000,18000,12,0,6700.0,8059.126133336879,2146.4349000016227,18549.19700001483,11810.0
1778884252,100,GET,GET /api/ -> https://httpbin.org/,1.000000,0.000000,12000,16000,17000,21000,23000,23000,23000,23000,23000,23000,23000,99,0,5100.0,6480.5651999994725,660.9478000027593,30014.089700009208,309.83838383838383
1778884252,100,GET,GET /api/ -> https://locust.io/,0.600000,0.000000,8500,8500,9400,9600,12000,12000,12000,12000,12000,12000,12000,27,0,7600.0,8294.974496300307,1023.0145000095945,30013.476699998137,4585.62962962963
1778884252,100,GET,GET /api/ -> https://redis.io/,1.500000,0.000000,16000,16000,18000,23000,25000,29000,29000,29000,29000,29000,29000,44,0,12000.0,13395.709006819578,5171.644899994135,29421.637999999803,7221.0
1778884252,100,GET,GET /api/ -> https://training.play-with-docker.com/,0.400000,0.000000,14000,14000,14000,14000,22000,22000,22000,22000,22000,22000,22000,10,0,7600.0,9383.542659998056,843.4106999775395,21806.4546000096,1424.0
1778884252,100,GET,GET /api/ -> https://www.python.org/,0.900000,0.000000,8300,12000,14000,15000,26000,26000,26000,26000,26000,26000,26000,94,0,5400.0,7393.082151064053,592.8292000025976,29505.772200005595,12980.0
1778884252,100,,Aggregated,9.500000,0.000000,9700,13000,15000,16000,21000,24000,25000,26000,29000,29000,29000,651,0,5400.0,7076.608988786496,103.21569998632185,30024.937699985458,6511.761904761905
1778884253,100,GET,GET /api/ -> http://example.com/,0.200000,0.000000,480,480,480,480,480,480,480,480,480,480,480,105,0,1900.0,3686.7046104752394,103.21569998632185,30024.937699985458,63.76190476190476
1778884253,100,GET,GET /api/ -> https://books.toscrape.com/,0.300000,0.000000,13000,13000,21000,21000,21000,21000,21000,21000,21000,21000,21000,102,0,4000.0,6758.707343135599,679.7647999774199,26642.37069999217,7848.0
1778884253,100,GET,GET /api/ -> https://docs.docker.com/,1.800000,0.000000,9100,12000,15000,15000,18000,19000,19000,19000,19000,19000,19000,87,0,5900.0,7109.090352874857,884.4699000183027,26998.174299980747,1741.0
1778884253,100,GET,GET /api/ -> https://flask.palletsprojects.com/,2.400000,0.000000,7500,12000,12000,15000,19000,24000,24000,24000,24000,24000,24000,76,0,6500.0,8044.794053946756,1123.3416000031866,27938.906499999575,19667.0
1778884253,100,GET,GET /api/ -> https://github.com/ibnesayeed/linkextractor,0.400000,0.000000,8000,11000,11000,22000,22000,22000,22000,22000,22000,22000,22000,15,0,6800.0,8526.879860004798,1910.483200015733,22494.742600014433,11810.0
1778884253,100,GET,GET /api/ -> https://httpbin.org/,1.100000,0.000000,12000,16000,17000,17000,23000,23000,23000,23000,23000,23000,23000,99,0,5100.0,6480.5651999994725,660.9478000027593,30014.089700009208,309.83838383838383
1778884253,100,GET,GET /api/ -> https://locust.io/,0.700000,0.000000,8500,9400,10000,10000,12000,26000,26000,26000,26000,26000,26000,29,0,7700.0,8969.222910347964,1023.0145000095945,30013.476699998137,4597.793103448276
1778884253,100,GET,GET /api/ -> https://redis.io/,1.800000,0.000000,14000,16000,20000,23000,25000,27000,29000,29000,29000,29000,29000,50,0,12000.0,13283.733318001032,4296.605500014266,29421.637999999803,7221.0
1778884253,100,GET,GET /api/ -> https://training.play-with-docker.com/,0.400000,0.000000,14000,14000,19000,19000,22000,22000,22000,22000,22000,22000,22000,11,0,8300.0,10239.179063633359,843.4106999775395,21806.4546000096,1424.0
1778884253,100,GET,GET /api/ -> https://www.python.org/,0.700000,0.000000,7800,10000,12000,12000,15000,26000,26000,26000,26000,26000,26000,96,0,5400.0,7395.379609375293,592.8292000025976,29505.772200005595,12980.0
1778884253,100,,Aggregated,9.800000,0.000000,9200,13000,15000,16000,22000,25000,26000,27000,29000,29000,29000,670,0,5500.0,7198.13139865665,103.21569998632185,30024.937699985458,6592.991044776119
1778884254,100,GET,GET /api/ -> http://example.com/,0.200000,0.000000,450,450,450,450,450,450,450,450,450,450,450,106,0,1900.0,3656.142782074518,103.21569998632185,30024.937699985458,63.77358490566038
1778884254,100,GET,GET /api/ -> https://books.toscrape.com/,0.300000,0.000000,13000,13000,21000,21000,21000,21000,21000,21000,21000,21000,21000,103,0,4100.0,6823.724652425492,679.7647999774199,26642.37069999217,7848.0
1778884254,100,GET,GET /api/ -> https://docs.docker.com/,1.800000,0.000000,9100,12000,15000,17000,18000,19000,19000,19000,19000,19000,19000,88,0,5800.0,7042.409332955603,884.4699000183027,26998.174299980747,1741.0
1778884254,100,GET,GET /api/ -> https://flask.palletsprojects.com/,2.400000,0.000000,7500,8600,12000,13000,17000,24000,24000,24000,24000,24000,24000,79,0,6500.0,7952.580391138695,1123.3416000031866,27938.906499999575,19667.0
1778884254,100,GET,GET /api/ -> https://github.com/ibnesayeed/linkextractor,0.400000,0.000000,8000,11000,11000,22000,22000,22000,22000,22000,22000,22000,22000,15,0,6800.0,8526.879860004798,1910.483200015733,22494.742600014433,11810.0
1778884254,100,GET,GET /api/ -> https://httpbin.org/,0.900000,0.000000,12000,12000,16000,16000,17000,17000,17000,17000,17000,17000,17000,99,0,5100.0,6480.5651999994725,660.9478000027593,30014.089700009208,309.83838383838383
1778884254,100,GET,GET /api/ -> https://locust.io/,0.900000,0.000000,8100,8500,9400,10000,12000,26000,26000,26000,26000,26000,26000,32,0,7600.0,8424.754756252696,892.9535999777727,30013.476699998137,4613.1875
1778884254,100,GET,GET /api/ -> https://redis.io/,1.900000,0.000000,13000,16000,18000,20000,25000,27000,29000,29000,29000,29000,29000,53,0,11000.0,12916.601862264732,4296.605500014266,29421.637999999803,7221.0
1778884254,100,GET,GET /api/ -> https://training.play-with-docker.com/,0.500000,0.000000,14000,14000,19000,19000,22000,22000,22000,22000,22000,22000,22000,11,0,8300.0,10239.179063633359,843.4106999775395,21806.4546000096,1424.0
1778884254,100,GET,GET /api/ -> https://www.python.org/,1.000000,0.000000,7800,10000,12000,12000,15000,26000,26000,26000,26000,26000,26000,96,0,5400.0,7395.379609375293,592.8292000025976,29505.772200005595,12980.0
1778884254,100,,Aggregated,10.300000,0.000000,8300,12000,14000,16000,22000,25000,26000,27000,29000,29000,29000,682,0,5500.0,7162.19833152479,103.21569998632185,30024.937699985458,6630.363636363636
1778884255,100,GET,GET /api/ -> http://example.com/,0.200000,0.000000,520,520,4500,4500,4500,4500,4500,4500,4500,4500,4500,108,0,1900.0,3635.1788796285596,103.21569998632185,30024.937699985458,63.7962962962963
1778884255,100,GET,GET /api/ -> https://books.toscrape.com/,0.300000,0.000000,13000,13000,21000,21000,21000,21000,21000,21000,21000,21000,21000,104,0,4100.0,6960.162281729236,679.7647999774199,26642.37069999217,7848.0
1778884255,100,GET,GET /api/ -> https://docs.docker.com/,2.000000,0.000000,6500,9100,15000,15000,17000,18000,18000,18000,18000,18000,18000,88,0,5800.0,7042.409332955603,884.4699000183027,26998.174299980747,1741.0
1778884255,100,GET,GET /api/ -> https://flask.palletsprojects.com/,2.400000,0.000000,6400,8000,11000,13000,24000,24000,24000,24000,24000,24000,24000,79,0,6500.0,7952.580391138695,1123.3416000031866,27938.906499999575,19667.0
1778884255,100,GET,GET /api/ -> https://github.com/ibnesayeed/linkextractor,0.500000,0.000000,11000,11000,12000,12000,22000,22000,22000,22000,22000,22000,22000,16,0,6800.0,8713.51190000314,1910.483200015733,22494.742600014433,11810.0
1778884255,100,GET,GET /api/ -> https://httpbin.org/,0.900000,0.000000,12000,12000,16000,16000,17000,17000,17000,17000,17000,17000,17000,99,0,5100.0,6480.5651999994725,660.9478000027593,30014.089700009208,309.83838383838383
1778884255,100,GET,GET /api/ -> https://locust.io/,1.200000,0.000000,7600,8500,8500,9400,10000,26000,26000,26000,26000,26000,26000,33,0,7600.0,8261.445554548338,892.9535999777727,30013.476699998137,4617.69696969697
1778884255,100,GET,GET /api/ -> https://redis.io/,2.300000,0.000000,13000,16000,18000,20000,25000,27000,29000,29000,29000,29000,29000,55,0,11000.0,12820.659214545529,4296.605500014266,29421.637999999803,7221.0
1778884255,100,GET,GET /api/ -> https://training.play-with-docker.com/,0.700000,0.000000,14000,14000,19000,19000,22000,22000,22000,22000,22000,22000,22000,11,0,8300.0,10239.179063633359,843.4106999775395,21806.4546000096,1424.0
1778884255,100,GET,GET /api/ -> https://www.python.org/,1.100000,0.000000,7800,8300,10000,15000,26000,26000,26000,26000,26000,26000,26000,96,0,5400.0,7395.379609375293,592.8292000025976,29505.772200005595,12980.0
1778884255,100,,Aggregated,11.600000,0.000000,8000,12000,14000,16000,22000,25000,26000,27000,29000,29000,29000,689,0,5500.0,7178.208397677601,103.21569998632185,30024.937699985458,6619.593613933236
1778884256,100,GET,GET /api/ -> http://example.com/,0.100000,0.000000,520,520,4500,4500,4500,4500,4500,4500,4500,4500,4500,108,0,1900.0,3635.1788796285596,103.21569998632185,30024.937699985458,63.7962962962963
1778884256,100,GET,GET /api/ -> https://books.toscrape.com/,0.400000,0.000000,13000,13000,21000,21000,21000,21000,21000,21000,21000,21000,21000,104,0,4100.0,6960.162281729236,679.7647999774199,26642.37069999217,7848.0
1778884256,100,GET,GET /api/ -> https://docs.docker.com/,1.800000,0.000000,6500,12000,15000,15000,17000,18000,18000,18000,18000,18000,18000,88,0,5800.0,7042.409332955603,884.4699000183027,26998.174299980747,1741.0
1778884256,100,GET,GET /api/ -> https://flask.palletsprojects.com/,2.700000,0.000000,5400,7700,8600,11000,15000,24000,24000,24000,24000,24000,24000,81,0,6500.0,7820.649897530215,1123.3416000031866,27938.906499999575,19667.0
1778884256,100,GET,GET /api/ -> https://github.com/ibnesayeed/linkextractor,0.500000,0.000000,8000,12000,12000,22000,22000,22000,22000,22000,22000,22000,22000,16,0,6800.0,8713.51190000314,1910.483200015733,22494.742600014433,11810.0
1778884256,100,GET,GET /api/ -> https://httpbin.org/,0.700000,0.000000,12000,12000,16000,16000,17000,17000,17000,17000,17000,17000,17000,100,0,5000.0,6425.567657999636,660.9478000027593,30014.089700009208,309.87
1778884256,100,GET,GET /api/ -> https://locust.io/,1.400000,0.000000,7400,8100,8500,9400,10000,26000,26000,26000,26000,26000,26000,37,0,7400.0,8124.182070272729,892.9535999777727,30013.476699998137,4633.2972972972975
1778884256,100,GET,GET /api/ -> https://redis.io/,2.600000,0.000000,10000,14000,16000,18000,25000,27000,29000,29000,29000,29000,29000,57,0,11000.0,12610.513819298878,4296.605500014266,29421.637999999803,7221.0
1778884256,100,GET,GET /api/ -> https://training.play-with-docker.com/,0.600000,0.000000,14000,14000,19000,19000,22000,22000,22000,22000,22000,22000,22000,11,0,8300.0,10239.179063633359,843.4106999775395,21806.4546000096,1424.0
1778884256,100,GET,GET /api/ -> https://www.python.org/,1.100000,0.000000,7800,8300,10000,15000,26000,26000,26000,26000,26000,26000,26000,96,0,5400.0,7395.379609375293,592.8292000025976,29505.772200005595,12980.0
1778884256,100,,Aggregated,11.900000,0.000000,7600,10000,13000,15000,21000,24000,26000,27000,29000,29000,29000,698,0,5500.0,7154.176578796418,103.21569998632185,30024.937699985458,6639.021489971346
1778884257,100,GET,GET /api/ -> http://example.com/,0.200000,0.000000,520,520,4500,4500,4500,4500,4500,4500,4500,4500,4500,108,0,1900.0,3635.1788796285596,103.21569998632185,30024.937699985458,63.7962962962963
1778884257,100,GET,GET /api/ -> https://books.toscrape.com/,0.500000,0.000000,13000,13000,21000,21000,21000,21000,21000,21000,21000,21000,21000,104,0,4100.0,6960.162281729236,679.7647999774199,26642.37069999217,7848.0
1778884257,100,GET,GET /api/ -> https://docs.docker.com/,1.400000,0.000000,6500,9100,15000,17000,18000,18000,18000,18000,18000,18000,18000,88,0,5800.0,7042.409332955603,884.4699000183027,26998.174299980747,1741.0
1778884257,100,GET,GET /api/ -> https://flask.palletsprojects.com/,2.400000,0.000000,5800,8000,11000,13000,15000,24000,24000,24000,24000,24000,24000,84,0,6400.0,7830.725239284913,1123.3416000031866,27938.906499999575,19667.0
1778884257,100,GET,GET /api/ -> https://github.com/ibnesayeed/linkextractor,0.400000,0.000000,4800,8000,12000,12000,12000,22000,22000,22000,22000,22000,22000,22,0,4800.0,7844.535072728336,1910.483200015733,22494.742600014433,11810.0
1778884257,100,GET,GET /api/ -> https://httpbin.org/,0.600000,0.000000,12000,12000,16000,16000,17000,17000,17000,17000,17000,17000,17000,100,0,5000.0,6425.567657999636,660.9478000027593,30014.089700009208,309.87
1778884257,100,GET,GET /api/ -> https://locust.io/,1.400000,0.000000,5500,8100,8500,9900,22000,26000,26000,26000,26000,26000,26000,40,0,7000.0,8288.080295002146,892.9535999777727,30013.476699998137,4642.95
1778884257,100,GET,GET /api/ -> https://redis.io/,2.800000,0.000000,9200,13000,16000,23000,25000,27000,29000,29000,29000,29000,29000,58,0,11000.0,12822.969541380158,4296.605500014266,29421.637999999803,7221.0
1778884257,100,GET,GET /api/ -> https://training.play-with-docker.com/,0.600000,0.000000,8300,19000,19000,22000,22000,22000,22000,22000,22000,22000,22000,11,0,8300.0,10239.179063633359,843.4106999775395,21806.4546000096,1424.0
1778884257,100,GET,GET /api/ -> https://www.python.org/,1.000000,0.000000,5000,8300,10000,10000,15000,26000,26000,26000,26000,26000,26000,97,0,5400.0,7329.620079381917,592.8292000025976,29505.772200005595,12980.0
1778884257,100,,Aggregated,11.300000,0.000000,7200,9200,13000,15000,22000,25000,26000,27000,29000,29000,29000,712,0,5500.0,7174.108479915566,103.21569998632185,30024.937699985458,6739.304775280899
1778884258,100,GET,GET /api/ -> http://example.com/,0.200000,0.000000,520,520,4500,4500,4500,4500,4500,4500,4500,4500,4500,108,0,1900.0,3635.1788796285596,103.21569998632185,30024.937699985458,63.7962962962963
1778884258,100,GET,GET /api/ -> https://books.toscrape.com/,0.500000,0.000000,13000,13000,21000,21000,21000,21000,21000,21000,21000,21000,21000,104,0,4100.0,6960.162281729236,679.7647999774199,26642.37069999217,7848.0
1778884258,100,GET,GET /api/ -> https://docs.docker.com/,1.400000,0.000000,3700,15000,17000,18000,20000,20000,20000,20000,20000,20000,20000,89,0,5900.0,7189.189365169615,884.4699000183027,26998.174299980747,1741.0
1778884258,100,GET,GET /api/ -> https://flask.palletsprojects.com/,2.400000,0.000000,5400,5800,8000,8600,11000,13000,13000,13000,13000,13000,13000,84,0,6400.0,7830.725239284913,1123.3416000031866,27938.906499999575,19667.0
1778884258,100,GET,GET /api/ -> https://github.com/ibnesayeed/linkextractor,0.400000,0.000000,6800,8000,12000,12000,17000,22000,22000,22000,22000,22000,22000,23,0,6700.0,8253.32217391469,1910.483200015733,22494.742600014433,11810.0
1778884258,100,GET,GET /api/ -> https://httpbin.org/,0.600000,0.000000,16000,16000,16000,16000,16000,16000,16000,16000,16000,16000,16000,100,0,5000.0,6425.567657999636,660.9478000027593,30014.089700009208,309.87
1778884258,100,GET,GET /api/ -> https://locust.io/,1.400000,0.000000,5500,7600,8500,9900,22000,26000,26000,26000,26000,26000,26000,41,0,7000.0,8217.052578050841,892.9535999777727,30013.476699998137,4645.8536585365855
1778884258,100,GET,GET /api/ -> https://redis.io/,2.800000,0.000000,9200,12000,16000,20000,25000,27000,29000,29000,29000,29000,29000,58,0,11000.0,12822.969541380158,4296.605500014266,29421.637999999803,7221.0
1778884258,100,GET,GET /api/ -> https://training.play-with-docker.com/,0.600000,0.000000,8300,19000,19000,22000,22000,22000,22000,22000,22000,22000,22000,12,0,7600.0,9450.947291664002,780.3978000010829,21806.4546000096,1424.0
1778884258,100,GET,GET /api/ -> https://www.python.org/,1.000000,0.000000,7800,8300,10000,15000,26000,26000,26000,26000,26000,26000,26000,97,0,5400.0,7329.620079381917,592.8292000025976,29505.772200005595,12980.0
1778884258,100,,Aggregated,11.300000,0.000000,6800,9200,12000,15000,21000,25000,27000,29000,29000,29000,29000,716,0,5500.0,7194.796159217738,103.21569998632185,30024.937699985458,6729.2206703910615
1778884260,100,GET,GET /api/ -> http://example.com/,0.300000,0.000000,520,520,4500,4500,4500,4500,4500,4500,4500,4500,4500,108,0,1900.0,3635.1788796285596,103.21569998632185,30024.937699985458,63.7962962962963
1778884260,100,GET,GET /api/ -> https://books.toscrape.com/,0.300000,0.000000,13000,13000,21000,21000,21000,21000,21000,21000,21000,21000,21000,104,0,4100.0,6960.162281729236,679.7647999774199,26642.37069999217,7848.0
1778884260,100,GET,GET /api/ -> https://docs.docker.com/,1.100000,0.000000,1500,17000,18000,18000,20000,20000,20000,20000,20000,20000,20000,89,0,5900.0,7189.189365169615,884.4699000183027,26998.174299980747,1741.0
1778884260,100,GET,GET /api/ -> https://flask.palletsprojects.com/,2.200000,0.000000,5500,8000,8600,11000,13000,14000,14000,14000,14000,14000,14000,85,0,6500.0,7908.014859999393,1123.3416000031866,27938.906499999575,19667.0
1778884260,100,GET,GET /api/ -> https://github.com/ibnesayeed/linkextractor,1.200000,0.000000,6700,12000,12000,17000,22000,30000,30000,30000,30000,30000,30000,26,0,6700.0,8973.166550001433,1910.483200015733,30182.021000015084,11355.76923076923
1778884260,100,GET,GET /api/ -> https://httpbin.org/,0.600000,0.000000,16000,16000,16000,16000,16000,16000,16000,16000,16000,16000,16000,100,0,5000.0,6425.567657999636,660.9478000027593,30014.089700009208,309.87
1778884260,100,GET,GET /api/ -> https://locust.io/,2.100000,0.000000,5500,7600,8500,9900,22000,26000,26000,26000,26000,26000,26000,42,0,5700.0,8148.727185715827,892.9535999777727,30013.476699998137,4648.619047619048
1778884260,100,GET,GET /api/ -> https://redis.io/,2.500000,0.000000,9200,19000,23000,24000,27000,29000,29000,29000,29000,29000,29000,60,0,11000.0,13112.46129500117,4296.605500014266,29421.637999999803,7221.0
1778884260,100,GET,GET /api/ -> https://training.play-with-docker.com/,0.600000,0.000000,8300,19000,19000,22000,22000,22000,22000,22000,22000,22000,22000,12,0,7600.0,9450.947291664002,780.3978000010829,21806.4546000096,1424.0
1778884260,100,GET,GET /api/ -> https://www.python.org/,1.000000,0.000000,7800,10000,19000,19000,26000,26000,26000,26000,26000,26000,26000,98,0,5400.0,7445.484863265717,592.8292000025976,29505.772200005595,12980.0
1778884260,100,,Aggregated,11.900000,0.000000,6800,9200,13000,17000,22000,26000,29000,30000,30000,30000,30000,724,0,5500.0,7287.84186823192,103.21569998632185,30182.021000015084,6759.10635359116
1778884261,100,GET,GET /api/ -> http://example.com/,0.300000,0.000000,520,520,4500,4500,4500,4500,4500,4500,4500,4500,4500,108,0,1900.0,3635.1788796285596,103.21569998632185,30024.937699985458,63.7962962962963
1778884261,100,GET,GET /api/ -> https://books.toscrape.com/,0.300000,0.000000,21000,21000,21000,21000,21000,21000,21000,21000,21000,21000,21000,104,0,4100.0,6960.162281729236,679.7647999774199,26642.37069999217,7848.0
1778884261,100,GET,GET /api/ -> https://docs.docker.com/,1.000000,0.000000,18000,18000,20000,20000,28000,28000,28000,28000,28000,28000,28000,90,0,5900.0,7421.95492111237,884.4699000183027,28138.089400017634,1741.0
1778884261,100,GET,GET /api/ -> https://flask.palletsprojects.com/,1.500000,0.000000,5800,8000,11000,11000,13000,14000,14000,14000,14000,14000,14000,85,0,6500.0,7908.014859999393,1123.3416000031866,27938.906499999575,19667.0
1778884261,100,GET,GET /api/ -> https://github.com/ibnesayeed/linkextractor,1.200000,0.000000,6700,12000,12000,17000,22000,30000,30000,30000,30000,30000,30000,26,0,6700.0,8973.166550001433,1910.483200015733,30182.021000015084,11355.76923076923
1778884261,100,GET,GET /api/ -> https://httpbin.org/,0.400000,0.000000,16000,16000,30000,30000,30000,30000,30000,30000,30000,30000,30000,101,0,5100.0,6659.1299782175165,660.9478000027593,30015.362000005553,306.8019801980198
1778884261,100,GET,GET /api/ -> https://locust.io/,2.100000,0.000000,5500,7700,9900,10000,17000,22000,26000,26000,26000,26000,26000,48,0,7000.0,8230.468277084583,892.9535999777727,30013.476699998137,4662.791666666667
1778884261,100,GET,GET /api/ -> https://redis.io/,2.400000,0.000000,9200,20000,24000,25000,27000,29000,29000,29000,29000,29000,29000,62,0,12000.0,13472.17627903334,4296.605500014266,29421.637999999803,7221.0
1778884261,100,GET,GET /api/ -> https://training.play-with-docker.com/,0.500000,0.000000,7600,7600,19000,19000,19000,19000,19000,19000,19000,19000,19000,13,0,7600.0,9306.534061535225,780.3978000010829,21806.4546000096,1424.0
1778884261,100,GET,GET /api/ -> https://www.python.org/,1.000000,0.000000,7800,10000,10000,19000,19000,19000,19000,19000,19000,19000,19000,98,0,5400.0,7445.484863265717,592.8292000025976,29505.772200005595,12980.0
1778884261,100,,Aggregated,10.700000,0.000000,7400,10000,14000,19000,24000,27000,30000,30000,30000,30000,30000,735,0,5500.0,7406.078539319613,103.21569998632185,30182.021000015084,6720.778231292517
1778884262,100,GET,GET /api/ -> http://example.com/,0.300000,0.000000,520,520,4500,4500,4500,4500,4500,4500,4500,4500,4500,108,0,1900.0,3635.1788796285596,103.21569998632185,30024.937699985458,63.7962962962963
1778884262,100,GET,GET /api/ -> https://books.toscrape.com/,0.200000,0.000000,21000,21000,21000,21000,21000,21000,21000,21000,21000,21000,21000,104,0,4100.0,6960.162281729236,679.7647999774199,26642.37069999217,7848.0
1778884262,100,GET,GET /api/ -> https://docs.docker.com/,0.900000,0.000000,17000,18000,20000,20000,28000,28000,28000,28000,28000,28000,28000,91,0,5900.0,7400.7542549461705,884.4699000183027,28138.089400017634,1741.0
1778884262,100,GET,GET /api/ -> https://flask.palletsprojects.com/,1.300000,0.000000,5500,8000,8600,8600,13000,14000,14000,14000,14000,14000,14000,85,0,6500.0,7908.014859999393,1123.3416000031866,27938.906499999575,19667.0
1778884262,100,GET,GET /api/ -> https://github.com/ibnesayeed/linkextractor,1.200000,0.000000,6700,6700,12000,12000,17000,30000,30000,30000,30000,30000,30000,28,0,6700.0,8809.980853572986,1910.483200015733,30182.021000015084,11388.214285714286
1778884262,100,GET,GET /api/ -> https://httpbin.org/,0.200000,0.000000,26000,26000,30000,30000,30000,30000,30000,30000,30000,30000,30000,103,0,5100.0,6895.152123300506,660.9478000027593,30015.362000005553,306.92233009708735
1778884262,100,GET,GET /api/ -> https://locust.io/,2.000000,0.000000,5500,7700,8100,9900,14000,17000,22000,22000,22000,22000,22000,52,0,7400.0,8163.568919231833,892.9535999777727,30013.476699998137,4670.423076923077
1778884262,100,GET,GET /api/ -> https://redis.io/,2.300000,0.000000,9200,19000,24000,24000,25000,25000,25000,25000,25000,25000,25000,63,0,12000.0,13402.278085715056,4296.605500014266,29421.637999999803,7221.0
1778884262,100,GET,GET /api/ -> https://training.play-with-docker.com/,0.500000,0.000000,7600,7600,19000,19000,19000,19000,19000,19000,19000,19000,19000,13,0,7600.0,9306.534061535225,780.3978000010829,21806.4546000096,1424.0
1778884262,100,GET,GET /api/ -> https://www.python.org/,0.800000,0.000000,10000,10000,19000,19000,19000,19000,19000,19000,19000,19000,19000,98,0,5400.0,7445.484863265717,592.8292000025976,29505.772200005595,12980.0
1778884262,100,,Aggregated,9.700000,0.000000,6900,9200,12000,14000,22000,25000,30000,30000,30000,30000,30000,745,0,5600.0,7434.1983782548605,103.21569998632185,30182.021000015084,6700.708724832215
1778884263,100,GET,GET /api/ -> http://example.com/,0.300000,0.000000,4500,4500,4500,4500,4500,4500,4500,4500,4500,4500,4500,108,0,1900.0,3635.1788796285596,103.21569998632185,30024.937699985458,63.7962962962963
1778884263,100,GET,GET /api/ -> https://books.toscrape.com/,0.200000,0.000000,21000,21000,21000,21000,21000,21000,21000,21000,21000,21000,21000,104,0,4100.0,6960.162281729236,679.7647999774199,26642.37069999217,7848.0
1778884263,100,GET,GET /api/ -> https://docs.docker.com/,0.900000,0.000000,20000,20000,28000,28000,28000,28000,28000,28000,28000,28000,28000,91,0,5900.0,7400.7542549461705,884.4699000183027,28138.089400017634,1741.0
1778884263,100,GET,GET /api/ -> https://flask.palletsprojects.com/,1.300000,0.000000,5800,5800,13000,13000,14000,14000,14000,14000,14000,14000,14000,85,0,6500.0,7908.014859999393,1123.3416000031866,27938.906499999575,19667.0
1778884263,100,GET,GET /api/ -> https://github.com/ibnesayeed/linkextractor,1.200000,0.000000,6700,12000,12000,17000,29000,30000,30000,30000,30000,30000,30000,29,0,6700.0,9508.55471724283,1910.483200015733,30182.021000015084,11402.758620689656
1778884263,100,GET,GET /api/ -> https://httpbin.org/,0.200000,0.000000,26000,26000,30000,30000,30000,30000,30000,30000,30000,30000,30000,103,0,5100.0,6895.152123300506,660.9478000027593,30015.362000005553,306.92233009708735
1778884263,100,GET,GET /api/ -> https://locust.io/,2.000000,0.000000,7600,8100,9800,9900,14000,17000,22000,22000,22000,22000,22000,54,0,7600.0,8196.158577779122,892.9535999777727,30013.476699998137,4673.814814814815
1778884263,100,GET,GET /api/ -> https://redis.io/,2.300000,0.000000,19000,24000,24000,25000,25000,25000,25000,25000,25000,25000,25000,64,0,11000.0,13334.832284375807,4296.605500014266,29421.637999999803,7221.0
1778884263,100,GET,GET /api/ -> https://training.play-with-docker.com/,0.500000,0.000000,7600,7600,7600,7600,7600,7600,7600,7600,7600,7600,7600,13,0,7600.0,9306.534061535225,780.3978000010829,21806.4546000096,1424.0
1778884263,100,GET,GET /api/ -> https://www.python.org/,0.800000,0.000000,19000,19000,19000,19000,19000,19000,19000,19000,19000,19000,19000,98,0,5400.0,7445.484863265717,592.8292000025976,29505.772200005595,12980.0
1778884263,100,,Aggregated,9.700000,0.000000,7600,12000,14000,19000,25000,28000,30000,30000,30000,30000,30000,749,0,5600.0,7469.58496782362,103.21569998632185,30182.021000015084,6703.048064085448
1778884265,100,GET,GET /api/ -> http://example.com/,0.300000,0.000000,4500,4500,4500,4500,4500,4500,4500,4500,4500,4500,4500,108,0,1900.0,3635.1788796285596,103.21569998632185,30024.937699985458,63.7962962962963
1778884265,100,GET,GET /api/ -> https://books.toscrape.com/,0.200000,0.000000,21000,21000,21000,21000,21000,21000,21000,21000,21000,21000,21000,105,0,4200.0,6986.819175236659,679.7647999774199,26642.37069999217,7848.0
1778884265,100,GET,GET /api/ -> https://docs.docker.com/,0.400000,0.000000,20000,20000,28000,28000,28000,28000,28000,28000,28000,28000,28000,91,0,5900.0,7400.7542549461705,884.4699000183027,28138.089400017634,1741.0
1778884265,100,GET,GET /api/ -> https://flask.palletsprojects.com/,1.100000,0.000000,13000,13000,14000,14000,15000,15000,15000,15000,15000,15000,15000,86,0,6500.0,7995.243532557398,1123.3416000031866,27938.906499999575,19667.0
1778884265,100,GET,GET /api/ -> https://github.com/ibnesayeed/linkextractor,1.500000,0.000000,6700,6700,17000,29000,30000,31000,31000,31000,31000,31000,31000,31,0,6700.0,10046.955025808382,1910.483200015733,30562.619800009998,11048.064516129032
1778884265,100,GET,GET /api/ -> https://httpbin.org/,0.400000,0.000000,26000,26000,30000,30000,30000,30000,30000,30000,30000,30000,30000,103,0,5100.0,6895.152123300506,660.9478000027593,30015.362000005553,306.92233009708735
1778884265,100,GET,GET /api/ -> https://locust.io/,2.500000,0.000000,7700,8100,9800,12000,17000,22000,22000,22000,22000,22000,22000,55,0,7600.0,8192.818301819287,892.9535999777727,30013.476699998137,4675.418181818181
1778884265,100,GET,GET /api/ -> https://redis.io/,1.600000,0.000000,19000,24000,24000,25000,25000,25000,25000,25000,25000,25000,25000,65,0,11000.0,13269.43343846226,4296.605500014266,29421.637999999803,7221.0
1778884265,100,GET,GET /api/ -> https://training.play-with-docker.com/,0.200000,0.000000,7600,7600,8000,8000,8000,8000,8000,8000,8000,8000,8000,14,0,7600.0,9210.830707138355,780.3978000010829,21806.4546000096,1424.0
1778884265,100,GET,GET /api/ -> https://www.python.org/,0.300000,0.000000,3500,3500,19000,19000,19000,19000,19000,19000,19000,19000,19000,99,0,5400.0,7405.654684848898,592.8292000025976,29505.772200005595,12980.0
1778884265,100,,Aggregated,8.500000,0.000000,8000,12000,17000,19000,25000,29000,30000,31000,31000,31000,31000,757,0,5600.0,7508.798958652403,103.21569998632185,30562.619800009998,6719.015852047556
1778884266,100,GET,GET /api/ -> http://example.com/,0.300000,0.000000,4500,4500,4500,4500,4500,4500,4500,4500,4500,4500,4500,108,0,1900.0,3635.1788796285596,103.21569998632185,30024.937699985458,63.7962962962963
1778884266,100,GET,GET /api/ -> https://books.toscrape.com/,0.100000,0.000000,21000,21000,21000,21000,21000,21000,21000,21000,21000,21000,21000,105,0,4200.0,6986.819175236659,679.7647999774199,26642.37069999217,7848.0
1778884266,100,GET,GET /api/ -> https://docs.docker.com/,0.400000,0.000000,20000,20000,28000,28000,28000,28000,28000,28000,28000,28000,28000,91,0,5900.0,7400.7542549461705,884.4699000183027,28138.089400017634,1741.0
1778884266,100,GET,GET /api/ -> https://flask.palletsprojects.com/,0.700000,0.000000,14000,14000,15000,15000,15000,15000,15000,15000,15000,15000,15000,86,0,6500.0,7995.243532557398,1123.3416000031866,27938.906499999575,19667.0
1778884266,100,GET,GET /api/ -> https://github.com/ibnesayeed/linkextractor,1.400000,0.000000,6700,17000,29000,29000,30000,31000,31000,31000,31000,31000,31000,32,0,6700.0,10021.312084376405,1910.483200015733,30562.619800009998,11071.875
1778884266,100,GET,GET /api/ -> https://httpbin.org/,0.400000,0.000000,26000,26000,30000,30000,30000,30000,30000,30000,30000,30000,30000,103,0,5100.0,6895.152123300506,660.9478000027593,30015.362000005553,306.92233009708735
1778884266,100,GET,GET /api/ -> https://locust.io/,2.200000,0.000000,7900,8100,9800,12000,14000,17000,17000,17000,17000,17000,17000,55,0,7600.0,8192.818301819287,892.9535999777727,30013.476699998137,4675.418181818181
1778884266,100,GET,GET /api/ -> https://redis.io/,1.200000,0.000000,19000,24000,25000,25000,25000,29000,29000,29000,29000,29000,29000,68,0,12000.0,13636.107111764859,4296.605500014266,29421.637999999803,7221.0
1778884266,100,GET,GET /api/ -> https://training.play-with-docker.com/,0.200000,0.000000,7600,7600,8000,8000,8000,8000,8000,8000,8000,8000,8000,14,0,7600.0,9210.830707138355,780.3978000010829,21806.4546000096,1424.0
1778884266,100,GET,GET /api/ -> https://www.python.org/,0.200000,0.000000,3500,3500,19000,19000,19000,19000,19000,19000,19000,19000,19000,99,0,5400.0,7405.654684848898,592.8292000025976,29505.772200005595,12980.0
1778884266,100,,Aggregated,7.100000,0.000000,9800,17000,19000,24000,28000,30000,30000,31000,31000,31000,31000,761,0,5600.0,7566.529964125911,103.21569998632185,30562.619800009998,6727.684625492772
1778884267,100,GET,GET /api/ -> http://example.com/,0.200000,0.000000,4500,4500,4500,4500,4500,4500,4500,4500,4500,4500,4500,108,0,1900.0,3635.1788796285596,103.21569998632185,30024.937699985458,63.7962962962963
1778884267,100,GET,GET /api/ -> https://books.toscrape.com/,0.000000,0.000000,13000,13000,21000,21000,21000,21000,21000,21000,21000,21000,21000,106,0,4200.0,7045.273343394653,679.7647999774199,26642.37069999217,7848.0
1778884267,100,GET,GET /api/ -> https://docs.docker.com/,0.300000,0.000000,16000,20000,20000,28000,28000,28000,28000,28000,28000,28000,28000,93,0,6000.0,7571.481709678342,884.4699000183027,28138.089400017634,1741.0
1778884267,100,GET,GET /api/ -> https://flask.palletsprojects.com/,0.600000,0.000000,14000,14000,15000,15000,15000,15000,15000,15000,15000,15000,15000,86,0,6500.0,7995.243532557398,1123.3416000031866,27938.906499999575,19667.0
1778884267,100,GET,GET /api/ -> https://github.com/ibnesayeed/linkextractor,1.500000,0.000000,6700,16000,17000,29000,30000,31000,31000,31000,31000,31000,31000,34,0,6700.0,10087.761182354263,1910.483200015733,30562.619800009998,11115.29411764706
1778884267,100,GET,GET /api/ -> https://httpbin.org/,0.400000,0.000000,26000,26000,30000,30000,30000,30000,30000,30000,30000,30000,30000,103,0,5100.0,6895.152123300506,660.9478000027593,30015.362000005553,306.92233009708735
1778884267,100,GET,GET /api/ -> https://locust.io/,2.200000,0.000000,7900,8100,9800,12000,14000,17000,17000,17000,17000,17000,17000,55,0,7600.0,8192.818301819287,892.9535999777727,30013.476699998137,4675.418181818181
1778884267,100,GET,GET /api/ -> https://redis.io/,0.900000,0.000000,19000,24000,24000,25000,25000,29000,29000,29000,29000,29000,29000,71,0,12000.0,13673.852671831388,4296.605500014266,29421.637999999803,7221.0
1778884267,100,GET,GET /api/ -> https://training.play-with-docker.com/,0.200000,0.000000,7600,7600,8000,8000,8000,8000,8000,8000,8000,8000,8000,14,0,7600.0,9210.830707138355,780.3978000010829,21806.4546000096,1424.0
1778884267,100,GET,GET /api/ -> https://www.python.org/,0.200000,0.000000,19000,19000,23000,23000,23000,23000,23000,23000,23000,23000,23000,100,0,5400.0,7556.725269000453,592.8292000025976,29505.772200005595,12980.0
1778884267,100,,Aggregated,6.500000,0.000000,12000,16000,19000,20000,26000,29000,30000,31000,31000,31000,31000,770,0,5700.0,7649.862711947803,103.21569998632185,30562.619800009998,6739.42987012987
1778884268,100,GET,GET /api/ -> http://example.com/,0.000000,0.000000,8200,8200,20000,20000,20000,20000,20000,20000,20000,20000,20000,110,0,1900.0,3822.0823181806322,103.21569998632185,30024.937699985458,63.81818181818182
1778884268,100,GET,GET /api/ -> https://books.toscrape.com/,0.100000,0.000000,13000,13000,21000,21000,21000,21000,21000,21000,21000,21000,21000,107,0,4200.0,7103.156197194618,679.7647999774199,26642.37069999217,7848.0
1778884268,100,GET,GET /api/ -> https://docs.docker.com/,0.300000,0.000000,20000,20000,20000,20000,28000,28000,28000,28000,28000,28000,28000,94,0,6000.0,7699.216194681519,884.4699000183027,28138.089400017634,1741.0
1778884268,100,GET,GET /api/ -> https://flask.palletsprojects.com/,0.600000,0.000000,15000,15000,15000,15000,15000,15000,15000,15000,15000,15000,15000,86,0,6500.0,7995.243532557398,1123.3416000031866,27938.906499999575,19667.0
1778884268,100,GET,GET /api/ -> https://github.com/ibnesayeed/linkextractor,1.500000,0.000000,9200,12000,16000,29000,30000,31000,31000,31000,31000,31000,31000,36,0,6700.0,10187.821483334927,1910.483200015733,30562.619800009998,11153.888888888889
1778884268,100,GET,GET /api/ -> https://httpbin.org/,0.300000,0.000000,26000,26000,30000,30000,30000,30000,30000,30000,30000,30000,30000,103,0,5100.0,6895.152123300506,660.9478000027593,30015.362000005553,306.92233009708735
1778884268,100,GET,GET /api/ -> https://locust.io/,1.900000,0.000000,7900,8100,9800,9800,14000,17000,17000,17000,17000,17000,17000,57,0,7600.0,8051.750457895667,892.9535999777727,30013.476699998137,4678.456140350877
1778884268,100,GET,GET /api/ -> https://redis.io/,1.100000,0.000000,18000,19000,24000,24000,25000,29000,29000,29000,29000,29000,29000,72,0,12000.0,13653.6794555557,4296.605500014266,29421.637999999803,7221.0
1778884268,100,GET,GET /api/ -> https://training.play-with-docker.com/,0.300000,0.000000,8000,8000,8000,8000,8000,8000,8000,8000,8000,8000,8000,14,0,7600.0,9210.830707138355,780.3978000010829,21806.4546000096,1424.0
1778884268,100,GET,GET /api/ -> https://www.python.org/,0.300000,0.000000,19000,19000,23000,23000,23000,23000,23000,23000,23000,23000,23000,100,0,5400.0,7556.725269000453,592.8292000025976,29505.772200005595,12980.0
1778884268,100,,Aggregated,6.400000,0.000000,12000,15000,19000,20000,26000,29000,30000,31000,31000,31000,31000,779,0,5800.0,7696.258189986837,103.21569998632185,30562.619800009998,6725.860077021823
1778884269,100,GET,GET /api/ -> http://example.com/,0.000000,0.000000,8200,8200,20000,20000,20000,20000,20000,20000,20000,20000,20000,110,0,1900.0,3822.0823181806322,103.21569998632185,30024.937699985458,63.81818181818182
1778884269,100,GET,GET /api/ -> https://books.toscrape.com/,0.100000,0.000000,13000,13000,13000,13000,13000,13000,13000,13000,13000,13000,13000,108,0,4200.0,7050.287094442831,679.7647999774199,26642.37069999217,7848.0
1778884269,100,GET,GET /api/ -> https://docs.docker.com/,0.400000,0.000000,20000,20000,25000,25000,28000,28000,28000,28000,28000,28000,28000,95,0,6100.0,7884.843167369131,884.4699000183027,28138.089400017634,1741.0
1778884269,100,GET,GET /api/ -> https://flask.palletsprojects.com/,0.300000,0.000000,14000,14000,15000,15000,15000,15000,15000,15000,15000,15000,15000,88,0,6500.0,8031.58657727181,1123.3416000031866,27938.906499999575,19667.0
1778884269,100,GET,GET /api/ -> https://github.com/ibnesayeed/linkextractor,1.200000,0.000000,9200,12000,16000,16000,29000,31000,31000,31000,31000,31000,31000,36,0,6700.0,10187.821483334927,1910.483200015733,30562.619800009998,11153.888888888889
1778884269,100,GET,GET /api/ -> https://httpbin.org/,0.300000,0.000000,26000,26000,30000,30000,30000,30000,30000,30000,30000,30000,30000,103,0,5100.0,6895.152123300506,660.9478000027593,30015.362000005553,306.92233009708735
1778884269,100,GET,GET /api/ -> https://locust.io/,1.500000,0.000000,8000,8300,9800,12000,14000,17000,17000,17000,17000,17000,17000,59,0,7600.0,8164.254593220934,892.9535999777727,30013.476699998137,4681.28813559322
1778884269,100,GET,GET /api/ -> https://redis.io/,1.100000,0.000000,16000,18000,19000,24000,25000,29000,29000,29000,29000,29000,29000,73,0,12000.0,13680.525245205563,4296.605500014266,29421.637999999803,7221.0
1778884269,100,GET,GET /api/ -> https://training.play-with-docker.com/,0.300000,0.000000,8000,8000,13000,13000,13000,13000,13000,13000,13000,13000,13000,15,0,8000.0,9474.984339995231,780.3978000010829,21806.4546000096,1424.0
1778884269,100,GET,GET /api/ -> https://www.python.org/,0.200000,0.000000,19000,19000,23000,23000,23000,23000,23000,23000,23000,23000,23000,100,0,5400.0,7556.725269000453,592.8292000025976,29505.772200005595,12980.0
1778884269,100,,Aggregated,5.400000,0.000000,12000,14000,16000,18000,25000,29000,30000,31000,31000,31000,31000,787,0,5800.0,7741.840760990729,103.21569998632185,30562.619800009998,6742.740787801779
1778884270,100,GET,GET /api/ -> http://example.com/,0.000000,0.000000,8200,8200,20000,20000,20000,20000,20000,20000,20000,20000,20000,110,0,1900.0,3822.0823181806322,103.21569998632185,30024.937699985458,63.81818181818182
1778884270,100,GET,GET /api/ -> https://books.toscrape.com/,0.200000,0.000000,13000,13000,13000,13000,13000,13000,13000,13000,13000,13000,13000,108,0,4200.0,7050.287094442831,679.7647999774199,26642.37069999217,7848.0
1778884270,100,GET,GET /api/ -> https://docs.docker.com/,0.400000,0.000000,20000,20000,25000,25000,28000,28000,28000,28000,28000,28000,28000,95,0,6100.0,7884.843167369131,884.4699000183027,28138.089400017634,1741.0
1778884270,100,GET,GET /api/ -> https://flask.palletsprojects.com/,0.200000,0.000000,14000,14000,15000,15000,15000,15000,15000,15000,15000,15000,15000,88,0,6500.0,8031.58657727181,1123.3416000031866,27938.906499999575,19667.0
1778884270,100,GET,GET /api/ -> https://github.com/ibnesayeed/linkextractor,1.200000,0.000000,12000,13000,16000,18000,29000,31000,31000,31000,31000,31000,31000,38,0,6800.0,10457.776810527368,1910.483200015733,30562.619800009998,11188.421052631578
1778884270,100,GET,GET /api/ -> https://httpbin.org/,0.300000,0.000000,26000,26000,30000,30000,30000,30000,30000,30000,30000,30000,30000,103,0,5100.0,6895.152123300506,660.9478000027593,30015.362000005553,306.92233009708735
1778884270,100,GET,GET /api/ -> https://locust.io/,1.400000,0.000000,7900,8100,9300,9800,12000,13000,13000,13000,13000,13000,13000,59,0,7600.0,8164.254593220934,892.9535999777727,30013.476699998137,4681.28813559322
1778884270,100,GET,GET /api/ -> https://redis.io/,1.300000,0.000000,16000,18000,19000,19000,24000,29000,29000,29000,29000,29000,29000,74,0,12000.0,13826.246859459363,4296.605500014266,29421.637999999803,7221.0
1778884270,100,GET,GET /api/ -> https://training.play-with-docker.com/,0.200000,0.000000,13000,13000,13000,13000,13000,13000,13000,13000,13000,13000,13000,16,0,8000.0,9710.616806245525,780.3978000010829,21806.4546000096,1424.0
1778884270,100,GET,GET /api/ -> https://www.python.org/,0.300000,0.000000,20000,20000,23000,23000,23000,23000,23000,23000,23000,23000,23000,101,0,5600.0,7681.151964356788,592.8292000025976,29505.772200005595,12980.0
1778884270,100,,Aggregated,5.500000,0.000000,12000,15000,18000,19000,25000,29000,30000,31000,31000,31000,31000,792,0,5900.0,7804.666002903614,103.21569998632185,30562.619800009998,6757.300505050505
1778884271,100,GET,GET /api/ -> http://example.com/,0.200000,0.000000,18000,18000,20000,20000,20000,20000,20000,20000,20000,20000,20000,111,0,1900.0,3953.3199639629092,103.21569998632185,30024.937699985458,63.828828828828826
1778884271,100,GET,GET /api/ -> https://books.toscrape.com/,0.300000,0.000000,13000,13000,13000,13000,13000,13000,13000,13000,13000,13000,13000,108,0,4200.0,7050.287094442831,679.7647999774199,26642.37069999217,7848.0
1778884271,100,GET,GET /api/ -> https://docs.docker.com/,0.500000,0.000000,16000,16000,20000,20000,25000,25000,25000,25000,25000,25000,25000,96,0,6000.0,7819.065900000775,884.4699000183027,28138.089400017634,1741.0
1778884271,100,GET,GET /api/ -> https://flask.palletsprojects.com/,0.200000,0.000000,14000,14000,15000,15000,15000,15000,15000,15000,15000,15000,15000,88,0,6500.0,8031.58657727181,1123.3416000031866,27938.906499999575,19667.0
1778884271,100,GET,GET /api/ -> https://github.com/ibnesayeed/linkextractor,1.300000,0.000000,12000,13000,18000,18000,29000,31000,31000,31000,31000,31000,31000,38,0,6800.0,10457.776810527368,1910.483200015733,30562.619800009998,11188.421052631578
1778884271,100,GET,GET /api/ -> https://httpbin.org/,0.300000,0.000000,26000,26000,30000,30000,30000,30000,30000,30000,30000,30000,30000,103,0,5100.0,6895.152123300506,660.9478000027593,30015.362000005553,306.92233009708735
1778884271,100,GET,GET /api/ -> https://locust.io/,1.700000,0.000000,8000,8300,9300,9300,9800,13000,13000,13000,13000,13000,13000,60,0,7600.0,8102.442650000739,892.9535999777727,30013.476699998137,4682.633333333333
1778884271,100,GET,GET /api/ -> https://redis.io/,1.400000,0.000000,18000,19000,22000,24000,24000,29000,29000,29000,29000,29000,29000,77,0,13000.0,14144.882377921966,4296.605500014266,29421.637999999803,7221.0
1778884271,100,GET,GET /api/ -> https://training.play-with-docker.com/,0.200000,0.000000,13000,13000,18000,18000,18000,18000,18000,18000,18000,18000,18000,19,0,8300.0,10167.28261052355,780.3978000010829,21806.4546000096,1424.0
1778884271,100,GET,GET /api/ -> https://www.python.org/,0.300000,0.000000,20000,20000,23000,23000,23000,23000,23000,23000,23000,23000,23000,101,0,5600.0,7681.151964356788,592.8292000025976,29505.772200005595,12980.0
1778884271,100,,Aggregated,6.400000,0.000000,13000,16000,18000,19000,23000,25000,29000,31000,31000,31000,31000,801,0,5900.0,7877.069756553942,103.21569998632185,30562.619800009998,6721.953807740325
1778884272,100,GET,GET /api/ -> http://example.com/,0.200000,0.000000,18000,18000,20000,20000,20000,20000,20000,20000,20000,20000,20000,111,0,1900.0,3953.3199639629092,103.21569998632185,30024.937699985458,63.828828828828826
1778884272,100,GET,GET /api/ -> https://books.toscrape.com/,0.400000,0.000000,13000,13000,13000,13000,13000,13000,13000,13000,13000,13000,13000,108,0,4200.0,7050.287094442831,679.7647999774199,26642.37069999217,7848.0
1778884272,100,GET,GET /api/ -> https://docs.docker.com/,0.600000,0.000000,15000,16000,20000,20000,25000,25000,25000,25000,25000,25000,25000,97,0,6000.0,7784.599139176,884.4699000183027,28138.089400017634,1741.0
1778884272,100,GET,GET /api/ -> https://flask.palletsprojects.com/,0.400000,0.000000,12000,12000,15000,15000,15000,15000,15000,15000,15000,15000,15000,88,0,6500.0,8031.58657727181,1123.3416000031866,27938.906499999575,19667.0
1778884272,100,GET,GET /api/ -> https://github.com/ibnesayeed/linkextractor,1.200000,0.000000,12000,15000,18000,22000,29000,31000,31000,31000,31000,31000,31000,41,0,8400.0,10872.331387804901,1910.483200015733,30562.619800009998,11233.90243902439
1778884272,100,GET,GET /api/ -> https://httpbin.org/,0.300000,0.000000,26000,26000,30000,30000,30000,30000,30000,30000,30000,30000,30000,103,0,5100.0,6895.152123300506,660.9478000027593,30015.362000005553,306.92233009708735
1778884272,100,GET,GET /api/ -> https://locust.io/,1.800000,0.000000,8000,8300,9300,9300,9800,13000,13000,13000,13000,13000,13000,60,0,7600.0,8102.442650000739,892.9535999777727,30013.476699998137,4682.633333333333
1778884272,100,GET,GET /api/ -> https://redis.io/,1.300000,0.000000,18000,19000,24000,24000,29000,30000,30000,30000,30000,30000,30000,79,0,13000.0,14365.363696202137,4296.605500014266,30014.555099973222,7129.594936708861
1778884272,100,GET,GET /api/ -> https://training.play-with-docker.com/,0.400000,0.000000,13000,13000,18000,18000,18000,18000,18000,18000,18000,18000,18000,21,0,9500.0,10270.355919046173,780.3978000010829,21806.4546000096,1424.0
1778884272,100,GET,GET /api/ -> https://www.python.org/,0.300000,0.000000,20000,20000,23000,23000,23000,23000,23000,23000,23000,23000,23000,101,0,5600.0,7681.151964356788,592.8292000025976,29505.772200005595,12980.0
1778884272,100,,Aggregated,6.900000,0.000000,13000,16000,18000,19000,24000,29000,30000,31000,31000,31000,31000,809,0,6000.0,7948.807944128142,103.21569998632185,30562.619800009998,6713.875154511743
1778884273,100,GET,GET /api/ -> http://example.com/,0.200000,0.000000,18000,18000,20000,20000,20000,20000,20000,20000,20000,20000,20000,111,0,1900.0,3953.3199639629092,103.21569998632185,30024.937699985458,63.828828828828826
1778884273,100,GET,GET /api/ -> https://books.toscrape.com/,0.400000,0.000000,13000,13000,13000,30000,30000,30000,30000,30000,30000,30000,30000,109,0,4200.0,7260.875411007773,679.7647999774199,30004.413600021508,7776.0
1778884273,100,GET,GET /api/ -> https://docs.docker.com/,0.600000,0.000000,15000,16000,20000,20000,25000,25000,25000,25000,25000,25000,25000,97,0,6000.0,7784.599139176,884.4699000183027,28138.089400017634,1741.0
1778884273,100,GET,GET /api/ -> https://flask.palletsprojects.com/,0.300000,0.000000,12000,12000,15000,15000,15000,15000,15000,15000,15000,15000,15000,88,0,6500.0,8031.58657727181,1123.3416000031866,27938.906499999575,19667.0
1778884273,100,GET,GET /api/ -> https://github.com/ibnesayeed/linkextractor,1.200000,0.000000,13000,15000,18000,18000,22000,31000,31000,31000,31000,31000,31000,41,0,8400.0,10872.331387804901,1910.483200015733,30562.619800009998,11233.90243902439
1778884273,100,GET,GET /api/ -> https://httpbin.org/,0.300000,0.000000,26000,26000,30000,30000,30000,30000,30000,30000,30000,30000,30000,103,0,5100.0,6895.152123300506,660.9478000027593,30015.362000005553,306.92233009708735
1778884273,100,GET,GET /api/ -> https://locust.io/,1.500000,0.000000,8000,8000,9300,9300,13000,13000,13000,13000,13000,13000,13000,60,0,7600.0,8102.442650000739,892.9535999777727,30013.476699998137,4682.633333333333
1778884273,100,GET,GET /api/ -> https://redis.io/,1.300000,0.000000,18000,19000,24000,24000,29000,30000,30000,30000,30000,30000,30000,79,0,13000.0,14365.363696202137,4296.605500014266,30014.555099973222,7129.594936708861
1778884273,100,GET,GET /api/ -> https://training.play-with-docker.com/,0.300000,0.000000,13000,13000,18000,18000,18000,18000,18000,18000,18000,18000,18000,21,0,9500.0,10270.355919046173,780.3978000010829,21806.4546000096,1424.0
1778884273,100,GET,GET /api/ -> https://www.python.org/,0.300000,0.000000,20000,20000,23000,23000,23000,23000,23000,23000,23000,23000,23000,101,0,5600.0,7681.151964356788,592.8292000025976,29505.772200005595,12980.0
1778884273,100,,Aggregated,6.400000,0.000000,13000,18000,18000,20000,24000,29000,30000,31000,31000,31000,31000,810,0,6000.0,7976.037086913194,103.21569998632185,30562.619800009998,6705.586419753086
1778884274,100,GET,GET /api/ -> http://example.com/,0.300000,0.000000,18000,18000,20000,20000,20000,20000,20000,20000,20000,20000,20000,111,0,1900.0,3953.3199639629092,103.21569998632185,30024.937699985458,63.828828828828826
1778884274,100,GET,GET /api/ -> https://books.toscrape.com/,0.400000,0.000000,13000,13000,13000,30000,30000,30000,30000,30000,30000,30000,30000,109,0,4200.0,7260.875411007773,679.7647999774199,30004.413600021508,7776.0
1778884274,100,GET,GET /api/ -> https://docs.docker.com/,0.700000,0.000000,16000,20000,23000,23000,25000,25000,25000,25000,25000,25000,25000,98,0,6000.0,7938.333630612909,884.4699000183027,28138.089400017634,1741.0
1778884274,100,GET,GET /api/ -> https://flask.palletsprojects.com/,0.300000,0.000000,12000,12000,15000,15000,15000,15000,15000,15000,15000,15000,15000,88,0,6500.0,8031.58657727181,1123.3416000031866,27938.906499999575,19667.0
1778884274,100,GET,GET /api/ -> https://github.com/ibnesayeed/linkextractor,1.300000,0.000000,13000,15000,18000,18000,20000,22000,22000,22000,22000,22000,22000,42,0,8400.0,11085.103185714355,1910.483200015733,30562.619800009998,11247.619047619048
1778884274,100,GET,GET /api/ -> https://httpbin.org/,0.000000,0.000000,26000,26000,30000,30000,30000,30000,30000,30000,30000,30000,30000,103,0,5100.0,6895.152123300506,660.9478000027593,30015.362000005553,306.92233009708735
1778884274,100,GET,GET /api/ -> https://locust.io/,1.100000,0.000000,9200,9300,13000,13000,25000,25000,25000,25000,25000,25000,25000,62,0,7600.0,8392.877856452082,892.9535999777727,30013.476699998137,4685.193548387097
1778884274,100,GET,GET /api/ -> https://redis.io/,1.400000,0.000000,18000,19000,24000,24000,29000,30000,30000,30000,30000,30000,30000,79,0,13000.0,14365.363696202137,4296.605500014266,30014.555099973222,7129.594936708861
1778884274,100,GET,GET /api/ -> https://training.play-with-docker.com/,0.600000,0.000000,13000,13000,18000,18000,18000,18000,18000,18000,18000,18000,18000,21,0,9500.0,10270.355919046173,780.3978000010829,21806.4546000096,1424.0
1778884274,100,GET,GET /api/ -> https://www.python.org/,0.300000,0.000000,20000,20000,23000,23000,23000,23000,23000,23000,23000,23000,23000,101,0,5600.0,7681.151964356788,592.8292000025976,29505.772200005595,12980.0
1778884274,100,,Aggregated,6.400000,0.000000,13000,18000,19000,20000,24000,25000,30000,30000,30000,30000,30000,814,0,6000.0,8031.2791581077,103.21569998632185,30562.619800009998,6700.982800982801
1778884275,100,GET,GET /api/ -> http://example.com/,0.300000,0.000000,20000,20000,20000,20000,20000,20000,20000,20000,20000,20000,20000,112,0,1900.0,4097.210584820329,103.21569998632185,30024.937699985458,63.839285714285715
1778884275,100,GET,GET /api/ -> https://books.toscrape.com/,0.400000,0.000000,13000,13000,13000,30000,30000,30000,30000,30000,30000,30000,30000,109,0,4200.0,7260.875411007773,679.7647999774199,30004.413600021508,7776.0
1778884275,100,GET,GET /api/ -> https://docs.docker.com/,0.600000,0.000000,16000,20000,23000,23000,25000,25000,25000,25000,25000,25000,25000,98,0,6000.0,7938.333630612909,884.4699000183027,28138.089400017634,1741.0
1778884275,100,GET,GET /api/ -> https://flask.palletsprojects.com/,0.300000,0.000000,12000,12000,15000,15000,15000,15000,15000,15000,15000,15000,15000,89,0,6500.0,8011.300115729355,1123.3416000031866,27938.906499999575,19667.0
1778884275,100,GET,GET /api/ -> https://github.com/ibnesayeed/linkextractor,1.200000,0.000000,15000,16000,18000,20000,22000,24000,24000,24000,24000,24000,24000,45,0,9700.0,11461.423746667828,1910.483200015733,30562.619800009998,11285.111111111111
1778884275,100,GET,GET /api/ -> https://httpbin.org/,0.000000,0.000000,26000,26000,30000,30000,30000,30000,30000,30000,30000,30000,30000,103,0,5100.0,6895.152123300506,660.9478000027593,30015.362000005553,306.92233009708735
1778884275,100,GET,GET /api/ -> https://locust.io/,0.600000,0.000000,9700,13000,22000,22000,23000,25000,25000,25000,25000,25000,25000,66,0,7700.0,8936.023553030805,892.9535999777727,30013.476699998137,4689.848484848485
1778884275,100,GET,GET /api/ -> https://redis.io/,1.500000,0.000000,19000,22000,22000,24000,24000,30000,30000,30000,30000,30000,30000,81,0,13000.0,14530.233938271398,4296.605500014266,30014.555099973222,7131.851851851852
1778884275,100,GET,GET /api/ -> https://training.play-with-docker.com/,0.800000,0.000000,13000,13000,18000,18000,18000,18000,18000,18000,18000,18000,18000,21,0,9500.0,10270.355919046173,780.3978000010829,21806.4546000096,1424.0
1778884275,100,GET,GET /api/ -> https://www.python.org/,0.300000,0.000000,20000,20000,23000,23000,23000,23000,23000,23000,23000,23000,23000,101,0,5600.0,7681.151964356788,592.8292000025976,29505.772200005595,12980.0
1778884275,100,,Aggregated,6.000000,0.000000,15000,18000,20000,22000,24000,25000,30000,30000,30000,30000,30000,825,0,6200.0,8152.061181696632,103.21569998632185,30562.619800009998,6719.093333333333
1778884276,100,GET,GET /api/ -> http://example.com/,0.300000,0.000000,20000,20000,20000,20000,20000,20000,20000,20000,20000,20000,20000,112,0,1900.0,4097.210584820329,103.21569998632185,30024.937699985458,63.839285714285715
1778884276,100,GET,GET /api/ -> https://books.toscrape.com/,0.500000,0.000000,13000,13000,30000,30000,30000,30000,30000,30000,30000,30000,30000,109,0,4200.0,7260.875411007773,679.7647999774199,30004.413600021508,7776.0
1778884276,100,GET,GET /api/ -> https://docs.docker.com/,0.600000,0.000000,20000,20000,23000,23000,25000,25000,25000,25000,25000,25000,25000,98,0,6000.0,7938.333630612909,884.4699000183027,28138.089400017634,1741.0
1778884276,100,GET,GET /api/ -> https://flask.palletsprojects.com/,0.300000,0.000000,12000,15000,15000,15000,15000,15000,15000,15000,15000,15000,15000,90,0,6500.0,8091.8030666656305,1123.3416000031866,27938.906499999575,19667.0
1778884276,100,GET,GET /api/ -> https://github.com/ibnesayeed/linkextractor,1.200000,0.000000,13000,15000,18000,20000,22000,24000,24000,24000,24000,24000,24000,46,0,9200.0,11382.443254348524,1910.483200015733,30562.619800009998,11296.521739130434
1778884276,100,GET,GET /api/ -> https://httpbin.org/,0.000000,0.000000,26000,26000,30000,30000,30000,30000,30000,30000,30000,30000,30000,103,0,5100.0,6895.152123300506,660.9478000027593,30015.362000005553,306.92233009708735
1778884276,100,GET,GET /api/ -> https://locust.io/,0.600000,0.000000,13000,14000,22000,22000,23000,25000,25000,25000,25000,25000,25000,67,0,7700.0,9007.279328358578,892.9535999777727,30013.476699998137,4690.925373134329
1778884276,100,GET,GET /api/ -> https://redis.io/,1.500000,0.000000,19000,22000,22000,24000,24000,30000,30000,30000,30000,30000,30000,81,0,13000.0,14530.233938271398,4296.605500014266,30014.555099973222,7131.851851851852
1778884276,100,GET,GET /api/ -> https://training.play-with-docker.com/,0.800000,0.000000,13000,13000,18000,18000,18000,18000,18000,18000,18000,18000,18000,21,0,9500.0,10270.355919046173,780.3978000010829,21806.4546000096,1424.0
1778884276,100,GET,GET /api/ -> https://www.python.org/,0.300000,0.000000,23000,23000,23000,23000,23000,23000,23000,23000,23000,23000,23000,101,0,5600.0,7681.151964356788,592.8292000025976,29505.772200005595,12980.0
1778884276,100,,Aggregated,6.100000,0.000000,15000,18000,20000,22000,24000,25000,30000,30000,30000,30000,30000,828,0,6200.0,8166.963191062424,103.21569998632185,30562.619800009998,6738.515700483092
1778884277,100,GET,GET /api/ -> http://example.com/,0.300000,0.000000,20000,20000,20000,20000,20000,20000,20000,20000,20000,20000,20000,112,0,1900.0,4097.210584820329,103.21569998632185,30024.937699985458,63.839285714285715
1778884277,100,GET,GET /api/ -> https://books.toscrape.com/,0.500000,0.000000,13000,13000,30000,30000,30000,30000,30000,30000,30000,30000,30000,109,0,4200.0,7260.875411007773,679.7647999774199,30004.413600021508,7776.0
1778884277,100,GET,GET /api/ -> https://docs.docker.com/,0.700000,0.000000,20000,23000,23000,25000,25000,25000,25000,25000,25000,25000,25000,98,0,6000.0,7938.333630612909,884.4699000183027,28138.089400017634,1741.0
1778884277,100,GET,GET /api/ -> https://flask.palletsprojects.com/,0.300000,0.000000,12000,15000,15000,24000,24000,24000,24000,24000,24000,24000,24000,91,0,7300.0,8268.948780218905,1123.3416000031866,27938.906499999575,19667.0
1778884277,100,GET,GET /api/ -> https://github.com/ibnesayeed/linkextractor,1.200000,0.000000,15000,17000,18000,20000,22000,24000,24000,24000,24000,24000,24000,49,0,9700.0,11405.438034694253,1910.483200015733,30562.619800009998,11327.959183673469
1778884277,100,GET,GET /api/ -> https://httpbin.org/,0.000000,0.000000,12000,26000,26000,30000,30000,30000,30000,30000,30000,30000,30000,105,0,5200.0,6965.672074285214,660.9478000027593,30015.362000005553,307.03809523809525
1778884277,100,GET,GET /api/ -> https://locust.io/,0.900000,0.000000,13000,14000,22000,22000,23000,25000,25000,25000,25000,25000,25000,67,0,7700.0,9007.279328358578,892.9535999777727,30013.476699998137,4690.925373134329
1778884277,100,GET,GET /api/ -> https://redis.io/,1.500000,0.000000,22000,23000,24000,24000,27000,30000,30000,30000,30000,30000,30000,83,0,13000.0,14786.439036144679,4296.605500014266,30014.555099973222,7134.0
1778884277,100,GET,GET /api/ -> https://training.play-with-docker.com/,0.800000,0.000000,12000,13000,13000,13000,18000,18000,18000,18000,18000,18000,18000,25,0,8300.0,9470.857587999199,780.3978000010829,21806.4546000096,1424.0
1778884277,100,GET,GET /api/ -> https://www.python.org/,0.300000,0.000000,23000,23000,23000,23000,23000,23000,23000,23000,23000,23000,23000,101,0,5600.0,7681.151964356788,592.8292000025976,29505.772200005595,12980.0
1778884277,100,,Aggregated,6.500000,0.000000,14000,18000,20000,22000,24000,25000,30000,30000,30000,30000,30000,840,0,6200.0,8231.36430321395,103.21569998632185,30562.619800009998,6732.561904761905
1778884278,100,GET,GET /api/ -> http://example.com/,0.400000,0.000000,18000,18000,20000,20000,20000,20000,20000,20000,20000,20000,20000,114,0,1900.0,4137.4340166655375,103.21569998632185,30024.937699985458,63.85964912280702
1778884278,100,GET,GET /api/ -> https://books.toscrape.com/,0.400000,0.000000,30000,30000,30000,30000,30000,30000,30000,30000,30000,30000,30000,109,0,4200.0,7260.875411007773,679.7647999774199,30004.413600021508,7776.0
1778884278,100,GET,GET /api/ -> https://docs.docker.com/,0.700000,0.000000,23000,23000,25000,25000,25000,25000,25000,25000,25000,25000,25000,98,0,6000.0,7938.333630612909,884.4699000183027,28138.089400017634,1741.0
1778884278,100,GET,GET /api/ -> https://flask.palletsprojects.com/,0.300000,0.000000,12000,15000,15000,24000,24000,24000,24000,24000,24000,24000,24000,91,0,7300.0,8268.948780218905,1123.3416000031866,27938.906499999575,19667.0
1778884278,100,GET,GET /api/ -> https://github.com/ibnesayeed/linkextractor,1.400000,0.000000,16000,16000,18000,18000,22000,24000,24000,24000,24000,24000,24000,51,0,11000.0,11575.591849019938,1910.483200015733,30562.619800009998,11346.862745098038
1778884278,100,GET,GET /api/ -> https://httpbin.org/,0.000000,0.000000,12000,26000,26000,30000,30000,30000,30000,30000,30000,30000,30000,105,0,5200.0,6965.672074285214,660.9478000027593,30015.362000005553,307.03809523809525
1778884278,100,GET,GET /api/ -> https://locust.io/,1.100000,0.000000,13000,14000,22000,22000,23000,25000,25000,25000,25000,25000,25000,69,0,7700.0,8888.84344782623,892.9535999777727,30013.476699998137,4692.985507246377
1778884278,100,GET,GET /api/ -> https://redis.io/,1.400000,0.000000,23000,24000,27000,27000,30000,30000,30000,30000,30000,30000,30000,84,0,13000.0,14967.718052381228,4296.605500014266,30014.555099973222,7049.071428571428
1778884278,100,GET,GET /api/ -> https://training.play-with-docker.com/,0.700000,0.000000,13000,13000,18000,18000,18000,24000,24000,24000,24000,24000,24000,26,0,8300.0,10014.214523076169,780.3978000010829,23598.137900000438,1424.0
1778884278,100,GET,GET /api/ -> https://www.python.org/,0.200000,0.000000,20000,20000,20000,20000,20000,20000,20000,20000,20000,20000,20000,102,0,5400.0,7613.963556863132,592.8292000025976,29505.772200005595,12980.0
1778884278,100,,Aggregated,6.600000,0.000000,15000,18000,22000,23000,24000,27000,30000,30000,30000,30000,30000,849,0,6300.0,8271.963556301196,103.21569998632185,30562.619800009998,6717.349823321555
1778884279,100,GET,GET /api/ -> http://example.com/,0.400000,0.000000,6700,18000,18000,20000,20000,20000,20000,20000,20000,20000,20000,115,0,1900.0,4111.881837390019,103.21569998632185,30024.937699985458,63.869565217391305
1778884279,100,GET,GET /api/ -> https://books.toscrape.com/,0.400000,0.000000,30000,30000,30000,30000,30000,30000,30000,30000,30000,30000,30000,109,0,4200.0,7260.875411007773,679.7647999774199,30004.413600021508,7776.0
1778884279,100,GET,GET /api/ -> https://docs.docker.com/,0.600000,0.000000,4500,23000,23000,25000,25000,25000,25000,25000,25000,25000,25000,99,0,6000.0,7872.147257576492,884.4699000183027,28138.089400017634,1741.0
1778884279,100,GET,GET /api/ -> https://flask.palletsprojects.com/,0.500000,0.000000,12000,15000,24000,24000,28000,28000,28000,28000,28000,28000,28000,94,0,7300.0,8483.848497871571,1123.3416000031866,28053.907599998638,19667.0
1778884279,100,GET,GET /api/ -> https://github.com/ibnesayeed/linkextractor,1.400000,0.000000,16000,16000,18000,18000,22000,24000,24000,24000,24000,24000,24000,52,0,11000.0,11556.300107692481,1910.483200015733,30562.619800009998,11355.76923076923
1778884279,100,GET,GET /api/ -> https://httpbin.org/,0.000000,0.000000,12000,12000,26000,26000,26000,26000,26000,26000,26000,26000,26000,106,0,5200.0,7146.12714905607,660.9478000027593,30015.362000005553,307.0943396226415
1778884279,100,GET,GET /api/ -> https://locust.io/,1.200000,0.000000,12000,14000,22000,23000,25000,30000,30000,30000,30000,30000,30000,73,0,7900.0,9144.909760274459,892.9535999777727,30013.476699998137,4631.534246575343
1778884279,100,GET,GET /api/ -> https://redis.io/,1.300000,0.000000,23000,24000,27000,27000,30000,30000,30000,30000,30000,30000,30000,85,0,14000.0,14954.194202353177,4296.605500014266,30014.555099973222,7051.094117647059
1778884279,100,GET,GET /api/ -> https://training.play-with-docker.com/,0.700000,0.000000,13000,17000,18000,18000,24000,30000,30000,30000,30000,30000,30000,31,0,12000.0,11288.773238708663,780.3978000010829,30004.492299980484,1378.0645161290322
1778884279,100,GET,GET /api/ -> https://www.python.org/,0.200000,0.000000,20000,20000,20000,20000,20000,20000,20000,20000,20000,20000,20000,102,0,5400.0,7613.963556863132,592.8292000025976,29505.772200005595,12980.0
1778884279,100,,Aggregated,6.700000,0.000000,15000,18000,22000,23000,26000,30000,30000,30000,30000,30000,30000,866,0,6400.0,8388.919659006593,103.21569998632185,30562.619800009998,6701.112009237875
1778884280,100,GET,GET /api/ -> http://example.com/,0.400000,0.000000,6100,6700,18000,18000,20000,20000,20000,20000,20000,20000,20000,117,0,1900.0,4099.976028203785,103.21569998632185,30024.937699985458,63.888888888888886
1778884280,100,GET,GET /api/ -> https://books.toscrape.com/,0.300000,0.000000,30000,30000,30000,30000,30000,30000,30000,30000,30000,30000,30000,109,0,4200.0,7260.875411007773,679.7647999774199,30004.413600021508,7776.0
1778884280,100,GET,GET /api/ -> https://docs.docker.com/,0.500000,0.000000,4500,15000,15000,23000,23000,23000,23000,23000,23000,23000,23000,100,0,6000.0,7943.065626000753,884.4699000183027,28138.089400017634,1741.0
1778884280,100,GET,GET /api/ -> https://flask.palletsprojects.com/,0.500000,0.000000,12000,15000,24000,24000,28000,28000,28000,28000,28000,28000,28000,94,0,7300.0,8483.848497871571,1123.3416000031866,28053.907599998638,19667.0
1778884280,100,GET,GET /api/ -> https://github.com/ibnesayeed/linkextractor,1.400000,0.000000,15000,16000,17000,18000,22000,24000,24000,24000,24000,24000,24000,57,0,9700.0,11268.94470175479,1910.483200015733,30562.619800009998,11395.61403508772
1778884280,100,GET,GET /api/ -> https://httpbin.org/,0.200000,0.000000,12000,12000,26000,26000,26000,26000,26000,26000,26000,26000,26000,106,0,5200.0,7146.12714905607,660.9478000027593,30015.362000005553,307.0943396226415
1778884280,100,GET,GET /api/ -> https://locust.io/,1.200000,0.000000,9700,14000,22000,22000,25000,30000,30000,30000,30000,30000,30000,75,0,7900.0,9029.90894400049,892.9535999777727,30013.476699998137,4635.013333333333
1778884280,100,GET,GET /api/ -> https://redis.io/,1.200000,0.000000,23000,24000,27000,30000,30000,30000,30000,30000,30000,30000,30000,85,0,14000.0,14954.194202353177,4296.605500014266,30014.555099973222,7051.094117647059
1778884280,100,GET,GET /api/ -> https://training.play-with-docker.com/,1.100000,0.000000,13000,18000,19000,19000,24000,30000,30000,30000,30000,30000,30000,32,0,12000.0,11678.7010249991,780.3978000010829,30004.492299980484,1379.5
1778884280,100,GET,GET /api/ -> https://www.python.org/,0.100000,0.000000,20000,20000,20000,20000,20000,20000,20000,20000,20000,20000,20000,102,0,5400.0,7613.963556863132,592.8292000025976,29505.772200005595,12980.0
1778884280,100,,Aggregated,6.900000,0.000000,14000,18000,20000,23000,25000,30000,30000,30000,30000,30000,30000,877,0,6400.0,8393.879881299566,103.21569998632185,30562.619800009998,6699.010262257697
1778884282,100,GET,GET /api/ -> http://example.com/,0.400000,0.000000,6100,6700,15000,18000,20000,20000,20000,20000,20000,20000,20000,119,0,1900.0,4177.483231931516,103.21569998632185,30024.937699985458,63.90756302521008
1778884282,100,GET,GET /api/ -> https://books.toscrape.com/,0.200000,0.000000,30000,30000,30000,30000,30000,30000,30000,30000,30000,30000,30000,110,0,4200.0,7223.499502725794,679.7647999774199,30004.413600021508,7776.654545454546
1778884282,100,GET,GET /api/ -> https://docs.docker.com/,0.400000,0.000000,22000,22000,23000,23000,23000,23000,23000,23000,23000,23000,23000,101,0,6100.0,8078.996668317606,884.4699000183027,28138.089400017634,1741.0
1778884282,100,GET,GET /api/ -> https://flask.palletsprojects.com/,0.500000,0.000000,15000,15000,24000,24000,28000,28000,28000,28000,28000,28000,28000,94,0,7300.0,8483.848497871571,1123.3416000031866,28053.907599998638,19667.0
1778884282,100,GET,GET /api/ -> https://github.com/ibnesayeed/linkextractor,1.500000,0.000000,11000,16000,16000,17000,20000,24000,24000,24000,24000,24000,24000,58,0,9700.0,11112.236179310552,1910.483200015733,30562.619800009998,11402.758620689656
1778884282,100,GET,GET /api/ -> https://httpbin.org/,0.200000,0.000000,12000,12000,26000,26000,26000,26000,26000,26000,26000,26000,26000,106,0,5200.0,7146.12714905607,660.9478000027593,30015.362000005553,307.0943396226415
1778884282,100,GET,GET /api/ -> https://locust.io/,1.100000,0.000000,9700,14000,22000,22000,25000,30000,30000,30000,30000,30000,30000,76,0,7700.0,8955.28508289518,892.9535999777727,30013.476699998137,4636.684210526316
1778884282,100,GET,GET /api/ -> https://redis.io/,1.200000,0.000000,22000,23000,27000,30000,30000,30000,30000,30000,30000,30000,30000,86,0,14000.0,15020.464176744585,4296.605500014266,30014.555099973222,7053.069767441861
1778884282,100,GET,GET /api/ -> https://training.play-with-docker.com/,1.200000,0.000000,12000,13000,17000,19000,24000,30000,30000,30000,30000,30000,30000,39,0,11000.0,10642.39232563966,780.3978000010829,30004.492299980484,1387.4871794871794
1778884282,100,GET,GET /api/ -> https://www.python.org/,0.200000,0.000000,20000,20000,20000,20000,20000,20000,20000,20000,20000,20000,20000,102,0,5400.0,7613.963556863132,592.8292000025976,29505.772200005595,12980.0
1778884282,100,,Aggregated,6.900000,0.000000,12000,16000,20000,22000,24000,28000,30000,30000,30000,30000,30000,891,0,6300.0,8385.189918518176,103.21569998632185,30562.619800009998,6642.549943883278
1778884283,100,GET,GET /api/ -> http://example.com/,0.500000,0.000000,6100,6700,9800,15000,20000,20000,20000,20000,20000,20000,20000,120,0,1900.0,4224.506006665372,103.21569998632185,30024.937699985458,63.916666666666664
1778884283,100,GET,GET /api/ -> https://books.toscrape.com/,0.100000,0.000000,3100,3100,30000,30000,30000,30000,30000,30000,30000,30000,30000,111,0,4200.0,7184.659845043375,679.7647999774199,30004.413600021508,7777.2972972972975
1778884283,100,GET,GET /api/ -> https://docs.docker.com/,0.400000,0.000000,22000,22000,23000,23000,23000,23000,23000,23000,23000,23000,23000,101,0,6100.0,8078.996668317606,884.4699000183027,28138.089400017634,1741.0
1778884283,100,GET,GET /api/ -> https://flask.palletsprojects.com/,0.600000,0.000000,12000,15000,24000,24000,28000,28000,28000,28000,28000,28000,28000,95,0,7500.0,8505.966092630804,1123.3416000031866,28053.907599998638,19667.0
1778884283,100,GET,GET /api/ -> https://github.com/ibnesayeed/linkextractor,1.600000,0.000000,15000,16000,18000,20000,21000,24000,24000,24000,24000,24000,24000,61,0,9700.0,11354.37097540984,1910.483200015733,30562.619800009998,11422.786885245901
1778884283,100,GET,GET /api/ -> https://httpbin.org/,0.300000,0.000000,13000,13000,26000,26000,26000,26000,26000,26000,26000,26000,26000,107,0,5400.0,7200.785089719107,660.9478000027593,30015.362000005553,307.14953271028037
1778884283,100,GET,GET /api/ -> https://locust.io/,1.400000,0.000000,9700,14000,17000,22000,25000,30000,30000,30000,30000,30000,30000,77,0,7900.0,9056.286024675832,892.9535999777727,30013.476699998137,4638.311688311688
1778884283,100,GET,GET /api/ -> https://redis.io/,1.200000,0.000000,22000,23000,27000,27000,30000,30000,30000,30000,30000,30000,30000,86,0,14000.0,15020.464176744585,4296.605500014266,30014.555099973222,7053.069767441861
1778884283,100,GET,GET /api/ -> https://training.play-with-docker.com/,1.500000,0.000000,11000,13000,17000,18000,24000,24000,30000,30000,30000,30000,30000,42,0,11000.0,10636.601173808836,780.3978000010829,30004.492299980484,1390.095238095238
1778884283,100,GET,GET /api/ -> https://www.python.org/,0.100000,0.000000,830,830,830,830,830,830,830,830,830,830,830,102,0,5400.0,7613.963556863132,592.8292000025976,29505.772200005595,12980.0
1778884283,100,,Aggregated,7.700000,0.000000,12000,16000,20000,21000,24000,27000,30000,30000,30000,30000,30000,902,0,6500.0,8430.199019068385,103.21569998632185,30562.619800009998,6641.761640798226
1778884284,100,GET,GET /api/ -> http://example.com/,0.700000,0.000000,6100,6700,9800,15000,20000,20000,20000,20000,20000,20000,20000,120,0,1900.0,4224.506006665372,103.21569998632185,30024.937699985458,63.916666666666664
1778884284,100,GET,GET /api/ -> https://books.toscrape.com/,0.100000,0.000000,3100,3100,30000,30000,30000,30000,30000,30000,30000,30000,30000,111,0,4200.0,7184.659845043375,679.7647999774199,30004.413600021508,7777.2972972972975
1778884284,100,GET,GET /api/ -> https://docs.docker.com/,0.500000,0.000000,22000,23000,23000,30000,30000,30000,30000,30000,30000,30000,30000,102,0,6100.0,8294.017083333993,884.4699000183027,30011.078999988968,1723.9313725490197
1778884284,100,GET,GET /api/ -> https://flask.palletsprojects.com/,0.600000,0.000000,12000,15000,24000,24000,28000,28000,28000,28000,28000,28000,28000,95,0,7500.0,8505.966092630804,1123.3416000031866,28053.907599998638,19667.0
1778884284,100,GET,GET /api/ -> https://github.com/ibnesayeed/linkextractor,1.900000,0.000000,11000,16000,17000,18000,21000,24000,24000,24000,24000,24000,24000,62,0,9700.0,11290.801754838603,1910.483200015733,30562.619800009998,11429.032258064517
1778884284,100,GET,GET /api/ -> https://httpbin.org/,0.300000,0.000000,13000,13000,26000,26000,26000,26000,26000,26000,26000,26000,26000,107,0,5400.0,7200.785089719107,660.9478000027593,30015.362000005553,307.14953271028037
1778884284,100,GET,GET /api/ -> https://locust.io/,1.600000,0.000000,9700,14000,17000,22000,23000,30000,30000,30000,30000,30000,30000,77,0,7900.0,9056.286024675832,892.9535999777727,30013.476699998137,4638.311688311688
1778884284,100,GET,GET /api/ -> https://redis.io/,1.000000,0.000000,22000,23000,27000,27000,30000,30000,30000,30000,30000,30000,30000,86,0,14000.0,15020.464176744585,4296.605500014266,30014.555099973222,7053.069767441861
1778884284,100,GET,GET /api/ -> https://training.play-with-docker.com/,1.700000,0.000000,12000,17000,18000,19000,24000,24000,30000,30000,30000,30000,30000,44,0,11000.0,11014.810054545127,780.3978000010829,30004.492299980484,1391.6363636363637
1778884284,100,GET,GET /api/ -> https://www.python.org/,0.100000,0.000000,830,830,830,830,830,830,830,830,830,830,830,102,0,5400.0,7613.963556863132,592.8292000025976,29505.772200005595,12980.0
1778884284,100,,Aggregated,8.500000,0.000000,12000,16000,19000,21000,24000,28000,30000,30000,30000,30000,30000,906,0,6500.0,8476.134731346225,103.21569998632185,30562.619800009998,6628.616997792495
1778884285,100,GET,GET /api/ -> http://example.com/,0.800000,0.000000,6100,6700,9800,15000,20000,20000,20000,20000,20000,20000,20000,120,0,1900.0,4224.506006665372,103.21569998632185,30024.937699985458,63.916666666666664
1778884285,100,GET,GET /api/ -> https://books.toscrape.com/,0.200000,0.000000,3100,3100,30000,30000,30000,30000,30000,30000,30000,30000,30000,111,0,4200.0,7184.659845043375,679.7647999774199,30004.413600021508,7777.2972972972975
1778884285,100,GET,GET /api/ -> https://docs.docker.com/,0.400000,0.000000,22000,23000,23000,30000,30000,30000,30000,30000,30000,30000,30000,102,0,6100.0,8294.017083333993,884.4699000183027,30011.078999988968,1723.9313725490197
1778884285,100,GET,GET /api/ -> https://flask.palletsprojects.com/,0.600000,0.000000,15000,17000,24000,24000,28000,28000,28000,28000,28000,28000,28000,96,0,7500.0,8598.609085415774,1123.3416000031866,28053.907599998638,19667.0
1778884285,100,GET,GET /api/ -> https://github.com/ibnesayeed/linkextractor,1.900000,0.000000,9700,16000,16000,17000,20000,21000,21000,21000,21000,21000,21000,63,0,9700.0,11201.090393650775,1910.483200015733,30562.619800009998,11435.079365079366
1778884285,100,GET,GET /api/ -> https://httpbin.org/,0.300000,0.000000,13000,13000,26000,26000,26000,26000,26000,26000,26000,26000,26000,107,0,5400.0,7200.785089719107,660.9478000027593,30015.362000005553,307.14953271028037
1778884285,100,GET,GET /api/ -> https://locust.io/,1.600000,0.000000,8600,12000,14000,14000,17000,30000,30000,30000,30000,30000,30000,77,0,7900.0,9056.286024675832,892.9535999777727,30013.476699998137,4638.311688311688
1778884285,100,GET,GET /api/ -> https://redis.io/,0.900000,0.000000,22000,23000,27000,27000,30000,30000,30000,30000,30000,30000,30000,87,0,14000.0,14938.6879195407,4296.605500014266,30014.555099973222,7055.0
1778884285,100,GET,GET /api/ -> https://training.play-with-docker.com/,2.000000,0.000000,12000,17000,18000,21000,24000,25000,30000,30000,30000,30000,30000,46,0,11000.0,11166.77230652156,780.3978000010829,30004.492299980484,1393.0434782608695
1778884285,100,GET,GET /api/ -> https://www.python.org/,0.100000,0.000000,830,830,830,830,830,830,830,830,830,830,830,102,0,5400.0,7613.963556863132,592.8292000025976,29505.772200005595,12980.0
1778884285,100,,Aggregated,8.800000,0.000000,11000,15000,17000,19000,24000,28000,30000,30000,30000,30000,30000,911,0,6500.0,8495.43639901173,103.21569998632185,30562.619800009998,6637.840834248079
1778884286,100,GET,GET /api/ -> http://example.com/,0.900000,0.000000,4000,6000,6700,6700,15000,22000,22000,22000,22000,22000,22000,128,0,2100.0,4323.737226561207,103.21569998632185,30024.937699985458,63.984375
1778884286,100,GET,GET /api/ -> https://books.toscrape.com/,0.300000,0.000000,4500,10000,10000,30000,30000,30000,30000,30000,30000,30000,30000,113,0,4200.0,7186.787284953948,679.7647999774199,30004.413600021508,7778.548672566371
1778884286,100,GET,GET /api/ -> https://docs.docker.com/,0.400000,0.000000,22000,22000,30000,30000,30000,30000,30000,30000,30000,30000,30000,102,0,6100.0,8294.017083333993,884.4699000183027,30011.078999988968,1723.9313725490197
1778884286,100,GET,GET /api/ -> https://flask.palletsprojects.com/,0.700000,0.000000,15000,17000,24000,24000,28000,28000,28000,28000,28000,28000,28000,96,0,7500.0,8598.609085415774,1123.3416000031866,28053.907599998638,19667.0
1778884286,100,GET,GET /api/ -> https://github.com/ibnesayeed/linkextractor,2.000000,0.000000,9700,16000,17000,18000,21000,28000,28000,28000,28000,28000,28000,67,0,9700.0,11352.887579103943,1910.483200015733,30562.619800009998,11457.462686567163
1778884286,100,GET,GET /api/ -> https://httpbin.org/,0.400000,0.000000,12000,13000,13000,26000,26000,26000,26000,26000,26000,26000,26000,108,0,5400.0,7249.2474379625355,660.9478000027593,30015.362000005553,307.2037037037037
1778884286,100,GET,GET /api/ -> https://locust.io/,1.700000,0.000000,8800,12000,14000,14000,17000,30000,30000,30000,30000,30000,30000,78,0,7900.0,9118.159873077484,892.9535999777727,30013.476699998137,4639.897435897436
1778884286,100,GET,GET /api/ -> https://redis.io/,0.700000,0.000000,23000,23000,27000,27000,30000,30000,30000,30000,30000,30000,30000,87,0,14000.0,14938.6879195407,4296.605500014266,30014.555099973222,7055.0
1778884286,100,GET,GET /api/ -> https://training.play-with-docker.com/,2.100000,0.000000,12000,14000,18000,19000,24000,25000,30000,30000,30000,30000,30000,48,0,11000.0,11171.054485417093,780.3978000010829,30004.492299980484,1394.3333333333333
1778884286,100,GET,GET /api/ -> https://www.python.org/,0.100000,0.000000,830,830,830,830,830,830,830,830,830,830,830,102,0,5400.0,7613.963556863132,592.8292000025976,29505.772200005595,12980.0
1778884286,100,,Aggregated,9.300000,0.000000,9700,14000,17000,18000,24000,28000,30000,30000,30000,30000,30000,929,0,6500.0,8508.375620236455,103.21569998632185,30562.619800009998,6586.062432723358
1778884287,100,GET,GET /api/ -> http://example.com/,0.900000,0.000000,4000,6000,6700,6700,15000,22000,22000,22000,22000,22000,22000,128,0,2100.0,4323.737226561207,103.21569998632185,30024.937699985458,63.984375
1778884287,100,GET,GET /api/ -> https://books.toscrape.com/,0.200000,0.000000,4500,4500,10000,10000,10000,10000,10000,10000,10000,10000,10000,113,0,4200.0,7186.787284953948,679.7647999774199,30004.413600021508,7778.548672566371
1778884287,100,GET,GET /api/ -> https://docs.docker.com/,0.400000,0.000000,22000,22000,30000,30000,30000,30000,30000,30000,30000,30000,30000,102,0,6100.0,8294.017083333993,884.4699000183027,30011.078999988968,1723.9313725490197
1778884287,100,GET,GET /api/ -> https://flask.palletsprojects.com/,0.800000,0.000000,15000,15000,17000,17000,28000,28000,28000,28000,28000,28000,28000,97,0,7500.0,8659.76426700945,1123.3416000031866,28053.907599998638,19667.0
1778884287,100,GET,GET /api/ -> https://github.com/ibnesayeed/linkextractor,2.100000,0.000000,9700,16000,16000,18000,21000,28000,28000,28000,28000,28000,28000,67,0,9700.0,11352.887579103943,1910.483200015733,30562.619800009998,11457.462686567163
1778884287,100,GET,GET /api/ -> https://httpbin.org/,0.400000,0.000000,12000,13000,13000,26000,26000,26000,26000,26000,26000,26000,26000,108,0,5400.0,7249.2474379625355,660.9478000027593,30015.362000005553,307.2037037037037
1778884287,100,GET,GET /api/ -> https://locust.io/,1.400000,0.000000,8600,12000,14000,14000,17000,30000,30000,30000,30000,30000,30000,78,0,7900.0,9118.159873077484,892.9535999777727,30013.476699998137,4639.897435897436
1778884287,100,GET,GET /api/ -> https://redis.io/,0.800000,0.000000,21000,21000,30000,30000,30000,30000,30000,30000,30000,30000,30000,87,0,14000.0,14938.6879195407,4296.605500014266,30014.555099973222,7055.0
1778884287,100,GET,GET /api/ -> https://training.play-with-docker.com/,2.500000,0.000000,12000,17000,19000,21000,25000,30000,30000,30000,30000,30000,30000,52,0,11000.0,11329.694373076984,780.3978000010829,30012.70389999263,1369.2307692307693
1778884287,100,GET,GET /api/ -> https://www.python.org/,0.100000,0.000000,6100,6100,6100,6100,6100,6100,6100,6100,6100,6100,6100,103,0,5600.0,7599.351409709113,592.8292000025976,29505.772200005595,12980.0
1778884287,100,,Aggregated,9.600000,0.000000,9700,14000,17000,18000,24000,30000,30000,30000,30000,30000,30000,935,0,6500.0,8532.464189732245,103.21569998632185,30562.619800009998,6583.284491978609
1778884288,100,GET,GET /api/ -> http://example.com/,1.600000,0.000000,3700,4200,6000,6200,14000,15000,22000,22000,22000,22000,22000,135,0,2200.0,4334.514724443391,103.21569998632185,30024.937699985458,64.03703703703704
1778884288,100,GET,GET /api/ -> https://books.toscrape.com/,0.400000,0.000000,6800,6800,10000,16000,19000,19000,19000,19000,19000,19000,19000,118,0,4400.0,7320.829880506963,679.7647999774199,30004.413600021508,7781.4915254237285
1778884288,100,GET,GET /api/ -> https://docs.docker.com/,0.400000,0.000000,15000,22000,22000,30000,30000,30000,30000,30000,30000,30000,30000,103,0,6100.0,8222.381240777271,884.4699000183027,30011.078999988968,1724.0970873786407
1778884288,100,GET,GET /api/ -> https://flask.palletsprojects.com/,0.700000,0.000000,12000,15000,17000,19000,28000,28000,28000,28000,28000,28000,28000,100,0,7500.0,8743.746418998926,1123.3416000031866,28053.907599998638,19667.0
1778884288,100,GET,GET /api/ -> https://github.com/ibnesayeed/linkextractor,2.200000,0.000000,7500,16000,20000,21000,26000,28000,28000,28000,28000,28000,28000,70,0,9700.0,11703.460435713143,1910.483200015733,30562.619800009998,11472.57142857143
1778884288,100,GET,GET /api/ -> https://httpbin.org/,0.500000,0.000000,13000,13000,26000,26000,26000,26000,26000,26000,26000,26000,26000,108,0,5400.0,7249.2474379625355,660.9478000027593,30015.362000005553,307.2037037037037
1778884288,100,GET,GET /api/ -> https://locust.io/,1.200000,0.000000,8600,14000,17000,17000,19000,30000,30000,30000,30000,30000,30000,80,0,7900.0,9171.036903750428,892.9535999777727,30013.476699998137,4642.95
1778884288,100,GET,GET /api/ -> https://redis.io/,0.600000,0.000000,14000,18000,18000,21000,21000,21000,21000,21000,21000,21000,21000,89,0,14000.0,14942.244528090383,4296.605500014266,30014.555099973222,7058.730337078651
1778884288,100,GET,GET /api/ -> https://training.play-with-docker.com/,2.700000,0.000000,11000,14000,18000,19000,25000,30000,30000,30000,30000,30000,30000,58,0,9500.0,11135.660906897352,780.3978000010829,30012.70389999263,1350.344827586207
1778884288,100,GET,GET /api/ -> https://www.python.org/,0.100000,0.000000,6100,11000,11000,27000,27000,27000,27000,27000,27000,27000,27000,106,0,5600.0,7746.900775472036,592.8292000025976,29505.772200005595,12980.0
1778884288,100,,Aggregated,10.400000,0.000000,8600,13000,17000,18000,25000,28000,30000,30000,30000,30000,30000,967,0,6500.0,8586.391734539457,103.21569998632185,30562.619800009998,6578.349534643226
1778884289,100,GET,GET /api/ -> http://example.com/,1.600000,0.000000,3900,4600,6000,6200,14000,15000,22000,22000,22000,22000,22000,139,0,2200.0,4322.290377696832,103.21569998632185,30024.937699985458,64.06474820143885
1778884289,100,GET,GET /api/ -> https://books.toscrape.com/,0.400000,0.000000,6800,6800,10000,16000,19000,19000,19000,19000,19000,19000,19000,119,0,4400.0,7269.156829410227,679.7647999774199,30004.413600021508,7782.050420168067
1778884289,100,GET,GET /api/ -> https://docs.docker.com/,0.400000,0.000000,15000,22000,22000,30000,30000,30000,30000,30000,30000,30000,30000,104,0,6000.0,8171.427910577432,884.4699000183027,30011.078999988968,1724.2596153846155
1778884289,100,GET,GET /api/ -> https://flask.palletsprojects.com/,0.600000,0.000000,12000,15000,17000,19000,28000,28000,28000,28000,28000,28000,28000,100,0,7500.0,8743.746418998926,1123.3416000031866,28053.907599998638,19667.0
1778884289,100,GET,GET /api/ -> https://github.com/ibnesayeed/linkextractor,2.000000,0.000000,7500,18000,20000,21000,26000,28000,28000,28000,28000,28000,28000,71,0,9700.0,11815.551776055272,1910.483200015733,30562.619800009998,11477.323943661971
1778884289,100,GET,GET /api/ -> https://httpbin.org/,0.500000,0.000000,12000,12000,13000,13000,26000,26000,26000,26000,26000,26000,26000,111,0,5200.0,7087.043499999872,660.9478000027593,30015.362000005553,307.36036036036035
1778884289,100,GET,GET /api/ -> https://locust.io/,1.100000,0.000000,10000,14000,17000,17000,19000,19000,19000,19000,19000,19000,19000,81,0,8000.0,9181.484120988134,892.9535999777727,30013.476699998137,4644.419753086419
1778884289,100,GET,GET /api/ -> https://redis.io/,0.600000,0.000000,12000,14000,18000,18000,21000,21000,21000,21000,21000,21000,21000,91,0,13000.0,14786.155774726298,3742.9019000264816,30014.555099973222,7062.2967032967035
1778884289,100,GET,GET /api/ -> https://training.play-with-docker.com/,2.900000,0.000000,8700,12000,17000,18000,25000,30000,30000,30000,30000,30000,30000,59,0,9500.0,10960.97165084803,780.3978000010829,30012.70389999263,1351.593220338983
1778884289,100,GET,GET /api/ -> https://www.python.org/,0.200000,0.000000,6100,11000,11000,27000,27000,27000,27000,27000,27000,27000,27000,106,0,5600.0,7746.900775472036,592.8292000025976,29505.772200005595,12980.0
1778884289,100,,Aggregated,10.300000,0.000000,6500,11000,15000,17000,21000,26000,30000,30000,30000,30000,30000,981,0,6500.0,8534.868882058841,103.21569998632185,30562.619800009998,6528.532110091744
1778884290,100,GET,GET /api/ -> http://example.com/,2.300000,0.000000,3900,5200,6200,9800,15000,15000,22000,22000,22000,22000,22000,140,0,2200.0,4400.897607141815,103.21569998632185,30024.937699985458,64.07142857142857
1778884290,100,GET,GET /api/ -> https://books.toscrape.com/,0.800000,0.000000,4600,6800,6800,10000,16000,19000,19000,19000,19000,19000,19000,123,0,4400.0,7137.082169103821,679.7647999774199,30004.413600021508,7784.195121951219
1778884290,100,GET,GET /api/ -> https://docs.docker.com/,0.400000,0.000000,22000,22000,30000,30000,30000,30000,30000,30000,30000,30000,30000,104,0,6000.0,8171.427910577432,884.4699000183027,30011.078999988968,1724.2596153846155
1778884290,100,GET,GET /api/ -> https://flask.palletsprojects.com/,0.700000,0.000000,15000,15000,17000,17000,19000,19000,19000,19000,19000,19000,19000,100,0,7500.0,8743.746418998926,1123.3416000031866,28053.907599998638,19667.0
1778884290,100,GET,GET /api/ -> https://github.com/ibnesayeed/linkextractor,1.900000,0.000000,16000,20000,21000,25000,26000,28000,28000,28000,28000,28000,28000,71,0,9700.0,11815.551776055272,1910.483200015733,30562.619800009998,11477.323943661971
1778884290,100,GET,GET /api/ -> https://httpbin.org/,0.300000,0.000000,1900,12000,12000,13000,13000,13000,13000,13000,13000,13000,13000,111,0,5200.0,7087.043499999872,660.9478000027593,30015.362000005553,307.36036036036035
1778884290,100,GET,GET /api/ -> https://locust.io/,1.300000,0.000000,14000,14000,17000,17000,19000,19000,19000,19000,19000,19000,19000,81,0,8000.0,9181.484120988134,892.9535999777727,30013.476699998137,4644.419753086419
1778884290,100,GET,GET /api/ -> https://redis.io/,0.500000,0.000000,12000,12000,18000,18000,21000,21000,21000,21000,21000,21000,21000,92,0,13000.0,14737.387946740098,3742.9019000264816,30014.555099973222,7064.021739130435
1778884290,100,GET,GET /api/ -> https://training.play-with-docker.com/,3.200000,0.000000,8400,12000,14000,18000,25000,30000,30000,30000,30000,30000,30000,62,0,9100.0,11007.692600001446,780.3978000010829,30012.70389999263,1355.0967741935483
1778884290,100,GET,GET /api/ -> https://www.python.org/,0.500000,0.000000,6100,11000,11000,27000,27000,27000,27000,27000,27000,27000,27000,106,0,5600.0,7746.900775472036,592.8292000025976,29505.772200005595,12980.0
1778884290,100,,Aggregated,11.900000,0.000000,6800,11000,15000,17000,21000,26000,30000,30000,30000,30000,30000,990,0,6500.0,8532.26691848457,103.21569998632185,30562.619800009998,6512.565656565656
1778884291,100,GET,GET /api/ -> http://example.com/,2.500000,0.000000,4000,6000,7000,9800,15000,16000,22000,22000,22000,22000,22000,142,0,2300.0,4502.338242252656,103.21569998632185,30024.937699985458,64.08450704225352
1778884291,100,GET,GET /api/ -> https://books.toscrape.com/,1.000000,0.000000,4600,6800,6800,10000,16000,19000,19000,19000,19000,19000,19000,124,0,4200.0,7090.094757256015,679.7647999774199,30004.413600021508,7784.709677419355
1778884291,100,GET,GET /api/ -> https://docs.docker.com/,0.600000,0.000000,22000,22000,30000,30000,30000,30000,30000,30000,30000,30000,30000,104,0,6000.0,8171.427910577432,884.4699000183027,30011.078999988968,1724.2596153846155
1778884291,100,GET,GET /api/ -> https://flask.palletsprojects.com/,0.900000,0.000000,11000,15000,17000,17000,19000,19000,19000,19000,19000,19000,19000,102,0,7500.0,8688.899662743686,1123.3416000031866,28053.907599998638,19667.0
1778884291,100,GET,GET /api/ -> https://github.com/ibnesayeed/linkextractor,2.000000,0.000000,16000,20000,21000,25000,26000,28000,28000,28000,28000,28000,28000,72,0,9700.0,11823.620348610146,1910.483200015733,30562.619800009998,11481.944444444445
1778884291,100,GET,GET /api/ -> https://httpbin.org/,0.500000,0.000000,2800,8100,12000,12000,13000,13000,13000,13000,13000,13000,13000,114,0,5100.0,7006.595582455926,660.9478000027593,30015.362000005553,307.50877192982455
1778884291,100,GET,GET /api/ -> https://locust.io/,1.200000,0.000000,17000,17000,19000,19000,20000,20000,20000,20000,20000,20000,20000,82,0,8000.0,9311.226608537254,892.9535999777727,30013.476699998137,4645.8536585365855
1778884291,100,GET,GET /api/ -> https://redis.io/,0.700000,0.000000,12000,12000,18000,18000,21000,21000,21000,21000,21000,21000,21000,92,0,13000.0,14737.387946740098,3742.9019000264816,30014.555099973222,7064.021739130435
1778884291,100,GET,GET /api/ -> https://training.play-with-docker.com/,3.300000,0.000000,8700,12000,18000,21000,25000,30000,30000,30000,30000,30000,30000,63,0,9100.0,10907.13498254107,780.3978000010829,30012.70389999263,1356.1904761904761
1778884291,100,GET,GET /api/ -> https://www.python.org/,0.400000,0.000000,8400,8400,11000,11000,27000,27000,27000,27000,27000,27000,27000,107,0,5600.0,7752.675019626486,592.8292000025976,29505.772200005595,12980.0
1778884291,100,,Aggregated,13.100000,0.000000,7000,11000,15000,17000,21000,26000,30000,30000,30000,30000,30000,1002,0,6500.0,8523.651311476742,103.21569998632185,30562.619800009998,6513.639720558882
1778884292,100,GET,GET /api/ -> http://example.com/,2.500000,0.000000,3900,4600,6200,7000,15000,16000,22000,22000,22000,22000,22000,147,0,2400.0,4423.71928163184,103.21569998632185,30024.937699985458,64.1156462585034
1778884292,100,GET,GET /api/ -> https://books.toscrape.com/,1.300000,0.000000,4500,4700,6800,10000,16000,19000,19000,19000,19000,19000,19000,125,0,4200.0,7060.830799998017,679.7647999774199,30004.413600021508,7785.216
1778884292,100,GET,GET /api/ -> https://docs.docker.com/,0.500000,0.000000,2900,2900,30000,30000,30000,30000,30000,30000,30000,30000,30000,104,0,6000.0,8171.427910577432,884.4699000183027,30011.078999988968,1724.2596153846155
1778884292,100,GET,GET /api/ -> https://flask.palletsprojects.com/,0.600000,0.000000,11000,15000,17000,17000,19000,19000,19000,19000,19000,19000,19000,102,0,7500.0,8688.899662743686,1123.3416000031866,28053.907599998638,19667.0
1778884292,100,GET,GET /api/ -> https://github.com/ibnesayeed/linkextractor,1.900000,0.000000,12000,20000,25000,25000,26000,28000,28000,28000,28000,28000,28000,72,0,9700.0,11823.620348610146,1910.483200015733,30562.619800009998,11481.944444444445
1778884292,100,GET,GET /api/ -> https://httpbin.org/,0.500000,0.000000,2800,6500,8100,12000,13000,13000,13000,13000,13000,13000,13000,115,0,5200.0,7002.480318260875,660.9478000027593,30015.362000005553,307.55652173913046
1778884292,100,GET,GET /api/ -> https://locust.io/,0.800000,0.000000,19000,20000,20000,20000,23000,23000,23000,23000,23000,23000,23000,84,0,8100.0,9603.684567857792,892.9535999777727,30013.476699998137,4648.619047619048
1778884292,100,GET,GET /api/ -> https://redis.io/,0.700000,0.000000,12000,12000,18000,18000,22000,22000,22000,22000,22000,22000,22000,94,0,13000.0,14754.979204256124,3742.9019000264816,30014.555099973222,7067.36170212766
1778884292,100,GET,GET /api/ -> https://training.play-with-docker.com/,3.100000,0.000000,8700,14000,17000,21000,25000,30000,30000,30000,30000,30000,30000,64,0,9100.0,10964.956978126338,780.3978000010829,30012.70389999263,1357.25
1778884292,100,GET,GET /api/ -> https://www.python.org/,0.400000,0.000000,8400,11000,27000,27000,30000,30000,30000,30000,30000,30000,30000,109,0,5600.0,7914.055230275679,592.8292000025976,30006.560700014234,12860.91743119266
1778884292,100,,Aggregated,12.300000,0.000000,6500,10000,15000,17000,22000,27000,30000,30000,30000,30000,30000,1016,0,6500.0,8546.889340550915,103.21569998632185,30562.619800009998,6470.002952755905
1778884293,100,GET,GET /api/ -> http://example.com/,2.500000,0.000000,3900,4600,6200,7000,15000,16000,22000,22000,22000,22000,22000,148,0,2400.0,4446.392435809979,103.21569998632185,30024.937699985458,64.12162162162163
1778884293,100,GET,GET /api/ -> https://books.toscrape.com/,1.500000,0.000000,4600,6800,7100,7100,16000,19000,19000,19000,19000,19000,19000,128,0,4200.0,7016.76216171677,679.7647999774199,30004.413600021508,7786.6875
1778884293,100,GET,GET /api/ -> https://docs.docker.com/,0.400000,0.000000,5300,5300,30000,30000,30000,30000,30000,30000,30000,30000,30000,105,0,6000.0,8143.822402857699,884.4699000183027,30011.078999988968,1724.4190476190477
1778884293,100,GET,GET /api/ -> https://flask.palletsprojects.com/,0.800000,0.000000,10000,15000,17000,17000,19000,19000,19000,19000,19000,19000,19000,102,0,7500.0,8688.899662743686,1123.3416000031866,28053.907599998638,19667.0
1778884293,100,GET,GET /api/ -> https://github.com/ibnesayeed/linkextractor,1.500000,0.000000,13000,20000,25000,25000,26000,28000,28000,28000,28000,28000,28000,73,0,11000.0,11840.43539041009,1910.483200015733,30562.619800009998,11486.438356164384
1778884293,100,GET,GET /api/ -> https://httpbin.org/,0.800000,0.000000,2800,6500,8100,8100,12000,12000,12000,12000,12000,12000,12000,115,0,5200.0,7002.480318260875,660.9478000027593,30015.362000005553,307.55652173913046
1778884293,100,GET,GET /api/ -> https://locust.io/,0.700000,0.000000,19000,20000,20000,20000,23000,23000,23000,23000,23000,23000,23000,85,0,8100.0,9533.3856223538,892.9535999777727,30013.476699998137,4649.952941176471
1778884293,100,GET,GET /api/ -> https://redis.io/,0.700000,0.000000,12000,12000,14000,18000,22000,22000,22000,22000,22000,22000,22000,95,0,13000.0,14741.85400000087,3742.9019000264816,30014.555099973222,7068.978947368421
1778884293,100,GET,GET /api/ -> https://training.play-with-docker.com/,3.000000,0.000000,8400,12000,15000,23000,30000,30000,30000,30000,30000,30000,30000,64,0,9100.0,10964.956978126338,780.3978000010829,30012.70389999263,1357.25
1778884293,100,GET,GET /api/ -> https://www.python.org/,0.400000,0.000000,8400,11000,27000,27000,30000,30000,30000,30000,30000,30000,30000,110,0,5600.0,7850.937670000448,592.8292000025976,30006.560700014234,12862.0
1778884293,100,,Aggregated,12.300000,0.000000,6200,10000,14000,15000,22000,26000,30000,30000,30000,30000,30000,1025,0,6500.0,8530.138608194888,103.21569998632185,30562.619800009998,6473.800975609756
1778884294,100,GET,GET /api/ -> http://example.com/,2.600000,0.000000,3900,4600,6000,7000,15000,16000,22000,22000,22000,22000,22000,149,0,2500.0,4444.787330200604,103.21569998632185,30024.937699985458,64.12751677852349
1778884294,100,GET,GET /api/ -> https://books.toscrape.com/,1.500000,0.000000,4700,7100,10000,11000,16000,19000,19000,19000,19000,19000,19000,130,0,4400.0,7108.127362305934,679.7647999774199,30004.413600021508,7787.630769230769
1778884294,100,GET,GET /api/ -> https://docs.docker.com/,0.300000,0.000000,5300,5300,30000,30000,30000,30000,30000,30000,30000,30000,30000,105,0,6000.0,8143.822402857699,884.4699000183027,30011.078999988968,1724.4190476190477
1778884294,100,GET,GET /api/ -> https://flask.palletsprojects.com/,0.800000,0.000000,10000,15000,17000,17000,19000,19000,19000,19000,19000,19000,19000,102,0,7500.0,8688.899662743686,1123.3416000031866,28053.907599998638,19667.0
1778884294,100,GET,GET /api/ -> https://github.com/ibnesayeed/linkextractor,1.400000,0.000000,12000,16000,20000,25000,26000,28000,28000,28000,28000,28000,28000,77,0,9700.0,11463.871024674494,1910.483200015733,30562.619800009998,11503.246753246753
1778884294,100,GET,GET /api/ -> https://httpbin.org/,0.900000,0.000000,2800,5900,7800,7800,8100,12000,12000,12000,12000,12000,12000,119,0,5200.0,6897.8022058825045,660.9478000027593,30015.362000005553,307.73949579831935
1778884294,100,GET,GET /api/ -> https://locust.io/,0.800000,0.000000,14000,19000,20000,20000,23000,23000,23000,23000,23000,23000,23000,86,0,8000.0,9436.460626745113,892.9535999777727,30013.476699998137,4651.2558139534885
1778884294,100,GET,GET /api/ -> https://redis.io/,0.800000,0.000000,12000,14000,14000,18000,22000,22000,22000,22000,22000,22000,22000,96,0,13000.0,14732.56273125086,3742.9019000264816,30014.555099973222,7070.5625
1778884294,100,GET,GET /api/ -> https://training.play-with-docker.com/,2.500000,0.000000,8400,9100,14000,15000,30000,30000,30000,30000,30000,30000,30000,64,0,9100.0,10964.956978126338,780.3978000010829,30012.70389999263,1357.25
1778884294,100,GET,GET /api/ -> https://www.python.org/,0.700000,0.000000,6100,8400,11000,27000,30000,30000,30000,30000,30000,30000,30000,112,0,5600.0,7789.886166071873,592.8292000025976,30006.560700014234,12864.107142857143
1778884294,100,,Aggregated,12.300000,0.000000,6100,9100,12000,14000,20000,25000,30000,30000,30000,30000,30000,1040,0,6400.0,8491.674665288288,103.21569998632185,30562.619800009998,6478.694230769231
1778884295,100,GET,GET /api/ -> http://example.com/,2.800000,0.000000,3900,4600,6200,7800,15000,16000,22000,22000,22000,22000,22000,150,0,2500.0,4502.655487999436,103.21569998632185,30024.937699985458,64.13333333333334
1778884295,100,GET,GET /api/ -> https://books.toscrape.com/,1.600000,0.000000,6800,7200,9300,10000,15000,16000,19000,19000,19000,19000,19000,135,0,4500.0,7104.06671555398,679.7647999774199,30004.413600021508,7789.866666666667
1778884295,100,GET,GET /api/ -> https://docs.docker.com/,0.300000,0.000000,3800,3800,5300,5300,5300,5300,5300,5300,5300,5300,5300,106,0,5900.0,8103.009512264694,884.4699000183027,30011.078999988968,1724.5754716981132
1778884295,100,GET,GET /api/ -> https://flask.palletsprojects.com/,0.700000,0.000000,10000,10000,15000,15000,19000,19000,19000,19000,19000,19000,19000,102,0,7500.0,8688.899662743686,1123.3416000031866,28053.907599998638,19667.0
1778884295,100,GET,GET /api/ -> https://github.com/ibnesayeed/linkextractor,1.200000,0.000000,12000,16000,20000,20000,26000,28000,28000,28000,28000,28000,28000,81,0,9700.0,11615.035609876446,1910.483200015733,30562.619800009998,11518.395061728395
1778884295,100,GET,GET /api/ -> https://httpbin.org/,0.800000,0.000000,2800,6500,7800,8100,12000,27000,27000,27000,27000,27000,27000,120,0,5200.0,7068.25424000029,660.9478000027593,30015.362000005553,307.78333333333336
1778884295,100,GET,GET /api/ -> https://locust.io/,0.800000,0.000000,14000,19000,20000,20000,23000,23000,23000,23000,23000,23000,23000,87,0,8000.0,9394.893470115896,892.9535999777727,30013.476699998137,4652.528735632184
1778884295,100,GET,GET /api/ -> https://redis.io/,0.900000,0.000000,12000,14000,14000,18000,22000,22000,22000,22000,22000,22000,22000,96,0,13000.0,14732.56273125086,3742.9019000264816,30014.555099973222,7070.5625
1778884295,100,GET,GET /api/ -> https://training.play-with-docker.com/,2.200000,0.000000,6500,9100,15000,15000,30000,30000,30000,30000,30000,30000,30000,64,0,9100.0,10964.956978126338,780.3978000010829,30012.70389999263,1357.25
1778884295,100,GET,GET /api/ -> https://www.python.org/,0.800000,0.000000,6100,8400,11000,27000,30000,30000,30000,30000,30000,30000,30000,112,0,5600.0,7789.886166071873,592.8292000025976,30006.560700014234,12864.107142857143
1778884295,100,,Aggregated,12.100000,0.000000,6500,9100,12000,15000,20000,25000,30000,30000,30000,30000,30000,1053,0,6500.0,8522.838317378855,103.21569998632185,30562.619800009998,6487.372269705603
1778884296,100,GET,GET /api/ -> http://example.com/,2.800000,0.000000,3900,5200,7000,7800,14000,15000,16000,16000,16000,16000,16000,153,0,2700.0,4502.281698692183,103.21569998632185,30024.937699985458,64.15032679738562
1778884296,100,GET,GET /api/ -> https://books.toscrape.com/,1.900000,0.000000,6800,7400,8200,10000,15000,16000,19000,19000,19000,19000,19000,138,0,4500.0,7109.78609927385,679.7647999774199,30004.413600021508,7791.130434782609
1778884296,100,GET,GET /api/ -> https://docs.docker.com/,0.300000,0.000000,3800,4000,4000,5300,5300,5300,5300,5300,5300,5300,5300,107,0,5900.0,8064.677412150032,884.4699000183027,30011.078999988968,1724.728971962617
1778884296,100,GET,GET /api/ -> https://flask.palletsprojects.com/,0.700000,0.000000,10000,10000,13000,13000,19000,19000,19000,19000,19000,19000,19000,103,0,7500.0,8731.035434950067,1123.3416000031866,28053.907599998638,19667.0
1778884296,100,GET,GET /api/ -> https://github.com/ibnesayeed/linkextractor,1.400000,0.000000,12000,19000,20000,20000,25000,26000,26000,26000,26000,26000,26000,81,0,9700.0,11615.035609876446,1910.483200015733,30562.619800009998,11518.395061728395
1778884296,100,GET,GET /api/ -> https://httpbin.org/,1.100000,0.000000,2800,5900,6500,7800,8100,27000,27000,27000,27000,27000,27000,121,0,5400.0,7057.6563917359235,660.9478000027593,30015.362000005553,307.8264462809917
1778884296,100,GET,GET /api/ -> https://locust.io/,0.800000,0.000000,10000,19000,20000,20000,23000,23000,23000,23000,23000,23000,23000,88,0,7900.0,9375.542382955411,892.9535999777727,30013.476699998137,4653.772727272727
1778884296,100,GET,GET /api/ -> https://redis.io/,1.000000,0.000000,12000,14000,14000,18000,22000,22000,22000,22000,22000,22000,22000,96,0,13000.0,14732.56273125086,3742.9019000264816,30014.555099973222,7070.5625
1778884296,100,GET,GET /api/ -> https://training.play-with-docker.com/,2.000000,0.000000,6100,8400,9100,15000,23000,30000,30000,30000,30000,30000,30000,64,0,9100.0,10964.956978126338,780.3978000010829,30012.70389999263,1357.25
1778884296,100,GET,GET /api/ -> https://www.python.org/,0.900000,0.000000,5600,8400,11000,27000,30000,30000,30000,30000,30000,30000,30000,112,0,5600.0,7789.886166071873,592.8292000025976,30006.560700014234,12864.107142857143
1778884296,100,,Aggregated,12.900000,0.000000,6500,8400,12000,14000,20000,23000,27000,30000,30000,30000,30000,1063,0,6500.0,8504.806464157975,103.21569998632185,30562.619800009998,6473.5888993414865
1778884297,100,GET,GET /api/ -> http://example.com/,3.000000,0.000000,4600,7500,7800,13000,15000,16000,16000,16000,16000,16000,16000,155,0,2700.0,4593.259367741449,103.21569998632185,30024.937699985458,64.16129032258064
1778884297,100,GET,GET /api/ -> https://books.toscrape.com/,2.400000,0.000000,4700,7200,7400,8200,10000,11000,15000,15000,15000,15000,15000,138,0,4500.0,7109.78609927385,679.7647999774199,30004.413600021508,7791.130434782609
1778884297,100,GET,GET /api/ -> https://docs.docker.com/,0.400000,0.000000,3800,4000,4000,5300,5300,5300,5300,5300,5300,5300,5300,107,0,5900.0,8064.677412150032,884.4699000183027,30011.078999988968,1724.728971962617
1778884297,100,GET,GET /api/ -> https://flask.palletsprojects.com/,0.600000,0.000000,10000,13000,13000,19000,19000,19000,19000,19000,19000,19000,19000,103,0,7500.0,8731.035434950067,1123.3416000031866,28053.907599998638,19667.0
1778884297,100,GET,GET /api/ -> https://github.com/ibnesayeed/linkextractor,1.700000,0.000000,12000,13000,19000,20000,20000,25000,25000,25000,25000,25000,25000,81,0,9700.0,11615.035609876446,1910.483200015733,30562.619800009998,11518.395061728395
1778884297,100,GET,GET /api/ -> https://httpbin.org/,1.300000,0.000000,5800,5900,6500,7800,8100,27000,27000,27000,27000,27000,27000,122,0,5400.0,7048.507194262576,660.9478000027593,30015.362000005553,307.8688524590164
1778884297,100,GET,GET /api/ -> https://locust.io/,1.000000,0.000000,10000,20000,20000,20000,23000,23000,23000,23000,23000,23000,23000,88,0,7900.0,9375.542382955411,892.9535999777727,30013.476699998137,4653.772727272727
1778884297,100,GET,GET /api/ -> https://redis.io/,0.900000,0.000000,12000,12000,14000,14000,22000,22000,22000,22000,22000,22000,22000,97,0,13000.0,14674.768388660783,3742.9019000264816,30014.555099973222,7072.113402061856
1778884297,100,GET,GET /api/ -> https://training.play-with-docker.com/,1.800000,0.000000,4700,8400,15000,15000,23000,23000,23000,23000,23000,23000,23000,64,0,9100.0,10964.956978126338,780.3978000010829,30012.70389999263,1357.25
1778884297,100,GET,GET /api/ -> https://www.python.org/,1.000000,0.000000,8200,8400,11000,27000,30000,30000,30000,30000,30000,30000,30000,113,0,5600.0,7793.666989381056,592.8292000025976,30006.560700014234,12865.132743362832
1778884297,100,,Aggregated,14.100000,0.000000,6500,8200,10000,13000,19000,22000,25000,27000,30000,30000,30000,1068,0,6500.0,8508.427395599216,103.21569998632185,30562.619800009998,6462.611423220974
1778884298,100,GET,GET /api/ -> http://example.com/,2.500000,0.000000,7000,7700,13000,13000,15000,16000,16000,16000,16000,16000,16000,155,0,2700.0,4593.259367741449,103.21569998632185,30024.937699985458,64.16129032258064
1778884298,100,GET,GET /api/ -> https://books.toscrape.com/,2.300000,0.000000,7100,7400,8200,9300,11000,13000,15000,15000,15000,15000,15000,140,0,4600.0,7145.970951426924,679.7647999774199,30004.413600021508,7791.942857142857
1778884298,100,GET,GET /api/ -> https://docs.docker.com/,0.500000,0.000000,3800,4000,4000,5300,5300,5300,5300,5300,5300,5300,5300,107,0,5900.0,8064.677412150032,884.4699000183027,30011.078999988968,1724.728971962617
1778884298,100,GET,GET /api/ -> https://flask.palletsprojects.com/,0.600000,0.000000,10000,13000,13000,19000,19000,19000,19000,19000,19000,19000,19000,103,0,7500.0,8731.035434950067,1123.3416000031866,28053.907599998638,19667.0
1778884298,100,GET,GET /api/ -> https://github.com/ibnesayeed/linkextractor,1.400000,0.000000,12000,13000,19000,20000,20000,25000,25000,25000,25000,25000,25000,81,0,9700.0,11615.035609876446,1910.483200015733,30562.619800009998,11518.395061728395
1778884298,100,GET,GET /api/ -> https://httpbin.org/,1.300000,0.000000,5900,6500,8100,8100,8300,27000,27000,27000,27000,27000,27000,125,0,5500.0,7059.683832000243,660.9478000027593,30015.362000005553,307.992
1778884298,100,GET,GET /api/ -> https://locust.io/,1.000000,0.000000,20000,20000,23000,23000,25000,25000,25000,25000,25000,25000,25000,90,0,8000.0,9695.175547778814,892.9535999777727,30013.476699998137,4656.177777777778
1778884298,100,GET,GET /api/ -> https://redis.io/,0.900000,0.000000,14000,14000,14000,14000,22000,22000,22000,22000,22000,22000,22000,97,0,13000.0,14674.768388660783,3742.9019000264816,30014.555099973222,7072.113402061856
1778884298,100,GET,GET /api/ -> https://training.play-with-docker.com/,1.600000,0.000000,8400,15000,20000,20000,23000,23000,23000,23000,23000,23000,23000,67,0,9100.0,10873.961019404442,780.3978000010829,30012.70389999263,1360.2388059701493
1778884298,100,GET,GET /api/ -> https://www.python.org/,1.000000,0.000000,8200,8400,11000,27000,30000,30000,30000,30000,30000,30000,30000,113,0,5600.0,7793.666989381056,592.8292000025976,30006.560700014234,12865.132743362832
1778884298,100,,Aggregated,13.100000,0.000000,7100,8400,12000,13000,20000,23000,27000,30000,30000,30000,30000,1078,0,6500.0,8537.240002411843,103.21569998632185,30562.619800009998,6430.890538033395
1778884299,100,GET,GET /api/ -> http://example.com/,2.500000,0.000000,5900,7700,7800,9900,15000,16000,16000,16000,16000,16000,16000,157,0,2700.0,4635.3262299358485,103.21569998632185,30024.937699985458,64.171974522293
1778884299,100,GET,GET /api/ -> https://books.toscrape.com/,2.500000,0.000000,7100,8200,9300,10000,11000,13000,15000,15000,15000,15000,15000,145,0,4700.0,7122.7717234466045,679.7647999774199,30004.413600021508,7793.875862068966
1778884299,100,GET,GET /api/ -> https://docs.docker.com/,0.500000,0.000000,3800,4000,4000,5300,5300,5300,5300,5300,5300,5300,5300,107,0,5900.0,8064.677412150032,884.4699000183027,30011.078999988968,1724.728971962617
1778884299,100,GET,GET /api/ -> https://flask.palletsprojects.com/,0.600000,0.000000,10000,10000,13000,13000,13000,13000,13000,13000,13000,13000,13000,104,0,7500.0,8707.105895190929,1123.3416000031866,28053.907599998638,19667.0
1778884299,100,GET,GET /api/ -> https://github.com/ibnesayeed/linkextractor,1.400000,0.000000,12000,13000,13000,13000,19000,20000,20000,20000,20000,20000,20000,82,0,9700.0,11635.766553658446,1910.483200015733,30562.619800009998,11521.951219512195
1778884299,100,GET,GET /api/ -> https://httpbin.org/,1.400000,0.000000,5900,6500,8100,8100,18000,27000,27000,27000,27000,27000,27000,130,0,5500.0,7030.101993077327,660.9478000027593,30015.362000005553,308.18461538461537
1778884299,100,GET,GET /api/ -> https://locust.io/,1.000000,0.000000,20000,20000,23000,23000,25000,25000,25000,25000,25000,25000,25000,90,0,8000.0,9695.175547778814,892.9535999777727,30013.476699998137,4656.177777777778
1778884299,100,GET,GET /api/ -> https://redis.io/,0.900000,0.000000,14000,14000,14000,14000,22000,22000,22000,22000,22000,22000,22000,97,0,13000.0,14674.768388660783,3742.9019000264816,30014.555099973222,7072.113402061856
1778884299,100,GET,GET /api/ -> https://training.play-with-docker.com/,1.400000,0.000000,12000,14000,15000,15000,20000,20000,20000,20000,20000,20000,20000,69,0,9500.0,10929.160301450833,780.3978000010829,30012.70389999263,1362.0869565217392
1778884299,100,GET,GET /api/ -> https://www.python.org/,0.900000,0.000000,5600,8100,8200,8400,30000,30000,30000,30000,30000,30000,30000,115,0,5600.0,7735.979413044001,592.8292000025976,30006.560700014234,12867.130434782608
1778884299,100,,Aggregated,13.100000,0.000000,7000,8400,12000,13000,19000,22000,25000,27000,30000,30000,30000,1096,0,6500.0,8518.997953467147,103.21569998632185,30562.619800009998,6417.6277372262775
1778884300,100,GET,GET /api/ -> http://example.com/,2.000000,0.000000,5900,7800,9900,12000,15000,18000,18000,18000,18000,18000,18000,159,0,2800.0,4767.416138364494,103.21569998632185,30024.937699985458,64.18238993710692
1778884300,100,GET,GET /api/ -> https://books.toscrape.com/,2.200000,0.000000,7200,8200,9300,10000,11000,13000,15000,15000,15000,15000,15000,148,0,4700.0,7091.974418241423,679.7647999774199,30004.413600021508,7794.972972972973
1778884300,100,GET,GET /api/ -> https://docs.docker.com/,0.500000,0.000000,5300,5300,8000,8000,8000,8000,8000,8000,8000,8000,8000,108,0,5900.0,8064.027512963447,884.4699000183027,30011.078999988968,1724.8796296296296
1778884300,100,GET,GET /api/ -> https://flask.palletsprojects.com/,0.500000,0.000000,10000,10000,13000,13000,13000,13000,13000,13000,13000,13000,13000,104,0,7500.0,8707.105895190929,1123.3416000031866,28053.907599998638,19667.0
1778884300,100,GET,GET /api/ -> https://github.com/ibnesayeed/linkextractor,1.300000,0.000000,12000,12000,13000,13000,19000,20000,20000,20000,20000,20000,20000,83,0,9700.0,11518.854006023865,1910.483200015733,30562.619800009998,11525.421686746988
1778884300,100,GET,GET /api/ -> https://httpbin.org/,1.400000,0.000000,5900,6200,7800,8100,18000,27000,27000,27000,27000,27000,27000,134,0,5500.0,6954.526652239477,660.9478000027593,30015.362000005553,308.32835820895525
1778884300,100,GET,GET /api/ -> https://locust.io/,1.000000,0.000000,20000,23000,23000,23000,25000,25000,25000,25000,25000,25000,25000,90,0,8000.0,9695.175547778814,892.9535999777727,30013.476699998137,4656.177777777778
1778884300,100,GET,GET /api/ -> https://redis.io/,0.900000,0.000000,14000,14000,14000,14000,22000,22000,22000,22000,22000,22000,22000,98,0,13000.0,14643.275321429484,3742.9019000264816,30014.555099973222,7073.632653061224
1778884300,100,GET,GET /api/ -> https://training.play-with-docker.com/,0.900000,0.000000,12000,14000,15000,15000,20000,20000,20000,20000,20000,20000,20000,70,0,9100.0,10852.152367144507,780.3978000010829,30012.70389999263,1362.9714285714285
1778884300,100,GET,GET /api/ -> https://www.python.org/,0.700000,0.000000,5600,8100,8200,8400,30000,30000,30000,30000,30000,30000,30000,116,0,5600.0,7716.423935345213,592.8292000025976,30006.560700014234,12868.103448275862
1778884300,100,,Aggregated,11.400000,0.000000,6700,8300,11000,13000,18000,22000,25000,27000,30000,30000,30000,1110,0,6500.0,8499.476974144149,103.21569998632185,30562.619800009998,6390.83063063063
1778884301,100,GET,GET /api/ -> http://example.com/,1.600000,0.000000,7800,11000,12000,13000,15000,18000,18000,18000,18000,18000,18000,162,0,2800.0,4884.902146913292,103.21569998632185,30024.937699985458,64.19753086419753
1778884301,100,GET,GET /api/ -> https://books.toscrape.com/,2.200000,0.000000,7200,8300,9900,10000,13000,13000,15000,15000,15000,15000,15000,152,0,5500.0,7140.08406315617,679.7647999774199,30004.413600021508,7796.368421052632
1778884301,100,GET,GET /api/ -> https://docs.docker.com/,0.300000,0.000000,5300,5300,8000,8000,13000,13000,13000,13000,13000,13000,13000,110,0,5900.0,8060.893703637042,884.4699000183027,30011.078999988968,1725.1727272727273
1778884301,100,GET,GET /api/ -> https://flask.palletsprojects.com/,0.300000,0.000000,6200,10000,10000,13000,13000,13000,13000,13000,13000,13000,13000,105,0,7500.0,8679.542062855659,1123.3416000031866,28053.907599998638,19667.0
1778884301,100,GET,GET /api/ -> https://github.com/ibnesayeed/linkextractor,1.100000,0.000000,6800,12000,13000,13000,19000,20000,20000,20000,20000,20000,20000,84,0,9700.0,11460.467320238033,1910.483200015733,30562.619800009998,11528.809523809523
1778884301,100,GET,GET /api/ -> https://httpbin.org/,1.700000,0.000000,5900,5900,6500,7800,8300,18000,27000,27000,27000,27000,27000,136,0,5500.0,6894.21926103023,660.9478000027593,30015.362000005553,308.3970588235294
1778884301,100,GET,GET /api/ -> https://locust.io/,0.900000,0.000000,7700,9800,23000,23000,25000,25000,25000,25000,25000,25000,25000,91,0,8100.0,9696.210960440842,892.9535999777727,30013.476699998137,4657.340659340659
1778884301,100,GET,GET /api/ -> https://redis.io/,0.600000,0.000000,14000,14000,14000,14000,14000,14000,14000,14000,14000,14000,14000,98,0,13000.0,14643.275321429484,3742.9019000264816,30014.555099973222,7073.632653061224
1778884301,100,GET,GET /api/ -> https://training.play-with-docker.com/,0.900000,0.000000,8000,12000,14000,15000,20000,20000,20000,20000,20000,20000,20000,72,0,8700.0,10754.46426250144,780.3978000010829,30012.70389999263,1364.6666666666667
1778884301,100,GET,GET /api/ -> https://www.python.org/,0.800000,0.000000,5500,5600,7400,7400,8100,8200,8200,8200,8200,8200,8200,121,0,5600.0,7560.123900826617,519.29199998267,30006.560700014234,12872.727272727272
1778884301,100,,Aggregated,10.400000,0.000000,6700,8200,9900,12000,14000,19000,23000,25000,27000,27000,27000,1131,0,6500.0,8471.69126578253,103.21569998632185,30562.619800009998,6395.671087533156
1778884302,100,GET,GET /api/ -> http://example.com/,1.700000,0.000000,7800,11000,13000,13000,16000,18000,18000,18000,18000,18000,18000,164,0,2800.0,4934.590693292593,103.21569998632185,30024.937699985458,64.20731707317073
1778884302,100,GET,GET /api/ -> https://books.toscrape.com/,2.300000,0.000000,7400,8400,10000,11000,13000,15000,20000,20000,20000,20000,20000,157,0,5500.0,7158.507069425619,679.7647999774199,30004.413600021508,7798.012738853503
1778884302,100,GET,GET /api/ -> https://docs.docker.com/,0.400000,0.000000,5300,8000,8200,9000,13000,13000,13000,13000,13000,13000,13000,114,0,5900.0,7972.01849298277,693.3989999815822,30011.078999988968,1725.7280701754387
1778884302,100,GET,GET /api/ -> https://flask.palletsprojects.com/,0.400000,0.000000,6200,10000,10000,13000,13000,13000,13000,13000,13000,13000,13000,105,0,7500.0,8679.542062855659,1123.3416000031866,28053.907599998638,19667.0
1778884302,100,GET,GET /api/ -> https://github.com/ibnesayeed/linkextractor,1.200000,0.000000,6800,12000,13000,19000,20000,22000,22000,22000,22000,22000,22000,88,0,9700.0,11475.13950454562,1910.483200015733,30562.619800009998,11541.59090909091
1778884302,100,GET,GET /api/ -> https://httpbin.org/,2.000000,0.000000,5700,5900,6200,7800,8300,18000,27000,27000,27000,27000,27000,139,0,5400.0,6783.332545324706,621.2212000100408,30015.362000005553,308.49640287769785
1778884302,100,GET,GET /api/ -> https://locust.io/,0.900000,0.000000,9800,11000,15000,23000,25000,25000,25000,25000,25000,25000,25000,94,0,8100.0,9712.822385107234,892.9535999777727,30013.476699998137,4660.68085106383
1778884302,100,GET,GET /api/ -> https://redis.io/,0.600000,0.000000,12000,13000,13000,14000,14000,14000,14000,14000,14000,14000,14000,100,0,13000.0,14540.951853000734,3742.9019000264816,30014.555099973222,7076.58
1778884302,100,GET,GET /api/ -> https://training.play-with-docker.com/,0.800000,0.000000,8400,13000,14000,15000,19000,20000,20000,20000,20000,20000,20000,76,0,8700.0,10809.558959212154,780.3978000010829,30012.70389999263,1367.7894736842106
1778884302,100,GET,GET /api/ -> https://www.python.org/,1.000000,0.000000,3500,5600,7200,7400,8100,8200,8200,8200,8200,8200,8200,123,0,5500.0,7491.564695121876,519.29199998267,30006.560700014234,12874.471544715447
1778884302,100,,Aggregated,11.300000,0.000000,6700,8300,11000,12000,15000,20000,23000,25000,27000,27000,27000,1160,0,6500.0,8462.159859051812,103.21569998632185,30562.619800009998,6369.311206896552
1778884303,100,GET,GET /api/ -> http://example.com/,1.700000,0.000000,7700,11000,13000,13000,16000,18000,18000,18000,18000,18000,18000,167,0,2800.0,4882.097023951927,103.21569998632185,30024.937699985458,64.22155688622755
1778884303,100,GET,GET /api/ -> https://books.toscrape.com/,2.500000,0.000000,7200,8300,9900,10000,13000,13000,20000,20000,20000,20000,20000,157,0,5500.0,7158.507069425619,679.7647999774199,30004.413600021508,7798.012738853503
1778884303,100,GET,GET /api/ -> https://docs.docker.com/,0.400000,0.000000,4200,8000,8200,9000,13000,13000,13000,13000,13000,13000,13000,115,0,5900.0,7931.420792174354,693.3989999815822,30011.078999988968,1725.8608695652174
1778884303,100,GET,GET /api/ -> https://flask.palletsprojects.com/,0.300000,0.000000,6200,6200,13000,13000,13000,13000,13000,13000,13000,13000,13000,106,0,7500.0,8608.53248773437,1123.3416000031866,28053.907599998638,19667.0
1778884303,100,GET,GET /api/ -> https://github.com/ibnesayeed/linkextractor,1.200000,0.000000,7700,12000,13000,19000,20000,22000,22000,22000,22000,22000,22000,89,0,9700.0,11413.107973033904,1910.483200015733,30562.619800009998,11544.606741573034
1778884303,100,GET,GET /api/ -> https://httpbin.org/,2.000000,0.000000,4900,5900,5900,8100,9700,18000,27000,27000,27000,27000,27000,143,0,5200.0,6739.462767832894,621.2212000100408,30015.362000005553,308.6223776223776
1778884303,100,GET,GET /api/ -> https://locust.io/,0.800000,0.000000,9800,11000,15000,23000,25000,25000,25000,25000,25000,25000,25000,94,0,8100.0,9712.822385107234,892.9535999777727,30013.476699998137,4660.68085106383
1778884303,100,GET,GET /api/ -> https://redis.io/,0.600000,0.000000,12000,13000,14000,14000,17000,17000,17000,17000,17000,17000,17000,103,0,13000.0,14416.283030097951,2392.190100013977,30014.555099973222,7080.78640776699
1778884303,100,GET,GET /api/ -> https://training.play-with-docker.com/,0.800000,0.000000,8000,12000,14000,15000,19000,20000,20000,20000,20000,20000,20000,78,0,8400.0,10636.234774360604,620.7926000060979,30012.70389999263,1369.2307692307693
1778884303,100,GET,GET /api/ -> https://www.python.org/,1.400000,0.000000,3500,4800,7200,7400,8100,8200,8200,8200,8200,8200,8200,129,0,5200.0,7339.563076744215,519.29199998267,30006.560700014234,12879.37984496124
1778884303,100,,Aggregated,11.700000,0.000000,6300,8200,9900,12000,15000,19000,23000,25000,27000,27000,27000,1181,0,6500.0,8397.659473920496,103.21569998632185,30562.619800009998,6372.10584250635
1778884304,100,GET,GET /api/ -> http://example.com/,1.900000,0.000000,7700,9900,12000,13000,16000,18000,18000,18000,18000,18000,18000,168,0,2700.0,4854.2289892856,103.21569998632185,30024.937699985458,64.22619047619048
1778884304,100,GET,GET /api/ -> https://books.toscrape.com/,3.000000,0.000000,5600,8200,9900,10000,13000,13000,20000,20000,20000,20000,20000,162,0,4700.0,7037.159121603767,679.7647999774199,30004.413600021508,7799.555555555556
1778884304,100,GET,GET /api/ -> https://docs.docker.com/,0.900000,0.000000,4200,8000,8200,9000,13000,13000,13000,13000,13000,13000,13000,116,0,5800.0,7888.251433621164,693.3989999815822,30011.078999988968,1725.9913793103449
1778884304,100,GET,GET /api/ -> https://flask.palletsprojects.com/,0.300000,0.000000,5800,6200,6200,13000,13000,13000,13000,13000,13000,13000,13000,107,0,7500.0,8549.296630839393,1123.3416000031866,28053.907599998638,19667.0
1778884304,100,GET,GET /api/ -> https://github.com/ibnesayeed/linkextractor,1.400000,0.000000,7700,12000,13000,19000,22000,22000,22000,22000,22000,22000,22000,90,0,9200.0,11311.606954444627,1910.483200015733,30562.619800009998,11547.555555555555
1778884304,100,GET,GET /api/ -> https://httpbin.org/,2.300000,0.000000,4800,5700,5900,5900,8300,9700,18000,18000,18000,18000,18000,147,0,5100.0,6638.875830613258,621.2212000100408,30015.362000005553,308.74149659863946
1778884304,100,GET,GET /api/ -> https://locust.io/,0.800000,0.000000,11000,16000,23000,23000,23000,25000,25000,25000,25000,25000,25000,98,0,8100.0,9737.478265306872,683.6687000177335,30013.476699998137,4664.816326530612
1778884304,100,GET,GET /api/ -> https://redis.io/,0.600000,0.000000,12000,13000,14000,14000,17000,17000,17000,17000,17000,17000,17000,104,0,13000.0,14412.596160577568,2392.190100013977,30014.555099973222,7082.134615384615
1778884304,100,GET,GET /api/ -> https://training.play-with-docker.com/,1.100000,0.000000,8000,12000,14000,14000,19000,20000,20000,20000,20000,20000,20000,80,0,8400.0,10589.056953751788,620.7926000060979,30012.70389999263,1370.6
1778884304,100,GET,GET /api/ -> https://www.python.org/,1.200000,0.000000,3500,4800,7200,7400,8100,8200,8200,8200,8200,8200,8200,131,0,5200.0,7268.948735114505,519.29199998267,30006.560700014234,12880.91603053435
1778884304,100,,Aggregated,13.500000,0.000000,5800,8100,9900,12000,15000,19000,22000,23000,25000,25000,25000,1203,0,6300.0,8339.020147963512,103.21569998632185,30562.619800009998,6362.684123025769
1778884305,100,GET,GET /api/ -> http://example.com/,1.700000,0.000000,7500,9900,12000,13000,16000,18000,18000,18000,18000,18000,18000,169,0,2700.0,4833.769611242612,103.21569998632185,30024.937699985458,64.23076923076923
1778884305,100,GET,GET /api/ -> https://books.toscrape.com/,3.000000,0.000000,5600,7600,9900,10000,13000,13000,20000,20000,20000,20000,20000,164,0,4700.0,7010.814765242685,679.7647999774199,30004.413600021508,7800.1463414634145
1778884305,100,GET,GET /api/ -> https://docs.docker.com/,1.100000,0.000000,4000,4200,8200,8200,9000,13000,13000,13000,13000,13000,13000,118,0,5500.0,7787.286360170228,693.3989999815822,30011.078999988968,1726.2457627118645
1778884305,100,GET,GET /api/ -> https://flask.palletsprojects.com/,0.300000,0.000000,6200,6200,8700,8700,13000,13000,13000,13000,13000,13000,13000,108,0,7500.0,8550.238237035552,1123.3416000031866,28053.907599998638,19667.0
1778884305,100,GET,GET /api/ -> https://github.com/ibnesayeed/linkextractor,1.500000,0.000000,7700,12000,13000,19000,22000,22000,22000,22000,22000,22000,22000,90,0,9200.0,11311.606954444627,1910.483200015733,30562.619800009998,11547.555555555555
1778884305,100,GET,GET /api/ -> https://httpbin.org/,2.600000,0.000000,4800,5900,5900,8100,9900,16000,18000,18000,18000,18000,18000,150,0,5100.0,6703.46467733422,621.2212000100408,30015.362000005553,308.82666666666665
1778884305,100,GET,GET /api/ -> https://locust.io/,0.900000,0.000000,9800,15000,16000,23000,23000,25000,25000,25000,25000,25000,25000,100,0,8000.0,9568.73742200085,683.6687000177335,30013.476699998137,4666.76
1778884305,100,GET,GET /api/ -> https://redis.io/,0.600000,0.000000,12000,12000,13000,14000,17000,17000,17000,17000,17000,17000,17000,105,0,13000.0,14329.10412761987,2392.190100013977,30014.555099973222,7083.457142857143
1778884305,100,GET,GET /api/ -> https://training.play-with-docker.com/,1.400000,0.000000,8000,12000,14000,15000,19000,20000,20000,20000,20000,20000,20000,83,0,8700.0,10557.554845784787,620.7926000060979,30012.70389999263,1372.5301204819277
1778884305,100,GET,GET /api/ -> https://www.python.org/,1.800000,0.000000,3800,5500,7400,7800,8100,8200,9600,9600,9600,9600,9600,135,0,5200.0,7243.541440740874,519.29199998267,30006.560700014234,12883.851851851852
1778884305,100,,Aggregated,14.900000,0.000000,5700,8100,9900,12000,15000,18000,22000,23000,25000,25000,25000,1222,0,6300.0,8304.546117594271,103.21569998632185,30562.619800009998,6356.051554828151
1778884306,100,GET,GET /api/ -> http://example.com/,1.900000,0.000000,7700,11000,13000,15000,16000,18000,18000,18000,18000,18000,18000,173,0,2700.0,4858.991409248855,103.21569998632185,30024.937699985458,64.2485549132948
1778884306,100,GET,GET /api/ -> https://books.toscrape.com/,3.100000,0.000000,5300,7100,8400,9900,13000,13000,20000,20000,20000,20000,20000,165,0,4700.0,6994.224988483598,679.7647999774199,30004.413600021508,7800.436363636363
1778884306,100,GET,GET /api/ -> https://docs.docker.com/,1.100000,0.000000,3300,5200,8000,8200,12000,13000,13000,13000,13000,13000,13000,123,0,5500.0,7677.4834650412495,693.3989999815822,30011.078999988968,1726.8455284552845
1778884306,100,GET,GET /api/ -> https://flask.palletsprojects.com/,0.500000,0.000000,6200,6200,8700,8700,13000,13000,13000,13000,13000,13000,13000,108,0,7500.0,8550.238237035552,1123.3416000031866,28053.907599998638,19667.0
1778884306,100,GET,GET /api/ -> https://github.com/ibnesayeed/linkextractor,1.300000,0.000000,6600,7700,12000,13000,22000,22000,22000,22000,22000,22000,22000,91,0,9200.0,11215.257956044157,1910.483200015733,30562.619800009998,11550.439560439561
1778884306,100,GET,GET /api/ -> https://httpbin.org/,2.800000,0.000000,4700,5700,5900,8100,9900,16000,18000,18000,18000,18000,18000,154,0,5000.0,6649.586891559295,621.2212000100408,30015.362000005553,308.93506493506493
1778884306,100,GET,GET /api/ -> https://locust.io/,1.200000,0.000000,9800,15000,16000,23000,23000,25000,25000,25000,25000,25000,25000,101,0,8000.0,9514.190064357319,683.6687000177335,30013.476699998137,4667.702970297029
1778884306,100,GET,GET /api/ -> https://redis.io/,0.700000,0.000000,12000,12000,13000,14000,17000,17000,17000,17000,17000,17000,17000,105,0,13000.0,14329.10412761987,2392.190100013977,30014.555099973222,7083.457142857143
1778884306,100,GET,GET /api/ -> https://training.play-with-docker.com/,1.600000,0.000000,7500,11000,13000,14000,16000,19000,20000,20000,20000,20000,20000,85,0,8400.0,10392.1457329426,620.7926000060979,30012.70389999263,1373.7411764705882
1778884306,100,GET,GET /api/ -> https://www.python.org/,2.000000,0.000000,3500,5300,7200,7800,8100,8200,9600,9600,9600,9600,9600,137,0,5200.0,7171.666369343051,519.29199998267,30006.560700014234,12885.255474452555
1778884306,100,,Aggregated,16.200000,0.000000,5300,7800,9600,11000,15000,18000,22000,23000,25000,25000,25000,1242,0,6200.0,8243.456922544445,103.21569998632185,30562.619800009998,6304.782608695652
