Timestamp,User Count,Type,Name,Requests/s,Failures/s,50%,66%,75%,80%,90%,95%,98%,99%,99.9%,99.99%,100%,Total Request Count,Total Failure Count,Total Median Response Time,Total Average Response Time,Total Min Response Time,Total Max Response Time,Total Average Content Size
1778885022,0,,Aggregated,0.000000,0.000000,N/A,N/A,N/A,N/A,N/A,N/A,N/A,N/A,N/A,N/A,N/A,0,0,0,0.0,0,0,0
1778885023,5,GET,GET /api/ -> http://example.com/,0.000000,0.000000,0,0,0,0,0,0,0,0,0,0,0,5,0,200.0,213.66364000714384,192.1695000200998,263.847500027623,65.0
1778885023,5,,Aggregated,0.000000,0.000000,0,0,0,0,0,0,0,0,0,0,0,5,0,200.0,213.66364000714384,192.1695000200998,263.847500027623,65.0
1778885024,10,GET,GET /api/ -> http://example.com/,0.000000,0.000000,40,86,86,90,90,90,90,90,90,90,90,10,0,90,134.73696000583004,23.086100001819432,263.847500027623,65.0
1778885024,10,GET,GET /api/ -> https://books.toscrape.com/,0.000000,0.000000,0,0,0,0,0,0,0,0,0,0,0,5,0,1000.0,1040.3015999938361,990.930899977684,1064.591800008202,7848.0
1778885024,10,,Aggregated,0.000000,0.000000,990,1000,1000,1000,1100,1100,1100,1100,1100,1100,1100,15,0,200.0,436.59184000183205,23.086100001819432,1064.591800008202,2659.3333333333335
1778885025,15,GET,GET /api/ -> http://example.com/,5.000000,0.000000,57,59,60,86,90,90,90,90,90,90,90,15,0,60,107.74485333822668,23.086100001819432,263.847500027623,65.0
1778885025,15,GET,GET /api/ -> https://books.toscrape.com/,0.000000,0.000000,1100,1100,1100,1100,1200,1200,1200,1200,1200,1200,1200,15,0,1000.0,753.3949066651985,45.00780001399107,1159.144799981732,7848.0
1778885025,15,GET,GET /api/ -> https://httpbin.org/,0.000000,0.000000,0,0,0,0,0,0,0,0,0,0,0,15,0,170.0,444.3021933334724,78.5596999921836,1275.5849999957718,313.0
1778885025,15,,Aggregated,5.000000,0.000000,150,990,1000,1100,1100,1200,1300,1300,1300,1300,1300,45,0,170.0,435.1473177789659,23.086100001819432,1275.5849999957718,2742.0
1778885026,20,GET,GET /api/ -> http://example.com/,5.000000,0.000000,60,90,480,520,520,520,520,520,520,520,520,20,0,90,204.63492000562837,23.086100001819432,524.5949000236578,65.0
1778885026,20,GET,GET /api/ -> https://books.toscrape.com/,2.500000,0.000000,450,1100,1100,1100,1100,1200,1200,1200,1200,1200,1200,17,0,1000.0,707.7411941170474,45.00780001399107,1159.144799981732,7848.0
1778885026,20,GET,GET /api/ -> https://httpbin.org/,0.000000,0.000000,1300,1300,1300,1300,1300,1300,1300,1300,1300,1300,1300,15,0,170.0,444.3021933334724,78.5596999921836,1275.5849999957718,313.0
1778885026,20,GET,GET /api/ -> https://www.python.org/,0.000000,0.000000,0,0,0,0,0,0,0,0,0,0,0,10,0,1300.0,1407.794359998661,1145.6218999810517,1713.9025000215042,12980.0
1778885026,20,,Aggregated,7.500000,0.000000,480,1000,1100,1100,1300,1500,1500,1700,1700,1700,1700,62,0,280.0,594.6254064530817,23.086100001819432,1713.9025000215042,4342.112903225807
1778885027,25,GET,GET /api/ -> http://example.com/,5.000000,0.000000,60,90,480,520,520,520,520,520,520,520,520,20,0,90,204.63492000562837,23.086100001819432,524.5949000236578,65.0
1778885027,25,GET,GET /api/ -> https://books.toscrape.com/,2.500000,0.000000,450,1100,1100,1100,1100,1200,1200,1200,1200,1200,1200,18,0,990.0,695.9835833323369,45.00780001399107,1159.144799981732,7848.0
1778885027,25,GET,GET /api/ -> https://httpbin.org/,0.000000,0.000000,1300,1300,1300,1300,1300,1300,1300,1300,1300,1300,1300,15,0,170.0,444.3021933334724,78.5596999921836,1275.5849999957718,313.0
1778885027,25,GET,GET /api/ -> https://www.python.org/,0.000000,0.000000,0,0,0,0,0,0,0,0,0,0,0,11,0,1400.0,1443.0039636340966,1145.6218999810517,1795.0999999884516,12980.0
1778885027,25,,Aggregated,7.500000,0.000000,500,1000,1100,1200,1400,1500,1700,1800,1800,1800,1800,64,0,440.0,611.8434281261216,23.086100001819432,1795.0999999884516,4531.859375
1778885029,30,GET,GET /api/ -> http://example.com/,4.000000,0.000000,440,520,520,740,950,2200,2200,2200,2200,2200,2200,25,0,200.0,372.4729600036517,23.086100001819432,2239.4551999750547,65.0
1778885029,30,GET,GET /api/ -> https://books.toscrape.com/,3.600000,0.000000,450,1100,1100,1100,2700,3100,3100,3100,3100,3100,3100,22,0,990.0,856.8015636357649,45.00780001399107,3067.3379999934696,7848.0
1778885029,30,GET,GET /api/ -> https://docs.docker.com/,0.000000,0.000000,0,0,0,0,0,0,0,0,0,0,0,1,0,3057.5192000251263,3057.5192000251263,3057.5192000251263,3057.5192000251263,1741.0
1778885029,30,GET,GET /api/ -> https://httpbin.org/,3.000000,0.000000,2100,2100,2400,2400,2400,2400,2400,2400,2400,2400,2400,18,0,170.0,625.2677333347189,78.5596999921836,2367.7610000013374,313.0
1778885029,30,GET,GET /api/ -> https://www.python.org/,2.200000,0.000000,1500,1700,3800,4000,4100,4300,4300,4300,4300,4300,4300,15,0,1500.0,2143.104026664514,1145.6218999810517,4286.96199998376,12980.0
1778885029,30,,Aggregated,12.800000,0.000000,790,1100,1300,1400,2400,3800,4100,4300,4300,4300,4300,81,0,520.0,921.2389777789617,23.086100001819432,4286.96199998376,4646.37037037037
1778885030,35,GET,GET /api/ -> http://example.com/,3.333333,0.000000,140,490,520,740,2200,3200,3500,3500,3500,3500,3500,32,0,190.0,524.1687968782571,23.086100001819432,3533.066999982111,65.0
1778885030,35,GET,GET /api/ -> https://books.toscrape.com/,3.000000,0.000000,450,750,1100,1100,1200,2700,3100,3100,3100,3100,3100,27,0,750.0,789.9156407403535,45.00780001399107,3067.3379999934696,7848.0
1778885030,35,GET,GET /api/ -> https://docs.docker.com/,0.000000,0.000000,0,0,0,0,0,0,0,0,0,0,0,11,0,3300.0,2903.8955363688397,860.6181000068318,4272.929400001885,1741.0
1778885030,35,GET,GET /api/ -> https://httpbin.org/,2.500000,0.000000,1300,2100,2400,2400,3600,3600,3600,3600,3600,3600,3600,21,0,180.0,748.4908857150003,78.5596999921836,3587.6123999769334,313.0
1778885030,35,GET,GET /api/ -> https://www.python.org/,1.833333,0.000000,1500,1700,1800,3800,4100,4300,4300,4300,4300,4300,4300,17,0,1500.0,1966.5798470566242,381.1091000097804,4286.96199998376,12980.0
1778885030,35,,Aggregated,10.666667,0.000000,790,1100,1400,1800,3300,3800,4100,4300,4300,4300,4300,108,0,750.0,1103.649450927117,23.086100001819432,4286.96199998376,4262.592592592592
1778885031,40,GET,GET /api/ -> http://example.com/,3.142857,0.000000,440,520,740,800,3200,4800,4800,4800,4800,4800,4800,39,0,260.0,737.2487359001146,23.086100001819432,4752.267600008054,65.0
1778885031,40,GET,GET /api/ -> https://books.toscrape.com/,2.714286,0.000000,500,1100,1200,1300,1700,2700,3100,3100,3100,3100,3100,32,0,750.0,855.2077437479966,45.00780001399107,3067.3379999934696,7848.0
1778885031,40,GET,GET /api/ -> https://docs.docker.com/,0.000000,0.000000,3600,4000,4300,4900,5200,5200,5200,5200,5200,5200,5200,17,0,3200.0,2670.4310941225713,147.4177000054624,5177.383599977475,1741.0
1778885031,40,GET,GET /api/ -> https://flask.palletsprojects.com/,0.000000,0.000000,0,0,0,0,0,0,0,0,0,0,0,9,0,1000.0,1097.8638666727218,183.418000000529,1859.4800000137184,19667.0
1778885031,40,GET,GET /api/ -> https://httpbin.org/,2.428571,0.000000,1300,1600,2100,2400,3600,3600,3600,3600,3600,3600,3600,23,0,190.0,770.0736434793646,78.5596999921836,3587.6123999769334,313.0
1778885031,40,GET,GET /api/ -> https://www.python.org/,2.000000,0.000000,1500,1500,1800,3800,4100,4300,4300,4300,4300,4300,4300,18,0,1400.0,1895.4737777757045,381.1091000097804,4286.96199998376,12980.0
1778885031,40,,Aggregated,10.285714,0.000000,900,1200,1500,1800,3500,4100,4800,4900,5200,5200,5200,138,0,800.0,1182.8092297113524,23.086100001819432,5177.383599977475,5080.507246376812
1778885032,50,GET,GET /api/ -> http://example.com/,3.875000,0.000000,390,520,590,790,3200,4800,4800,4800,4800,4800,4800,43,0,370.0,708.5982162808609,23.086100001819432,4752.267600008054,65.0
1778885032,50,GET,GET /api/ -> https://books.toscrape.com/,3.000000,0.000000,500,1100,1200,1400,1700,2700,3100,3100,3100,3100,3100,38,0,750.0,880.2470657874916,45.00780001399107,3067.3379999934696,7848.0
1778885032,50,GET,GET /api/ -> https://docs.docker.com/,0.875000,0.000000,3600,4000,4900,4900,5200,5700,5700,5700,5700,5700,5700,19,0,3200.0,2737.184557899845,147.4177000054624,5692.1355000231415,1741.0
1778885032,50,GET,GET /api/ -> https://flask.palletsprojects.com/,0.000000,0.000000,0,0,0,0,0,0,0,0,0,0,0,15,0,1400.0,1462.2541533336819,183.418000000529,2888.8374000089243,19667.0
1778885032,50,GET,GET /api/ -> https://httpbin.org/,2.375000,0.000000,1100,1600,2100,2400,3100,3600,3600,3600,3600,3600,3600,27,0,360.0,843.4218444443239,63.863799994578585,3587.6123999769334,313.0
1778885032,50,GET,GET /api/ -> https://www.python.org/,1.875000,0.000000,1500,1800,2900,3600,4000,4100,4300,4300,4300,4300,4300,21,0,1500.0,2017.231971425991,381.1091000097804,4286.96199998376,12980.0
1778885032,50,,Aggregated,12.000000,0.000000,970,1300,1700,2000,3500,4100,4800,5200,5700,5700,5700,163,0,900.0,1245.3600730064204,23.086100001819432,5692.1355000231415,5583.644171779141
1778885033,55,GET,GET /api/ -> http://example.com/,4.000000,0.000000,440,520,790,950,3500,4800,4800,4800,4800,4800,4800,48,0,360.0,754.0248250012761,23.086100001819432,4752.267600008054,65.0
1778885033,55,GET,GET /api/ -> https://books.toscrape.com/,3.111111,0.000000,680,1100,1300,1400,1700,2600,3100,3100,3100,3100,3100,47,0,750.0,878.5746531886732,45.00780001399107,3067.3379999934696,7848.0
1778885033,55,GET,GET /api/ -> https://docs.docker.com/,1.555556,0.000000,1200,3600,4300,4900,5200,5700,5700,5700,5700,5700,5700,22,0,1900.0,2455.62590000389,147.4177000054624,5692.1355000231415,1741.0
1778885033,55,GET,GET /api/ -> https://flask.palletsprojects.com/,0.000000,0.000000,1700,1700,2700,2700,2900,2900,2900,2900,2900,2900,2900,19,0,1400.0,1423.1933157884907,183.418000000529,2888.8374000089243,19667.0
1778885033,55,GET,GET /api/ -> https://httpbin.org/,2.333333,0.000000,1100,2100,2400,2700,3500,3600,4500,4500,4500,4500,4500,36,0,680.0,1085.341766667423,63.863799994578585,4489.295600011246,313.0
1778885033,55,GET,GET /api/ -> https://redis.io/,0.000000,0.000000,0,0,0,0,0,0,0,0,0,0,0,2,0,63,980.3208000084851,62.654900015331805,1897.9867000016384,7221.0
1778885033,55,GET,GET /api/ -> https://www.python.org/,2.000000,0.000000,1400,1500,1800,2900,4000,4100,4300,4300,4300,4300,4300,27,0,1400.0,1683.0963296276793,40.63179998775013,4286.96199998376,12980.0
1778885033,55,,Aggregated,13.000000,0.000000,900,1300,1700,2000,3500,4100,4800,5200,5700,5700,5700,201,0,850.0,1219.0407422884941,23.086100001819432,5692.1355000231415,5771.746268656716
1778885034,60,GET,GET /api/ -> http://example.com/,4.200000,0.000000,460,590,950,1200,3500,4800,4800,4800,4800,4800,4800,54,0,360.0,754.3642000010651,23.086100001819432,4752.267600008054,65.0
1778885034,60,GET,GET /api/ -> https://books.toscrape.com/,3.300000,0.000000,680,1100,1400,1400,1700,2600,3100,3100,3100,3100,3100,48,0,750.0,889.8923437470027,45.00780001399107,3067.3379999934696,7848.0
1778885034,60,GET,GET /api/ -> https://docs.docker.com/,1.800000,0.000000,1200,2000,4000,4300,5200,5700,5700,5700,5700,5700,5700,26,0,1700.0,2255.3882269253686,19.559499982278794,5692.1355000231415,1741.0
1778885034,60,GET,GET /api/ -> https://flask.palletsprojects.com/,1.300000,0.000000,1700,1700,2700,2700,2900,2900,2900,2900,2900,2900,2900,21,0,1200.0,1384.1906238106146,183.418000000529,2888.8374000089243,19667.0
1778885034,60,GET,GET /api/ -> https://httpbin.org/,2.300000,0.000000,1100,1600,2400,2700,3500,3600,4500,4500,4500,4500,4500,41,0,870.0,1148.099260976135,63.863799994578585,4489.295600011246,313.0
1778885034,60,GET,GET /api/ -> https://locust.io/,0.000000,0.000000,0,0,0,0,0,0,0,0,0,0,0,1,0,414.79599999729544,414.79599999729544,414.79599999729544,414.79599999729544,4762.0
1778885034,60,GET,GET /api/ -> https://redis.io/,0.000000,0.000000,0,0,0,0,0,0,0,0,0,0,0,10,0,2400.0,2277.6344199985033,62.654900015331805,3024.759100022493,7221.0
1778885034,60,GET,GET /api/ -> https://www.python.org/,2.000000,0.000000,1300,1500,1800,2300,3800,4100,4300,4300,4300,4300,4300,35,0,1300.0,1554.670159998516,18.01460000569932,4286.96199998376,12980.0
1778885034,60,,Aggregated,14.900000,0.000000,1100,1600,2000,2400,3300,4100,4800,5200,5700,5700,5700,236,0,950.0,1253.539244915034,18.01460000569932,5692.1355000231415,5858.440677966101
1778885035,65,GET,GET /api/ -> http://example.com/,4.300000,0.000000,460,630,950,1200,3200,4100,4800,4800,4800,4800,4800,60,0,370.0,733.8395483355271,23.086100001819432,4752.267600008054,65.0
1778885035,65,GET,GET /api/ -> https://books.toscrape.com/,4.500000,0.000000,750,1300,1400,1400,1700,2600,3100,3100,3100,3100,3100,56,0,990.0,882.2209714266397,45.00780001399107,3067.3379999934696,7848.0
1778885035,65,GET,GET /api/ -> https://docs.docker.com/,2.000000,0.000000,1100,1800,2000,3600,4900,5200,5700,5700,5700,5700,5700,34,0,1200.0,1919.7826294137699,17.054299998562783,5692.1355000231415,1741.0
1778885035,65,GET,GET /api/ -> https://flask.palletsprojects.com/,1.700000,0.000000,930,1600,1700,1700,2700,2900,2900,2900,2900,2900,2900,27,0,1000.0,1200.714677778133,20.158100000116974,2888.8374000089243,19667.0
1778885035,65,GET,GET /api/ -> https://httpbin.org/,3.200000,0.000000,1100,2100,2400,2700,3500,4500,4600,4600,4600,4600,4600,46,0,870.0,1197.0025521744822,63.863799994578585,4567.490000015823,313.0
1778885035,65,GET,GET /api/ -> https://locust.io/,0.000000,0.000000,0,0,0,0,0,0,0,0,0,0,0,12,0,590.0,752.456716664407,230.74679999263026,1761.8185000028461,4762.0
1778885035,65,GET,GET /api/ -> https://redis.io/,0.000000,0.000000,2700,2800,3000,3400,3600,3900,3900,3900,3900,3900,3900,21,0,2400.0,2321.280942858374,20.67739999620244,3905.5213000101503,7221.0
1778885035,65,GET,GET /api/ -> https://www.python.org/,2.600000,0.000000,1300,1500,1800,1800,3600,4000,4300,4300,4300,4300,4300,41,0,1300.0,1481.6625682919616,18.01460000569932,4286.96199998376,12980.0
1778885035,65,,Aggregated,18.300000,0.000000,1100,1600,1900,2200,3300,4000,4800,4900,5700,5700,5700,297,0,920.0,1227.9909632999884,17.054299998562783,5692.1355000231415,6023.414141414141
1778885036,70,GET,GET /api/ -> http://example.com/,4.300000,0.000000,460,630,800,1100,3200,4100,4800,4800,4800,4800,4800,65,0,370.0,705.0877200018687,23.086100001819432,4752.267600008054,65.0
1778885036,70,GET,GET /api/ -> https://books.toscrape.com/,4.200000,0.000000,750,1300,1400,1400,1700,2600,3100,3100,3100,3100,3100,61,0,990.0,881.2532786863902,45.00780001399107,3067.3379999934696,7848.0
1778885036,70,GET,GET /api/ -> https://docs.docker.com/,2.200000,0.000000,1200,1700,1900,2900,4300,5200,5700,5700,5700,5700,5700,40,0,1300.0,1839.04451250055,17.054299998562783,5692.1355000231415,1741.0
1778885036,70,GET,GET /api/ -> https://flask.palletsprojects.com/,2.000000,0.000000,1100,1100,1600,1700,2700,2900,2900,2900,2900,2900,2900,32,0,1100.0,1167.2007687502628,20.158100000116974,2888.8374000089243,19667.0
1778885036,70,GET,GET /api/ -> https://github.com/ibnesayeed/linkextractor,0.000000,0.000000,0,0,0,0,0,0,0,0,0,0,0,10,0,1200.0,1083.664360002149,109.6689999976661,1494.074999995064,11810.0
1778885036,70,GET,GET /api/ -> https://httpbin.org/,3.600000,0.000000,1100,2100,2700,2800,3500,4500,4600,4600,4600,4600,4600,53,0,990.0,1277.0893169810802,63.863799994578585,4567.490000015823,313.0
1778885036,70,GET,GET /api/ -> https://locust.io/,0.000000,0.000000,910,960,1300,1300,1700,1700,1700,1700,1700,1700,1700,20,0,710.0,893.2822150003631,230.74679999263026,1761.8185000028461,4762.0
1778885036,70,GET,GET /api/ -> https://redis.io/,0.300000,0.000000,2400,2700,2800,3000,3600,3600,3900,3900,3900,3900,3900,27,0,2200.0,2070.074522222125,20.67739999620244,3905.5213000101503,7221.0
1778885036,70,GET,GET /api/ -> https://www.python.org/,2.800000,0.000000,1300,1500,1800,1800,3600,4000,4300,4300,4300,4300,4300,46,0,1300.0,1423.576839129648,18.01460000569932,4286.96199998376,12980.0
1778885036,70,,Aggregated,19.400000,0.000000,1100,1400,1800,2100,3100,3800,4500,4800,5700,5700,5700,354,0,950.0,1209.7850997175392,17.054299998562783,5692.1355000231415,6225.742937853107
1778885037,75,GET,GET /api/ -> http://example.com/,4.300000,0.000000,390,630,790,1100,3200,4100,4800,4800,4800,4800,4800,70,0,320.0,662.4365557159763,23.086100001819432,4752.267600008054,65.0
1778885037,75,GET,GET /api/ -> https://books.toscrape.com/,3.800000,0.000000,750,1300,1400,1400,1700,2700,2800,3100,3100,3100,3100,69,0,850.0,898.5837623164854,45.00780001399107,3067.3379999934696,7848.0
1778885037,75,GET,GET /api/ -> https://docs.docker.com/,3.100000,0.000000,1100,1400,1800,1900,4000,4900,5700,5700,5700,5700,5700,53,0,1200.0,1578.1663698127784,17.054299998562783,5692.1355000231415,1741.0
1778885037,75,GET,GET /api/ -> https://flask.palletsprojects.com/,2.400000,0.000000,930,1100,1600,1700,2200,2700,2900,2900,2900,2900,2900,47,0,970.0,1079.8850085120648,11.77119999192655,2888.8374000089243,19667.0
1778885037,75,GET,GET /api/ -> https://github.com/ibnesayeed/linkextractor,0.000000,0.000000,0,0,0,0,0,0,0,0,0,0,0,32,0,790.0,893.1759187507851,75.09490000666119,2973.6895999812987,11810.0
1778885037,75,GET,GET /api/ -> https://httpbin.org/,3.000000,0.000000,1100,1600,2200,2700,3300,4500,4600,6200,6200,6200,6200,66,0,960.0,1290.563227271901,63.863799994578585,6221.424100018339,313.0
1778885037,75,GET,GET /api/ -> https://locust.io/,0.800000,0.000000,510,960,1000,1300,1700,1700,2000,2000,2000,2000,2000,37,0,640.0,753.6716135140081,9.85270002274774,1970.3588999982458,4762.0
1778885037,75,GET,GET /api/ -> https://redis.io/,1.800000,0.000000,1300,2200,2500,2700,3000,3600,3900,3900,3900,3900,3900,44,0,1300.0,1467.4740295456352,15.835700003663078,3905.5213000101503,7221.0
1778885037,75,GET,GET /api/ -> https://training.play-with-docker.com/,0.000000,0.000000,0,0,0,0,0,0,0,0,0,0,0,21,0,520.0,552.1193095219566,50.85489997873083,1256.0304999933578,1424.0
1778885037,75,GET,GET /api/ -> https://www.python.org/,3.700000,0.000000,1000,1400,1800,1800,3800,4000,4300,4300,4300,4300,4300,59,0,1200.0,1298.7494169481856,10.343300004024059,4286.96199998376,12980.0
1778885037,75,,Aggregated,22.900000,0.000000,860,1300,1600,1800,2800,3600,4300,4800,6200,6200,6200,498,0,800.0,1078.723859437753,9.85270002274774,6221.424100018339,6527.919678714859
1778885038,80,GET,GET /api/ -> http://example.com/,4.600000,0.000000,360,460,710,800,2000,4100,4800,4800,4800,4800,4800,76,0,280.0,613.8416723701275,12.509000021964312,4752.267600008054,65.0
1778885038,80,GET,GET /api/ -> https://books.toscrape.com/,4.400000,0.000000,730,1200,1300,1400,1600,2600,2800,3100,3100,3100,3100,76,0,730.0,850.6440894714998,45.00780001399107,3067.3379999934696,7848.0
1778885038,80,GET,GET /api/ -> https://docs.docker.com/,3.800000,0.000000,520,940,1300,1500,2900,4300,5200,5700,5700,5700,5700,76,0,590.0,1163.5039368434502,11.920399992959574,5692.1355000231415,1741.0
1778885038,80,GET,GET /api/ -> https://flask.palletsprojects.com/,3.100000,0.000000,240,560,970,1100,1700,2200,2700,2900,2900,2900,2900,76,0,360.0,725.2185513172758,11.77119999192655,2888.8374000089243,19667.0
1778885038,80,GET,GET /api/ -> https://github.com/ibnesayeed/linkextractor,0.000000,0.000000,130,180,230,310,780,1400,1700,3000,3000,3000,3000,75,0,150.0,447.64634266650927,13.673999987076968,2973.6895999812987,11810.0
1778885038,80,GET,GET /api/ -> https://httpbin.org/,3.600000,0.000000,850,1300,2000,2200,3300,4500,4600,6200,6200,6200,6200,76,0,700.0,1145.6589973681012,56.62560000200756,6221.424100018339,313.0
1778885038,80,GET,GET /api/ -> https://locust.io/,1.800000,0.000000,150,310,480,640,1100,1700,1700,2000,2000,2000,2000,76,0,170.0,435.83726842112617,9.85270002274774,1970.3588999982458,4762.0
1778885038,80,GET,GET /api/ -> https://redis.io/,2.400000,0.000000,240,790,1400,2200,2700,3400,3600,3900,3900,3900,3900,76,0,240.0,906.3580421061488,12.96860000002198,3905.5213000101503,7221.0
1778885038,80,GET,GET /api/ -> https://training.play-with-docker.com/,0.000000,0.000000,160,210,240,280,830,1000,1200,1300,1300,1300,1300,75,0,170.0,273.12713066581637,49.372300010873005,1256.0304999933578,1424.0
1778885038,80,GET,GET /api/ -> https://www.python.org/,4.500000,0.000000,550,960,1200,1400,1800,2900,4000,4300,4300,4300,4300,76,0,740.0,1056.9040842092363,10.343300004024059,4286.96199998376,12980.0
1778885038,80,,Aggregated,28.200000,0.000000,310,720,1100,1300,2000,2900,3900,4600,6200,6200,6200,758,0,320.0,762.9333447230262,9.85270002274774,6221.424100018339,6783.538258575198
1778885039,85,GET,GET /api/ -> http://example.com/,5.000000,0.000000,68,310,390,460,1100,3500,4800,4800,4800,4800,4800,106,0,130.0,449.61726226687944,10.54459999431856,4752.267600008054,65.0
1778885039,85,GET,GET /api/ -> https://books.toscrape.com/,4.500000,0.000000,320,680,1100,1300,1400,1700,2600,2800,2800,2800,2800,104,0,360.0,628.4895307681626,8.596999978180975,3067.3379999934696,7848.0
1778885039,85,GET,GET /api/ -> https://docs.docker.com/,4.200000,0.000000,270,620,1100,1300,1900,4000,5200,5700,5700,5700,5700,98,0,300.0,909.9875591844985,11.920399992959574,5692.1355000231415,1741.0
1778885039,85,GET,GET /api/ -> https://flask.palletsprojects.com/,3.500000,0.000000,150,340,560,930,1600,1900,2700,2900,2900,2900,2900,98,0,180.0,570.7775285727064,8.437999989837408,2888.8374000089243,19667.0
1778885039,85,GET,GET /api/ -> https://github.com/ibnesayeed/linkextractor,1.300000,0.000000,78,140,190,220,600,1400,1700,3000,3000,3000,3000,94,0,87,364.5590648935622,7.99330000882037,2973.6895999812987,11810.0
1778885039,85,GET,GET /api/ -> https://httpbin.org/,3.900000,0.000000,310,950,1300,1500,2800,3500,4600,6200,6200,6200,6200,101,0,290.0,879.1272089099696,53.960599994752556,6221.424100018339,313.0
1778885039,85,GET,GET /api/ -> https://locust.io/,2.400000,0.000000,98,180,350,480,1000,1600,1700,2000,2000,2000,2000,96,0,110.0,352.11830625030416,4.7623999998904765,1970.3588999982458,4762.0
1778885039,85,GET,GET /api/ -> https://redis.io/,2.900000,0.000000,140,380,900,1400,2700,3000,3600,3900,3900,3900,3900,96,0,140.0,723.7166062514007,7.59769999422133,3905.5213000101503,7221.0
1778885039,85,GET,GET /api/ -> https://training.play-with-docker.com/,0.200000,0.000000,130,190,210,240,660,960,1200,1300,1300,1300,1300,91,0,130.0,237.2389681311708,49.372300010873005,1256.0304999933578,1424.0
1778885039,85,GET,GET /api/ -> https://www.python.org/,3.800000,0.000000,220,550,900,1200,1600,2200,3600,4000,4000,4000,4000,100,0,300.0,810.6546579985297,7.165199989685789,4286.96199998376,12980.0
1778885039,85,,Aggregated,31.700000,0.000000,150,380,710,990,1600,2300,3600,4300,6200,6200,6200,984,0,170.0,596.6789464433325,4.7623999998904765,6221.424100018339,6748.751016260163
1778885040,90,GET,GET /api/ -> http://example.com/,5.500000,0.000000,66,96,150,310,620,1200,4100,4800,4800,4800,4800,149,0,83,344.3319342306568,10.54459999431856,4752.267600008054,65.0
1778885040,90,GET,GET /api/ -> https://books.toscrape.com/,5.700000,0.000000,160,320,580,990,1400,1600,1800,2600,2800,2800,2800,137,0,240.0,510.44979124023223,8.596999978180975,3067.3379999934696,7848.0
1778885040,90,GET,GET /api/ -> https://docs.docker.com/,6.700000,0.000000,170,300,560,710,1500,2000,4900,5200,5700,5700,5700,124,0,180.0,746.2618790326111,11.04099999065511,5692.1355000231415,1741.0
1778885040,90,GET,GET /api/ -> https://flask.palletsprojects.com/,6.500000,0.000000,120,200,360,560,1300,1700,2300,2700,2900,2900,2900,119,0,150.0,488.0395277318674,8.437999989837408,2888.8374000089243,19667.0
1778885040,90,GET,GET /api/ -> https://github.com/ibnesayeed/linkextractor,5.100000,0.000000,79,140,180,200,390,1400,1700,3000,3000,3000,3000,106,0,110.0,337.8872849054872,7.99330000882037,2973.6895999812987,11810.0
1778885040,90,GET,GET /api/ -> https://httpbin.org/,5.900000,0.000000,180,480,870,1100,2200,3100,4500,4600,6200,6200,6200,130,0,180.0,721.9668976906597,53.960599994752556,6221.424100018339,313.0
1778885040,90,GET,GET /api/ -> https://locust.io/,5.300000,0.000000,94,150,250,360,940,1300,1700,1700,2000,2000,2000,111,0,110.0,318.4679828831708,4.7623999998904765,1970.3588999982458,4762.0
1778885040,90,GET,GET /api/ -> https://redis.io/,5.500000,0.000000,140,230,480,990,2400,2800,3600,3600,3900,3900,3900,118,0,140.0,612.4089245777676,7.59769999422133,3905.5213000101503,7221.0
1778885040,90,GET,GET /api/ -> https://training.play-with-docker.com/,4.100000,0.000000,130,180,210,220,470,870,1100,1200,1300,1300,1300,104,0,130.0,225.07074711477168,49.372300010873005,1256.0304999933578,1424.0
1778885040,90,GET,GET /api/ -> https://www.python.org/,5.900000,0.000000,94,250,550,740,1400,1800,2900,3600,4000,4000,4000,129,0,130.0,646.9152030997997,7.165199989685789,4286.96199998376,12980.0
1778885040,90,,Aggregated,56.200000,0.000000,120,230,390,650,1400,2000,2900,3600,5700,6200,6200,1227,0,140.0,502.0339229015501,4.7623999998904765,6221.424100018339,6631.494702526487
1778885041,95,GET,GET /api/ -> http://example.com/,6.700000,0.000000,77,120,150,250,430,630,1300,2000,4100,4100,4100,179,0,90,315.28953184482936,10.54459999431856,4752.267600008054,65.0
1778885041,95,GET,GET /api/ -> https://books.toscrape.com/,7.000000,0.000000,190,320,410,570,1200,1400,1800,2600,2800,2800,2800,174,0,220.0,457.5610632179225,8.596999978180975,3067.3379999934696,7848.0
1778885041,95,GET,GET /api/ -> https://docs.docker.com/,8.500000,0.000000,170,300,430,520,1100,1500,2000,2000,2900,2900,2900,150,0,180.0,656.9189499999629,11.04099999065511,5692.1355000231415,1741.0
1778885041,95,GET,GET /api/ -> https://flask.palletsprojects.com/,8.400000,0.000000,140,240,360,530,1100,1700,2300,2700,2900,2900,2900,141,0,160.0,453.0761304971141,8.437999989837408,2888.8374000089243,19667.0
1778885041,95,GET,GET /api/ -> https://github.com/ibnesayeed/linkextractor,8.300000,0.000000,99,160,200,270,490,790,1600,1700,3000,3000,3000,122,0,130.0,329.29109754069464,7.99330000882037,2973.6895999812987,11810.0
1778885041,95,GET,GET /api/ -> https://httpbin.org/,7.000000,0.000000,200,360,630,850,1500,2800,4500,4600,6200,6200,6200,166,0,200.0,631.4203379502526,53.960599994752556,6221.424100018339,313.0
1778885041,95,GET,GET /api/ -> https://locust.io/,8.300000,0.000000,120,200,320,410,910,1300,1700,1700,2000,2000,2000,126,0,120.0,321.41470793627263,4.7623999998904765,1970.3588999982458,4762.0
1778885041,95,GET,GET /api/ -> https://redis.io/,8.400000,0.000000,150,270,450,710,2200,2800,3600,3600,3900,3900,3900,134,0,150.0,578.7495194042515,7.59769999422133,3905.5213000101503,7221.0
1778885041,95,GET,GET /api/ -> https://training.play-with-docker.com/,7.900000,0.000000,150,200,230,250,520,870,1100,1200,1300,1300,1300,117,0,150.0,233.58933162292402,49.372300010873005,1256.0304999933578,1424.0
1778885041,95,GET,GET /api/ -> https://www.python.org/,7.200000,0.000000,130,250,370,510,1200,1600,2300,3600,4000,4000,4000,157,0,160.0,573.3571961777178,7.165199989685789,4286.96199998376,12980.0
1778885041,95,,Aggregated,77.700000,0.000000,140,240,360,490,1100,1700,2700,3000,4600,6200,6200,1466,0,150.0,463.0702854705737,4.7623999998904765,6221.424100018339,6600.4474761255115
1778885043,100,GET,GET /api/ -> http://example.com/,13.100000,0.000000,78,130,200,270,430,640,1300,1400,2000,2000,2000,199,0,100.0,327.06863065419867,10.54459999431856,4752.267600008054,65.0
1778885043,100,GET,GET /api/ -> https://books.toscrape.com/,12.900000,0.000000,190,300,390,430,820,1300,1400,1600,2800,2800,2800,195,0,240.0,444.6370194867576,8.596999978180975,3067.3379999934696,7848.0
1778885043,100,GET,GET /api/ -> https://docs.docker.com/,11.900000,0.000000,180,310,370,520,720,1500,1900,2000,2900,2900,2900,175,0,230.0,614.9511194284007,11.04099999065511,5692.1355000231415,1741.0
1778885043,100,GET,GET /api/ -> https://flask.palletsprojects.com/,12.700000,0.000000,170,310,370,440,900,1100,1900,2200,2300,2300,2300,170,0,200.0,443.14758058959234,8.437999989837408,2888.8374000089243,19667.0
1778885043,100,GET,GET /api/ -> https://github.com/ibnesayeed/linkextractor,11.400000,0.000000,140,220,350,380,590,790,1600,1700,3000,3000,3000,144,0,150.0,341.07181597230215,7.99330000882037,2973.6895999812987,11810.0
1778885043,100,GET,GET /api/ -> https://httpbin.org/,12.500000,0.000000,240,370,470,560,1100,2100,2900,4600,6200,6200,6200,191,0,260.0,603.3277251295677,53.960599994752556,6221.424100018339,313.0
1778885043,100,GET,GET /api/ -> https://locust.io/,11.800000,0.000000,150,320,410,460,790,1100,1700,1700,2000,2000,2000,150,0,150.0,339.1888766667883,4.7623999998904765,1970.3588999982458,4762.0
1778885043,100,GET,GET /api/ -> https://redis.io/,12.100000,0.000000,210,380,480,750,2100,2700,3400,3600,3900,3900,3900,162,0,210.0,561.114150001186,7.59769999422133,3905.5213000101503,7221.0
1778885043,100,GET,GET /api/ -> https://training.play-with-docker.com/,10.900000,0.000000,170,220,310,380,600,860,1100,1200,1300,1300,1300,136,0,170.0,261.694724263233,49.372300010873005,1256.0304999933578,1424.0
1778885043,100,GET,GET /api/ -> https://www.python.org/,11.900000,0.000000,160,300,430,510,1000,1400,1800,2300,4000,4000,4000,182,0,230.0,557.9018230762033,7.165199989685789,4286.96199998376,12980.0
1778885043,100,,Aggregated,121.200000,0.000000,160,310,400,480,900,1400,2100,2800,4600,6200,6200,1704,0,190.0,456.5726443661632,4.7623999998904765,6221.424100018339,6685.392605633803
1778885044,105,GET,GET /api/ -> http://example.com/,13.900000,0.000000,90,150,310,400,620,710,1100,1200,1400,1400,1400,218,0,130.0,351.1241376154347,10.54459999431856,4752.267600008054,65.0
1778885044,105,GET,GET /api/ -> https://books.toscrape.com/,14.400000,0.000000,190,320,400,440,640,1200,1400,1600,2800,2800,2800,205,0,250.0,445.6434946338271,8.596999978180975,3067.3379999934696,7848.0
1778885044,105,GET,GET /api/ -> https://docs.docker.com/,13.600000,0.000000,200,330,430,470,620,1300,1500,2000,2900,2900,2900,189,0,280.0,602.181339153691,11.04099999065511,5692.1355000231415,1741.0
1778885044,105,GET,GET /api/ -> https://flask.palletsprojects.com/,13.100000,0.000000,200,340,430,520,760,1100,1600,2200,2300,2300,2300,182,0,230.0,453.4026972538853,8.437999989837408,2888.8374000089243,19667.0
1778885044,105,GET,GET /api/ -> https://github.com/ibnesayeed/linkextractor,12.500000,0.000000,160,310,380,460,620,790,1600,1700,3000,3000,3000,158,0,180.0,359.0611145567131,7.99330000882037,2973.6895999812987,11810.0
1778885044,105,GET,GET /api/ -> https://httpbin.org/,14.800000,0.000000,240,360,450,500,800,1400,2700,3300,6200,6200,6200,199,0,290.0,598.0976050239625,53.960599994752556,6221.424100018339,313.0
1778885044,105,GET,GET /api/ -> https://locust.io/,13.000000,0.000000,200,370,450,500,760,1000,1700,1700,2000,2000,2000,169,0,240.0,356.84240532566423,4.7623999998904765,1970.3588999982458,4762.0
1778885044,105,GET,GET /api/ -> https://redis.io/,14.000000,0.000000,200,340,430,480,820,1300,2500,3400,3900,3900,3900,172,0,220.0,555.5949790716621,7.59769999422133,3905.5213000101503,7221.0
1778885044,105,GET,GET /api/ -> https://training.play-with-docker.com/,11.800000,0.000000,190,250,360,450,600,830,1100,1200,1300,1300,1300,149,0,190.0,277.24223489808264,49.372300010873005,1256.0304999933578,1424.0
1778885044,105,GET,GET /api/ -> https://www.python.org/,14.400000,0.000000,200,330,450,510,640,1200,1500,1800,4000,4000,4000,195,0,260.0,554.1516584611367,7.165199989685789,4286.96199998376,12980.0
1778885044,105,,Aggregated,135.500000,0.000000,180,330,430,480,710,1100,1500,2000,4000,6200,6200,1836,0,220.0,460.3616509804915,4.7623999998904765,6221.424100018339,6671.996732026144
1778885045,110,GET,GET /api/ -> http://example.com/,14.900000,0.000000,93,210,360,430,640,790,1100,1200,1400,1400,1400,230,0,140.0,361.5635708703295,10.54459999431856,4752.267600008054,65.0
1778885045,110,GET,GET /api/ -> https://books.toscrape.com/,14.800000,0.000000,210,370,430,480,700,990,1400,1600,2800,2800,2800,226,0,300.0,456.7954690257176,8.596999978180975,3067.3379999934696,7848.0
1778885045,110,GET,GET /api/ -> https://docs.docker.com/,15.300000,0.000000,210,340,440,480,590,740,1300,1400,2000,2000,2000,202,0,300.0,597.4978871289399,11.04099999065511,5692.1355000231415,1741.0
1778885045,110,GET,GET /api/ -> https://flask.palletsprojects.com/,14.800000,0.000000,210,360,440,510,700,940,1600,2200,2300,2300,2300,198,0,280.0,454.5232868696636,8.437999989837408,2888.8374000089243,19667.0
1778885045,110,GET,GET /api/ -> https://github.com/ibnesayeed/linkextractor,14.200000,0.000000,200,370,470,570,740,1000,1400,1700,3000,3000,3000,173,0,210.0,387.45798497067796,7.99330000882037,2973.6895999812987,11810.0
1778885045,110,GET,GET /api/ -> https://httpbin.org/,15.500000,0.000000,250,380,460,500,670,960,1400,2200,6200,6200,6200,218,0,310.0,587.459583484932,53.960599994752556,6221.424100018339,313.0
1778885045,110,GET,GET /api/ -> https://locust.io/,14.700000,0.000000,210,380,450,490,640,940,1300,1700,2000,2000,2000,181,0,300.0,366.98323259746286,4.7623999998904765,1970.3588999982458,4762.0
1778885045,110,GET,GET /api/ -> https://redis.io/,15.700000,0.000000,220,370,430,480,820,1200,1300,1800,2500,2500,2500,191,0,250.0,564.1816382217758,7.59769999422133,3905.5213000101503,7221.0
1778885045,110,GET,GET /api/ -> https://training.play-with-docker.com/,13.200000,0.000000,210,330,450,490,660,870,1100,1200,1300,1300,1300,167,0,210.0,309.6566886216204,49.372300010873005,1256.0304999933578,1424.0
1778885045,110,GET,GET /api/ -> https://www.python.org/,15.500000,0.000000,210,350,420,500,600,960,1500,1800,4000,4000,4000,210,0,290.0,545.9950357141983,7.165199989685789,4286.96199998376,12980.0
1778885045,110,,Aggregated,148.600000,0.000000,200,360,440,500,700,1000,1400,1700,4000,6200,6200,1996,0,250.0,467.30274769547185,4.7623999998904765,6221.424100018339,6688.602705410822
1778885046,115,GET,GET /api/ -> http://example.com/,16.400000,0.000000,120,280,430,480,680,1000,1100,1200,1400,1400,1400,250,0,150.0,375.58685160032474,10.54459999431856,4752.267600008054,65.0
1778885046,115,GET,GET /api/ -> https://books.toscrape.com/,15.700000,0.000000,230,390,460,550,730,1000,1400,1500,2800,2800,2800,240,0,320.0,474.7248724993066,8.596999978180975,3067.3379999934696,7848.0
1778885046,115,GET,GET /api/ -> https://docs.docker.com/,16.500000,0.000000,240,360,470,530,720,1100,1500,1700,2000,2000,2000,215,0,310.0,625.2722958146139,11.04099999065511,5692.1355000231415,1741.0
1778885046,115,GET,GET /api/ -> https://flask.palletsprojects.com/,16.200000,0.000000,220,370,450,520,750,940,1600,2200,2300,2300,2300,206,0,290.0,468.4283810688038,8.437999989837408,2888.8374000089243,19667.0
1778885046,115,GET,GET /api/ -> https://github.com/ibnesayeed/linkextractor,15.700000,0.000000,210,390,520,600,790,1000,1400,1700,3000,3000,3000,186,0,230.0,405.5006134405767,7.99330000882037,2973.6895999812987,11810.0
1778885046,115,GET,GET /api/ -> https://httpbin.org/,16.300000,0.000000,280,390,470,520,700,1200,1400,2200,6200,6200,6200,227,0,330.0,603.3034625537293,53.960599994752556,6221.424100018339,313.0
1778885046,115,GET,GET /api/ -> https://locust.io/,16.900000,0.000000,270,400,480,550,760,1100,1600,1600,2000,2000,2000,195,0,320.0,409.8728882060804,4.7623999998904765,1970.3588999982458,4762.0
1778885046,115,GET,GET /api/ -> https://redis.io/,16.800000,0.000000,220,380,450,510,810,1200,1200,1200,1800,1800,1800,200,0,270.0,576.7869085019629,7.59769999422133,3905.5213000101503,7221.0
1778885046,115,GET,GET /api/ -> https://training.play-with-docker.com/,14.900000,0.000000,220,390,480,560,800,1000,1200,1500,1700,1700,1700,180,0,220.0,343.77636111021275,49.372300010873005,1692.2117000212893,1424.0
1778885046,115,GET,GET /api/ -> https://www.python.org/,16.600000,0.000000,240,380,470,510,630,960,1500,1500,1500,1500,1500,221,0,320.0,559.466980542957,7.165199989685789,4286.96199998376,12980.0
1778885046,115,,Aggregated,162.000000,0.000000,220,380,470,530,760,1000,1400,1600,3000,6200,6200,2120,0,280.0,486.7632146699454,4.7623999998904765,6221.424100018339,6646.645283018868
1778885047,120,GET,GET /api/ -> http://example.com/,17.000000,0.000000,150,300,430,470,660,1000,1100,1200,1400,1400,1400,267,0,180.0,370.403402996178,10.54459999431856,4752.267600008054,65.0
1778885047,120,GET,GET /api/ -> https://books.toscrape.com/,16.800000,0.000000,250,380,450,490,690,950,1200,1500,1700,1700,1700,259,0,340.0,472.6701239376773,8.596999978180975,3067.3379999934696,7848.0
1778885047,120,GET,GET /api/ -> https://docs.docker.com/,16.800000,0.000000,230,360,460,510,720,1000,1300,1500,1700,1700,1700,232,0,310.0,605.6534155178614,11.04099999065511,5692.1355000231415,1741.0
1778885047,120,GET,GET /api/ -> https://flask.palletsprojects.com/,16.900000,0.000000,250,390,450,520,670,780,940,1000,1600,1600,1600,227,0,290.0,456.87323259966684,8.437999989837408,2888.8374000089243,19667.0
1778885047,120,GET,GET /api/ -> https://github.com/ibnesayeed/linkextractor,16.900000,0.000000,270,420,540,590,780,860,1000,1300,1900,1900,1900,203,0,270.0,407.81505320182765,7.99330000882037,2973.6895999812987,11810.0
1778885047,120,GET,GET /api/ -> https://httpbin.org/,17.100000,0.000000,320,430,470,520,650,910,1300,1700,1700,1700,1700,253,0,340.0,592.4530505915237,53.960599994752556,6221.424100018339,313.0
1778885047,120,GET,GET /api/ -> https://locust.io/,17.000000,0.000000,320,430,490,550,730,970,1200,1600,1600,1600,1600,209,0,330.0,406.1958904313503,4.7623999998904765,1970.3588999982458,4762.0
1778885047,120,GET,GET /api/ -> https://redis.io/,16.800000,0.000000,250,410,470,550,820,1200,1200,1200,1700,1700,1700,219,0,270.0,561.8243114174913,7.59769999422133,3905.5213000101503,7221.0
1778885047,120,GET,GET /api/ -> https://training.play-with-docker.com/,16.500000,0.000000,240,400,480,540,690,820,1100,1500,1700,1700,1700,197,0,230.0,348.09457258836056,49.372300010873005,1692.2117000212893,1424.0
1778885047,120,GET,GET /api/ -> https://www.python.org/,17.000000,0.000000,250,370,450,490,630,820,1100,1500,1500,1500,1500,245,0,320.0,537.4098771426361,7.165199989685789,4286.96199998376,12980.0
1778885047,120,,Aggregated,168.800000,0.000000,250,390,460,520,700,940,1200,1500,1700,1900,1900,2311,0,300.0,478.75061899617845,4.7623999998904765,6221.424100018339,6677.72046733016
1778885048,125,GET,GET /api/ -> http://example.com/,17.200000,0.000000,180,310,430,480,700,1000,1100,1200,1400,1400,1400,276,0,180.0,366.1722079709432,10.54459999431856,4752.267600008054,65.0
1778885048,125,GET,GET /api/ -> https://books.toscrape.com/,16.800000,0.000000,300,400,480,550,700,970,1200,1500,1700,1700,1700,274,0,340.0,470.1028649628725,8.596999978180975,3067.3379999934696,7848.0
1778885048,125,GET,GET /api/ -> https://docs.docker.com/,16.600000,0.000000,310,430,480,550,740,1000,1300,1500,1700,1700,1700,260,0,320.0,582.3252038467147,11.04099999065511,5692.1355000231415,1741.0
1778885048,125,GET,GET /api/ -> https://flask.palletsprojects.com/,16.900000,0.000000,290,420,490,540,740,840,1000,1100,1600,1600,1600,245,0,290.0,454.1171412250949,8.437999989837408,2888.8374000089243,19667.0
1778885048,125,GET,GET /api/ -> https://github.com/ibnesayeed/linkextractor,17.800000,0.000000,370,480,580,610,790,880,1300,1700,1900,1900,1900,226,0,280.0,407.7072141590823,7.99330000882037,2973.6895999812987,11810.0
1778885048,125,GET,GET /api/ -> https://httpbin.org/,16.900000,0.000000,330,430,490,540,670,900,1300,1700,1700,1700,1700,270,0,350.0,579.7879133320681,53.960599994752556,6221.424100018339,313.0
1778885048,125,GET,GET /api/ -> https://locust.io/,16.600000,0.000000,370,460,550,590,810,1100,1500,1600,1600,1600,1600,231,0,320.0,404.46431255492166,4.7623999998904765,1970.3588999982458,4762.0
1778885048,125,GET,GET /api/ -> https://redis.io/,16.900000,0.000000,350,450,550,700,950,1200,1200,1500,1700,1700,1700,237,0,310.0,561.2366118162324,7.59769999422133,3905.5213000101503,7221.0
1778885048,125,GET,GET /api/ -> https://training.play-with-docker.com/,17.200000,0.000000,340,470,530,580,720,980,1100,1500,1700,1700,1700,221,0,240.0,344.4516746598829,49.372300010873005,1692.2117000212893,1424.0
1778885048,125,GET,GET /api/ -> https://www.python.org/,17.100000,0.000000,290,410,480,510,720,960,1100,1500,1500,1500,1500,265,0,320.0,531.8948192450544,7.165199989685789,4286.96199998376,12980.0
1778885048,125,,Aggregated,170.000000,0.000000,320,430,500,560,760,990,1200,1500,1700,1900,1900,2505,0,300.0,472.95002570863073,4.7623999998904765,6221.424100018339,6690.115768463073
1778885049,130,GET,GET /api/ -> http://example.com/,18.500000,0.000000,250,390,450,530,770,1000,1100,1200,1400,1400,1400,296,0,170.0,351.4172510136583,10.54459999431856,4752.267600008054,65.0
1778885049,130,GET,GET /api/ -> https://books.toscrape.com/,18.300000,0.000000,340,440,510,570,730,990,1200,1500,1700,1700,1700,290,0,320.0,457.84808448214756,8.596999978180975,3067.3379999934696,7848.0
1778885049,130,GET,GET /api/ -> https://docs.docker.com/,17.800000,0.000000,320,440,500,550,740,1000,1300,1500,1700,1700,1700,279,0,310.0,560.8619107532242,11.04099999065511,5692.1355000231415,1741.0
1778885049,130,GET,GET /api/ -> https://flask.palletsprojects.com/,17.700000,0.000000,340,440,520,560,750,840,1000,1100,1600,1600,1600,275,0,290.0,443.06604181860826,8.437999989837408,2888.8374000089243,19667.0
1778885049,130,GET,GET /api/ -> https://github.com/ibnesayeed/linkextractor,18.200000,0.000000,370,470,550,600,790,880,1100,1700,1900,1900,1900,258,0,270.0,387.31260387594233,7.99330000882037,2973.6895999812987,11810.0
1778885049,130,GET,GET /api/ -> https://httpbin.org/,18.000000,0.000000,370,440,520,570,690,980,1300,1700,1700,1700,1700,285,0,340.0,566.2029414023109,53.960599994752556,6221.424100018339,313.0
1778885049,130,GET,GET /api/ -> https://locust.io/,17.500000,0.000000,360,450,520,570,760,970,1200,1600,1600,1600,1600,263,0,300.0,381.56009467735623,4.7623999998904765,1970.3588999982458,4762.0
1778885049,130,GET,GET /api/ -> https://redis.io/,17.400000,0.000000,360,450,550,640,880,1200,1200,1500,1700,1700,1700,269,0,300.0,527.3449118977255,7.59769999422133,3905.5213000101503,7221.0
1778885049,130,GET,GET /api/ -> https://training.play-with-docker.com/,18.400000,0.000000,350,470,520,580,720,980,1100,1500,1700,1700,1700,247,0,240.0,334.6014886631193,49.372300010873005,1692.2117000212893,1424.0
1778885049,130,GET,GET /api/ -> https://www.python.org/,17.900000,0.000000,320,430,500,530,720,960,1100,1500,1500,1500,1500,283,0,300.0,513.7581583036376,7.165199989685789,4286.96199998376,12980.0
1778885049,130,,Aggregated,179.700000,0.000000,340,440,520,570,760,990,1200,1500,1700,1900,1900,2745,0,290.0,454.1565712933104,4.7623999998904765,6221.424100018339,6756.07723132969
1778885050,135,GET,GET /api/ -> http://example.com/,19.500000,0.000000,250,400,480,580,790,1000,1100,1200,1400,1400,1400,321,0,150.0,332.5635641742559,10.54459999431856,4752.267600008054,65.0
1778885050,135,GET,GET /api/ -> https://books.toscrape.com/,18.900000,0.000000,360,450,520,600,730,990,1200,1500,1700,1700,1700,318,0,300.0,437.2380169807917,8.596999978180975,3067.3379999934696,7848.0
1778885050,135,GET,GET /api/ -> https://docs.docker.com/,17.000000,0.000000,350,450,520,560,770,1000,1300,1500,1700,1700,1700,300,0,310.0,536.5481900002729,11.04099999065511,5692.1355000231415,1741.0
1778885050,135,GET,GET /api/ -> https://flask.palletsprojects.com/,16.500000,0.000000,360,460,520,570,750,840,1000,1100,1600,1600,1600,297,0,280.0,425.416806734403,8.437999989837408,2888.8374000089243,19667.0
1778885050,135,GET,GET /api/ -> https://github.com/ibnesayeed/linkextractor,15.600000,0.000000,360,470,530,590,780,870,1100,1700,1900,1900,1900,284,0,260.0,374.18243274657124,7.99330000882037,2973.6895999812987,11810.0
1778885050,135,GET,GET /api/ -> https://httpbin.org/,18.200000,0.000000,380,470,530,580,730,980,1300,1700,1700,1700,1700,310,0,320.0,540.3945854828401,53.960599994752556,6221.424100018339,313.0
1778885050,135,GET,GET /api/ -> https://locust.io/,16.300000,0.000000,350,450,520,570,760,970,1200,1600,1600,1600,1600,287,0,270.0,364.86536341529495,4.7623999998904765,1970.3588999982458,4762.0
1778885050,135,GET,GET /api/ -> https://redis.io/,16.900000,0.000000,380,460,560,640,880,1200,1200,1500,1700,1700,1700,293,0,270.0,505.55228430242596,7.59769999422133,3905.5213000101503,7221.0
1778885050,135,GET,GET /api/ -> https://training.play-with-docker.com/,16.200000,0.000000,350,470,530,580,760,980,1100,1500,1700,1700,1700,276,0,250.0,334.89625181117435,49.372300010873005,1692.2117000212893,1424.0
1778885050,135,GET,GET /api/ -> https://www.python.org/,17.700000,0.000000,330,440,500,530,720,960,1100,1500,1500,1500,1500,308,0,280.0,485.4523214283278,7.165199989685789,4286.96199998376,12980.0
1778885050,135,,Aggregated,172.800000,0.000000,350,450,520,580,770,990,1200,1500,1700,1900,1900,2994,0,270.0,434.76681148976076,4.7623999998904765,6221.424100018339,6748.266199064797
1778885051,140,GET,GET /api/ -> http://example.com/,18.900000,0.000000,250,360,470,510,790,1000,1200,1200,1400,1400,1400,344,0,140.0,320.19539040680513,10.54459999431856,4752.267600008054,65.0
1778885051,140,GET,GET /api/ -> https://books.toscrape.com/,18.700000,0.000000,340,450,510,600,730,1000,1300,1500,1700,1700,1700,338,0,300.0,426.0845325441863,8.596999978180975,3067.3379999934696,7848.0
1778885051,140,GET,GET /api/ -> https://docs.docker.com/,18.000000,0.000000,360,460,520,580,800,1100,1500,1500,1700,1700,1700,323,0,300.0,518.9521944273953,11.04099999065511,5692.1355000231415,1741.0
1778885051,140,GET,GET /api/ -> https://flask.palletsprojects.com/,17.000000,0.000000,340,450,510,550,750,840,1000,1100,1600,1600,1600,317,0,260.0,413.55766782376253,8.437999989837408,2888.8374000089243,19667.0
1778885051,140,GET,GET /api/ -> https://github.com/ibnesayeed/linkextractor,14.800000,0.000000,330,430,500,580,780,880,1100,1700,1900,1900,1900,301,0,270.0,369.9335083056031,7.99330000882037,2973.6895999812987,11810.0
1778885051,140,GET,GET /api/ -> https://httpbin.org/,18.500000,0.000000,380,470,540,590,760,990,1400,1700,1700,1700,1700,334,0,320.0,527.4193365261737,53.960599994752556,6221.424100018339,313.0
1778885051,140,GET,GET /api/ -> https://locust.io/,15.200000,0.000000,310,430,490,550,730,970,1200,1600,1600,1600,1600,306,0,270.0,356.98585228846497,4.7623999998904765,1970.3588999982458,4762.0
1778885051,140,GET,GET /api/ -> https://redis.io/,16.100000,0.000000,360,470,560,650,960,1200,1200,1500,1700,1700,1700,312,0,270.0,493.7221407072241,7.59769999422133,3905.5213000101503,7221.0
1778885051,140,GET,GET /api/ -> https://training.play-with-docker.com/,14.600000,0.000000,320,450,500,560,760,980,1100,1500,1700,1700,1700,300,0,240.0,331.88432999954483,49.372300010873005,1692.2117000212893,1424.0
1778885051,140,GET,GET /api/ -> https://www.python.org/,18.100000,0.000000,310,430,490,550,720,830,1200,1500,1500,1500,1500,326,0,280.0,473.2803699386019,7.165199989685789,4286.96199998376,12980.0
1778885051,140,,Aggregated,169.900000,0.000000,330,440,510,570,770,1000,1200,1500,1700,1900,1900,3201,0,270.0,424.0939857858662,4.7623999998904765,6221.424100018339,6716.626679162761
1778885053,145,GET,GET /api/ -> http://example.com/,15.500000,0.000000,170,250,310,390,640,820,1000,1100,1200,1200,1200,373,0,140.0,307.8243946382712,10.54459999431856,4752.267600008054,65.0
1778885053,145,GET,GET /api/ -> https://books.toscrape.com/,16.100000,0.000000,310,400,480,550,700,990,1200,1500,1700,1700,1700,366,0,270.0,414.2061267757427,8.596999978180975,3067.3379999934696,7848.0
1778885053,145,GET,GET /api/ -> https://docs.docker.com/,17.200000,0.000000,310,410,480,550,780,1100,1300,1500,1700,1700,1700,341,0,290.0,501.2912826980956,11.04099999065511,5692.1355000231415,1741.0
1778885053,145,GET,GET /api/ -> https://flask.palletsprojects.com/,17.200000,0.000000,280,410,490,540,730,840,1000,1100,1600,1600,1600,336,0,260.0,407.5706077385673,8.437999989837408,2888.8374000089243,19667.0
1778885053,145,GET,GET /api/ -> https://github.com/ibnesayeed/linkextractor,17.100000,0.000000,320,410,480,550,780,860,1100,1700,1900,1900,1900,316,0,270.0,366.4397791139833,7.99330000882037,2973.6895999812987,11810.0
1778885053,145,GET,GET /api/ -> https://httpbin.org/,16.700000,0.000000,330,430,510,550,730,990,1300,1700,1700,1700,1700,358,0,320.0,508.96972346307535,53.960599994752556,6221.424100018339,313.0
1778885053,145,GET,GET /api/ -> https://locust.io/,17.000000,0.000000,280,400,480,520,660,970,1200,1600,1600,1600,1600,321,0,270.0,357.77872897304866,4.7623999998904765,1970.3588999982458,4762.0
1778885053,145,GET,GET /api/ -> https://redis.io/,17.400000,0.000000,340,440,520,570,880,1200,1200,1500,1700,1700,1700,327,0,270.0,485.3977498491416,7.59769999422133,3905.5213000101503,7221.0
1778885053,145,GET,GET /api/ -> https://training.play-with-docker.com/,16.900000,0.000000,310,430,500,560,760,1000,1100,1500,1700,1700,1700,309,0,240.0,332.75652588944143,49.372300010873005,1692.2117000212893,1424.0
1778885053,145,GET,GET /api/ -> https://www.python.org/,17.100000,0.000000,280,380,460,520,740,830,1100,1500,1500,1500,1500,353,0,270.0,458.3426481586084,7.165199989685789,4286.96199998376,12980.0
1778885053,145,,Aggregated,168.200000,0.000000,290,400,480,530,740,980,1200,1500,1700,1900,1900,3400,0,260.0,414.8520240884853,4.7623999998904765,6221.424100018339,6721.836764705882
1778885054,150,GET,GET /api/ -> http://example.com/,16.300000,0.000000,150,230,290,310,500,790,1100,1100,1200,1200,1200,398,0,140.0,298.21953693482016,10.54459999431856,4752.267600008054,65.0
1778885054,150,GET,GET /api/ -> https://books.toscrape.com/,16.100000,0.000000,280,380,420,480,680,950,1200,1500,1700,1700,1700,387,0,280.0,409.6428746768473,8.596999978180975,3067.3379999934696,7848.0
1778885054,150,GET,GET /api/ -> https://docs.docker.com/,16.900000,0.000000,300,390,460,500,770,1000,1300,1500,1700,1700,1700,368,0,300.0,489.9602089677184,11.04099999065511,5692.1355000231415,1741.0
1778885054,150,GET,GET /api/ -> https://flask.palletsprojects.com/,17.300000,0.000000,270,380,480,520,720,820,1000,1100,1600,1600,1600,359,0,270.0,403.65795041818734,8.437999989837408,2888.8374000089243,19667.0
1778885054,150,GET,GET /api/ -> https://github.com/ibnesayeed/linkextractor,17.600000,0.000000,310,390,460,490,670,810,1100,1700,1900,1900,1900,335,0,280.0,367.5096397013612,7.99330000882037,2973.6895999812987,11810.0
1778885054,150,GET,GET /api/ -> https://httpbin.org/,16.300000,0.000000,330,410,460,510,700,980,1300,1700,1700,1700,1700,383,0,320.0,498.5407864222487,53.960599994752556,6221.424100018339,313.0
1778885054,150,GET,GET /api/ -> https://locust.io/,17.600000,0.000000,270,380,460,490,660,960,1200,1600,1600,1600,1600,347,0,270.0,354.50671873305674,4.7623999998904765,1970.3588999982458,4762.0
1778885054,150,GET,GET /api/ -> https://redis.io/,17.200000,0.000000,310,410,460,520,780,1100,1200,1500,1700,1700,1700,352,0,270.0,473.41776846786325,7.59769999422133,3905.5213000101503,7221.0
1778885054,150,GET,GET /api/ -> https://training.play-with-docker.com/,18.200000,0.000000,290,400,480,530,720,860,1100,1500,1700,1700,1700,328,0,250.0,338.20195365869284,49.372300010873005,1692.2117000212893,1424.0
1778885054,150,GET,GET /api/ -> https://www.python.org/,16.200000,0.000000,250,340,440,490,720,820,1100,1500,1500,1500,1500,377,0,260.0,443.48639389893737,7.165199989685789,4286.96199998376,12980.0
1778885054,150,,Aggregated,169.700000,0.000000,270,370,450,490,680,890,1200,1500,1700,1900,1900,3634,0,260.0,408.4425088059808,4.7623999998904765,6221.424100018339,6713.030820033022
1778885055,155,GET,GET /api/ -> http://example.com/,17.400000,0.000000,150,210,260,310,490,720,1000,1100,1100,1100,1100,409,0,140.0,294.2237941323225,9.48230002541095,4752.267600008054,65.0
1778885055,155,GET,GET /api/ -> https://books.toscrape.com/,17.300000,0.000000,260,380,440,490,740,950,1200,1500,1700,1700,1700,406,0,270.0,410.0140630541538,8.596999978180975,3067.3379999934696,7848.0
1778885055,155,GET,GET /api/ -> https://docs.docker.com/,16.700000,0.000000,300,370,430,500,660,810,1300,1500,1700,1700,1700,396,0,300.0,477.70887676795775,11.04099999065511,5692.1355000231415,1741.0
1778885055,155,GET,GET /api/ -> https://flask.palletsprojects.com/,17.100000,0.000000,240,340,430,490,670,780,1000,1100,1600,1600,1600,391,0,250.0,388.7521918159505,8.437999989837408,2888.8374000089243,19667.0
1778885055,155,GET,GET /api/ -> https://github.com/ibnesayeed/linkextractor,17.400000,0.000000,280,340,410,460,550,690,1000,1700,1900,1900,1900,373,0,270.0,355.9206388739372,7.99330000882037,2973.6895999812987,11810.0
1778885055,155,GET,GET /api/ -> https://httpbin.org/,17.000000,0.000000,320,400,450,500,660,910,1300,1700,1700,1700,1700,404,0,320.0,486.97734504886546,53.960599994752556,6221.424100018339,313.0
1778885055,155,GET,GET /api/ -> https://locust.io/,17.400000,0.000000,250,340,430,470,600,940,1200,1600,1600,1600,1600,379,0,260.0,344.80838021203584,4.7623999998904765,1970.3588999982458,4762.0
1778885055,155,GET,GET /api/ -> https://redis.io/,17.000000,0.000000,270,370,440,500,680,880,1200,1500,1700,1700,1700,384,0,260.0,454.6986674498233,7.59769999422133,3905.5213000101503,7221.0
1778885055,155,GET,GET /api/ -> https://training.play-with-docker.com/,17.700000,0.000000,270,360,450,480,660,830,1200,1500,1700,1700,1700,367,0,250.0,332.8244572207021,49.372300010873005,1692.2117000212893,1424.0
1778885055,155,GET,GET /api/ -> https://www.python.org/,17.200000,0.000000,210,300,380,450,610,760,1100,1500,1500,1500,1500,402,0,250.0,428.9320390543348,7.165199989685789,4286.96199998376,12980.0
1778885055,155,,Aggregated,172.200000,0.000000,250,350,420,470,640,820,1100,1500,1700,1900,1900,3911,0,250.0,398.1946379956299,4.7623999998904765,6221.424100018339,6760.909741754027
1778885056,160,GET,GET /api/ -> http://example.com/,17.800000,0.000000,110,160,210,240,370,450,500,820,1100,1100,1100,434,0,140.0,283.05661497743046,9.48230002541095,4752.267600008054,65.0
1778885056,160,GET,GET /api/ -> https://books.toscrape.com/,18.300000,0.000000,240,310,390,420,600,760,910,1100,1200,1200,1200,426,0,260.0,399.18486314530304,8.596999978180975,3067.3379999934696,7848.0
1778885056,160,GET,GET /api/ -> https://docs.docker.com/,17.800000,0.000000,260,320,380,410,550,660,770,800,810,810,810,414,0,290.0,464.5989299519128,11.04099999065511,5692.1355000231415,1741.0
1778885056,160,GET,GET /api/ -> https://flask.palletsprojects.com/,17.600000,0.000000,210,280,370,430,620,760,840,940,1100,1100,1100,413,0,240.0,375.5446164646794,8.437999989837408,2888.8374000089243,19667.0
1778885056,160,GET,GET /api/ -> https://github.com/ibnesayeed/linkextractor,17.600000,0.000000,230,310,350,400,490,600,710,930,1700,1700,1700,404,0,230.0,340.1052975243489,7.99330000882037,2973.6895999812987,11810.0
1778885056,160,GET,GET /api/ -> https://httpbin.org/,18.300000,0.000000,290,380,420,450,560,680,920,1000,1100,1100,1100,419,0,310.0,475.6677694505343,53.960599994752556,6221.424100018339,313.0
1778885056,160,GET,GET /api/ -> https://locust.io/,17.500000,0.000000,220,290,350,400,500,610,800,900,1100,1100,1100,409,0,250.0,333.2889212725495,4.7623999998904765,1970.3588999982458,4762.0
1778885056,160,GET,GET /api/ -> https://redis.io/,17.900000,0.000000,230,340,390,440,560,770,990,1200,1500,1500,1500,411,0,240.0,434.3068508533002,7.59769999422133,3905.5213000101503,7221.0
1778885056,160,GET,GET /api/ -> https://training.play-with-docker.com/,17.700000,0.000000,240,310,370,430,560,690,910,1100,1300,1300,1300,399,0,230.0,321.37053583927786,49.372300010873005,1692.2117000212893,1424.0
1778885056,160,GET,GET /api/ -> https://www.python.org/,18.100000,0.000000,190,280,350,400,590,720,890,1100,1100,1100,1100,416,0,250.0,419.4819281246964,7.165199989685789,4286.96199998376,12980.0
1778885056,160,,Aggregated,178.600000,0.000000,220,300,360,410,530,680,840,1000,1500,1700,1700,4145,0,240.0,384.7037761642084,4.7623999998904765,6221.424100018339,6755.231604342582
1778885057,165,GET,GET /api/ -> http://example.com/,17.800000,0.000000,100,150,170,210,310,390,500,530,1100,1100,1100,447,0,140.0,277.5481530204488,9.48230002541095,4752.267600008054,65.0
1778885057,165,GET,GET /api/ -> https://books.toscrape.com/,18.300000,0.000000,220,270,340,390,490,680,910,960,1200,1200,1200,441,0,260.0,391.4747693875668,8.596999978180975,3067.3379999934696,7848.0
1778885057,165,GET,GET /api/ -> https://docs.docker.com/,17.800000,0.000000,200,310,340,390,500,620,750,770,780,780,780,430,0,270.0,451.66808976771495,11.04099999065511,5692.1355000231415,1741.0
1778885057,165,GET,GET /api/ -> https://flask.palletsprojects.com/,17.600000,0.000000,180,250,310,360,590,720,780,880,940,940,940,426,0,230.0,367.15428591536426,8.437999989837408,2888.8374000089243,19667.0
1778885057,165,GET,GET /api/ -> https://github.com/ibnesayeed/linkextractor,17.600000,0.000000,200,290,330,360,470,540,680,930,1100,1100,1100,416,0,230.0,334.88108197077685,7.99330000882037,2973.6895999812987,11810.0
1778885057,165,GET,GET /api/ -> https://httpbin.org/,18.300000,0.000000,230,310,380,410,510,660,760,920,1100,1100,1100,437,0,300.0,464.15232791705483,53.960599994752556,6221.424100018339,313.0
1778885057,165,GET,GET /api/ -> https://locust.io/,17.500000,0.000000,190,270,310,360,470,590,660,800,960,960,960,419,0,240.0,326.7259606216347,4.7623999998904765,1970.3588999982458,4762.0
1778885057,165,GET,GET /api/ -> https://redis.io/,17.900000,0.000000,210,280,350,390,510,630,800,1100,1300,1300,1300,420,0,240.0,427.3360200017037,7.59769999422133,3905.5213000101503,7221.0
1778885057,165,GET,GET /api/ -> https://training.play-with-docker.com/,17.700000,0.000000,230,290,350,410,530,680,910,1200,1300,1300,1300,409,0,230.0,318.0566388749475,49.372300010873005,1692.2117000212893,1424.0
1778885057,165,GET,GET /api/ -> https://www.python.org/,18.100000,0.000000,160,210,260,310,450,610,740,760,890,890,890,432,0,230.0,407.46076874987654,7.165199989685789,4286.96199998376,12980.0
1778885057,165,,Aggregated,178.600000,0.000000,190,260,320,360,490,610,770,890,1300,1300,1300,4277,0,230.0,376.89081664734556,4.7623999998904765,6221.424100018339,6753.427636193594
1778885059,170,GET,GET /api/ -> http://example.com/,19.200000,0.000000,150,200,250,340,1500,1800,1900,2000,2200,2200,2200,507,0,150.0,343.47913116393465,9.48230002541095,4752.267600008054,65.0
1778885059,170,GET,GET /api/ -> https://books.toscrape.com/,19.500000,0.000000,220,280,380,410,580,820,1900,2200,2400,2400,2400,499,0,250.0,395.18174488965997,6.355199991958216,3067.3379999934696,7848.0
1778885059,170,GET,GET /api/ -> https://docs.docker.com/,21.000000,0.000000,200,310,340,390,520,660,770,1800,1900,1900,1900,446,0,260.0,450.0412831840292,6.834800005890429,5692.1355000231415,1741.0
1778885059,170,GET,GET /api/ -> https://flask.palletsprojects.com/,21.400000,0.000000,170,240,290,340,600,780,1900,2200,2600,2600,2600,438,0,230.0,378.7062296802795,8.437999989837408,2888.8374000089243,19667.0
1778885059,170,GET,GET /api/ -> https://github.com/ibnesayeed/linkextractor,22.100000,0.000000,210,300,340,400,490,650,1100,2100,2600,2600,2600,425,0,230.0,346.68839647023776,7.99330000882037,2973.6895999812987,11810.0
1778885059,170,GET,GET /api/ -> https://httpbin.org/,20.300000,0.000000,240,320,390,430,520,660,2100,2200,2300,2300,2300,475,0,290.0,463.52138715728773,51.73060001106933,6221.424100018339,313.0
1778885059,170,GET,GET /api/ -> https://locust.io/,22.000000,0.000000,200,280,330,370,490,610,680,960,2600,2600,2600,429,0,240.0,329.51968671435964,4.7623999998904765,2557.35309998272,4762.0
1778885059,170,GET,GET /api/ -> https://redis.io/,21.700000,0.000000,210,290,370,400,520,1100,2000,2100,2200,2200,2200,434,0,240.0,446.8529463150433,7.59769999422133,3905.5213000101503,7221.0
1778885059,170,GET,GET /api/ -> https://training.play-with-docker.com/,22.300000,0.000000,230,310,400,460,680,1200,2100,2400,2400,2400,2400,421,0,240.0,347.77830546304824,49.372300010873005,2445.074300019769,1424.0
1778885059,170,GET,GET /api/ -> https://www.python.org/,20.400000,0.000000,160,240,280,330,510,740,2000,2300,2300,2300,2300,459,0,230.0,415.85983986914823,7.165199989685789,4286.96199998376,12980.0
1778885059,170,,Aggregated,209.900000,0.000000,190,270,340,390,550,800,1900,2100,2600,2600,2600,4533,0,230.0,392.2433346350604,4.7623999998904765,6221.424100018339,6671.475843812045
1778885060,175,GET,GET /api/ -> http://example.com/,17.700000,0.000000,150,220,310,390,1500,1800,2000,2000,2200,2200,2200,512,0,150.0,342.97181035179847,9.48230002541095,4752.267600008054,65.0
1778885060,175,GET,GET /api/ -> https://books.toscrape.com/,17.700000,0.000000,230,310,400,470,680,1000,2000,2300,2400,2400,2400,510,0,260.0,400.2240052939776,6.355199991958216,3067.3379999934696,7848.0
1778885060,175,GET,GET /api/ -> https://docs.docker.com/,19.300000,0.000000,220,320,380,400,580,710,840,1800,1900,1900,1900,496,0,270.0,438.9171292340536,6.834800005890429,5692.1355000231415,1741.0
1778885060,175,GET,GET /api/ -> https://flask.palletsprojects.com/,19.600000,0.000000,190,260,310,380,590,780,1900,2200,2600,2600,2600,478,0,230.0,369.7750569036509,8.437999989837408,2888.8374000089243,19667.0
1778885060,175,GET,GET /api/ -> https://github.com/ibnesayeed/linkextractor,20.900000,0.000000,210,300,350,400,540,900,1100,2100,2600,2600,2600,444,0,230.0,346.1274668916631,7.99330000882037,2973.6895999812987,11810.0
1778885060,175,GET,GET /api/ -> https://httpbin.org/,18.100000,0.000000,270,390,450,490,660,850,2100,2200,2300,2300,2300,509,0,310.0,470.0401198423801,51.73060001106933,6221.424100018339,313.0
1778885060,175,GET,GET /api/ -> https://locust.io/,20.300000,0.000000,210,280,350,390,490,610,800,960,2600,2600,2600,453,0,240.0,328.3702375286461,4.7623999998904765,2557.35309998272,4762.0
1778885060,175,GET,GET /api/ -> https://redis.io/,19.600000,0.000000,220,290,340,390,510,800,2000,2100,2200,2200,2200,464,0,240.0,432.54347392400535,7.59769999422133,3905.5213000101503,7221.0
1778885060,175,GET,GET /api/ -> https://training.play-with-docker.com/,20.600000,0.000000,230,320,410,460,680,1300,2100,2400,2400,2400,2400,435,0,240.0,347.84706367805984,49.372300010873005,2445.074300019769,1424.0
1778885060,175,GET,GET /api/ -> https://www.python.org/,18.500000,0.000000,180,260,340,370,580,750,2000,2300,2300,2300,2300,504,0,240.0,405.7895849206063,7.165199989685789,4286.96199998376,12980.0
1778885060,175,,Aggregated,192.300000,0.000000,210,300,370,410,600,900,1900,2100,2600,2600,2600,4805,0,240.0,389.67440420414397,4.7623999998904765,6221.424100018339,6737.183975026014
1778885061,180,GET,GET /api/ -> http://example.com/,22.900000,0.000000,150,220,310,390,1600,1800,2000,2000,2200,2200,2200,521,0,150.0,339.42570153571535,5.2940000023227185,4752.267600008054,65.0
1778885061,180,GET,GET /api/ -> https://books.toscrape.com/,22.000000,0.000000,220,310,400,470,680,1000,2000,2300,2400,2400,2400,519,0,250.0,396.45841252395206,6.355199991958216,3067.3379999934696,7848.0
1778885061,180,GET,GET /api/ -> https://docs.docker.com/,17.200000,0.000000,220,320,380,410,580,690,840,1800,1900,1900,1900,515,0,270.0,432.4901271849369,6.834800005890429,5692.1355000231415,1741.0
1778885061,180,GET,GET /api/ -> https://flask.palletsprojects.com/,18.000000,0.000000,200,290,350,410,590,780,1900,2200,2600,2600,2600,512,0,240.0,366.55680507800525,8.437999989837408,2888.8374000089243,19667.0
1778885061,180,GET,GET /api/ -> https://github.com/ibnesayeed/linkextractor,18.900000,0.000000,180,260,330,360,490,660,1100,2000,2600,2600,2600,507,0,220.0,326.560362918611,7.99330000882037,2973.6895999812987,11810.0
1778885061,180,GET,GET /api/ -> https://httpbin.org/,19.000000,0.000000,260,380,430,480,640,850,2100,2200,2300,2300,2300,517,0,300.0,466.44243346177075,51.73060001106933,6221.424100018339,313.0
1778885061,180,GET,GET /api/ -> https://locust.io/,19.300000,0.000000,220,280,340,380,490,610,800,800,2600,2600,2600,512,0,230.0,319.57031113392986,4.7623999998904765,2557.35309998272,4762.0
1778885061,180,GET,GET /api/ -> https://redis.io/,18.600000,0.000000,210,290,350,400,540,760,2000,2100,2200,2200,2200,512,0,230.0,417.9200783221404,7.59769999422133,3905.5213000101503,7221.0
1778885061,180,GET,GET /api/ -> https://training.play-with-docker.com/,19.400000,0.000000,220,290,360,420,570,910,2100,2400,2400,2400,2400,495,0,240.0,334.10578949489826,49.372300010873005,2445.074300019769,1424.0
1778885061,180,GET,GET /api/ -> https://www.python.org/,17.800000,0.000000,180,260,330,360,580,760,2000,2300,2300,2300,2300,516,0,230.0,401.3404377906826,7.165199989685789,4286.96199998376,12980.0
1778885061,180,,Aggregated,193.100000,0.000000,210,290,370,410,580,840,1900,2100,2600,2600,2600,5126,0,230.0,380.3742020095915,4.7623999998904765,6221.424100018339,6781.202301989855
1778885062,185,GET,GET /api/ -> http://example.com/,21.100000,0.000000,140,200,250,380,1600,1800,2000,2000,2200,2200,2200,543,0,140.0,326.6883793739991,5.066899990197271,4752.267600008054,65.0
1778885062,185,GET,GET /api/ -> https://books.toscrape.com/,21.300000,0.000000,190,280,390,460,680,1000,2000,2300,2400,2400,2400,543,0,240.0,380.8273285450277,5.414499988546595,3067.3379999934696,7848.0
1778885062,185,GET,GET /api/ -> https://docs.docker.com/,19.900000,0.000000,210,310,370,400,580,690,840,1800,1900,1900,1900,540,0,240.0,414.35458259290533,4.966200009221211,5692.1355000231415,1741.0
1778885062,185,GET,GET /api/ -> https://flask.palletsprojects.com/,18.700000,0.000000,160,250,310,380,490,730,940,1900,2600,2600,2600,539,0,220.0,350.7176458256009,6.703300023218617,2888.8374000089243,19667.0
1778885062,185,GET,GET /api/ -> https://github.com/ibnesayeed/linkextractor,17.500000,0.000000,150,220,290,330,460,580,1100,2000,2600,2600,2600,538,0,200.0,310.83214665380297,6.07010000385344,2973.6895999812987,11810.0
1778885062,185,GET,GET /api/ -> https://httpbin.org/,21.800000,0.000000,230,340,430,480,640,850,2100,2200,2300,2300,2300,541,0,290.0,449.4355916816078,35.101499990560114,6221.424100018339,313.0
1778885062,185,GET,GET /api/ -> https://locust.io/,17.500000,0.000000,190,240,310,340,450,600,800,800,2600,2600,2600,539,0,220.0,305.17144638321236,4.7623999998904765,2557.35309998272,4762.0
1778885062,185,GET,GET /api/ -> https://redis.io/,17.800000,0.000000,170,240,310,370,510,710,2000,2100,2200,2200,2200,539,0,220.0,398.5944825618425,5.874199996469542,3905.5213000101503,7221.0
1778885062,185,GET,GET /api/ -> https://training.play-with-docker.com/,17.500000,0.000000,190,250,330,350,530,750,2100,2200,2400,2400,2400,536,0,220.0,317.2098453356576,19.748899998376146,2445.074300019769,1424.0
1778885062,185,GET,GET /api/ -> https://www.python.org/,21.400000,0.000000,160,230,300,350,490,690,2000,2300,2300,2300,2300,540,0,210.0,384.9895612964044,7.145200012018904,4286.96199998376,12980.0
1778885062,185,,Aggregated,194.500000,0.000000,170,250,330,380,540,800,1900,2100,2600,2600,2600,5398,0,220.0,363.94782160078745,4.7623999998904765,6221.424100018339,6778.774731381994
1778885063,190,GET,GET /api/ -> http://example.com/,19.500000,0.000000,76,150,230,310,1500,1800,2000,2000,2200,2200,2200,586,0,120.0,304.67158634818134,5.066899990197271,4752.267600008054,65.0
1778885063,190,GET,GET /api/ -> https://books.toscrape.com/,19.900000,0.000000,110,210,270,350,610,1000,2000,2300,2400,2400,2400,581,0,220.0,358.3788060237635,5.414499988546595,3067.3379999934696,7848.0
1778885063,190,GET,GET /api/ -> https://docs.docker.com/,20.700000,0.000000,150,250,320,370,540,610,780,1000,1900,1900,1900,570,0,220.0,395.0744142108434,4.966200009221211,5692.1355000231415,1741.0
1778885063,190,GET,GET /api/ -> https://flask.palletsprojects.com/,21.100000,0.000000,130,210,260,320,450,680,900,1900,2600,2600,2600,567,0,210.0,335.2952028219826,6.703300023218617,2888.8374000089243,19667.0
1778885063,190,GET,GET /api/ -> https://github.com/ibnesayeed/linkextractor,19.300000,0.000000,120,180,250,290,400,540,990,2000,2600,2600,2600,563,0,190.0,299.143182059953,6.07010000385344,2973.6895999812987,11810.0
1778885063,190,GET,GET /api/ -> https://httpbin.org/,20.200000,0.000000,170,260,350,430,550,850,2100,2200,2300,2300,2300,576,0,260.0,427.3232145829853,35.101499990560114,6221.424100018339,313.0
1778885063,190,GET,GET /api/ -> https://locust.io/,20.400000,0.000000,170,220,270,310,410,540,700,800,2600,2600,2600,564,0,210.0,293.2447031924583,4.7623999998904765,2557.35309998272,4762.0
1778885063,190,GET,GET /api/ -> https://redis.io/,21.100000,0.000000,140,210,260,300,480,680,2000,2100,2200,2200,2200,566,0,210.0,381.3086510617915,5.874199996469542,3905.5213000101503,7221.0
1778885063,190,GET,GET /api/ -> https://training.play-with-docker.com/,18.600000,0.000000,160,240,290,330,450,650,2100,2200,2400,2400,2400,558,0,210.0,307.91516577055944,19.748899998376146,2445.074300019769,1424.0
1778885063,190,GET,GET /api/ -> https://www.python.org/,20.500000,0.000000,120,180,250,310,430,650,2000,2300,2300,2300,2300,573,0,190.0,364.28475218171246,7.145200012018904,4286.96199998376,12980.0
1778885063,190,,Aggregated,201.300000,0.000000,140,210,270,330,480,730,1900,2100,2600,2600,2600,5704,0,200.0,346.84059426740055,4.7623999998904765,6221.424100018339,6762.91041374474
1778885064,195,GET,GET /api/ -> http://example.com/,19.100000,0.000000,69,140,160,230,1400,1800,1900,2000,2200,2200,2200,628,0,110.0,289.5479442675099,5.066899990197271,4752.267600008054,65.0
1778885064,195,GET,GET /api/ -> https://books.toscrape.com/,19.600000,0.000000,100,190,240,300,480,680,1900,2200,2400,2400,2400,621,0,220.0,345.9031991945541,5.414499988546595,3067.3379999934696,7848.0
1778885064,195,GET,GET /api/ -> https://docs.docker.com/,20.900000,0.000000,120,200,250,310,480,590,710,1000,1900,1900,1900,600,0,210.0,381.5128766669659,4.966200009221211,5692.1355000231415,1741.0
1778885064,195,GET,GET /api/ -> https://flask.palletsprojects.com/,21.500000,0.000000,120,200,260,300,410,540,900,1900,2600,2600,2600,592,0,200.0,327.8803190877551,6.703300023218617,2888.8374000089243,19667.0
1778885064,195,GET,GET /api/ -> https://github.com/ibnesayeed/linkextractor,22.800000,0.000000,110,160,200,230,360,440,990,2000,2600,2600,2600,579,0,180.0,293.8904400685897,6.07010000385344,2973.6895999812987,11810.0
1778885064,195,GET,GET /api/ -> https://httpbin.org/,19.900000,0.000000,170,230,290,350,530,850,1400,2100,2300,2300,2300,610,0,250.0,413.69803245875937,35.101499990560114,6221.424100018339,313.0
1778885064,195,GET,GET /api/ -> https://locust.io/,22.400000,0.000000,140,210,230,280,390,460,690,800,2600,2600,2600,583,0,210.0,287.7088749580469,4.7623999998904765,2557.35309998272,4762.0
1778885064,195,GET,GET /api/ -> https://redis.io/,21.900000,0.000000,110,190,240,290,450,600,2000,2100,2200,2200,2200,587,0,210.0,372.65167206289203,5.874199996469542,3905.5213000101503,7221.0
1778885064,195,GET,GET /api/ -> https://training.play-with-docker.com/,22.600000,0.000000,150,200,250,300,410,560,2100,2200,2400,2400,2400,576,0,210.0,303.7945133681003,19.748899998376146,2445.074300019769,1424.0
1778885064,195,GET,GET /api/ -> https://www.python.org/,20.600000,0.000000,90,170,220,260,410,580,2000,2100,2300,2300,2300,604,0,180.0,350.674904139411,7.145200012018904,4286.96199998376,12980.0
1778885064,195,,Aggregated,211.300000,0.000000,120,190,240,290,440,670,1900,2100,2600,2600,2600,5980,0,200.0,337.0313248496974,4.7623999998904765,6221.424100018339,6740.121906354515
1778885065,200,GET,GET /api/ -> http://example.com/,19.700000,0.000000,65,150,180,240,1400,1800,1900,2000,2200,2200,2200,655,0,110.0,282.2330433590505,5.066899990197271,4752.267600008054,65.0
1778885065,200,GET,GET /api/ -> https://books.toscrape.com/,19.900000,0.000000,110,210,280,330,480,680,1900,2200,2400,2400,2400,650,0,220.0,342.0025989230131,5.414499988546595,3067.3379999934696,7848.0
1778885065,200,GET,GET /api/ -> https://docs.docker.com/,22.000000,0.000000,120,210,250,320,480,590,710,1000,1900,1900,1900,631,0,210.0,372.0177278926182,4.966200009221211,5692.1355000231415,1741.0
1778885065,200,GET,GET /api/ -> https://flask.palletsprojects.com/,22.300000,0.000000,130,210,270,320,430,540,900,1900,2600,2600,2600,622,0,200.0,322.1858276526475,6.703300023218617,2888.8374000089243,19667.0
1778885065,200,GET,GET /api/ -> https://github.com/ibnesayeed/linkextractor,23.900000,0.000000,110,150,210,250,370,530,990,2000,2600,2600,2600,602,0,180.0,289.8420548168312,6.07010000385344,2973.6895999812987,11810.0
1778885065,200,GET,GET /api/ -> https://httpbin.org/,20.500000,0.000000,180,260,330,360,520,840,1400,2100,2300,2300,2300,643,0,250.0,405.46084043505954,35.101499990560114,6221.424100018339,313.0
1778885065,200,GET,GET /api/ -> https://locust.io/,23.500000,0.000000,130,210,240,300,410,540,700,800,2600,2600,2600,606,0,200.0,286.1560386148448,4.7623999998904765,2557.35309998272,4762.0
1778885065,200,GET,GET /api/ -> https://redis.io/,23.000000,0.000000,120,190,240,310,480,650,2000,2100,2200,2200,2200,613,0,200.0,366.16843409598334,5.874199996469542,3905.5213000101503,7221.0
1778885065,200,GET,GET /api/ -> https://training.play-with-docker.com/,24.300000,0.000000,150,240,290,330,450,600,2100,2400,2400,2400,2400,593,0,210.0,303.19149241150393,19.748899998376146,2445.074300019769,1424.0
1778885065,200,GET,GET /api/ -> https://www.python.org/,20.700000,0.000000,100,170,210,280,410,580,2000,2100,2300,2300,2300,638,0,170.0,342.32793197518055,7.145200012018904,4286.96199998376,12980.0
1778885065,200,,Aggregated,219.800000,0.000000,120,200,260,310,460,680,1800,2100,2600,2600,2600,6253,0,200.0,331.6124942110062,4.7623999998904765,6221.424100018339,6752.601311370542
1778885066,205,GET,GET /api/ -> http://example.com/,21.900000,0.000000,81,150,180,240,1300,1800,1900,2000,2200,2200,2200,675,0,110.0,278.23645792608323,5.066899990197271,4752.267600008054,65.0
1778885066,205,GET,GET /api/ -> https://books.toscrape.com/,21.800000,0.000000,120,220,300,330,470,680,1900,2200,2400,2400,2400,669,0,220.0,339.44619177854224,5.414499988546595,3067.3379999934696,7848.0
1778885066,205,GET,GET /api/ -> https://docs.docker.com/,22.600000,0.000000,130,210,280,340,500,630,890,1300,1900,1900,1900,653,0,210.0,372.341830475141,4.966200009221211,5692.1355000231415,1741.0
1778885066,205,GET,GET /api/ -> https://flask.palletsprojects.com/,22.700000,0.000000,140,230,310,330,460,620,1100,1900,2600,2600,2600,646,0,200.0,323.1917058822577,6.703300023218617,2888.8374000089243,19667.0
1778885066,205,GET,GET /api/ -> https://github.com/ibnesayeed/linkextractor,24.300000,0.000000,120,180,230,280,400,570,990,2000,2600,2600,2600,624,0,180.0,290.9573810892396,6.07010000385344,2973.6895999812987,11810.0
1778885066,205,GET,GET /api/ -> https://httpbin.org/,21.500000,0.000000,190,270,330,370,520,840,1400,2100,2300,2300,2300,662,0,250.0,403.28464410841934,35.101499990560114,6221.424100018339,313.0
1778885066,205,GET,GET /api/ -> https://locust.io/,23.300000,0.000000,150,220,280,340,480,630,800,850,2600,2600,2600,632,0,210.0,291.1827162984715,4.7623999998904765,2557.35309998272,4762.0
1778885066,205,GET,GET /api/ -> https://redis.io/,23.100000,0.000000,140,220,300,340,490,620,2000,2100,2200,2200,2200,635,0,210.0,364.3771220486259,5.874199996469542,3905.5213000101503,7221.0
1778885066,205,GET,GET /api/ -> https://training.play-with-docker.com/,24.600000,0.000000,160,250,320,340,500,640,2100,2200,2400,2400,2400,618,0,210.0,304.097669093902,19.748899998376146,2445.074300019769,1424.0
1778885066,205,GET,GET /api/ -> https://www.python.org/,22.000000,0.000000,110,180,240,310,420,580,2000,2100,2300,2300,2300,656,0,180.0,341.1344826222708,7.145200012018904,4286.96199998376,12980.0
1778885066,205,,Aggregated,227.800000,0.000000,140,220,280,330,480,690,1800,2100,2600,2600,2600,6470,0,200.0,331.13995953653284,4.7623999998904765,6221.424100018339,6754.624265842349
1778885067,210,GET,GET /api/ -> http://example.com/,21.900000,0.000000,82,150,210,240,1400,1800,1900,2000,2200,2200,2200,679,0,110.0,277.364550515557,5.066899990197271,4752.267600008054,65.0
1778885067,210,GET,GET /api/ -> https://books.toscrape.com/,21.800000,0.000000,130,230,300,350,470,680,1900,2200,2400,2400,2400,676,0,220.0,338.7123818044997,5.414499988546595,3067.3379999934696,7848.0
1778885067,210,GET,GET /api/ -> https://docs.docker.com/,22.600000,0.000000,130,220,300,380,500,630,890,1300,1900,1900,1900,655,0,210.0,372.3832885499685,4.966200009221211,5692.1355000231415,1741.0
1778885067,210,GET,GET /api/ -> https://flask.palletsprojects.com/,22.700000,0.000000,160,250,320,340,480,630,1100,1900,2600,2600,2600,652,0,210.0,323.4956300612721,6.703300023218617,2888.8374000089243,19667.0
1778885067,210,GET,GET /api/ -> https://github.com/ibnesayeed/linkextractor,24.300000,0.000000,120,190,250,300,410,580,990,2000,2600,2600,2600,630,0,190.0,291.2579784122673,6.07010000385344,2973.6895999812987,11810.0
1778885067,210,GET,GET /api/ -> https://httpbin.org/,21.500000,0.000000,190,270,340,410,550,840,1400,2100,2300,2300,2300,671,0,250.0,402.0843946345198,35.101499990560114,6221.424100018339,313.0
1778885067,210,GET,GET /api/ -> https://locust.io/,23.300000,0.000000,160,220,300,350,500,670,800,850,2600,2600,2600,639,0,210.0,289.58050673025923,4.7623999998904765,2557.35309998272,4762.0
1778885067,210,GET,GET /api/ -> https://redis.io/,23.100000,0.000000,150,230,310,360,500,620,2000,2100,2200,2200,2200,648,0,210.0,362.46042376683084,5.874199996469542,3905.5213000101503,7221.0
1778885067,210,GET,GET /api/ -> https://training.play-with-docker.com/,24.600000,0.000000,160,260,330,350,510,640,2100,2200,2400,2400,2400,622,0,210.0,304.30092684896715,19.748899998376146,2445.074300019769,1424.0
1778885067,210,GET,GET /api/ -> https://www.python.org/,22.000000,0.000000,110,200,300,330,480,610,2000,2100,2300,2300,2300,660,0,180.0,341.81004045491466,7.145200012018904,4286.96199998376,12980.0
1778885067,210,,Aggregated,227.800000,0.000000,140,220,300,340,500,710,1800,2100,2600,2600,2600,6532,0,200.0,330.7115066597393,4.7623999998904765,6221.424100018339,6757.133955909369
1778885068,215,GET,GET /api/ -> http://example.com/,21.900000,0.000000,44,82,110,120,210,300,390,470,1200,1200,1200,679,0,110.0,277.364550515557,5.066899990197271,4752.267600008054,65.0
1778885068,215,GET,GET /api/ -> https://books.toscrape.com/,21.800000,0.000000,100,220,270,320,430,590,780,1000,1100,1100,1100,676,0,220.0,338.7123818044997,5.414499988546595,3067.3379999934696,7848.0
1778885068,215,GET,GET /api/ -> https://docs.docker.com/,22.600000,0.000000,130,220,300,380,500,630,770,890,1300,1300,1300,655,0,210.0,372.3832885499685,4.966200009221211,5692.1355000231415,1741.0
1778885068,215,GET,GET /api/ -> https://flask.palletsprojects.com/,22.700000,0.000000,160,250,310,340,460,590,790,900,2600,2600,2600,652,0,210.0,323.4956300612721,6.703300023218617,2888.8374000089243,19667.0
1778885068,215,GET,GET /api/ -> https://github.com/ibnesayeed/linkextractor,24.300000,0.000000,120,190,240,300,410,540,870,990,2600,2600,2600,630,0,190.0,291.2579784122673,6.07010000385344,2973.6895999812987,11810.0
1778885068,215,GET,GET /api/ -> https://httpbin.org/,21.500000,0.000000,190,270,340,410,540,710,850,1000,1400,1400,1400,671,0,250.0,402.0843946345198,35.101499990560114,6221.424100018339,313.0
1778885068,215,GET,GET /api/ -> https://locust.io/,23.300000,0.000000,150,220,300,340,480,630,800,800,990,990,990,639,0,210.0,289.58050673025923,4.7623999998904765,2557.35309998272,4762.0
1778885068,215,GET,GET /api/ -> https://redis.io/,23.100000,0.000000,140,220,290,330,470,560,650,710,800,800,800,648,0,210.0,362.46042376683084,5.874199996469542,3905.5213000101503,7221.0
1778885068,215,GET,GET /api/ -> https://training.play-with-docker.com/,24.600000,0.000000,160,240,310,330,450,560,640,660,750,750,750,622,0,210.0,304.30092684896715,19.748899998376146,2445.074300019769,1424.0
1778885068,215,GET,GET /api/ -> https://www.python.org/,22.000000,0.000000,110,190,260,320,420,570,760,800,860,860,860,660,0,180.0,341.81004045491466,7.145200012018904,4286.96199998376,12980.0
1778885068,215,,Aggregated,227.800000,0.000000,130,210,280,330,450,580,770,860,1400,2600,2600,6532,0,200.0,330.7115066597393,4.7623999998904765,6221.424100018339,6757.133955909369
1778885069,220,GET,GET /api/ -> http://example.com/,23.200000,0.000000,61,120,230,390,1300,2100,2300,2500,2700,2700,2700,722,0,130.0,345.8920904432637,5.066899990197271,4752.267600008054,65.0
1778885069,220,GET,GET /api/ -> https://books.toscrape.com/,23.500000,0.000000,110,220,260,320,410,460,710,2200,2800,2800,2800,714,0,220.0,342.4188550418185,5.414499988546595,3067.3379999934696,7848.0
1778885069,220,GET,GET /api/ -> https://docs.docker.com/,22.500000,0.000000,110,210,280,360,490,760,2300,2700,2800,2800,2800,674,0,210.0,384.46567715173285,4.966200009221211,5692.1355000231415,1741.0
1778885069,220,GET,GET /api/ -> https://flask.palletsprojects.com/,22.600000,0.000000,150,250,310,350,470,620,1100,2200,2400,2400,2400,664,0,210.0,330.59558042156596,6.703300023218617,2888.8374000089243,19667.0
1778885069,220,GET,GET /api/ -> https://github.com/ibnesayeed/linkextractor,21.400000,0.000000,120,200,280,330,520,870,2300,2400,2800,2800,2800,647,0,190.0,319.7436006178351,6.07010000385344,2973.6895999812987,11810.0
1778885069,220,GET,GET /api/ -> https://httpbin.org/,23.400000,0.000000,180,250,300,330,460,570,2200,2400,2800,2800,2800,696,0,260.0,412.64341479849276,35.101499990560114,6221.424100018339,313.0
1778885069,220,GET,GET /api/ -> https://locust.io/,22.000000,0.000000,150,220,300,380,580,850,2300,2500,2800,2800,2800,652,0,210.0,317.7276217801217,4.7623999998904765,2813.5853999992833,4762.0
1778885069,220,GET,GET /api/ -> https://redis.io/,22.800000,0.000000,140,220,300,340,490,600,760,2400,2900,2900,2900,659,0,210.0,371.0257242805938,5.874199996469542,3905.5213000101503,7221.0
1778885069,220,GET,GET /api/ -> https://training.play-with-docker.com/,21.300000,0.000000,170,260,330,350,530,640,2400,2500,3100,3100,3100,639,0,220.0,332.69126009405005,19.748899998376146,3050.641000008909,1424.0
1778885069,220,GET,GET /api/ -> https://www.python.org/,22.800000,0.000000,98,180,250,320,530,2100,2700,2900,2900,2900,2900,686,0,180.0,372.9007472306199,7.145200012018904,4286.96199998376,12980.0
1778885069,220,,Aggregated,225.500000,0.000000,130,220,300,340,510,800,2300,2500,2900,3100,3100,6753,0,200.0,353.4731822007151,4.7623999998904765,6221.424100018339,6725.799052273064
1778885070,225,GET,GET /api/ -> http://example.com/,23.200000,0.000000,60,120,210,390,1400,2100,2300,2500,2700,2700,2700,723,0,130.0,345.42948035966896,5.066899990197271,4752.267600008054,65.0
1778885070,225,GET,GET /api/ -> https://books.toscrape.com/,23.500000,0.000000,110,230,300,330,430,560,770,2200,2800,2800,2800,723,0,220.0,344.066437759189,5.414499988546595,3067.3379999934696,7848.0
1778885070,225,GET,GET /api/ -> https://docs.docker.com/,22.500000,0.000000,130,210,250,320,450,630,2200,2400,2800,2800,2800,714,0,210.0,377.47176092481453,4.966200009221211,5692.1355000231415,1741.0
1778885070,225,GET,GET /api/ -> https://flask.palletsprojects.com/,22.600000,0.000000,150,240,310,320,440,590,1100,2200,2400,2400,2400,706,0,210.0,327.6470835693642,6.703300023218617,2888.8374000089243,19667.0
1778885070,225,GET,GET /api/ -> https://github.com/ibnesayeed/linkextractor,21.400000,0.000000,140,220,280,320,530,990,2300,2600,2800,2800,2800,676,0,200.0,319.1063100587561,6.07010000385344,2973.6895999812987,11810.0
1778885070,225,GET,GET /api/ -> https://httpbin.org/,23.400000,0.000000,190,270,330,370,510,640,2200,2300,2800,2800,2800,720,0,260.0,414.8240862496702,35.101499990560114,6221.424100018339,313.0
1778885070,225,GET,GET /api/ -> https://locust.io/,22.000000,0.000000,140,230,310,380,630,990,2300,2800,2800,2800,2800,688,0,210.0,315.047709884565,4.7623999998904765,2813.5853999992833,4762.0
1778885070,225,GET,GET /api/ -> https://redis.io/,22.800000,0.000000,130,220,300,320,470,600,2400,2900,2900,2900,2900,698,0,210.0,368.80393080367645,5.874199996469542,3905.5213000101503,7221.0
1778885070,225,GET,GET /api/ -> https://training.play-with-docker.com/,21.300000,0.000000,160,260,320,350,530,810,2400,2600,3100,3100,3100,663,0,220.0,332.01877315258986,19.748899998376146,3050.641000008909,1424.0
1778885070,225,GET,GET /api/ -> https://www.python.org/,22.800000,0.000000,100,190,260,330,540,2100,2400,2700,2900,2900,2900,720,0,190.0,368.458869583507,7.145200012018904,4286.96199998376,12980.0
1778885070,225,,Aggregated,225.500000,0.000000,130,220,300,330,530,850,2300,2500,2900,3100,3100,7031,0,210.0,351.7743188168894,4.7623999998904765,6221.424100018339,6779.152467643294
1778885071,230,GET,GET /api/ -> http://example.com/,19.600000,0.000000,82,130,280,490,1400,2100,2300,2500,2700,2700,2700,740,0,120.0,340.4110770269826,5.066899990197271,4752.267600008054,65.0
1778885071,230,GET,GET /api/ -> https://books.toscrape.com/,19.500000,0.000000,130,230,300,330,430,560,770,2200,2800,2800,2800,740,0,220.0,339.3859724321865,5.414499988546595,3067.3379999934696,7848.0
1778885071,230,GET,GET /api/ -> https://docs.docker.com/,22.200000,0.000000,140,220,300,330,470,640,2300,2700,2800,2800,2800,731,0,210.0,373.0102870045991,4.966200009221211,5692.1355000231415,1741.0
1778885071,230,GET,GET /api/ -> https://flask.palletsprojects.com/,22.300000,0.000000,170,250,310,330,480,630,1100,2200,2400,2400,2400,729,0,210.0,325.01386268863956,6.703300023218617,2888.8374000089243,19667.0
1778885071,230,GET,GET /api/ -> https://github.com/ibnesayeed/linkextractor,22.000000,0.000000,140,220,300,350,540,990,2300,2600,2800,2800,2800,723,0,190.0,309.0048596123008,6.07010000385344,2973.6895999812987,11810.0
1778885071,230,GET,GET /api/ -> https://httpbin.org/,21.500000,0.000000,190,270,330,380,520,680,2200,2300,2800,2800,2800,738,0,260.0,409.91457384796644,35.101499990560114,6221.424100018339,313.0
1778885071,230,GET,GET /api/ -> https://locust.io/,21.800000,0.000000,140,220,310,410,610,990,2300,2800,2800,2800,2800,727,0,200.0,307.6162504822421,4.7623999998904765,2813.5853999992833,4762.0
1778885071,230,GET,GET /api/ -> https://redis.io/,21.900000,0.000000,150,240,310,360,530,640,2400,2900,2900,2900,2900,729,0,210.0,362.56124211392375,5.874199996469542,3905.5213000101503,7221.0
1778885071,230,GET,GET /api/ -> https://training.play-with-docker.com/,20.800000,0.000000,190,280,330,370,570,810,2400,2600,3100,3100,3100,723,0,220.0,321.2416318121571,19.748899998376146,3050.641000008909,1424.0
1778885071,230,GET,GET /api/ -> https://www.python.org/,22.200000,0.000000,120,200,280,330,540,2100,2400,2700,2900,2900,2900,735,0,180.0,363.03062897981744,7.145200012018904,4286.96199998376,12980.0
1778885071,230,,Aggregated,213.800000,0.000000,140,230,310,350,540,870,2300,2500,2900,3100,3100,7315,0,200.0,345.2648370473901,4.7623999998904765,6221.424100018339,6771.167874231032
1778885072,235,GET,GET /api/ -> http://example.com/,21.200000,0.000000,87,150,280,430,1400,2100,2300,2500,2700,2700,2700,775,0,110.0,327.4166553547876,5.066899990197271,4752.267600008054,65.0
1778885072,235,GET,GET /api/ -> https://books.toscrape.com/,21.300000,0.000000,140,230,300,340,430,560,770,2200,2800,2800,2800,769,0,210.0,329.18749648864355,5.414499988546595,3067.3379999934696,7848.0
1778885072,235,GET,GET /api/ -> https://docs.docker.com/,21.200000,0.000000,150,230,320,340,480,640,2300,2700,2800,2800,2800,753,0,200.0,365.733435724135,4.966200009221211,5692.1355000231415,1741.0
1778885072,235,GET,GET /api/ -> https://flask.palletsprojects.com/,21.600000,0.000000,190,260,320,340,480,630,1100,2200,2400,2400,2400,752,0,210.0,317.9981081116529,6.703300023218617,2888.8374000089243,19667.0
1778885072,235,GET,GET /api/ -> https://github.com/ibnesayeed/linkextractor,21.700000,0.000000,160,230,320,360,550,990,2300,2600,2800,2800,2800,741,0,180.0,304.46504898748407,6.07010000385344,2973.6895999812987,11810.0
1778885072,235,GET,GET /api/ -> https://httpbin.org/,20.700000,0.000000,200,290,340,390,560,810,2200,2400,2800,2800,2800,759,0,250.0,402.66796969662926,35.101499990560114,6221.424100018339,313.0
1778885072,235,GET,GET /api/ -> https://locust.io/,21.500000,0.000000,150,230,340,430,630,990,2300,2800,2800,2800,2800,746,0,200.0,302.1707859257565,4.7623999998904765,2813.5853999992833,4762.0
1778885072,235,GET,GET /api/ -> https://redis.io/,21.700000,0.000000,150,260,310,360,530,640,2400,2900,2900,2900,2900,749,0,200.0,354.8459432592435,5.874199996469542,3905.5213000101503,7221.0
1778885072,235,GET,GET /api/ -> https://training.play-with-docker.com/,22.000000,0.000000,190,290,330,380,580,810,2400,2600,3100,3100,3100,741,0,210.0,316.5587028342016,19.748899998376146,3050.641000008909,1424.0
1778885072,235,GET,GET /api/ -> https://www.python.org/,20.700000,0.000000,130,210,300,380,550,2100,2700,2900,2900,2900,2900,756,0,180.0,356.0752376985475,7.145200012018904,4286.96199998376,12980.0
1778885072,235,,Aggregated,213.600000,0.000000,160,250,320,360,560,920,2300,2500,2900,3100,3100,7541,0,190.0,337.83588830413333,4.7623999998904765,6221.424100018339,6763.541440127304
1778885073,240,GET,GET /api/ -> http://example.com/,21.400000,0.000000,100,170,300,520,1500,2100,2500,2500,2700,2700,2700,811,0,110.0,317.21782885329213,5.066899990197271,4752.267600008054,65.0
1778885073,240,GET,GET /api/ -> https://books.toscrape.com/,20.900000,0.000000,190,260,320,350,440,570,780,2400,2800,2800,2800,805,0,210.0,323.75013093132907,5.414499988546595,3067.3379999934696,7848.0
1778885073,240,GET,GET /api/ -> https://docs.docker.com/,20.800000,0.000000,190,250,330,370,480,640,2300,2700,2800,2800,2800,780,0,200.0,359.54910897480426,4.966200009221211,5692.1355000231415,1741.0
1778885073,240,GET,GET /api/ -> https://flask.palletsprojects.com/,20.800000,0.000000,220,300,330,350,530,630,1100,2200,2400,2400,2400,768,0,210.0,316.38599570305814,6.703300023218617,2888.8374000089243,19667.0
1778885073,240,GET,GET /api/ -> https://github.com/ibnesayeed/linkextractor,22.100000,0.000000,190,290,340,390,560,2200,2300,2600,2800,2800,2800,755,0,180.0,303.140927814271,6.07010000385344,2973.6895999812987,11810.0
1778885073,240,GET,GET /api/ -> https://httpbin.org/,20.900000,0.000000,220,290,360,400,560,810,2200,2400,2800,2800,2800,796,0,240.0,393.20678542685187,35.101499990560114,6221.424100018339,313.0
1778885073,240,GET,GET /api/ -> https://locust.io/,21.600000,0.000000,170,290,380,440,630,2100,2300,2800,2800,2800,2800,757,0,200.0,301.0473635411453,4.7623999998904765,2813.5853999992833,4762.0
1778885073,240,GET,GET /api/ -> https://redis.io/,20.300000,0.000000,180,290,330,380,530,640,2400,2900,2900,2900,2900,765,0,200.0,351.828536994944,5.874199996469542,3905.5213000101503,7221.0
1778885073,240,GET,GET /api/ -> https://training.play-with-docker.com/,21.700000,0.000000,220,300,360,390,590,890,2400,2600,3100,3100,3100,752,0,210.0,314.87818284585956,19.748899998376146,3050.641000008909,1424.0
1778885073,240,GET,GET /api/ -> https://www.python.org/,21.000000,0.000000,170,250,330,390,550,2100,2700,2900,2900,2900,2900,793,0,180.0,347.00454703669715,7.145200012018904,4286.96199998376,12980.0
1778885073,240,,Aggregated,211.500000,0.000000,180,280,330,380,570,970,2300,2500,2900,3100,3100,7782,0,190.0,333.0999679133322,4.7623999998904765,6221.424100018339,6745.203803649448
1778885074,245,GET,GET /api/ -> http://example.com/,21.000000,0.000000,120,280,580,950,2000,2300,30000,30000,30000,30000,30000,833,0,110.0,494.3077650661108,5.066899990197271,30071.893099986482,64.60984393757504
1778885074,245,GET,GET /api/ -> https://books.toscrape.com/,21.100000,0.000000,190,260,330,360,460,650,1000,2400,2800,2800,2800,823,0,210.0,323.48559781250384,5.414499988546595,3067.3379999934696,7848.0
1778885074,245,GET,GET /api/ -> https://docs.docker.com/,20.600000,0.000000,210,280,350,390,540,760,2300,2700,2800,2800,2800,809,0,210.0,357.70669925884675,4.966200009221211,5692.1355000231415,1741.0
1778885074,245,GET,GET /api/ -> https://flask.palletsprojects.com/,20.600000,0.000000,240,310,350,380,560,630,1100,2200,2400,2400,2400,802,0,210.0,315.49366546114425,6.703300023218617,2888.8374000089243,19667.0
1778885074,245,GET,GET /api/ -> https://github.com/ibnesayeed/linkextractor,19.900000,0.000000,190,290,350,390,540,990,2300,2600,2800,2800,2800,781,0,180.0,300.0804656846288,6.07010000385344,2973.6895999812987,11810.0
1778885074,245,GET,GET /api/ -> https://httpbin.org/,20.800000,0.000000,230,300,380,460,590,920,2200,2400,2800,2800,2800,821,0,250.0,391.4129235076998,35.101499990560114,6221.424100018339,313.0
1778885074,245,GET,GET /api/ -> https://locust.io/,20.300000,0.000000,180,310,410,440,630,990,2300,2800,2800,2800,2800,792,0,200.0,300.6610449502301,4.7623999998904765,2813.5853999992833,4762.0
1778885074,245,GET,GET /api/ -> https://redis.io/,20.200000,0.000000,220,300,360,400,550,710,2400,2900,2900,2900,2900,797,0,210.0,349.774247805668,5.874199996469542,3905.5213000101503,7221.0
1778885074,245,GET,GET /api/ -> https://training.play-with-docker.com/,19.900000,0.000000,210,290,360,390,580,890,2400,2600,3100,3100,3100,768,0,210.0,314.0511449220564,19.748899998376146,3050.641000008909,1424.0
1778885074,245,GET,GET /api/ -> https://www.python.org/,20.700000,0.000000,170,260,330,390,570,2100,2700,2900,2900,2900,2900,817,0,170.0,341.73031383120787,7.145200012018904,4286.96199998376,12980.0
1778885074,245,,Aggregated,205.100000,0.000000,200,300,350,410,590,1000,2400,2700,30000,30000,30000,8043,0,200.0,349.7934946414844,4.7623999998904765,30071.893099986482,6763.60101952008
1778885075,250,GET,GET /api/ -> http://example.com/,22.500000,0.000000,130,280,620,980,2100,30000,30000,30000,30000,30000,30000,862,0,110.0,656.4738656613779,5.066899990197271,30182.341300009284,64.24593967517401
1778885075,250,GET,GET /api/ -> https://books.toscrape.com/,21.800000,0.000000,190,250,330,350,460,630,1000,2400,2800,2800,2800,849,0,210.0,321.1636395755899,5.414499988546595,3067.3379999934696,7848.0
1778885075,250,GET,GET /api/ -> https://docs.docker.com/,20.400000,0.000000,200,280,350,390,510,660,2300,2700,2800,2800,2800,835,0,200.0,352.96937676699423,4.966200009221211,5692.1355000231415,1741.0
1778885075,250,GET,GET /api/ -> https://flask.palletsprojects.com/,19.900000,0.000000,220,300,330,360,530,630,1100,2200,2400,2400,2400,831,0,210.0,311.0279774966929,6.703300023218617,2888.8374000089243,19667.0
1778885075,250,GET,GET /api/ -> https://github.com/ibnesayeed/linkextractor,19.200000,0.000000,200,290,350,370,530,990,2300,2600,2800,2800,2800,812,0,190.0,297.76380972850296,6.07010000385344,2973.6895999812987,11810.0
1778885075,250,GET,GET /api/ -> https://httpbin.org/,21.400000,0.000000,230,310,380,420,590,920,2200,2400,2800,2800,2800,842,0,250.0,388.10422624679944,35.101499990560114,6221.424100018339,313.0
1778885075,250,GET,GET /api/ -> https://locust.io/,19.500000,0.000000,200,300,370,430,610,990,2300,2800,2800,2800,2800,820,0,200.0,298.9299689030925,4.7623999998904765,2813.5853999992833,4762.0
1778885075,250,GET,GET /api/ -> https://redis.io/,19.600000,0.000000,210,270,330,380,540,700,2400,2900,2900,2900,2900,822,0,210.0,345.9821408772427,5.874199996469542,3905.5213000101503,7221.0
1778885075,250,GET,GET /api/ -> https://training.play-with-docker.com/,19.400000,0.000000,200,280,330,360,500,810,2400,2500,3100,3100,3100,807,0,210.0,308.7745515490874,19.748899998376146,3050.641000008909,1424.0
1778885075,250,GET,GET /api/ -> https://www.python.org/,20.900000,0.000000,170,250,320,380,550,2100,2700,2900,2900,2900,2900,839,0,180.0,338.14866436226765,7.145200012018904,4286.96199998376,12980.0
1778885075,250,,Aggregated,204.600000,0.000000,200,280,340,390,570,1000,2400,2800,30000,30000,30000,8319,0,200.0,363.3510926675093,4.7623999998904765,30182.341300009284,6761.449693472773
1778885076,255,GET,GET /api/ -> http://example.com/,20.600000,0.000000,120,230,490,940,2100,2700,30000,30000,30000,30000,30000,878,0,110.0,646.2276214123799,5.066899990197271,30182.341300009284,64.25968109339408
1778885076,255,GET,GET /api/ -> https://books.toscrape.com/,20.800000,0.000000,180,250,320,340,450,580,770,2200,2800,2800,2800,866,0,210.0,317.5904031173626,5.414499988546595,3067.3379999934696,7848.0
1778885076,255,GET,GET /api/ -> https://docs.docker.com/,20.600000,0.000000,190,260,320,370,500,630,2200,2400,2800,2800,2800,862,0,200.0,346.61318445535676,4.966200009221211,5692.1355000231415,1741.0
1778885076,255,GET,GET /api/ -> https://flask.palletsprojects.com/,20.100000,0.000000,200,290,320,350,480,620,790,2100,2400,2400,2400,858,0,200.0,305.7107856640449,6.703300023218617,2888.8374000089243,19667.0
1778885076,255,GET,GET /api/ -> https://github.com/ibnesayeed/linkextractor,18.300000,0.000000,190,270,330,350,480,760,2300,2400,2800,2800,2800,851,0,180.0,291.4115931839024,6.07010000385344,2973.6895999812987,11810.0
1778885076,255,GET,GET /api/ -> https://httpbin.org/,20.500000,0.000000,220,300,380,410,570,850,2200,2300,2800,2800,2800,863,0,240.0,383.63760115855575,35.101499990560114,6221.424100018339,313.0
1778885076,255,GET,GET /api/ -> https://locust.io/,18.700000,0.000000,170,280,340,390,560,780,2300,2500,2800,2800,2800,854,0,200.0,292.57766744785096,4.7623999998904765,2813.5853999992833,4762.0
1778885076,255,GET,GET /api/ -> https://redis.io/,19.100000,0.000000,180,250,310,360,500,640,850,2600,2900,2900,2900,858,0,200.0,337.1322259919445,5.874199996469542,3905.5213000101503,7221.0
1778885076,255,GET,GET /api/ -> https://training.play-with-docker.com/,18.300000,0.000000,180,270,320,340,450,640,2400,2500,3100,3100,3100,848,0,200.0,301.49069304272143,19.748899998376146,3050.641000008909,1424.0
1778885076,255,GET,GET /api/ -> https://www.python.org/,20.500000,0.000000,160,230,300,360,500,2100,2400,2700,2900,2900,2900,863,0,170.0,332.5307878330679,7.145200012018904,4286.96199998376,12980.0
1778885076,255,,Aggregated,197.500000,0.000000,180,260,330,370,540,890,2300,2700,30000,30000,30000,8601,0,190.0,356.2761342752034,4.7623999998904765,30182.341300009284,6768.9690733635625
1778885077,260,GET,GET /api/ -> http://example.com/,19.900000,0.000000,140,250,520,980,2300,30000,30000,30000,30000,30000,30000,925,0,120.0,946.1600898380227,5.066899990197271,30460.78310001758,63.5945945945946
1778885077,260,GET,GET /api/ -> https://books.toscrape.com/,19.200000,0.000000,160,230,270,330,450,580,770,2200,2800,2800,2800,892,0,200.0,312.9567163673059,5.414499988546595,3067.3379999934696,7848.0
1778885077,260,GET,GET /api/ -> https://docs.docker.com/,20.000000,0.000000,180,240,310,340,450,570,2200,2400,2800,2800,2800,871,0,200.0,344.55428335304566,4.966200009221211,5692.1355000231415,1741.0
1778885077,260,GET,GET /api/ -> https://flask.palletsprojects.com/,20.000000,0.000000,170,250,310,330,440,580,690,2100,2400,2400,2400,869,0,200.0,303.4151968926939,6.703300023218617,2888.8374000089243,19667.0
1778885077,260,GET,GET /api/ -> https://github.com/ibnesayeed/linkextractor,20.000000,0.000000,170,250,310,340,450,610,2300,2400,2800,2800,2800,866,0,180.0,288.93840196246697,6.07010000385344,2973.6895999812987,11810.0
1778885077,260,GET,GET /api/ -> https://httpbin.org/,18.900000,0.000000,200,280,350,390,500,850,2200,2300,2800,2800,2800,885,0,230.0,378.044550621252,35.101499990560114,6221.424100018339,313.0
1778885077,260,GET,GET /api/ -> https://locust.io/,20.600000,0.000000,170,250,310,360,510,730,2300,2500,2800,2800,2800,868,0,190.0,289.8941949313809,4.7623999998904765,2813.5853999992833,4762.0
1778885077,260,GET,GET /api/ -> https://redis.io/,20.300000,0.000000,170,230,300,330,490,640,850,2600,2900,2900,2900,869,0,200.0,334.95043107139384,5.874199996469542,3905.5213000101503,7221.0
1778885077,260,GET,GET /api/ -> https://training.play-with-docker.com/,20.100000,0.000000,170,230,300,330,420,670,2400,2500,3100,3100,3100,862,0,200.0,299.4717088170223,19.748899998376146,3050.641000008909,1424.0
1778885077,260,GET,GET /api/ -> https://www.python.org/,19.400000,0.000000,140,200,280,320,470,2100,2400,2700,2900,2900,2900,876,0,170.0,329.1669486300314,7.145200012018904,4286.96199998376,12980.0
1778885077,260,,Aggregated,198.400000,0.000000,170,240,310,350,510,980,2400,2900,30000,30000,30000,8783,0,190.0,386.2137185700813,4.7623999998904765,30460.78310001758,6737.694751223956
1778885078,265,GET,GET /api/ -> http://example.com/,19.800000,0.000000,130,190,280,410,2700,30000,30000,30000,30000,30000,30000,961,0,120.0,1073.1535695111206,5.066899990197271,30460.78310001758,63.30905306971904
1778885078,265,GET,GET /api/ -> https://books.toscrape.com/,19.100000,0.000000,170,240,300,340,450,570,730,820,1000,1000,1000,928,0,200.0,311.02580872802406,5.414499988546595,3067.3379999934696,7848.0
1778885078,265,GET,GET /api/ -> https://docs.docker.com/,20.300000,0.000000,180,250,310,350,440,550,670,700,2800,2800,2800,902,0,200.0,342.015473503891,4.966200009221211,5692.1355000231415,1741.0
1778885078,265,GET,GET /api/ -> https://flask.palletsprojects.com/,20.600000,0.000000,170,250,300,330,420,560,650,690,900,900,900,890,0,200.0,301.0093115727297,6.703300023218617,2888.8374000089243,19667.0
1778885078,265,GET,GET /api/ -> https://github.com/ibnesayeed/linkextractor,21.000000,0.000000,170,240,280,320,390,480,570,680,2800,2800,2800,872,0,180.0,288.0976150223399,6.07010000385344,2973.6895999812987,11810.0
1778885078,265,GET,GET /api/ -> https://httpbin.org/,19.600000,0.000000,210,280,350,380,480,590,1000,1100,2800,2800,2800,922,0,230.0,373.4742062904788,35.101499990560114,6221.424100018339,313.0
1778885078,265,GET,GET /api/ -> https://locust.io/,20.900000,0.000000,170,250,300,330,440,560,740,2500,2800,2800,2800,876,0,190.0,289.26871609637516,4.7623999998904765,2813.5853999992833,4762.0
1778885078,265,GET,GET /api/ -> https://redis.io/,20.600000,0.000000,170,230,300,330,490,640,850,2600,2900,2900,2900,885,0,190.0,332.6602513006083,5.874199996469542,3905.5213000101503,7221.0
1778885078,265,GET,GET /api/ -> https://training.play-with-docker.com/,21.100000,0.000000,170,230,300,330,390,520,930,2400,3100,3100,3100,870,0,200.0,299.62515218424926,19.748899998376146,3050.641000008909,1424.0
1778885078,265,GET,GET /api/ -> https://www.python.org/,19.800000,0.000000,140,200,260,300,410,540,2400,2700,2900,2900,2900,912,0,170.0,324.44254999995394,7.145200012018904,4286.96199998376,12980.0
1778885078,265,,Aggregated,202.800000,0.000000,170,240,300,330,460,620,2300,30000,30000,30000,30000,9018,0,190.0,398.7871278998727,4.7623999998904765,30460.78310001758,6724.710467952983
1778885079,270,GET,GET /api/ -> http://example.com/,20.200000,0.000000,120,180,240,280,30000,30000,30000,30000,30000,30000,30000,991,0,120.0,1196.7093248235865,5.066899990197271,30460.78310001758,63.03229061553986
1778885079,270,GET,GET /api/ -> https://books.toscrape.com/,19.300000,0.000000,170,230,260,310,400,500,730,910,1000,1000,1000,954,0,210.0,310.7002898319151,5.414499988546595,3067.3379999934696,7848.0
1778885079,270,GET,GET /api/ -> https://docs.docker.com/,21.100000,0.000000,190,260,330,370,510,570,700,800,1200,1200,1200,926,0,200.0,343.54989762466,4.966200009221211,5692.1355000231415,1741.0
1778885079,270,GET,GET /api/ -> https://flask.palletsprojects.com/,21.100000,0.000000,170,240,300,320,440,610,700,790,970,970,970,921,0,200.0,300.24761487490315,6.703300023218617,2888.8374000089243,19667.0
1778885079,270,GET,GET /api/ -> https://github.com/ibnesayeed/linkextractor,22.800000,0.000000,160,230,280,320,370,460,550,610,680,680,680,893,0,180.0,287.51801164560845,6.07010000385344,2973.6895999812987,11810.0
1778885079,270,GET,GET /api/ -> https://httpbin.org/,19.700000,0.000000,200,280,340,380,490,680,850,1100,1300,1300,1300,947,0,240.0,374.8935045405655,35.101499990560114,6221.424100018339,313.0
1778885079,270,GET,GET /api/ -> https://locust.io/,22.100000,0.000000,160,250,300,320,420,520,620,680,730,730,730,896,0,200.0,288.98129642909356,4.7623999998904765,2813.5853999992833,4762.0
1778885079,270,GET,GET /api/ -> https://redis.io/,21.500000,0.000000,170,240,310,360,490,580,730,760,880,880,880,908,0,200.0,333.0254471376318,5.874199996469542,3905.5213000101503,7221.0
1778885079,270,GET,GET /api/ -> https://training.play-with-docker.com/,23.200000,0.000000,170,230,280,330,380,460,680,910,1500,1500,1500,887,0,200.0,303.1046429541111,19.748899998376146,3050.641000008909,1424.0
1778885079,270,GET,GET /api/ -> https://www.python.org/,20.700000,0.000000,130,200,270,300,390,480,710,720,1500,1500,1500,935,0,170.0,325.7504453475433,7.145200012018904,4286.96199998376,12980.0
1778885079,270,,Aggregated,211.700000,0.000000,170,230,290,330,440,570,880,30000,30000,30000,30000,9258,0,190.0,412.9968504429871,4.7623999998904765,30460.78310001758,6733.687513501836
1778885080,275,GET,GET /api/ -> http://example.com/,25.600000,0.000000,120,180,260,310,30000,30000,30000,30000,30000,30000,30000,1005,0,120.0,1330.9425185076875,5.066899990197271,30460.78310001758,62.7363184079602
1778885080,275,GET,GET /api/ -> https://books.toscrape.com/,22.700000,0.000000,180,230,290,330,460,510,730,910,1000,1000,1000,968,0,210.0,311.2663249996616,5.414499988546595,3067.3379999934696,7848.0
1778885080,275,GET,GET /api/ -> https://docs.docker.com/,22.000000,0.000000,190,270,350,400,540,620,760,810,1200,1200,1200,956,0,200.0,343.7538481176569,4.966200009221211,5692.1355000231415,1741.0
1778885080,275,GET,GET /api/ -> https://flask.palletsprojects.com/,22.000000,0.000000,160,230,280,310,420,560,690,730,970,970,970,945,0,200.0,298.0934952377408,6.703300023218617,2888.8374000089243,19667.0
1778885080,275,GET,GET /api/ -> https://github.com/ibnesayeed/linkextractor,23.800000,0.000000,160,250,280,330,370,470,550,610,680,680,680,923,0,180.0,286.285446478259,6.07010000385344,2973.6895999812987,11810.0
1778885080,275,GET,GET /api/ -> https://httpbin.org/,22.500000,0.000000,200,280,340,370,460,620,840,1100,1300,1300,1300,965,0,240.0,375.2085374091291,35.101499990560114,6221.424100018339,313.0
1778885080,275,GET,GET /api/ -> https://locust.io/,23.000000,0.000000,170,250,310,350,450,590,700,730,1000,1000,1000,933,0,200.0,290.0502847806807,4.7623999998904765,2813.5853999992833,4762.0
1778885080,275,GET,GET /api/ -> https://redis.io/,22.200000,0.000000,190,250,330,380,530,630,800,880,1100,1100,1100,941,0,200.0,335.3925365578855,5.874199996469542,3905.5213000101503,7221.0
1778885080,275,GET,GET /api/ -> https://training.play-with-docker.com/,24.200000,0.000000,180,230,280,330,400,500,680,910,1500,1500,1500,907,0,210.0,303.50115733220406,19.748899998376146,3050.641000008909,1424.0
1778885080,275,GET,GET /api/ -> https://www.python.org/,22.600000,0.000000,140,220,290,310,410,500,710,1000,1500,1500,1500,963,0,170.0,324.78414350991966,7.145200012018904,4286.96199998376,12980.0
1778885080,275,,Aggregated,230.600000,0.000000,170,240,300,340,470,610,1000,30000,30000,30000,30000,9506,0,190.0,426.026903397959,4.7623999998904765,30460.78310001758,6747.47685672207
1778885081,280,GET,GET /api/ -> http://example.com/,26.300000,0.000000,120,180,260,330,30000,30000,30000,30000,30000,30000,30000,1027,0,120.0,1449.47986465446,5.066899990197271,30460.78310001758,62.46835443037975
1778885081,280,GET,GET /api/ -> https://books.toscrape.com/,24.400000,0.000000,180,230,290,330,460,510,730,910,1000,1000,1000,986,0,200.0,307.9016985797699,5.414499988546595,3067.3379999934696,7848.0
1778885081,280,GET,GET /api/ -> https://docs.docker.com/,24.700000,0.000000,190,270,340,400,530,620,800,1000,1200,1200,1200,980,0,200.0,340.3993632657185,4.966200009221211,5692.1355000231415,1741.0
1778885081,280,GET,GET /api/ -> https://flask.palletsprojects.com/,24.100000,0.000000,170,230,280,310,440,570,700,770,970,970,970,977,0,200.0,295.55502968247856,6.703300023218617,2888.8374000089243,19667.0
1778885081,280,GET,GET /api/ -> https://github.com/ibnesayeed/linkextractor,23.800000,0.000000,170,250,280,320,380,480,600,610,680,680,680,966,0,180.0,281.54953322924075,6.07010000385344,2973.6895999812987,11810.0
1778885081,280,GET,GET /api/ -> https://httpbin.org/,24.700000,0.000000,200,280,340,370,460,630,840,1100,1300,1300,1300,983,0,240.0,371.815015259264,35.101499990560114,6221.424100018339,313.0
1778885081,280,GET,GET /api/ -> https://locust.io/,24.000000,0.000000,170,260,320,360,490,620,730,830,1000,1000,1000,971,0,190.0,287.5524752836108,4.7623999998904765,2813.5853999992833,4762.0
1778885081,280,GET,GET /api/ -> https://redis.io/,23.900000,0.000000,190,260,320,380,500,630,800,880,1100,1100,1100,972,0,200.0,330.89597582408186,5.874199996469542,3905.5213000101503,7221.0
1778885081,280,GET,GET /api/ -> https://training.play-with-docker.com/,24.400000,0.000000,180,240,300,330,420,500,680,910,1500,1500,1500,963,0,200.0,297.86738255477064,19.748899998376146,3050.641000008909,1424.0
1778885081,280,GET,GET /api/ -> https://www.python.org/,25.000000,0.000000,150,220,280,310,410,500,710,1000,1500,1500,1500,981,0,170.0,321.64345749238055,7.145200012018904,4286.96199998376,12980.0
1778885081,280,,Aggregated,245.300000,0.000000,170,240,300,340,470,620,1100,30000,30000,30000,30000,9806,0,190.0,433.9434436162485,4.7623999998904765,30460.78310001758,6749.609116867224
1778885082,285,GET,GET /api/ -> http://example.com/,27.100000,0.000000,140,200,290,450,30000,30000,30000,30000,30000,30000,30000,1059,0,120.0,1549.8207288007839,5.066899990197271,30460.78310001758,62.23796033994334
1778885082,285,GET,GET /api/ -> https://books.toscrape.com/,23.200000,0.000000,180,240,300,340,470,530,730,910,1000,1000,1000,1010,0,200.0,303.1440337620489,5.414499988546595,3067.3379999934696,7848.0
1778885082,285,GET,GET /api/ -> https://docs.docker.com/,23.800000,0.000000,190,270,350,400,540,660,800,1000,1200,1200,1200,999,0,200.0,335.3717533536619,4.966200009221211,5692.1355000231415,1741.0
1778885082,285,GET,GET /api/ -> https://flask.palletsprojects.com/,24.500000,0.000000,170,230,280,310,440,570,700,770,970,970,970,998,0,190.0,291.50567014010755,6.703300023218617,2888.8374000089243,19667.0
1778885082,285,GET,GET /api/ -> https://github.com/ibnesayeed/linkextractor,24.200000,0.000000,160,240,280,320,370,470,600,610,680,680,680,989,0,180.0,276.6128003027719,6.07010000385344,2973.6895999812987,11810.0
1778885082,285,GET,GET /api/ -> https://httpbin.org/,23.600000,0.000000,190,290,350,370,490,670,840,1100,1300,1300,1300,1005,0,230.0,366.12299522373416,35.101499990560114,6221.424100018339,313.0
1778885082,285,GET,GET /api/ -> https://locust.io/,24.700000,0.000000,170,250,320,360,450,600,730,830,1000,1000,1000,993,0,190.0,282.8428292048104,4.7623999998904765,2813.5853999992833,4762.0
1778885082,285,GET,GET /api/ -> https://redis.io/,24.400000,0.000000,190,250,320,370,500,620,800,880,1100,1100,1100,997,0,200.0,324.9732639929623,5.874199996469542,3905.5213000101503,7221.0
1778885082,285,GET,GET /api/ -> https://training.play-with-docker.com/,24.000000,0.000000,170,230,300,330,400,490,680,910,1500,1500,1500,988,0,200.0,293.0685393726698,19.748899998376146,3050.641000008909,1424.0
1778885082,285,GET,GET /api/ -> https://www.python.org/,23.800000,0.000000,160,220,290,310,410,500,710,1000,1500,1500,1500,1001,0,170.0,316.6185841159118,7.145200012018904,4286.96199998376,12980.0
1778885082,285,,Aggregated,243.300000,0.000000,170,240,300,340,480,640,1300,30000,30000,30000,30000,10039,0,190.0,440.90711517090443,4.7623999998904765,30460.78310001758,6741.893116844307
1778885083,290,GET,GET /api/ -> http://example.com/,27.600000,0.000000,140,210,300,450,30000,30000,30000,30000,30000,30000,30000,1112,0,120.0,1617.6662758093667,5.066899990197271,30460.78310001758,62.077338129496404
1778885083,290,GET,GET /api/ -> https://books.toscrape.com/,24.400000,0.000000,170,220,260,310,460,510,630,820,960,960,960,1047,0,200.0,298.95829608370485,5.414499988546595,3067.3379999934696,7848.0
1778885083,290,GET,GET /api/ -> https://docs.docker.com/,24.100000,0.000000,180,260,340,380,530,610,760,1000,1200,1200,1200,1019,0,200.0,332.80531737019015,4.966200009221211,5692.1355000231415,1741.0
1778885083,290,GET,GET /api/ -> https://flask.palletsprojects.com/,23.400000,0.000000,160,220,260,300,440,560,700,770,970,970,970,1015,0,190.0,290.7695170442042,6.703300023218617,2888.8374000089243,19667.0
1778885083,290,GET,GET /api/ -> https://github.com/ibnesayeed/linkextractor,23.200000,0.000000,160,220,270,290,370,480,600,610,680,680,680,1000,0,180.0,276.0440070994373,6.07010000385344,2973.6895999812987,11810.0
1778885083,290,GET,GET /api/ -> https://httpbin.org/,24.400000,0.000000,190,260,340,370,490,630,790,840,1300,1300,1300,1034,0,230.0,362.7751822048813,35.101499990560114,6221.424100018339,313.0
1778885083,290,GET,GET /api/ -> https://locust.io/,22.900000,0.000000,150,220,290,320,420,600,700,830,1000,1000,1000,1002,0,190.0,281.50690339357885,4.7623999998904765,2813.5853999992833,4762.0
1778885083,290,GET,GET /api/ -> https://redis.io/,23.300000,0.000000,180,250,310,350,490,620,800,880,1100,1100,1100,1009,0,200.0,324.0571196243913,5.874199996469542,3905.5213000101503,7221.0
1778885083,290,GET,GET /api/ -> https://training.play-with-docker.com/,23.700000,0.000000,170,230,280,330,420,500,640,710,1500,1500,1500,1000,0,200.0,292.2012400001986,19.748899998376146,3050.641000008909,1424.0
1778885083,290,GET,GET /api/ -> https://www.python.org/,24.200000,0.000000,150,220,280,310,430,500,710,1000,1500,1500,1500,1025,0,170.0,313.9903725853769,7.145200012018904,4286.96199998376,12980.0
1778885083,290,,Aggregated,241.200000,0.000000,160,230,290,330,480,640,30000,30000,30000,30000,30000,10263,0,190.0,450.1951068109338,4.7623999998904765,30460.78310001758,6717.4924486017735
1778885085,295,GET,GET /api/ -> http://example.com/,26.700000,0.000000,130,200,280,370,30000,30000,30000,30000,30000,30000,30000,1146,0,120.0,1704.6274583769255,5.066899990197271,30460.78310001758,61.8804537521815
1778885085,295,GET,GET /api/ -> https://books.toscrape.com/,22.700000,0.000000,170,220,260,320,470,550,630,820,960,960,960,1083,0,200.0,297.95884866087823,5.414499988546595,3067.3379999934696,7848.0
1778885085,295,GET,GET /api/ -> https://docs.docker.com/,23.600000,0.000000,190,270,340,390,540,620,810,1100,1200,1200,1200,1054,0,200.0,330.84742514259955,4.966200009221211,5692.1355000231415,1741.0
1778885085,295,GET,GET /api/ -> https://flask.palletsprojects.com/,24.000000,0.000000,160,230,260,310,440,510,700,770,970,970,970,1042,0,190.0,289.7986758156175,6.703300023218617,2888.8374000089243,19667.0
1778885085,295,GET,GET /api/ -> https://github.com/ibnesayeed/linkextractor,24.200000,0.000000,140,210,280,290,380,490,600,610,640,640,640,1015,0,180.0,276.27368295502737,6.07010000385344,2973.6895999812987,11810.0
1778885085,295,GET,GET /api/ -> https://httpbin.org/,23.000000,0.000000,200,300,360,390,590,740,840,950,1300,1300,1300,1071,0,240.0,363.6565674135477,35.101499990560114,6221.424100018339,313.0
1778885085,295,GET,GET /api/ -> https://locust.io/,24.300000,0.000000,150,220,290,320,460,660,830,880,1000,1000,1000,1022,0,190.0,281.5997791588464,4.7623999998904765,2813.5853999992833,4762.0
1778885085,295,GET,GET /api/ -> https://redis.io/,24.400000,0.000000,190,260,320,380,540,630,850,880,1100,1100,1100,1031,0,200.0,323.197411252241,5.874199996469542,3905.5213000101503,7221.0
1778885085,295,GET,GET /api/ -> https://training.play-with-docker.com/,24.200000,0.000000,170,240,300,340,440,500,680,910,1500,1500,1500,1010,0,200.0,292.0165538615812,19.748899998376146,3050.641000008909,1424.0
1778885085,295,GET,GET /api/ -> https://www.python.org/,23.400000,0.000000,160,240,300,320,430,500,710,1000,1500,1500,1500,1059,0,170.0,311.59053201144854,7.145200012018904,4286.96199998376,12980.0
1778885085,295,,Aggregated,240.500000,0.000000,170,240,300,340,490,670,30000,30000,30000,30000,30000,10533,0,190.0,459.7638352511956,4.7623999998904765,30460.78310001758,6713.792366847052
1778885086,300,GET,GET /api/ -> http://example.com/,29.200000,0.000000,140,220,330,540,30000,30000,30000,30000,30000,30000,30000,1155,0,120.0,1822.7316754112662,5.066899990197271,30460.78310001758,61.62337662337662
1778885086,300,GET,GET /api/ -> https://books.toscrape.com/,23.400000,0.000000,180,230,290,330,480,560,730,820,960,960,960,1095,0,200.0,297.70630328742186,5.414499988546595,3067.3379999934696,7848.0
1778885086,300,GET,GET /api/ -> https://docs.docker.com/,22.200000,0.000000,220,310,380,410,570,670,810,1100,1200,1200,1200,1085,0,200.0,330.5374452537398,4.966200009221211,5692.1355000231415,1741.0
1778885086,300,GET,GET /api/ -> https://flask.palletsprojects.com/,22.900000,0.000000,190,260,320,360,460,600,770,780,970,970,970,1072,0,200.0,291.62427714545083,6.703300023218617,2888.8374000089243,19667.0
1778885086,300,GET,GET /api/ -> https://github.com/ibnesayeed/linkextractor,24.100000,0.000000,190,250,290,330,410,550,620,660,820,820,820,1045,0,180.0,275.90251387499103,6.07010000385344,2973.6895999812987,11810.0
1778885086,300,GET,GET /api/ -> https://httpbin.org/,23.200000,0.000000,240,330,390,450,600,770,840,950,1300,1300,1300,1095,0,240.0,364.3382672145516,35.101499990560114,6221.424100018339,313.0
1778885086,300,GET,GET /api/ -> https://locust.io/,23.800000,0.000000,200,280,360,390,600,690,880,1000,1100,1100,1100,1056,0,200.0,284.9084494320888,4.7623999998904765,2813.5853999992833,4762.0
1778885086,300,GET,GET /api/ -> https://redis.io/,23.700000,0.000000,220,300,390,460,620,670,880,1100,1100,1100,1100,1063,0,200.0,324.7027317036175,5.874199996469542,3905.5213000101503,7221.0
1778885086,300,GET,GET /api/ -> https://training.play-with-docker.com/,24.500000,0.000000,210,280,340,370,490,640,690,910,1500,1500,1500,1033,0,200.0,293.0266809295223,19.748899998376146,3050.641000008909,1424.0
1778885086,300,GET,GET /api/ -> https://www.python.org/,22.500000,0.000000,220,280,340,400,520,680,1000,1100,1800,1800,1800,1093,0,180.0,316.45676075034174,7.145200012018904,4286.96199998376,12980.0
1778885086,300,,Aggregated,239.500000,0.000000,200,270,340,390,560,730,30000,30000,30000,30000,30000,10792,0,190.0,471.1242121294308,4.7623999998904765,30460.78310001758,6734.957005189029
1778885087,305,GET,GET /api/ -> http://example.com/,29.200000,0.000000,130,220,360,590,30000,30000,30000,30000,30000,30000,30000,1174,0,120.0,1922.4393402044902,5.066899990197271,30460.78310001758,61.401192504258944
1778885087,305,GET,GET /api/ -> https://books.toscrape.com/,23.400000,0.000000,180,220,300,360,510,560,730,820,960,960,960,1107,0,200.0,296.12313640446826,5.414499988546595,3067.3379999934696,7848.0
1778885087,305,GET,GET /api/ -> https://docs.docker.com/,22.200000,0.000000,240,330,390,440,570,670,810,1100,1200,1200,1200,1095,0,200.0,330.6062205481985,4.966200009221211,5692.1355000231415,1741.0
1778885087,305,GET,GET /api/ -> https://flask.palletsprojects.com/,22.900000,0.000000,200,270,330,360,450,570,770,780,970,970,970,1094,0,200.0,290.50288427781487,6.703300023218617,2888.8374000089243,19667.0
1778885087,305,GET,GET /api/ -> https://github.com/ibnesayeed/linkextractor,24.100000,0.000000,200,240,300,340,420,550,610,640,820,820,820,1075,0,180.0,274.3521377667893,6.07010000385344,2973.6895999812987,11810.0
1778885087,305,GET,GET /api/ -> https://httpbin.org/,23.200000,0.000000,240,330,390,460,620,770,840,950,1300,1300,1300,1104,0,240.0,362.86788913038555,35.101499990560114,6221.424100018339,313.0
1778885087,305,GET,GET /api/ -> https://locust.io/,23.800000,0.000000,200,280,350,380,550,680,880,1000,1100,1100,1100,1087,0,200.0,282.1725655017569,4.7623999998904765,2813.5853999992833,4762.0
1778885087,305,GET,GET /api/ -> https://redis.io/,23.700000,0.000000,210,290,370,440,580,660,850,880,1100,1100,1100,1091,0,200.0,321.52509743451907,5.874199996469542,3905.5213000101503,7221.0
1778885087,305,GET,GET /api/ -> https://training.play-with-docker.com/,24.500000,0.000000,210,280,340,390,490,590,690,730,1500,1500,1500,1065,0,200.0,291.950310892103,19.748899998376146,3050.641000008909,1424.0
1778885087,305,GET,GET /api/ -> https://www.python.org/,22.500000,0.000000,220,290,370,400,550,710,1000,1100,1800,1800,1800,1099,0,170.0,315.76136842594497,7.145200012018904,4286.96199998376,12980.0
1778885087,305,,Aggregated,239.500000,0.000000,200,280,350,390,550,710,30000,30000,30000,30000,30000,10991,0,190.0,479.9895411701333,4.7623999998904765,30460.78310001758,6738.16768264944
1778885088,315,GET,GET /api/ -> http://example.com/,29.200000,0.000000,130,220,330,580,30000,30000,30000,30000,30000,30000,30000,1174,0,120.0,1922.4393402044902,5.066899990197271,30460.78310001758,61.401192504258944
1778885088,315,GET,GET /api/ -> https://books.toscrape.com/,23.400000,0.000000,180,220,270,330,470,560,630,730,960,960,960,1107,0,200.0,296.12313640446826,5.414499988546595,3067.3379999934696,7848.0
1778885088,315,GET,GET /api/ -> https://docs.docker.com/,22.200000,0.000000,240,330,380,410,550,670,1000,1100,1200,1200,1200,1095,0,200.0,330.6062205481985,4.966200009221211,5692.1355000231415,1741.0
1778885088,315,GET,GET /api/ -> https://flask.palletsprojects.com/,22.900000,0.000000,200,280,340,360,450,570,770,780,970,970,970,1094,0,200.0,290.50288427781487,6.703300023218617,2888.8374000089243,19667.0
1778885088,315,GET,GET /api/ -> https://github.com/ibnesayeed/linkextractor,24.100000,0.000000,200,250,300,340,420,570,620,660,820,820,820,1075,0,180.0,274.3521377667893,6.07010000385344,2973.6895999812987,11810.0
1778885088,315,GET,GET /api/ -> https://httpbin.org/,23.200000,0.000000,240,330,390,490,670,790,880,1100,1300,1300,1300,1104,0,240.0,362.86788913038555,35.101499990560114,6221.424100018339,313.0
1778885088,315,GET,GET /api/ -> https://locust.io/,23.800000,0.000000,190,280,350,380,590,680,880,1000,1100,1100,1100,1087,0,200.0,282.1725655017569,4.7623999998904765,2813.5853999992833,4762.0
1778885088,315,GET,GET /api/ -> https://redis.io/,23.700000,0.000000,210,300,370,460,620,670,850,880,1100,1100,1100,1091,0,200.0,321.52509743451907,5.874199996469542,3905.5213000101503,7221.0
1778885088,315,GET,GET /api/ -> https://training.play-with-docker.com/,24.500000,0.000000,210,280,340,390,490,590,690,730,910,910,910,1065,0,200.0,291.950310892103,19.748899998376146,3050.641000008909,1424.0
1778885088,315,GET,GET /api/ -> https://www.python.org/,22.500000,0.000000,220,290,370,400,550,710,1100,1500,1800,1800,1800,1099,0,170.0,315.76136842594497,7.145200012018904,4286.96199998376,12980.0
1778885088,315,,Aggregated,239.500000,0.000000,200,280,350,390,560,710,30000,30000,30000,30000,30000,10991,0,190.0,479.9895411701333,4.7623999998904765,30460.78310001758,6738.16768264944
1778885089,320,GET,GET /api/ -> http://example.com/,29.300000,0.000000,160,370,840,1400,30000,30000,30000,30000,30000,30000,30000,1229,0,130.0,1987.7152669650743,5.066899990197271,30460.78310001758,61.29780309194467
1778885089,320,GET,GET /api/ -> https://books.toscrape.com/,23.800000,0.000000,180,240,310,360,510,560,660,1800,1900,1900,1900,1150,0,200.0,297.448964434519,5.414499988546595,3067.3379999934696,7848.0
1778885089,320,GET,GET /api/ -> https://docs.docker.com/,22.900000,0.000000,220,310,360,390,550,730,1700,2200,2400,2400,2400,1111,0,200.0,334.6102589561487,4.966200009221211,5692.1355000231415,1741.0
1778885089,320,GET,GET /api/ -> https://flask.palletsprojects.com/,23.100000,0.000000,200,280,340,360,450,550,770,780,1800,1800,1800,1104,0,200.0,291.03549538031336,6.703300023218617,2888.8374000089243,19667.0
1778885089,320,GET,GET /api/ -> https://github.com/ibnesayeed/linkextractor,21.700000,0.000000,200,280,330,370,580,1600,1900,2000,2100,2100,2100,1093,0,190.0,291.26666157296796,6.07010000385344,2973.6895999812987,11810.0
1778885089,320,GET,GET /api/ -> https://httpbin.org/,23.600000,0.000000,230,310,380,460,610,780,1100,2000,2100,2100,2100,1130,0,240.0,363.72653415915454,35.101499990560114,6221.424100018339,313.0
1778885089,320,GET,GET /api/ -> https://locust.io/,22.700000,0.000000,190,270,350,380,600,830,1700,1900,1900,1900,1900,1097,0,200.0,287.3908122155402,4.7623999998904765,2813.5853999992833,4762.0
1778885089,320,GET,GET /api/ -> https://redis.io/,22.800000,0.000000,200,290,350,400,630,730,1100,1800,1900,1900,1900,1099,0,200.0,325.17608862697676,5.874199996469542,3905.5213000101503,7221.0
1778885089,320,GET,GET /api/ -> https://training.play-with-docker.com/,21.100000,0.000000,210,300,370,400,560,730,1800,2000,2200,2200,2200,1090,0,200.0,307.5287751377658,19.748899998376146,3050.641000008909,1424.0
1778885089,320,GET,GET /api/ -> https://www.python.org/,23.200000,0.000000,210,290,370,430,590,1000,1700,1800,1800,1800,1800,1122,0,180.0,319.9698174688878,7.145200012018904,4286.96199998376,12980.0
1778885089,320,,Aggregated,234.200000,0.000000,200,290,360,410,620,1200,30000,30000,30000,30000,30000,11225,0,190.0,496.5913357684424,4.7623999998904765,30460.78310001758,6706.876347438752
1778885090,325,GET,GET /api/ -> http://example.com/,23.900000,0.000000,150,370,840,1500,30000,30000,30000,30000,30000,30000,30000,1241,0,130.0,2090.29027912977,5.066899990197271,30460.78310001758,61.07171635777599
1778885090,325,GET,GET /api/ -> https://books.toscrape.com/,20.400000,0.000000,180,250,310,360,510,630,860,1800,1900,1900,1900,1166,0,200.0,299.16893044569713,5.414499988546595,3067.3379999934696,7848.0
1778885090,325,GET,GET /api/ -> https://docs.docker.com/,22.000000,0.000000,200,290,330,360,480,620,1700,2200,2400,2400,2400,1158,0,200.0,330.70557780679644,4.966200009221211,5692.1355000231415,1741.0
1778885090,325,GET,GET /api/ -> https://flask.palletsprojects.com/,22.200000,0.000000,200,290,340,360,470,630,780,900,1800,1800,1800,1151,0,200.0,289.0477615117207,6.703300023218617,2888.8374000089243,19667.0
1778885090,325,GET,GET /api/ -> https://github.com/ibnesayeed/linkextractor,20.700000,0.000000,190,240,310,360,610,1600,1900,2000,2100,2100,2100,1117,0,190.0,290.32226973961565,6.07010000385344,2973.6895999812987,11810.0
1778885090,325,GET,GET /api/ -> https://httpbin.org/,20.800000,0.000000,240,320,380,460,590,770,950,2000,2100,2100,2100,1165,0,240.0,363.2922850642903,35.101499990560114,6221.424100018339,313.0
1778885090,325,GET,GET /api/ -> https://locust.io/,21.800000,0.000000,200,270,310,350,480,780,1700,1900,1900,1900,1900,1124,0,200.0,285.7040997335509,4.7623999998904765,2813.5853999992833,4762.0
1778885090,325,GET,GET /api/ -> https://redis.io/,22.100000,0.000000,190,260,310,340,470,660,1100,1800,1900,1900,1900,1136,0,200.0,320.6221646135636,5.874199996469542,3905.5213000101503,7221.0
1778885090,325,GET,GET /api/ -> https://training.play-with-docker.com/,20.100000,0.000000,210,310,380,400,570,1700,1900,2100,2200,2200,2200,1107,0,210.0,307.77317669392795,19.748899998376146,3050.641000008909,1424.0
1778885090,325,GET,GET /api/ -> https://www.python.org/,21.300000,0.000000,190,270,320,390,550,780,1700,1800,1800,1800,1800,1162,0,180.0,315.7993269364781,7.145200012018904,4286.96199998376,12980.0
1778885090,325,,Aggregated,215.300000,0.000000,200,280,340,390,600,1100,30000,30000,30000,30000,30000,11527,0,190.0,503.086634935449,4.7623999998904765,30460.78310001758,6736.396286978398
1778885091,330,GET,GET /api/ -> http://example.com/,25.900000,0.000000,160,360,840,1400,30000,30000,30000,30000,30000,30000,30000,1264,0,130.0,2172.2529170886155,5.066899990197271,30460.78310001758,60.88607594936709
1778885091,330,GET,GET /api/ -> https://books.toscrape.com/,20.500000,0.000000,190,250,310,360,510,630,860,1800,1900,1900,1900,1183,0,200.0,297.0460885880578,5.414499988546595,3067.3379999934696,7848.0
1778885091,330,GET,GET /api/ -> https://docs.docker.com/,20.000000,0.000000,210,290,350,390,530,670,1700,2200,2400,2400,2400,1174,0,200.0,329.40930238523515,4.966200009221211,5692.1355000231415,1741.0
1778885091,330,GET,GET /api/ -> https://flask.palletsprojects.com/,20.300000,0.000000,220,300,350,370,480,630,860,900,1800,1800,1800,1170,0,200.0,288.7511411964601,6.703300023218617,2888.8374000089243,19667.0
1778885091,330,GET,GET /api/ -> https://github.com/ibnesayeed/linkextractor,21.300000,0.000000,200,270,340,390,620,1600,1900,2000,2100,2100,2100,1163,0,180.0,287.0708114352647,6.07010000385344,2973.6895999812987,11810.0
1778885091,330,GET,GET /api/ -> https://httpbin.org/,19.700000,0.000000,250,330,400,470,590,770,950,2000,2100,2100,2100,1177,0,240.0,362.24985760403206,35.101499990560114,6221.424100018339,313.0
1778885091,330,GET,GET /api/ -> https://locust.io/,20.900000,0.000000,200,270,310,360,480,710,1700,1900,1900,1900,1900,1165,0,200.0,283.468037339471,4.7623999998904765,2813.5853999992833,4762.0
1778885091,330,GET,GET /api/ -> https://redis.io/,20.800000,0.000000,200,290,350,400,560,660,1100,1800,1900,1900,1900,1168,0,200.0,319.7765241446626,5.874199996469542,3905.5213000101503,7221.0
1778885091,330,GET,GET /api/ -> https://training.play-with-docker.com/,21.200000,0.000000,220,310,380,400,570,1700,1900,2100,2200,2200,2200,1158,0,200.0,304.08787901569275,19.748899998376146,3050.641000008909,1424.0
1778885091,330,GET,GET /api/ -> https://www.python.org/,19.700000,0.000000,200,290,330,400,550,780,1700,1800,1800,1800,1800,1176,0,170.0,314.3452416668285,7.145200012018904,4286.96199998376,12980.0
1778885091,330,,Aggregated,210.300000,0.000000,200,290,360,400,610,1200,30000,30000,30000,30000,30000,11798,0,190.0,509.1941866503454,4.7623999998904765,30460.78310001758,6731.160281403628
1778885092,335,GET,GET /api/ -> http://example.com/,24.800000,0.000000,150,370,840,1500,30000,30000,30000,30000,30000,30000,30000,1293,0,130.0,2240.526542304793,5.066899990197271,30460.78310001758,60.72699149265274
1778885092,335,GET,GET /api/ -> https://books.toscrape.com/,21.200000,0.000000,180,240,300,360,510,630,860,1800,1900,1900,1900,1208,0,190.0,292.16125380767363,5.414499988546595,3067.3379999934696,7848.0
1778885092,335,GET,GET /api/ -> https://docs.docker.com/,22.100000,0.000000,200,280,330,380,490,640,1100,1800,2400,2400,2400,1203,0,200.0,323.2419945139034,4.966200009221211,5692.1355000231415,1741.0
1778885092,335,GET,GET /api/ -> https://flask.palletsprojects.com/,21.400000,0.000000,190,290,330,360,470,590,780,860,1800,1800,1800,1203,0,190.0,282.5991123025056,6.703300023218617,2888.8374000089243,19667.0
1778885092,335,GET,GET /api/ -> https://github.com/ibnesayeed/linkextractor,21.200000,0.000000,200,240,330,370,580,1600,1900,2000,2100,2100,2100,1196,0,180.0,281.16484899595565,6.07010000385344,2973.6895999812987,11810.0
1778885092,335,GET,GET /api/ -> https://httpbin.org/,21.400000,0.000000,240,320,390,460,590,710,880,1800,2100,2100,2100,1207,0,230.0,355.75419801151645,35.101499990560114,6221.424100018339,313.0
1778885092,335,GET,GET /api/ -> https://locust.io/,20.800000,0.000000,190,230,300,350,480,680,1100,1800,1900,1900,1900,1201,0,190.0,277.01304379728396,4.7623999998904765,2813.5853999992833,4762.0
1778885092,335,GET,GET /api/ -> https://redis.io/,21.200000,0.000000,180,270,340,380,520,660,920,1700,1900,1900,1900,1202,0,190.0,312.4635936779281,5.874199996469542,3905.5213000101503,7221.0
1778885092,335,GET,GET /api/ -> https://training.play-with-docker.com/,21.000000,0.000000,210,290,360,390,560,1100,1800,2000,2200,2200,2200,1195,0,200.0,298.63446912142274,19.748899998376146,3050.641000008909,1424.0
1778885092,335,GET,GET /api/ -> https://www.python.org/,21.500000,0.000000,190,280,320,400,550,780,1700,1800,1800,1800,1800,1203,0,170.0,308.3889518704491,7.145200012018904,4286.96199998376,12980.0
1778885092,335,,Aggregated,216.600000,0.000000,190,280,350,390,590,1100,2200,30000,30000,30000,30000,12111,0,190.0,510.3262279415916,4.7623999998904765,30460.78310001758,6731.954669308892
1778885093,340,GET,GET /api/ -> http://example.com/,24.800000,0.000000,190,700,1500,30000,30000,30000,30000,30000,30000,30000,30000,1298,0,130.0,2347.590884206559,5.066899990197271,30460.78310001758,60.49306625577812
1778885093,340,GET,GET /api/ -> https://books.toscrape.com/,21.200000,0.000000,180,260,320,390,530,630,860,1800,1900,1900,1900,1208,0,190.0,292.16125380767363,5.414499988546595,3067.3379999934696,7848.0
1778885093,340,GET,GET /api/ -> https://docs.docker.com/,22.100000,0.000000,190,290,350,390,530,670,1700,2200,2400,2400,2400,1203,0,200.0,323.2419945139034,4.966200009221211,5692.1355000231415,1741.0
1778885093,340,GET,GET /api/ -> https://flask.palletsprojects.com/,21.400000,0.000000,190,290,330,360,480,590,860,900,1800,1800,1800,1203,0,190.0,282.5991123025056,6.703300023218617,2888.8374000089243,19667.0
1778885093,340,GET,GET /api/ -> https://github.com/ibnesayeed/linkextractor,21.200000,0.000000,200,250,330,380,590,1600,1900,2000,2100,2100,2100,1196,0,180.0,281.16484899595565,6.07010000385344,2973.6895999812987,11810.0
1778885093,340,GET,GET /api/ -> https://httpbin.org/,21.400000,0.000000,240,330,400,470,600,780,950,2000,2100,2100,2100,1207,0,230.0,355.75419801151645,35.101499990560114,6221.424100018339,313.0
1778885093,340,GET,GET /api/ -> https://locust.io/,20.800000,0.000000,190,250,310,360,480,710,1700,1900,1900,1900,1900,1201,0,190.0,277.01304379728396,4.7623999998904765,2813.5853999992833,4762.0
1778885093,340,GET,GET /api/ -> https://redis.io/,21.200000,0.000000,180,270,340,380,520,660,1100,1800,1900,1900,1900,1202,0,190.0,312.4635936779281,5.874199996469542,3905.5213000101503,7221.0
1778885093,340,GET,GET /api/ -> https://training.play-with-docker.com/,21.000000,0.000000,210,300,370,400,570,1700,1900,2100,2200,2200,2200,1195,0,200.0,298.63446912142274,19.748899998376146,3050.641000008909,1424.0
1778885093,340,GET,GET /api/ -> https://www.python.org/,21.500000,0.000000,190,290,350,400,560,960,1700,1800,1800,1800,1800,1203,0,170.0,308.3889518704491,7.145200012018904,4286.96199998376,12980.0
1778885093,340,,Aggregated,216.600000,0.000000,190,290,360,410,620,1400,30000,30000,30000,30000,30000,12116,0,190.0,522.5101597144794,4.7623999998904765,30460.78310001758,6729.176543413668
1778885094,345,GET,GET /api/ -> http://example.com/,26.000000,0.000000,490,1100,1400,1700,30000,30000,30000,30000,30000,30000,30000,1389,0,140.0,2450.853253779843,5.066899990197271,30460.78310001758,60.320374370050395
1778885094,345,GET,GET /api/ -> https://books.toscrape.com/,21.600000,0.000000,160,240,300,340,450,660,860,1800,1900,1900,1900,1280,0,190.0,286.981513280989,5.414499988546595,3067.3379999934696,7848.0
1778885094,345,GET,GET /api/ -> https://docs.docker.com/,20.900000,0.000000,190,280,330,390,490,670,1700,2200,2400,2400,2400,1223,0,200.0,321.82614292740215,4.966200009221211,5692.1355000231415,1741.0
1778885094,345,GET,GET /api/ -> https://flask.palletsprojects.com/,21.000000,0.000000,170,280,330,350,450,660,860,900,1800,1800,1800,1209,0,190.0,281.78961248960053,6.703300023218617,2888.8374000089243,19667.0
1778885094,345,GET,GET /api/ -> https://github.com/ibnesayeed/linkextractor,21.600000,0.000000,180,240,330,400,750,1600,1900,2000,2100,2100,2100,1203,0,180.0,286.3409119693832,6.07010000385344,2973.6895999812987,11810.0
1778885094,345,GET,GET /api/ -> https://httpbin.org/,21.300000,0.000000,200,280,330,390,550,620,1600,2000,2100,2100,2100,1259,0,230.0,350.9167187448528,35.101499990560114,6221.424100018339,313.0
1778885094,345,GET,GET /api/ -> https://locust.io/,21.500000,0.000000,180,250,310,360,480,680,1700,1900,1900,1900,1900,1203,0,190.0,278.03157323401217,4.7623999998904765,2813.5853999992833,4762.0
1778885094,345,GET,GET /api/ -> https://redis.io/,21.300000,0.000000,170,270,340,390,520,660,1500,1800,1900,1900,1900,1205,0,190.0,313.50019717914114,5.874199996469542,3905.5213000101503,7221.0
1778885094,345,GET,GET /api/ -> https://training.play-with-docker.com/,21.900000,0.000000,210,300,370,400,590,1700,1900,2100,2200,2200,2200,1202,0,200.0,299.9896530783551,19.748899998376146,3050.641000008909,1424.0
1778885094,345,GET,GET /api/ -> https://www.python.org/,21.100000,0.000000,160,270,310,390,590,1500,1800,1800,1900,1900,1900,1240,0,170.0,308.30038911303893,7.145200012018904,4286.96199998376,12980.0
1778885094,345,,Aggregated,218.200000,0.000000,190,290,370,430,740,1600,30000,30000,30000,30000,30000,12413,0,190.0,543.5624387739199,4.7623999998904765,30460.78310001758,6676.404334165794
1778885095,350,GET,GET /api/ -> http://example.com/,23.800000,0.000000,450,1100,1400,1600,30000,30000,30000,30000,30000,30000,30000,1402,0,140.0,2536.1963968617165,5.066899990197271,30460.78310001758,60.131954350927245
1778885095,350,GET,GET /api/ -> https://books.toscrape.com/,19.800000,0.000000,160,260,320,380,470,680,950,1800,1900,1900,1900,1295,0,190.0,288.5842498838875,5.414499988546595,3067.3379999934696,7848.0
1778885095,350,GET,GET /api/ -> https://docs.docker.com/,20.300000,0.000000,210,320,360,400,520,700,1700,2200,2400,2400,2400,1269,0,200.0,322.73599574484746,4.966200009221211,5692.1355000231415,1741.0
1778885095,350,GET,GET /api/ -> https://flask.palletsprojects.com/,20.500000,0.000000,180,270,330,350,530,720,860,900,1800,1800,1800,1250,0,190.0,283.7625047999201,6.703300023218617,2888.8374000089243,19667.0
1778885095,350,GET,GET /api/ -> https://github.com/ibnesayeed/linkextractor,20.700000,0.000000,170,240,340,420,1500,1700,1900,2000,2100,2100,2100,1208,0,180.0,285.5100196185404,6.07010000385344,2973.6895999812987,11810.0
1778885095,350,GET,GET /api/ -> https://httpbin.org/,20.100000,0.000000,210,310,380,450,610,750,1600,2000,2100,2100,2100,1291,0,230.0,354.59628489525306,35.101499990560114,6221.424100018339,313.0
1778885095,350,GET,GET /api/ -> https://locust.io/,20.700000,0.000000,160,230,290,340,430,620,1700,1900,1900,1900,1900,1219,0,190.0,277.11985061568583,4.7623999998904765,2813.5853999992833,4762.0
1778885095,350,GET,GET /api/ -> https://redis.io/,20.500000,0.000000,150,230,320,370,480,640,1500,1800,1900,1900,1900,1232,0,190.0,312.894358361093,5.874199996469542,3905.5213000101503,7221.0
1778885095,350,GET,GET /api/ -> https://training.play-with-docker.com/,20.700000,0.000000,200,290,360,410,590,1700,1900,2100,2200,2200,2200,1208,0,200.0,299.97635273193373,19.748899998376146,3050.641000008909,1424.0
1778885095,350,GET,GET /api/ -> https://www.python.org/,20.000000,0.000000,170,290,330,430,580,1500,1800,1800,1900,1900,1900,1282,0,170.0,310.3677093605028,7.145200012018904,4286.96199998376,12980.0
1778885095,350,,Aggregated,207.100000,0.000000,190,300,380,440,750,1600,30000,30000,30000,30000,30000,12656,0,190.0,551.5136499684387,4.7623999998904765,30460.78310001758,6698.230799620733
1778885096,350,GET,GET /api/ -> http://example.com/,25.200000,0.000000,450,1100,1400,1700,30000,30000,30000,30000,30000,30000,30000,1412,0,140.0,2625.035716430669,5.066899990197271,30460.78310001758,59.936260623229465
1778885096,350,GET,GET /api/ -> https://books.toscrape.com/,18.400000,0.000000,160,260,320,380,510,720,950,1100,1900,1900,1900,1298,0,190.0,289.4937985359016,5.414499988546595,3067.3379999934696,7848.0
1778885096,350,GET,GET /api/ -> https://docs.docker.com/,18.600000,0.000000,220,330,390,440,630,830,1100,1800,2400,2400,2400,1292,0,210.0,326.7661831271177,4.966200009221211,5692.1355000231415,1741.0
1778885096,350,GET,GET /api/ -> https://flask.palletsprojects.com/,18.800000,0.000000,210,320,390,450,620,860,980,1200,1800,1800,1800,1287,0,200.0,289.8314404039705,6.703300023218617,2888.8374000089243,19667.0
1778885096,350,GET,GET /api/ -> https://github.com/ibnesayeed/linkextractor,20.200000,0.000000,180,280,400,450,960,1600,1900,2000,2100,2100,2100,1245,0,180.0,288.85149092307825,6.07010000385344,2973.6895999812987,11810.0
1778885096,350,GET,GET /api/ -> https://httpbin.org/,17.700000,0.000000,210,320,380,460,640,760,1100,1800,2100,2100,2100,1297,0,240.0,355.9957213568144,35.101499990560114,6221.424100018339,313.0
1778885096,350,GET,GET /api/ -> https://locust.io/,20.100000,0.000000,180,250,340,380,530,780,1600,1800,1900,1900,1900,1260,0,190.0,279.8928481750264,4.7623999998904765,2813.5853999992833,4762.0
1778885096,350,GET,GET /api/ -> https://redis.io/,19.400000,0.000000,180,300,380,450,660,910,1400,1700,1900,1900,1900,1276,0,200.0,318.83503181887585,5.874199996469542,3905.5213000101503,7221.0
1778885096,350,GET,GET /api/ -> https://training.play-with-docker.com/,19.700000,0.000000,220,300,360,400,570,1700,1900,2100,2200,2200,2200,1227,0,200.0,300.15609616967515,19.748899998376146,3050.641000008909,1424.0
1778885096,350,GET,GET /api/ -> https://www.python.org/,18.100000,0.000000,190,290,390,470,660,1100,1700,1800,1900,1900,1900,1294,0,170.0,312.6376761207026,7.145200012018904,4286.96199998376,12980.0
1778885096,350,,Aggregated,196.200000,0.000000,200,320,410,480,830,1600,30000,30000,30000,30000,30000,12888,0,190.0,561.0799257837265,4.7623999998904765,30460.78310001758,6727.112818125388
1778885097,350,GET,GET /api/ -> http://example.com/,24.800000,0.000000,520,1100,1500,30000,30000,30000,30000,30000,30000,30000,30000,1422,0,140.0,2712.225495569719,5.066899990197271,30460.78310001758,59.74331926863572
1778885097,350,GET,GET /api/ -> https://books.toscrape.com/,20.700000,0.000000,160,270,340,380,550,740,1100,1800,1900,1900,1900,1307,0,190.0,288.61279173653236,5.414499988546595,3067.3379999934696,7848.0
1778885097,350,GET,GET /api/ -> https://docs.docker.com/,18.800000,0.000000,210,320,390,430,620,830,1100,1800,2400,2400,2400,1307,0,210.0,324.5222413161416,4.966200009221211,5692.1355000231415,1741.0
1778885097,350,GET,GET /api/ -> https://flask.palletsprojects.com/,18.300000,0.000000,190,310,390,470,670,860,980,1200,1800,1800,1800,1307,0,200.0,288.3543079571224,4.877200000919402,2888.8374000089243,19667.0
1778885097,350,GET,GET /api/ -> https://github.com/ibnesayeed/linkextractor,19.000000,0.000000,150,250,360,440,800,1600,1900,2000,2100,2100,2100,1307,0,180.0,284.24926694663736,3.9667000237386674,2973.6895999812987,11810.0
1778885097,350,GET,GET /api/ -> https://httpbin.org/,20.900000,0.000000,210,310,380,460,640,760,1100,1800,2100,2100,2100,1307,0,230.0,354.25819280780814,35.101499990560114,6221.424100018339,313.0
1778885097,350,GET,GET /api/ -> https://locust.io/,18.500000,0.000000,160,230,330,380,530,780,1600,1800,1900,1900,1900,1307,0,190.0,276.86665868450314,4.162400000495836,2813.5853999992833,4762.0
1778885097,350,GET,GET /api/ -> https://redis.io/,18.200000,0.000000,180,310,420,470,670,970,1500,1700,1900,1900,1900,1307,0,200.0,317.3265150733853,5.155600025318563,3905.5213000101503,7221.0
1778885097,350,GET,GET /api/ -> https://training.play-with-docker.com/,19.400000,0.000000,200,270,320,360,530,760,1800,2000,2200,2200,2200,1307,0,200.0,293.8344444531647,19.748899998376146,3050.641000008909,1424.0
1778885097,350,GET,GET /api/ -> https://www.python.org/,20.400000,0.000000,170,290,330,440,660,1000,1600,1800,1900,1900,1900,1307,0,170.0,311.1634687836542,5.663700023433194,4286.96199998376,12980.0
1778885097,350,,Aggregated,199.000000,0.000000,190,300,400,470,820,1500,30000,30000,30000,30000,30000,13185,0,190.0,564.0427170270071,3.9667000237386674,30460.78310001758,6723.937580583997
1778885098,350,GET,GET /api/ -> http://example.com/,24.700000,0.000000,250,1000,1400,30000,30000,30000,30000,30000,30000,30000,30000,1452,0,130.0,2759.7517379477285,3.551799978595227,30460.78310001758,59.62809917355372
1778885098,350,GET,GET /api/ -> https://books.toscrape.com/,20.000000,0.000000,140,230,300,340,450,680,860,1100,1100,1100,1100,1331,0,190.0,283.62527813644,3.629599988926202,3067.3379999934696,7848.0
1778885098,350,GET,GET /api/ -> https://docs.docker.com/,20.300000,0.000000,180,280,340,410,550,700,850,950,1100,1100,1100,1327,0,200.0,319.7482666919238,3.6506000033114105,5692.1355000231415,1741.0
1778885098,350,GET,GET /api/ -> https://flask.palletsprojects.com/,19.800000,0.000000,160,290,360,430,620,860,950,1200,1300,1300,1300,1325,0,190.0,284.5416750943833,3.8844000082463026,2888.8374000089243,19667.0
1778885098,350,GET,GET /api/ -> https://github.com/ibnesayeed/linkextractor,17.300000,0.000000,140,200,270,350,560,800,1500,1600,1600,1600,1600,1324,0,180.0,280.69394237107826,3.9667000237386674,2973.6895999812987,11810.0
1778885098,350,GET,GET /api/ -> https://httpbin.org/,19.800000,0.000000,190,300,360,410,600,720,980,1100,1600,1600,1600,1327,0,230.0,349.6948774678244,35.101499990560114,6221.424100018339,313.0
1778885098,350,GET,GET /api/ -> https://locust.io/,18.100000,0.000000,140,210,280,340,490,620,820,950,1600,1600,1600,1324,0,180.0,273.41306072560786,3.7629000144079328,2813.5853999992833,4762.0
1778885098,350,GET,GET /api/ -> https://redis.io/,18.700000,0.000000,150,290,370,440,640,780,1200,1400,1600,1600,1600,1324,0,190.0,313.35933904901333,4.259699984686449,3905.5213000101503,7221.0
1778885098,350,GET,GET /api/ -> https://training.play-with-docker.com/,17.800000,0.000000,180,250,290,310,420,550,610,760,1600,1600,1600,1324,0,200.0,290.71213225092845,19.748899998376146,3050.641000008909,1424.0
1778885098,350,GET,GET /api/ -> https://www.python.org/,20.100000,0.000000,140,250,300,390,550,780,1000,1500,1900,1900,1900,1327,0,170.0,306.6025063302815,4.194700013613328,4286.96199998376,12980.0
1778885098,350,,Aggregated,196.600000,0.000000,160,260,340,420,660,1000,30000,30000,30000,30000,30000,13385,0,190.0,567.0768297722208,3.551799978595227,30460.78310001758,6718.600597683974
1778885099,350,GET,GET /api/ -> http://example.com/,23.800000,0.000000,180,700,1200,1500,30000,30000,30000,30000,30000,30000,30000,1503,0,130.0,2769.6298779109,3.551799978595227,30460.78310001758,59.59414504324684
1778885099,350,GET,GET /api/ -> https://books.toscrape.com/,19.500000,0.000000,120,170,230,270,380,450,740,830,1100,1100,1100,1367,0,180.0,280.3022122161665,3.629599988926202,3067.3379999934696,7848.0
1778885099,350,GET,GET /api/ -> https://docs.docker.com/,19.900000,0.000000,160,270,340,400,550,720,950,1100,1100,1100,1100,1346,0,200.0,317.33129375942366,3.6506000033114105,5692.1355000231415,1741.0
1778885099,350,GET,GET /api/ -> https://flask.palletsprojects.com/,19.800000,0.000000,150,290,390,450,670,860,980,1200,1300,1300,1300,1337,0,190.0,283.4458896036454,3.8844000082463026,2888.8374000089243,19667.0
1778885099,350,GET,GET /api/ -> https://github.com/ibnesayeed/linkextractor,19.300000,0.000000,130,190,250,330,520,850,1500,1600,1600,1600,1600,1328,0,180.0,280.28438795127477,3.9667000237386674,2973.6895999812987,11810.0
1778885099,350,GET,GET /api/ -> https://httpbin.org/,19.700000,0.000000,170,240,310,360,560,750,1100,1100,1600,1600,1600,1362,0,220.0,345.7117661526784,35.101499990560114,6221.424100018339,313.0
1778885099,350,GET,GET /api/ -> https://locust.io/,19.500000,0.000000,130,200,280,350,490,690,820,950,1600,1600,1600,1331,0,180.0,272.6948067624084,3.7629000144079328,2813.5853999992833,4762.0
1778885099,350,GET,GET /api/ -> https://redis.io/,19.800000,0.000000,140,290,370,460,660,850,1200,1400,1600,1600,1600,1334,0,190.0,312.2519137188096,4.259699984686449,3905.5213000101503,7221.0
1778885099,350,GET,GET /api/ -> https://training.play-with-docker.com/,19.000000,0.000000,180,230,270,300,390,480,590,610,1600,1600,1600,1327,0,200.0,290.401388696504,19.748899998376146,3050.641000008909,1424.0
1778885099,350,GET,GET /api/ -> https://www.python.org/,19.800000,0.000000,140,220,290,360,570,810,1500,1600,1900,1900,1900,1354,0,170.0,304.072282718076,4.194700013613328,4286.96199998376,12980.0
1778885099,350,,Aggregated,200.100000,0.000000,150,230,320,390,640,1100,30000,30000,30000,30000,30000,13589,0,190.0,571.9093644419222,3.551799978595227,30460.78310001758,6696.706232982559
1778885100,350,GET,GET /api/ -> http://example.com/,25.300000,0.000000,220,560,1100,1400,30000,30000,30000,30000,30000,30000,30000,1546,0,140.0,2796.02296701174,3.551799978595227,30460.78310001758,59.534282018111256
1778885100,350,GET,GET /api/ -> https://books.toscrape.com/,20.500000,0.000000,140,210,300,330,420,570,810,960,1100,1100,1100,1407,0,190.0,280.87963112973733,3.629599988926202,3067.3379999934696,7848.0
1778885100,350,GET,GET /api/ -> https://docs.docker.com/,21.600000,0.000000,180,300,360,420,540,680,850,950,1100,1100,1100,1372,0,200.0,316.9697065598487,3.6506000033114105,5692.1355000231415,1741.0
1778885100,350,GET,GET /api/ -> https://flask.palletsprojects.com/,21.700000,0.000000,160,290,390,440,590,840,980,1200,1300,1300,1300,1363,0,190.0,283.80067637571585,3.8844000082463026,2888.8374000089243,19667.0
1778885100,350,GET,GET /api/ -> https://github.com/ibnesayeed/linkextractor,23.500000,0.000000,120,190,250,330,590,1000,1500,1600,1600,1600,1600,1341,0,180.0,280.6422483962686,3.9667000237386674,2973.6895999812987,11810.0
1778885100,350,GET,GET /api/ -> https://httpbin.org/,20.700000,0.000000,170,250,320,360,520,700,980,1100,1600,1600,1600,1396,0,220.0,344.1522825931232,35.101499990560114,6221.424100018339,313.0
1778885100,350,GET,GET /api/ -> https://locust.io/,22.300000,0.000000,120,200,290,380,500,690,890,1300,1600,1600,1600,1350,0,180.0,273.19704214865516,3.7629000144079328,2813.5853999992833,4762.0
1778885100,350,GET,GET /api/ -> https://redis.io/,21.900000,0.000000,130,280,340,440,670,850,1200,1500,1600,1600,1600,1356,0,190.0,311.1036705758873,4.259699984686449,3905.5213000101503,7221.0
1778885100,350,GET,GET /api/ -> https://training.play-with-docker.com/,24.500000,0.000000,160,220,250,270,360,480,600,760,1600,1600,1600,1333,0,200.0,289.93312723198255,19.748899998376146,3050.641000008909,1424.0
1778885100,350,GET,GET /api/ -> https://www.python.org/,21.200000,0.000000,170,230,300,390,580,780,1000,1500,1900,1900,1900,1380,0,170.0,303.62614586977185,4.194700013613328,4286.96199998376,12980.0
1778885100,350,,Aggregated,223.200000,0.000000,150,250,340,400,640,1100,30000,30000,30000,30000,30000,13844,0,190.0,577.3249980497995,3.551799978595227,30460.78310001758,6691.279615718001
1778885101,350,GET,GET /api/ -> http://example.com/,24.400000,0.000000,170,310,570,30000,30000,30000,30000,30000,30000,30000,30000,1561,0,140.0,2867.635760410125,3.551799978595227,30460.78310001758,59.37860345932095
1778885101,350,GET,GET /api/ -> https://books.toscrape.com/,20.300000,0.000000,200,300,360,390,560,720,850,1100,1100,1100,1100,1426,0,190.0,282.68607601653696,3.629599988926202,3067.3379999934696,7848.0
1778885101,350,GET,GET /api/ -> https://docs.docker.com/,22.200000,0.000000,240,330,390,430,550,680,850,950,1100,1100,1100,1411,0,200.0,316.083028986593,3.6506000033114105,5692.1355000231415,1741.0
1778885101,350,GET,GET /api/ -> https://flask.palletsprojects.com/,22.600000,0.000000,220,360,440,470,670,860,1200,1200,1300,1300,1300,1397,0,200.0,284.3596612026784,3.8844000082463026,2888.8374000089243,19667.0
1778885101,350,GET,GET /api/ -> https://github.com/ibnesayeed/linkextractor,23.400000,0.000000,150,250,320,420,570,730,1100,1300,1500,1500,1500,1369,0,180.0,280.44797487168654,3.9667000237386674,2973.6895999812987,11810.0
1778885101,350,GET,GET /api/ -> https://httpbin.org/,21.500000,0.000000,210,310,370,450,620,750,980,1100,1100,1100,1100,1420,0,230.0,345.5119500704672,35.101499990560114,6221.424100018339,313.0
1778885101,350,GET,GET /api/ -> https://locust.io/,23.200000,0.000000,180,280,350,410,530,690,820,950,1300,1300,1300,1380,0,190.0,272.756780652676,3.7629000144079328,2813.5853999992833,4762.0
1778885101,350,GET,GET /api/ -> https://redis.io/,23.000000,0.000000,210,340,420,490,690,850,1200,1400,1600,1600,1600,1392,0,190.0,311.08250704085225,4.259699984686449,3905.5213000101503,7221.0
1778885101,350,GET,GET /api/ -> https://training.play-with-docker.com/,24.100000,0.000000,210,250,280,310,450,530,720,890,900,900,900,1363,0,200.0,290.32974020558834,19.748899998376146,3050.641000008909,1424.0
1778885101,350,GET,GET /api/ -> https://www.python.org/,21.600000,0.000000,200,280,350,420,580,700,940,1000,1900,1900,1900,1417,0,180.0,303.51221785482085,4.194700013613328,4286.96199998376,12980.0
1778885101,350,,Aggregated,226.300000,0.000000,200,300,380,430,610,850,30000,30000,30000,30000,30000,14136,0,190.0,582.3798153226855,3.551799978595227,30460.78310001758,6705.178409734012
1778885104,350,GET,GET /api/ -> http://example.com/,27.300000,0.000000,190,300,520,30000,30000,30000,31000,31000,31000,31000,31000,1608,0,140.0,2979.807241853286,3.551799978595227,31032.416200003354,59.1386815920398
1778885104,350,GET,GET /api/ -> https://books.toscrape.com/,22.300000,0.000000,200,310,390,430,570,840,30000,30000,30000,30000,30000,1462,0,190.0,384.68222270832223,3.629599988926202,30087.254299985943,7821.160054719562
1778885104,350,GET,GET /api/ -> https://docs.docker.com/,21.700000,0.000000,220,340,400,470,670,950,2200,2400,2500,2500,2500,1431,0,200.0,323.0589064291501,3.6506000033114105,5692.1355000231415,1741.0
1778885104,350,GET,GET /api/ -> https://flask.palletsprojects.com/,20.400000,0.000000,270,410,490,550,950,2100,2300,2600,2800,2800,2800,1425,0,200.0,302.8991762106307,3.8844000082463026,2888.8374000089243,19667.0
1778885104,350,GET,GET /api/ -> https://github.com/ibnesayeed/linkextractor,17.900000,0.000000,170,270,400,470,690,2100,2400,2600,2800,2800,2800,1407,0,180.0,295.4299049745468,3.9667000237386674,2973.6895999812987,11810.0
1778885104,350,GET,GET /api/ -> https://httpbin.org/,22.100000,0.000000,230,320,400,480,700,1100,2400,2800,2900,2900,2900,1446,0,230.0,353.32092890734265,35.101499990560114,6221.424100018339,313.0
1778885104,350,GET,GET /api/ -> https://locust.io/,18.900000,0.000000,190,310,390,430,690,2000,2200,2300,2500,2500,2500,1414,0,190.0,287.7472362098139,3.7629000144079328,2813.5853999992833,4762.0
1778885104,350,GET,GET /api/ -> https://redis.io/,20.100000,0.000000,200,340,430,550,760,1000,2000,2300,2300,2300,2300,1417,0,190.0,316.02001877261876,4.259699984686449,3905.5213000101503,7221.0
1778885104,350,GET,GET /api/ -> https://training.play-with-docker.com/,17.700000,0.000000,210,250,300,330,500,650,2300,2300,2400,2400,2400,1392,0,200.0,297.83017636511704,19.748899998376146,3050.641000008909,1424.0
1778885104,350,GET,GET /api/ -> https://www.python.org/,22.100000,0.000000,200,270,360,450,580,830,1000,2200,2400,2400,2400,1438,0,180.0,305.17530577207975,4.194700013613328,4286.96199998376,12980.0
1778885104,350,,Aggregated,210.500000,0.000000,210,310,400,460,760,2200,30000,30000,31000,31000,31000,14440,0,190.0,615.1338413435664,3.551799978595227,31032.416200003354,6698.6716066481995
1778885105,350,GET,GET /api/ -> http://example.com/,26.300000,0.000000,190,290,450,30000,30000,30000,31000,31000,31000,31000,31000,1620,0,140.0,3051.14184358031,3.551799978595227,31032.416200003354,58.98148148148148
1778885105,350,GET,GET /api/ -> https://books.toscrape.com/,21.800000,0.000000,210,330,400,430,640,30000,30000,30000,30000,30000,30000,1479,0,190.0,484.2472634886053,3.629599988926202,30087.254299985943,7794.937119675456
1778885105,350,GET,GET /api/ -> https://docs.docker.com/,20.800000,0.000000,210,290,390,440,550,830,2200,2400,2500,2500,2500,1459,0,210.0,323.5636485264269,3.6506000033114105,5692.1355000231415,1741.0
1778885105,350,GET,GET /api/ -> https://flask.palletsprojects.com/,19.400000,0.000000,230,340,430,490,950,2100,2300,2600,2800,2800,2800,1455,0,200.0,301.76311436437686,3.8844000082463026,2888.8374000089243,19667.0
1778885105,350,GET,GET /api/ -> https://github.com/ibnesayeed/linkextractor,17.300000,0.000000,170,270,400,470,670,1500,2400,2600,2800,2800,2800,1432,0,180.0,294.5249243010994,3.9667000237386674,2973.6895999812987,11810.0
1778885105,350,GET,GET /api/ -> https://httpbin.org/,21.300000,0.000000,220,300,350,410,600,910,2400,2800,2900,2900,2900,1464,0,230.0,352.9682918715132,35.101499990560114,6221.424100018339,313.0
1778885105,350,GET,GET /api/ -> https://locust.io/,17.900000,0.000000,190,290,370,410,610,2000,2200,2300,2500,2500,2500,1438,0,190.0,286.21760549421487,3.7629000144079328,2813.5853999992833,4762.0
1778885105,350,GET,GET /api/ -> https://redis.io/,19.000000,0.000000,180,300,370,420,700,1000,2000,2300,2300,2300,2300,1448,0,190.0,314.37110973809325,4.259699984686449,3905.5213000101503,7221.0
1778885105,350,GET,GET /api/ -> https://training.play-with-docker.com/,16.800000,0.000000,210,250,310,350,510,800,2100,2300,2400,2400,2400,1427,0,200.0,297.82928878786294,19.748899998376146,3050.641000008909,1424.0
1778885105,350,GET,GET /api/ -> https://www.python.org/,21.400000,0.000000,190,250,300,360,560,780,1300,2200,2400,2400,2400,1463,0,180.0,304.7028016406433,4.194700013613328,4286.96199998376,12980.0
1778885105,350,,Aggregated,202.000000,0.000000,200,290,370,430,700,2200,30000,30000,31000,31000,31000,14685,0,190.0,629.6407444535952,3.551799978595227,31032.416200003354,6705.861082737487
1778885106,350,GET,GET /api/ -> http://example.com/,22.900000,0.000000,170,280,390,810,30000,30000,31000,31000,31000,31000,31000,1649,0,140.0,3090.3049038811973,3.551799978595227,31032.416200003354,58.89023650697392
1778885106,350,GET,GET /api/ -> https://books.toscrape.com/,20.100000,0.000000,170,300,380,410,580,30000,30000,30000,30000,30000,30000,1499,0,190.0,479.17513922590786,3.629599988926202,30087.254299985943,7795.645096731154
1778885106,350,GET,GET /api/ -> https://docs.docker.com/,21.100000,0.000000,190,270,360,410,520,650,2200,2400,2500,2500,2500,1481,0,200.0,321.2599124916294,3.6506000033114105,5692.1355000231415,1741.0
1778885106,350,GET,GET /api/ -> https://flask.palletsprojects.com/,20.700000,0.000000,190,280,340,410,670,2100,2300,2600,2800,2800,2800,1478,0,200.0,299.74953619771054,3.8844000082463026,2888.8374000089243,19667.0
1778885106,350,GET,GET /api/ -> https://github.com/ibnesayeed/linkextractor,17.700000,0.000000,150,210,280,320,530,2100,2400,2600,2800,2800,2800,1470,0,180.0,290.935402244312,3.9667000237386674,2973.6895999812987,11810.0
1778885106,350,GET,GET /api/ -> https://httpbin.org/,21.400000,0.000000,200,300,350,400,530,700,2400,2800,2900,2900,2900,1487,0,230.0,350.2645069939083,35.101499990560114,6221.424100018339,313.0
1778885106,350,GET,GET /api/ -> https://locust.io/,19.100000,0.000000,160,240,300,330,450,2100,2200,2400,2500,2500,2500,1473,0,190.0,283.1948096406918,3.7629000144079328,2813.5853999992833,4762.0
1778885106,350,GET,GET /api/ -> https://redis.io/,20.000000,0.000000,160,230,320,340,460,760,2200,2300,2300,2300,2300,1475,0,190.0,312.3129945089527,4.259699984686449,3905.5213000101503,7221.0
1778885106,350,GET,GET /api/ -> https://training.play-with-docker.com/,17.200000,0.000000,180,230,250,310,480,810,2100,2300,2400,2400,2400,1468,0,200.0,294.8095770438758,19.748899998376146,3050.641000008909,1424.0
1778885106,350,GET,GET /api/ -> https://www.python.org/,21.700000,0.000000,170,210,280,310,510,620,1300,2200,2400,2400,2400,1485,0,170.0,301.5687175086066,4.194700013613328,4286.96199998376,12980.0
1778885106,350,,Aggregated,201.900000,0.000000,170,250,320,370,570,2200,30000,30000,31000,31000,31000,14965,0,190.0,630.8017410224712,3.551799978595227,31032.416200003354,6701.389442031406
1778885107,350,GET,GET /api/ -> http://example.com/,21.900000,0.000000,140,250,360,520,30000,30000,30000,31000,31000,31000,31000,1692,0,140.0,3101.927835756596,3.551799978595227,31032.416200003354,58.853427895981085
1778885107,350,GET,GET /api/ -> https://books.toscrape.com/,17.900000,0.000000,170,280,380,430,740,30000,30000,30000,30000,30000,30000,1547,0,190.0,661.7803884288872,3.629599988926202,30124.68269999954,7746.539107950873
1778885107,350,GET,GET /api/ -> https://docs.docker.com/,19.400000,0.000000,190,260,340,380,510,650,2200,2400,2500,2500,2500,1509,0,200.0,317.792571570663,3.6506000033114105,5692.1355000231415,1741.0
1778885107,350,GET,GET /api/ -> https://flask.palletsprojects.com/,20.700000,0.000000,180,270,340,380,570,2100,2300,2600,2800,2800,2800,1507,0,190.0,295.9903169211446,3.8844000082463026,2888.8374000089243,19667.0
1778885107,350,GET,GET /api/ -> https://github.com/ibnesayeed/linkextractor,21.100000,0.000000,150,200,280,320,550,2200,2500,2700,2800,2800,2800,1497,0,170.0,287.5165619900282,3.9667000237386674,2973.6895999812987,11810.0
1778885107,350,GET,GET /api/ -> https://httpbin.org/,17.800000,0.000000,200,280,330,370,500,690,2400,2400,2900,2900,2900,1517,0,230.0,346.7534154251007,35.101499990560114,6221.424100018339,313.0
1778885107,350,GET,GET /api/ -> https://locust.io/,21.400000,0.000000,170,240,290,330,450,2100,2200,2400,2500,2500,2500,1500,0,180.0,280.42076566708664,3.7629000144079328,2813.5853999992833,4762.0
1778885107,350,GET,GET /api/ -> https://redis.io/,21.600000,0.000000,170,240,320,350,460,760,2200,2300,2300,2300,2300,1504,0,190.0,309.1150507983176,4.259699984686449,3905.5213000101503,7221.0
1778885107,350,GET,GET /api/ -> https://training.play-with-docker.com/,20.700000,0.000000,190,230,270,330,500,840,2300,2300,2400,2400,2400,1489,0,200.0,292.57017327089466,19.748899998376146,3050.641000008909,1424.0
1778885107,350,GET,GET /api/ -> https://www.python.org/,18.700000,0.000000,160,210,270,300,450,580,950,2200,2400,2400,2400,1513,0,170.0,297.6218192334615,4.194700013613328,4286.96199998376,12980.0
1778885107,350,,Aggregated,201.200000,0.000000,170,250,320,370,570,2200,30000,30000,31000,31000,31000,15275,0,190.0,649.8041745990697,3.551799978595227,31032.416200003354,6694.969885433715
1778885108,350,GET,GET /api/ -> http://example.com/,22.900000,0.000000,150,250,360,560,30000,30000,30000,31000,31000,31000,31000,1729,0,140.0,3123.99701278211,3.551799978595227,31032.416200003354,58.796992481203006
1778885108,350,GET,GET /api/ -> https://books.toscrape.com/,18.900000,0.000000,200,310,390,450,30000,30000,30000,30000,30000,30000,30000,1582,0,190.0,745.3248279389448,3.629599988926202,30124.68269999954,7723.97977243995
1778885108,350,GET,GET /api/ -> https://docs.docker.com/,18.500000,0.000000,190,260,330,370,500,640,2100,2200,2500,2500,2500,1545,0,200.0,313.9060375405194,3.6506000033114105,5692.1355000231415,1741.0
1778885108,350,GET,GET /api/ -> https://flask.palletsprojects.com/,19.900000,0.000000,180,270,340,380,570,2100,2300,2500,2800,2800,2800,1536,0,190.0,293.51515175793946,3.8844000082463026,2888.8374000089243,19667.0
1778885108,350,GET,GET /api/ -> https://github.com/ibnesayeed/linkextractor,23.600000,0.000000,170,230,300,350,530,2200,2500,2700,2800,2800,2800,1517,0,170.0,286.2785910343883,3.9667000237386674,2973.6895999812987,11810.0
1778885108,350,GET,GET /api/ -> https://httpbin.org/,17.700000,0.000000,220,300,340,380,500,700,2400,2400,2900,2900,2900,1552,0,220.0,344.0975602447297,35.101499990560114,6221.424100018339,313.0
1778885108,350,GET,GET /api/ -> https://locust.io/,22.800000,0.000000,190,260,300,330,450,2100,2200,2400,2500,2500,2500,1527,0,180.0,278.70380157216687,3.7629000144079328,2813.5853999992833,4762.0
1778885108,350,GET,GET /api/ -> https://redis.io/,21.200000,0.000000,170,230,310,350,460,750,2000,2300,2300,2300,2300,1532,0,190.0,306.21903635817245,4.259699984686449,3905.5213000101503,7221.0
1778885108,350,GET,GET /api/ -> https://training.play-with-docker.com/,22.800000,0.000000,190,240,290,340,480,820,2300,2300,2400,2400,2400,1512,0,200.0,291.0627079367086,19.748899998376146,3050.641000008909,1424.0
1778885108,350,GET,GET /api/ -> https://www.python.org/,17.900000,0.000000,180,210,270,300,440,580,950,2200,2400,2400,2400,1550,0,170.0,294.0314493549522,4.194700013613328,4286.96199998376,12980.0
1778885108,350,,Aggregated,206.200000,0.000000,180,250,320,370,570,2200,30000,30000,31000,31000,31000,15582,0,190.0,659.4266897510495,3.551799978595227,31032.416200003354,6688.944487228854
1778885109,350,GET,GET /api/ -> http://example.com/,25.600000,0.000000,140,250,370,790,30000,30000,31000,31000,31000,31000,31000,1758,0,140.0,3159.600420079799,3.551799978595227,31032.416200003354,58.714448236632535
1778885109,350,GET,GET /api/ -> https://books.toscrape.com/,21.200000,0.000000,220,330,430,540,30000,30000,30000,30000,30000,30000,30000,1614,0,190.0,828.0215225523785,3.629599988926202,30124.68269999954,7702.126394052045
1778885109,350,GET,GET /api/ -> https://docs.docker.com/,19.400000,0.000000,190,260,340,380,510,640,2100,2200,2500,2500,2500,1569,0,200.0,312.9912145952816,3.6506000033114105,5692.1355000231415,1741.0
1778885109,350,GET,GET /api/ -> https://flask.palletsprojects.com/,19.300000,0.000000,180,270,330,380,570,2100,2300,2500,2800,2800,2800,1566,0,190.0,292.096974201895,3.8844000082463026,2888.8374000089243,19667.0
1778885109,350,GET,GET /api/ -> https://github.com/ibnesayeed/linkextractor,21.000000,0.000000,170,230,300,350,510,2100,2400,2600,2800,2800,2800,1549,0,170.0,284.8716756611373,3.9667000237386674,2973.6895999812987,11810.0
1778885109,350,GET,GET /api/ -> https://httpbin.org/,19.500000,0.000000,210,300,340,380,500,700,2400,2400,2900,2900,2900,1579,0,220.0,341.8745585812959,35.101499990560114,6221.424100018339,313.0
1778885109,350,GET,GET /api/ -> https://locust.io/,19.700000,0.000000,180,240,300,330,450,2000,2200,2300,2500,2500,2500,1552,0,180.0,277.20829606997285,3.7629000144079328,2813.5853999992833,4762.0
1778885109,350,GET,GET /api/ -> https://redis.io/,19.100000,0.000000,170,230,300,340,420,700,2000,2300,2300,2300,2300,1560,0,190.0,303.76731012867634,4.259699984686449,3905.5213000101503,7221.0
1778885109,350,GET,GET /api/ -> https://training.play-with-docker.com/,22.000000,0.000000,190,240,300,330,480,810,2100,2300,2400,2400,2400,1544,0,200.0,289.4170060234703,19.748899998376146,3050.641000008909,1424.0
1778885109,350,GET,GET /api/ -> https://www.python.org/,19.600000,0.000000,160,210,270,300,390,580,950,2200,2400,2400,2400,1575,0,170.0,292.061380000068,4.194700013613328,4286.96199998376,12980.0
1778885109,350,,Aggregated,206.400000,0.000000,180,260,320,370,570,2200,30000,30000,31000,31000,31000,15866,0,180.0,670.0843512479915,3.551799978595227,31032.416200003354,6690.4109416362035
1778885110,350,GET,GET /api/ -> http://example.com/,28.200000,0.000000,120,200,300,570,30000,30000,31000,31000,31000,31000,31000,1788,0,130.0,3192.137186409523,3.551799978595227,31032.416200003354,58.63814317673378
1778885110,350,GET,GET /api/ -> https://books.toscrape.com/,24.500000,0.000000,180,300,430,560,30000,30000,30000,30000,30000,30000,30000,1644,0,190.0,907.1185380168048,3.629599988926202,30124.68269999954,7680.919708029197
1778885110,350,GET,GET /api/ -> https://docs.docker.com/,20.700000,0.000000,190,240,290,360,500,560,2100,2200,2500,2500,2500,1599,0,200.0,310.4894332707447,3.6506000033114105,5692.1355000231415,1741.0
1778885110,350,GET,GET /api/ -> https://flask.palletsprojects.com/,20.000000,0.000000,170,240,290,340,520,2100,2300,2500,2800,2800,2800,1594,0,190.0,289.86660740285316,3.8844000082463026,2888.8374000089243,19667.0
1778885110,350,GET,GET /api/ -> https://github.com/ibnesayeed/linkextractor,19.300000,0.000000,170,220,280,310,450,880,2400,2600,2800,2800,2800,1579,0,170.0,282.55726447057754,3.9667000237386674,2973.6895999812987,11810.0
1778885110,350,GET,GET /api/ -> https://httpbin.org/,22.100000,0.000000,210,270,320,350,500,800,2400,2800,2900,2900,2900,1601,0,220.0,340.3250933165796,35.101499990560114,6221.424100018339,313.0
1778885110,350,GET,GET /api/ -> https://locust.io/,19.600000,0.000000,160,230,270,310,400,2000,2200,2300,2500,2500,2500,1587,0,180.0,275.41736320141104,3.7629000144079328,2813.5853999992833,4762.0
1778885110,350,GET,GET /api/ -> https://redis.io/,19.900000,0.000000,150,220,270,340,410,660,2000,2300,2300,2300,2300,1588,0,180.0,301.5047273304201,4.259699984686449,3905.5213000101503,7221.0
1778885110,350,GET,GET /api/ -> https://training.play-with-docker.com/,18.600000,0.000000,180,220,280,310,480,750,2100,2300,2400,2400,2400,1576,0,190.0,286.6940814722137,19.748899998376146,3050.641000008909,1424.0
1778885110,350,GET,GET /api/ -> https://www.python.org/,21.400000,0.000000,140,200,240,280,360,560,950,2200,2400,2400,2400,1601,0,170.0,289.69355927549987,4.194700013613328,4286.96199998376,12980.0
1778885110,350,,Aggregated,214.300000,0.000000,170,230,290,340,540,2200,30000,30000,31000,31000,31000,16157,0,180.0,679.5747143653175,3.551799978595227,31032.416200003354,6688.363124342391
1778885111,350,GET,GET /api/ -> http://example.com/,27.200000,0.000000,120,210,300,400,30000,30000,30000,31000,31000,31000,31000,1822,0,140.0,3217.599508617007,3.551799978595227,31032.416200003354,58.578485181119646
1778885111,350,GET,GET /api/ -> https://books.toscrape.com/,24.500000,0.000000,180,280,410,540,30000,30000,30000,30000,30000,30000,30000,1677,0,190.0,981.4087440665403,3.629599988926202,30124.68269999954,7660.808586762075
1778885111,350,GET,GET /api/ -> https://docs.docker.com/,21.900000,0.000000,170,230,280,340,470,550,2100,2200,2500,2500,2500,1622,0,200.0,308.23930672009743,3.6506000033114105,5692.1355000231415,1741.0
1778885111,350,GET,GET /api/ -> https://flask.palletsprojects.com/,21.500000,0.000000,170,240,290,330,460,2000,2300,2500,2800,2800,2800,1619,0,190.0,287.8883542310561,3.8844000082463026,2888.8374000089243,19667.0
1778885111,350,GET,GET /api/ -> https://github.com/ibnesayeed/linkextractor,20.100000,0.000000,170,220,280,310,450,750,2400,2600,2800,2800,2800,1601,0,170.0,281.78643073021624,3.9667000237386674,2973.6895999812987,11810.0
1778885111,350,GET,GET /api/ -> https://httpbin.org/,22.100000,0.000000,210,260,320,350,500,690,2400,2400,2900,2900,2900,1631,0,220.0,338.29303494777935,35.101499990560114,6221.424100018339,313.0
1778885111,350,GET,GET /api/ -> https://locust.io/,20.400000,0.000000,170,220,270,300,400,700,2200,2300,2500,2500,2500,1608,0,180.0,274.4119061571656,3.7629000144079328,2813.5853999992833,4762.0
1778885111,350,GET,GET /api/ -> https://redis.io/,20.800000,0.000000,150,220,270,330,410,600,1200,2300,2300,2300,2300,1614,0,180.0,299.2344581788887,4.259699984686449,3905.5213000101503,7221.0
1778885111,350,GET,GET /api/ -> https://training.play-with-docker.com/,19.400000,0.000000,180,220,280,310,430,720,2000,2300,2400,2400,2400,1600,0,190.0,285.56573287514766,19.748899998376146,3050.641000008909,1424.0
1778885111,350,GET,GET /api/ -> https://www.python.org/,22.200000,0.000000,140,190,240,280,360,540,950,2200,2400,2400,2400,1624,0,170.0,287.82433011090086,4.194700013613328,4286.96199998376,12980.0
1778885111,350,,Aggregated,220.100000,0.000000,170,230,280,330,510,2200,30000,30000,31000,31000,31000,16418,0,180.0,689.8398605433393,3.551799978595227,31032.416200003354,6682.111341210866
1778885112,350,GET,GET /api/ -> http://example.com/,25.000000,0.000000,130,210,300,390,30000,30000,30000,31000,31000,31000,31000,1857,0,140.0,3241.4709919763895,3.551799978595227,31032.416200003354,58.52450188476037
1778885112,350,GET,GET /api/ -> https://books.toscrape.com/,24.600000,0.000000,170,270,400,520,30000,30000,30000,30000,30000,30000,30000,1712,0,190.0,1053.3557314833772,3.629599988926202,30124.68269999954,7641.714953271028
1778885112,350,GET,GET /api/ -> https://docs.docker.com/,22.100000,0.000000,170,220,280,320,450,550,2100,2200,2500,2500,2500,1647,0,200.0,306.8379817850743,3.6506000033114105,5692.1355000231415,1741.0
1778885112,350,GET,GET /api/ -> https://flask.palletsprojects.com/,22.600000,0.000000,160,230,280,320,430,2100,2300,2500,2800,2800,2800,1637,0,190.0,286.64788607213956,3.8844000082463026,2888.8374000089243,19667.0
1778885112,350,GET,GET /api/ -> https://github.com/ibnesayeed/linkextractor,22.600000,0.000000,170,220,270,300,450,750,2400,2600,2800,2800,2800,1625,0,170.0,281.0704630763055,3.9667000237386674,2973.6895999812987,11810.0
1778885112,350,GET,GET /api/ -> https://httpbin.org/,21.700000,0.000000,200,250,300,330,440,640,2400,2400,2900,2900,2900,1659,0,220.0,336.94808541279514,35.101499990560114,6221.424100018339,313.0
1778885112,350,GET,GET /api/ -> https://locust.io/,22.700000,0.000000,160,220,270,300,440,700,2200,2300,2500,2500,2500,1628,0,180.0,273.9112907252081,3.7629000144079328,2813.5853999992833,4762.0
1778885112,350,GET,GET /api/ -> https://redis.io/,22.700000,0.000000,140,200,250,290,410,520,2000,2300,2300,2300,2300,1631,0,180.0,298.22504248970847,4.259699984686449,3905.5213000101503,7221.0
1778885112,350,GET,GET /api/ -> https://training.play-with-docker.com/,22.100000,0.000000,170,220,250,300,400,650,2000,2300,2400,2400,2400,1619,0,190.0,284.5295562694402,19.748899998376146,3050.641000008909,1424.0
1778885112,350,GET,GET /api/ -> https://www.python.org/,22.000000,0.000000,130,180,230,260,330,440,660,2200,2400,2400,2400,1653,0,170.0,286.6621214156573,4.194700013613328,4286.96199998376,12980.0
1778885112,350,,Aggregated,228.100000,0.000000,160,220,280,320,490,2300,30000,30000,31000,31000,31000,16668,0,180.0,700.7401145908508,3.551799978595227,31032.416200003354,6674.796136309095
1778885113,350,GET,GET /api/ -> http://example.com/,24.600000,0.000000,120,200,270,370,30000,30000,30000,30000,30000,30000,30000,1883,0,140.0,3277.8791021775182,3.551799978595227,31032.416200003354,58.441317047265
1778885113,350,GET,GET /api/ -> https://books.toscrape.com/,23.800000,0.000000,180,280,410,540,30000,30000,30000,30000,30000,30000,30000,1739,0,190.0,1125.6517869462657,3.629599988926202,30124.68269999954,7622.3530764807365
1778885113,350,GET,GET /api/ -> https://docs.docker.com/,22.400000,0.000000,170,230,280,330,420,500,560,620,2500,2500,2500,1674,0,200.0,306.11233894866984,3.6506000033114105,5692.1355000231415,1741.0
1778885113,350,GET,GET /api/ -> https://flask.palletsprojects.com/,23.200000,0.000000,160,220,270,290,370,480,640,2500,2800,2800,2800,1668,0,190.0,285.4909400480221,3.8844000082463026,2888.8374000089243,19667.0
1778885113,350,GET,GET /api/ -> https://github.com/ibnesayeed/linkextractor,23.900000,0.000000,170,220,270,290,410,510,2400,2600,2800,2800,2800,1646,0,170.0,280.19401871138547,3.9667000237386674,2973.6895999812987,11810.0
1778885113,350,GET,GET /api/ -> https://httpbin.org/,20.800000,0.000000,200,260,300,330,410,500,880,1000,2900,2900,2900,1683,0,220.0,335.7234886511506,35.101499990560114,6221.424100018339,313.0
1778885113,350,GET,GET /api/ -> https://locust.io/,23.300000,0.000000,160,210,260,280,370,460,640,2300,2500,2500,2500,1655,0,180.0,273.03317474360296,3.7629000144079328,2813.5853999992833,4762.0
1778885113,350,GET,GET /api/ -> https://redis.io/,23.400000,0.000000,150,200,260,290,400,470,660,820,2300,2300,2300,1663,0,180.0,296.822604029263,4.259699984686449,3905.5213000101503,7221.0
1778885113,350,GET,GET /api/ -> https://training.play-with-docker.com/,24.100000,0.000000,170,220,260,290,390,510,800,840,2400,2400,2400,1639,0,200.0,284.50944990866753,19.748899998376146,3050.641000008909,1424.0
1778885113,350,GET,GET /api/ -> https://www.python.org/,21.800000,0.000000,140,190,230,260,330,380,480,570,1300,1300,1300,1678,0,170.0,285.24864475571366,4.194700013613328,4286.96199998376,12980.0
1778885113,350,,Aggregated,231.300000,0.000000,160,220,270,310,440,710,30000,30000,30000,30000,30000,16928,0,180.0,710.9553311377931,3.551799978595227,31032.416200003354,6678.541765122874
1778885115,350,GET,GET /api/ -> http://example.com/,29.700000,0.000000,120,190,240,360,30000,30000,30000,30000,30000,30000,30000,1913,0,140.0,3307.9341599583186,3.551799978595227,31032.416200003354,58.3742812336644
1778885115,350,GET,GET /api/ -> https://books.toscrape.com/,29.000000,0.000000,160,260,350,460,30000,30000,30000,30000,30000,30000,30000,1767,0,190.0,1162.415922297432,3.629599988926202,30124.68269999954,7612.60441426146
1778885115,350,GET,GET /api/ -> https://docs.docker.com/,23.900000,0.000000,160,210,270,290,360,460,530,560,590,590,590,1696,0,200.0,305.20796073111376,3.6506000033114105,5692.1355000231415,1741.0
1778885115,350,GET,GET /api/ -> https://flask.palletsprojects.com/,24.400000,0.000000,150,190,240,270,340,450,640,690,870,870,870,1693,0,190.0,285.2641244537741,3.8844000082463026,2888.8374000089243,19667.0
1778885115,350,GET,GET /api/ -> https://github.com/ibnesayeed/linkextractor,25.800000,0.000000,170,220,270,290,380,450,620,730,840,840,840,1672,0,180.0,280.60337787015175,3.9667000237386674,2973.6895999812987,11810.0
1778885115,350,GET,GET /api/ -> https://httpbin.org/,24.500000,0.000000,190,250,280,320,400,490,810,930,1000,1000,1000,1710,0,220.0,335.11535736837027,35.101499990560114,6221.424100018339,313.0
1778885115,350,GET,GET /api/ -> https://locust.io/,24.900000,0.000000,160,210,260,290,390,490,660,690,700,700,700,1679,0,180.0,273.13794675443995,3.7629000144079328,2813.5853999992833,4762.0
1778885115,350,GET,GET /api/ -> https://redis.io/,24.000000,0.000000,140,200,270,310,410,470,640,670,730,730,730,1685,0,180.0,296.97146332381953,4.259699984686449,3905.5213000101503,7221.0
1778885115,350,GET,GET /api/ -> https://training.play-with-docker.com/,26.000000,0.000000,160,210,250,280,370,490,660,750,1100,1100,1100,1667,0,200.0,284.65327312557383,19.748899998376146,3050.641000008909,1424.0
1778885115,350,GET,GET /api/ -> https://www.python.org/,24.100000,0.000000,140,180,230,260,340,380,470,480,660,660,660,1702,0,170.0,284.05982420690367,4.194700013613328,4286.96199998376,12980.0
1778885115,350,,Aggregated,256.300000,0.000000,160,210,260,300,410,640,30000,30000,30000,30000,30000,17184,0,180.0,718.2175460370515,3.551799978595227,31032.416200003354,6676.1062616387335
1778885116,350,GET,GET /api/ -> http://example.com/,29.200000,0.000000,130,210,270,370,30000,30000,30000,30000,30000,30000,30000,1938,0,140.0,3344.8648990713837,3.551799978595227,31032.416200003354,58.29205366357069
1778885116,350,GET,GET /api/ -> https://books.toscrape.com/,30.900000,0.000000,190,280,420,530,30000,30000,30000,30000,30000,30000,30000,1790,0,190.0,1184.1108545248806,3.629599988926202,30182.706399995368,7606.860335195531
1778885116,350,GET,GET /api/ -> https://docs.docker.com/,25.900000,0.000000,170,220,280,320,380,460,530,560,590,590,590,1718,0,200.0,304.2265235157083,3.6506000033114105,5692.1355000231415,1741.0
1778885116,350,GET,GET /api/ -> https://flask.palletsprojects.com/,25.900000,0.000000,170,210,250,290,370,480,640,690,870,870,870,1715,0,190.0,284.64155690975315,3.8844000082463026,2888.8374000089243,19667.0
1778885116,350,GET,GET /api/ -> https://github.com/ibnesayeed/linkextractor,27.000000,0.000000,190,230,280,300,390,500,620,730,840,840,840,1698,0,180.0,279.9100532974004,3.9667000237386674,2973.6895999812987,11810.0
1778885116,350,GET,GET /api/ -> https://httpbin.org/,26.100000,0.000000,210,260,300,330,410,500,810,930,1000,1000,1000,1726,0,220.0,334.3334575897459,35.101499990560114,6221.424100018339,313.0
1778885116,350,GET,GET /api/ -> https://locust.io/,26.200000,0.000000,170,230,270,300,390,490,660,690,700,700,700,1705,0,180.0,272.20864510303636,3.7629000144079328,2813.5853999992833,4762.0
1778885116,350,GET,GET /api/ -> https://redis.io/,26.100000,0.000000,150,230,290,320,420,470,640,670,730,730,730,1711,0,190.0,296.4183178846214,4.259699984686449,3905.5213000101503,7221.0
1778885116,350,GET,GET /api/ -> https://training.play-with-docker.com/,27.100000,0.000000,180,220,280,300,400,510,660,750,1100,1100,1100,1694,0,200.0,284.47066151138824,19.748899998376146,3050.641000008909,1424.0
1778885116,350,GET,GET /api/ -> https://www.python.org/,25.700000,0.000000,140,190,240,270,360,390,480,570,660,660,660,1722,0,170.0,283.2204778746996,4.194700013613328,4286.96199998376,12980.0
1778885116,350,,Aggregated,270.100000,0.000000,170,230,280,320,430,660,30000,30000,30000,30000,30000,17417,0,190.0,723.773399845025,3.551799978595227,31032.416200003354,6676.291439398289
1778885117,350,GET,GET /api/ -> http://example.com/,30.000000,0.000000,150,220,330,390,30000,30000,30000,30000,30000,30000,30000,1969,0,140.0,3370.59233524649,3.551799978595227,31032.416200003354,58.23260538344337
1778885117,350,GET,GET /api/ -> https://books.toscrape.com/,29.900000,0.000000,210,310,430,540,30000,30000,30000,30000,30000,30000,30000,1828,0,190.0,1328.0278337523846,3.629599988926202,30406.231600005412,7568.940919037199
1778885117,350,GET,GET /api/ -> https://docs.docker.com/,26.000000,0.000000,180,220,280,310,380,460,530,560,590,590,590,1746,0,200.0,301.80718344781616,3.6506000033114105,5692.1355000231415,1741.0
1778885117,350,GET,GET /api/ -> https://flask.palletsprojects.com/,26.100000,0.000000,180,230,280,300,390,480,640,690,870,870,870,1741,0,190.0,283.89472349248024,3.8844000082463026,2888.8374000089243,19667.0
1778885117,350,GET,GET /api/ -> https://github.com/ibnesayeed/linkextractor,25.600000,0.000000,200,240,280,300,390,500,700,750,960,960,960,1732,0,180.0,278.6274184174427,3.9667000237386674,2973.6895999812987,11810.0
1778885117,350,GET,GET /api/ -> https://httpbin.org/,25.200000,0.000000,210,270,300,330,440,500,810,930,1000,1000,1000,1754,0,220.0,333.1417587798368,35.101499990560114,6221.424100018339,313.0
1778885117,350,GET,GET /api/ -> https://locust.io/,25.800000,0.000000,180,230,280,310,410,500,660,690,700,700,700,1734,0,180.0,271.01418079625137,3.7629000144079328,2813.5853999992833,4762.0
1778885117,350,GET,GET /api/ -> https://redis.io/,25.600000,0.000000,150,230,290,320,430,490,640,670,730,730,730,1735,0,180.0,294.4781646112675,4.259699984686449,3905.5213000101503,7221.0
1778885117,350,GET,GET /api/ -> https://training.play-with-docker.com/,25.600000,0.000000,190,250,290,310,410,510,670,750,1100,1100,1100,1727,0,200.0,283.8823924148133,19.748899998376146,3050.641000008909,1424.0
1778885117,350,GET,GET /api/ -> https://www.python.org/,25.200000,0.000000,160,230,260,300,370,440,480,590,670,670,670,1750,0,170.0,282.44294251441687,4.194700013613328,4286.96199998376,12980.0
1778885117,350,,Aggregated,265.000000,0.000000,180,240,290,330,450,670,30000,30000,30000,30000,30000,17716,0,190.0,740.4526317397128,3.551799978595227,31032.416200003354,6671.63185820727
1778885118,350,GET,GET /api/ -> http://example.com/,30.600000,0.000000,150,230,340,420,30000,30000,30000,30000,30000,30000,30000,2012,0,140.0,3450.17595114326,3.551799978595227,31032.416200003354,58.05417495029821
1778885118,350,GET,GET /api/ -> https://books.toscrape.com/,30.400000,0.000000,200,280,400,500,30000,30000,30000,30000,30000,30000,30000,1855,0,190.0,1310.9243665763963,3.629599988926202,30406.231600005412,7573.00269541779
1778885118,350,GET,GET /api/ -> https://docs.docker.com/,25.300000,0.000000,190,220,270,300,360,420,480,560,590,590,590,1772,0,200.0,300.018295767467,3.6506000033114105,5692.1355000231415,1741.0
1778885118,350,GET,GET /api/ -> https://flask.palletsprojects.com/,25.400000,0.000000,180,220,280,290,370,480,640,690,870,870,870,1765,0,190.0,282.38243490103673,3.8844000082463026,2888.8374000089243,19667.0
1778885118,350,GET,GET /api/ -> https://github.com/ibnesayeed/linkextractor,25.000000,0.000000,190,240,280,300,380,500,700,750,960,960,960,1749,0,180.0,277.64199542536574,3.9667000237386674,2973.6895999812987,11810.0
1778885118,350,GET,GET /api/ -> https://httpbin.org/,25.400000,0.000000,210,270,300,320,410,500,700,880,1000,1000,1000,1782,0,220.0,330.7667329965919,35.101499990560114,6221.424100018339,313.0
1778885118,350,GET,GET /api/ -> https://locust.io/,24.800000,0.000000,170,230,280,300,430,580,660,690,700,700,700,1754,0,180.0,270.3827005705538,3.7629000144079328,2813.5853999992833,4762.0
1778885118,350,GET,GET /api/ -> https://redis.io/,25.500000,0.000000,150,230,290,320,430,490,600,670,730,730,730,1760,0,180.0,292.7333788639689,4.259699984686449,3905.5213000101503,7221.0
1778885118,350,GET,GET /api/ -> https://training.play-with-docker.com/,25.600000,0.000000,200,250,280,310,410,510,660,720,1100,1100,1100,1743,0,200.0,283.2874544465622,19.748899998376146,3050.641000008909,1424.0
1778885118,350,GET,GET /api/ -> https://www.python.org/,25.100000,0.000000,160,230,270,300,370,420,480,590,670,670,670,1778,0,170.0,280.49320376839756,4.194700013613328,4286.96199998376,12980.0
1778885118,350,,Aggregated,263.100000,0.000000,180,240,290,320,450,670,30000,30000,30000,30000,30000,17970,0,180.0,749.0554954146129,3.551799978595227,31032.416200003354,6666.525765164162
1778885119,350,GET,GET /api/ -> http://example.com/,30.000000,0.000000,160,240,360,490,30000,30000,30000,30000,30000,30000,30000,2037,0,140.0,3483.036064604967,3.551799978595227,31032.416200003354,57.97987236131566
1778885119,350,GET,GET /api/ -> https://books.toscrape.com/,30.500000,0.000000,200,280,410,520,30000,30000,30000,30000,30000,30000,30000,1881,0,190.0,1375.9235261027923,3.629599988926202,30406.231600005412,7555.942583732058
1778885119,350,GET,GET /api/ -> https://docs.docker.com/,25.300000,0.000000,190,230,280,320,390,460,530,580,630,630,630,1792,0,200.0,300.18428314731085,3.6506000033114105,5692.1355000231415,1741.0
1778885119,350,GET,GET /api/ -> https://flask.palletsprojects.com/,25.000000,0.000000,180,240,290,330,400,490,650,690,870,870,870,1785,0,190.0,282.7089742859121,3.8844000082463026,2888.8374000089243,19667.0
1778885119,350,GET,GET /api/ -> https://github.com/ibnesayeed/linkextractor,24.900000,0.000000,200,260,290,330,440,540,700,800,960,960,960,1766,0,180.0,278.2562660243355,3.9667000237386674,2973.6895999812987,11810.0
1778885119,350,GET,GET /api/ -> https://httpbin.org/,25.400000,0.000000,220,270,310,330,430,550,700,880,1000,1000,1000,1802,0,220.0,330.27448840177027,35.101499990560114,6221.424100018339,313.0
1778885119,350,GET,GET /api/ -> https://locust.io/,25.300000,0.000000,180,250,280,310,440,580,620,680,700,700,700,1772,0,180.0,270.2486174948348,3.7629000144079328,2813.5853999992833,4762.0
1778885119,350,GET,GET /api/ -> https://redis.io/,25.300000,0.000000,160,270,320,360,450,520,670,740,760,760,760,1782,0,180.0,293.39988866474886,4.259699984686449,3905.5213000101503,7221.0
1778885119,350,GET,GET /api/ -> https://training.play-with-docker.com/,24.500000,0.000000,210,270,290,330,440,510,660,720,1100,1100,1100,1760,0,200.0,283.4278450002206,19.748899998376146,3050.641000008909,1424.0
1778885119,350,GET,GET /api/ -> https://www.python.org/,25.300000,0.000000,160,230,270,310,380,460,590,640,670,670,670,1800,0,170.0,279.87327722231083,4.194700013613328,4286.96199998376,12980.0
1778885119,350,,Aggregated,261.500000,0.000000,190,260,300,350,470,700,30000,30000,30000,30000,30000,18177,0,190.0,760.1090181328609,3.551799978595227,31032.416200003354,6665.187434670188
1778885120,350,GET,GET /api/ -> http://example.com/,29.100000,0.000000,170,240,340,450,30000,30000,30000,30000,30000,30000,30000,2066,0,140.0,3508.3732500485607,3.551799978595227,31032.416200003354,57.92110358180058
1778885120,350,GET,GET /api/ -> https://books.toscrape.com/,29.000000,0.000000,210,290,420,530,30000,30000,30000,30000,30000,30000,30000,1912,0,190.0,1435.079600156558,3.629599988926202,30406.231600005412,7540.154811715481
1778885120,350,GET,GET /api/ -> https://docs.docker.com/,24.700000,0.000000,190,260,310,340,400,470,630,680,750,750,750,1824,0,200.0,299.47727351968194,3.6506000033114105,5692.1355000231415,1741.0
1778885120,350,GET,GET /api/ -> https://flask.palletsprojects.com/,24.800000,0.000000,190,260,300,330,420,550,690,780,870,870,870,1817,0,190.0,282.32808227864945,3.8844000082463026,2888.8374000089243,19667.0
1778885120,350,GET,GET /api/ -> https://github.com/ibnesayeed/linkextractor,24.200000,0.000000,210,270,300,350,470,540,730,800,960,960,960,1791,0,180.0,278.2052966493806,3.9667000237386674,2973.6895999812987,11810.0
1778885120,350,GET,GET /api/ -> https://httpbin.org/,24.500000,0.000000,220,290,320,350,430,500,670,810,930,930,930,1837,0,220.0,328.7260332063205,35.101499990560114,6221.424100018339,313.0
1778885120,350,GET,GET /api/ -> https://locust.io/,24.400000,0.000000,190,260,300,330,450,560,660,690,780,780,780,1802,0,180.0,269.83059894604094,3.7629000144079328,2813.5853999992833,4762.0
1778885120,350,GET,GET /api/ -> https://redis.io/,24.500000,0.000000,180,280,320,360,450,510,670,740,760,760,760,1808,0,180.0,292.27396039858775,4.259699984686449,3905.5213000101503,7221.0
1778885120,350,GET,GET /api/ -> https://training.play-with-docker.com/,24.400000,0.000000,220,280,300,340,440,570,670,790,1100,1100,1100,1787,0,200.0,282.94811550104754,19.748899998376146,3050.641000008909,1424.0
1778885120,350,GET,GET /api/ -> https://www.python.org/,24.800000,0.000000,170,230,270,310,400,470,600,660,970,970,970,1830,0,170.0,278.5080549181528,4.194700013613328,4286.96199998376,12980.0
1778885120,350,,Aggregated,254.400000,0.000000,200,270,310,350,470,700,30000,30000,30000,30000,30000,18474,0,190.0,767.7550879290343,3.551799978595227,31032.416200003354,6663.875446573563
1778885121,350,GET,GET /api/ -> http://example.com/,28.300000,0.000000,160,240,340,460,30000,30000,30000,30000,30000,30000,30000,2090,0,140.0,3540.9734260766836,3.551799978595227,31032.416200003354,57.84688995215311
1778885121,350,GET,GET /api/ -> https://books.toscrape.com/,28.600000,0.000000,210,290,420,530,30000,30000,30000,30000,30000,30000,30000,1938,0,190.0,1495.02216006156,3.629599988926202,30406.231600005412,7524.037151702786
1778885121,350,GET,GET /api/ -> https://docs.docker.com/,24.000000,0.000000,200,270,320,350,410,480,640,680,750,750,750,1845,0,200.0,298.6971106232576,3.6506000033114105,5692.1355000231415,1741.0
1778885121,350,GET,GET /api/ -> https://flask.palletsprojects.com/,23.900000,0.000000,190,260,300,330,420,500,690,780,870,870,870,1843,0,190.0,280.85664595782754,3.8844000082463026,2888.8374000089243,19667.0
1778885121,350,GET,GET /api/ -> https://github.com/ibnesayeed/linkextractor,23.300000,0.000000,200,260,300,350,450,540,730,800,960,960,960,1834,0,180.0,276.32170452513134,3.9667000237386674,2973.6895999812987,11810.0
1778885121,350,GET,GET /api/ -> https://httpbin.org/,24.200000,0.000000,220,290,320,340,430,550,670,810,930,930,930,1851,0,220.0,327.7655417612143,35.101499990560114,6221.424100018339,313.0
1778885121,350,GET,GET /api/ -> https://locust.io/,23.700000,0.000000,170,260,290,320,440,550,660,690,780,780,780,1838,0,180.0,267.6665572909494,3.7629000144079328,2813.5853999992833,4762.0
1778885121,350,GET,GET /api/ -> https://redis.io/,23.700000,0.000000,170,270,320,360,460,520,730,740,790,790,790,1840,0,180.0,290.417596087307,4.259699984686449,3905.5213000101503,7221.0
1778885121,350,GET,GET /api/ -> https://training.play-with-docker.com/,23.900000,0.000000,210,270,290,330,440,540,670,790,1100,1100,1100,1830,0,200.0,280.70592081981846,19.748899998376146,3050.641000008909,1424.0
1778885121,350,GET,GET /api/ -> https://www.python.org/,24.200000,0.000000,170,240,280,320,400,480,640,660,970,970,970,1847,0,170.0,277.5785715215249,4.194700013613328,4286.96199998376,12980.0
1778885121,350,,Aggregated,247.800000,0.000000,190,270,310,350,480,690,30000,30000,30000,30000,30000,18756,0,190.0,774.8394841117955,3.551799978595227,31032.416200003354,6665.546438473022
1778885123,350,GET,GET /api/ -> http://example.com/,28.400000,0.000000,150,240,360,30000,30000,30000,30000,31000,32000,32000,32000,2107,0,140.0,3587.0095916470273,3.551799978595227,31505.55100000929,57.75035595633602
1778885123,350,GET,GET /api/ -> https://books.toscrape.com/,28.000000,0.000000,220,290,430,540,30000,30000,30000,30000,30000,30000,30000,1955,0,190.0,1559.6045115085942,3.629599988926202,30406.231600005412,7506.782608695652
1778885123,350,GET,GET /api/ -> https://docs.docker.com/,23.900000,0.000000,200,250,310,340,410,500,660,700,750,750,750,1857,0,200.0,297.65240732359064,3.6506000033114105,5692.1355000231415,1741.0
1778885123,350,GET,GET /api/ -> https://flask.palletsprojects.com/,24.100000,0.000000,190,260,300,330,440,500,690,830,870,870,870,1849,0,190.0,280.3876506761826,3.8844000082463026,2888.8374000089243,19667.0
1778885123,350,GET,GET /api/ -> https://github.com/ibnesayeed/linkextractor,24.000000,0.000000,200,260,320,350,450,550,800,840,960,960,960,1841,0,180.0,275.91050548565846,3.9667000237386674,2973.6895999812987,11810.0
1778885123,350,GET,GET /api/ -> https://httpbin.org/,23.800000,0.000000,210,270,300,330,450,500,640,810,930,930,930,1868,0,220.0,326.5307330299813,35.101499990560114,6221.424100018339,313.0
1778885123,350,GET,GET /api/ -> https://locust.io/,24.300000,0.000000,180,260,280,320,430,530,660,690,780,780,780,1844,0,180.0,267.30461252751064,3.7629000144079328,2813.5853999992833,4762.0
1778885123,350,GET,GET /api/ -> https://redis.io/,24.300000,0.000000,170,270,310,350,460,520,740,760,790,790,790,1845,0,180.0,289.9810067212195,4.259699984686449,3905.5213000101503,7221.0
1778885123,350,GET,GET /api/ -> https://training.play-with-docker.com/,23.700000,0.000000,210,270,300,330,460,540,670,790,2100,2100,2100,1841,0,200.0,281.5046469311958,19.748899998376146,3050.641000008909,1424.0
1778885123,350,GET,GET /api/ -> https://www.python.org/,24.400000,0.000000,170,230,270,300,400,460,640,670,970,970,970,1861,0,170.0,276.6214940355841,4.194700013613328,4286.96199998376,12980.0
1778885123,350,,Aggregated,248.900000,0.000000,190,260,310,350,490,780,30000,30000,32000,32000,32000,18868,0,190.0,787.413148415351,3.551799978595227,31505.55100000929,6656.926595293618
1778885124,350,GET,GET /api/ -> http://example.com/,27.500000,0.000000,220,340,600,2100,30000,30000,31000,31000,32000,32000,32000,2184,0,150.0,3621.8104402474232,3.551799978595227,31505.55100000929,57.708333333333336
1778885124,350,GET,GET /api/ -> https://books.toscrape.com/,27.800000,0.000000,250,330,440,570,30000,30000,30000,31000,31000,31000,31000,2033,0,200.0,1735.480327938715,3.629599988926202,31334.8374000052,7461.969503197245
1778885124,350,GET,GET /api/ -> https://docs.docker.com/,23.500000,0.000000,200,260,320,350,460,640,2100,2400,2400,2400,2400,1870,0,200.0,301.8638285561116,3.6506000033114105,5692.1355000231415,1741.0
1778885124,350,GET,GET /api/ -> https://flask.palletsprojects.com/,23.000000,0.000000,200,290,330,380,450,780,2300,2900,3100,3100,3100,1868,0,190.0,289.6242036403757,3.8844000082463026,3057.605500012869,19667.0
1778885124,350,GET,GET /api/ -> https://github.com/ibnesayeed/linkextractor,24.000000,0.000000,200,250,290,340,470,550,960,2600,2800,2800,2800,1850,0,180.0,279.45296043193446,3.9667000237386674,2973.6895999812987,11810.0
1778885124,350,GET,GET /api/ -> https://httpbin.org/,23.700000,0.000000,220,270,300,330,410,490,630,670,2600,2600,2600,1913,0,220.0,327.47685886042945,35.101499990560114,6221.424100018339,313.0
1778885124,350,GET,GET /api/ -> https://locust.io/,23.600000,0.000000,170,240,280,310,430,530,590,780,2200,2200,2200,1854,0,180.0,268.19722011906777,3.7629000144079328,2813.5853999992833,4762.0
1778885124,350,GET,GET /api/ -> https://redis.io/,23.100000,0.000000,180,270,310,340,480,570,2100,2500,2700,2700,2700,1863,0,180.0,294.3616617824256,4.259699984686449,3905.5213000101503,7221.0
1778885124,350,GET,GET /api/ -> https://training.play-with-docker.com/,24.000000,0.000000,210,270,290,330,440,520,660,790,2100,2100,2100,1848,0,200.0,281.4078700759551,19.748899998376146,3050.641000008909,1424.0
1778885124,350,GET,GET /api/ -> https://www.python.org/,23.700000,0.000000,180,240,280,330,460,660,2100,2300,2400,2400,2400,1883,0,170.0,283.1962677643415,4.194700013613328,4286.96199998376,12980.0
1778885124,350,,Aggregated,243.900000,0.000000,210,270,330,370,550,2800,30000,30000,32000,32000,32000,19166,0,190.0,823.6540658406078,3.551799978595227,31505.55100000929,6631.090316184911
1778885125,350,GET,GET /api/ -> http://example.com/,24.400000,0.000000,230,360,1800,2200,30000,30000,31000,31000,32000,32000,32000,2193,0,150.0,3675.6875176015933,3.551799978595227,31505.55100000929,57.59005927952576
1778885125,350,GET,GET /api/ -> https://books.toscrape.com/,23.900000,0.000000,260,360,480,2100,30000,30000,30000,31000,31000,31000,31000,2045,0,200.0,1800.5854923224736,3.629599988926202,31334.8374000052,7445.046454767727
1778885125,350,GET,GET /api/ -> https://docs.docker.com/,20.700000,0.000000,210,260,330,360,470,640,900,2300,2400,2400,2400,1930,0,200.0,300.11400305697697,3.6506000033114105,5692.1355000231415,1741.0
1778885125,350,GET,GET /api/ -> https://flask.palletsprojects.com/,20.800000,0.000000,230,310,370,400,500,690,2300,2900,3100,3100,3100,1915,0,190.0,289.72153305501604,3.8844000082463026,3057.605500012869,19667.0
1778885125,350,GET,GET /api/ -> https://github.com/ibnesayeed/linkextractor,21.400000,0.000000,200,260,320,390,520,580,960,2600,2800,2800,2800,1866,0,180.0,279.90616779155357,3.9667000237386674,2973.6895999812987,11810.0
1778885125,350,GET,GET /api/ -> https://httpbin.org/,20.300000,0.000000,240,300,330,360,460,550,670,1000,2600,2600,2600,1939,0,220.0,328.35053625579513,35.101499990560114,6221.424100018339,313.0
1778885125,350,GET,GET /api/ -> https://locust.io/,21.500000,0.000000,170,250,290,320,470,570,650,780,2200,2200,2200,1873,0,180.0,268.6952168183902,3.7629000144079328,2813.5853999992833,4762.0
1778885125,350,GET,GET /api/ -> https://redis.io/,21.300000,0.000000,180,270,320,350,500,690,2100,2500,2700,2700,2700,1895,0,180.0,294.06024237506773,4.259699984686449,3905.5213000101503,7221.0
1778885125,350,GET,GET /api/ -> https://training.play-with-docker.com/,21.700000,0.000000,210,270,300,330,440,530,660,790,2100,2100,2100,1860,0,200.0,281.22913403247526,19.748899998376146,3050.641000008909,1424.0
1778885125,350,GET,GET /api/ -> https://www.python.org/,20.300000,0.000000,210,270,310,350,480,690,2100,2200,2400,2400,2400,1938,0,170.0,283.78609540775625,4.194700013613328,4286.96199998376,12980.0
1778885125,350,,Aggregated,216.300000,0.000000,220,290,350,400,590,2800,30000,30000,31000,32000,32000,19454,0,190.0,831.1692896628653,3.551799978595227,31505.55100000929,6652.879510640485
1778885126,350,GET,GET /api/ -> http://example.com/,25.500000,0.000000,230,370,1800,2300,30000,30000,31000,31000,32000,32000,32000,2197,0,150.0,3669.49557259913,3.551799978595227,31505.55100000929,57.603550295857985
1778885126,350,GET,GET /api/ -> https://books.toscrape.com/,22.600000,0.000000,260,370,480,850,30000,30000,31000,31000,31000,31000,31000,2056,0,200.0,1864.8512894939297,3.629599988926202,31334.8374000052,7428.11673151751
1778885126,350,GET,GET /api/ -> https://docs.docker.com/,18.500000,0.000000,210,310,360,390,560,700,2100,2400,2400,2400,2400,1941,0,200.0,301.4528639876232,3.6506000033114105,5692.1355000231415,1741.0
1778885126,350,GET,GET /api/ -> https://flask.palletsprojects.com/,18.500000,0.000000,250,330,380,430,580,900,2200,2700,3100,3100,3100,1940,0,190.0,291.5343020104872,3.8844000082463026,3057.605500012869,19667.0
1778885126,350,GET,GET /api/ -> https://github.com/ibnesayeed/linkextractor,19.300000,0.000000,230,320,370,410,540,650,1000,2600,2800,2800,2800,1921,0,180.0,280.7113863608526,3.9667000237386674,2973.6895999812987,11810.0
1778885126,350,GET,GET /api/ -> https://httpbin.org/,18.200000,0.000000,240,300,340,370,460,550,680,2600,2600,2600,2600,1943,0,220.0,328.40587184763547,35.101499990560114,6221.424100018339,313.0
1778885126,350,GET,GET /api/ -> https://locust.io/,18.900000,0.000000,210,280,360,420,560,650,920,1200,2200,2200,2200,1932,0,180.0,271.11739461740376,3.7629000144079328,2813.5853999992833,4762.0
1778885126,350,GET,GET /api/ -> https://redis.io/,18.300000,0.000000,230,300,350,370,510,740,820,2200,2700,2700,2700,1936,0,190.0,294.9402329549613,4.259699984686449,3905.5213000101503,7221.0
1778885126,350,GET,GET /api/ -> https://training.play-with-docker.com/,20.100000,0.000000,220,280,310,330,470,540,670,790,2100,2100,2100,1903,0,200.0,281.259989437892,19.748899998376146,3050.641000008909,1424.0
1778885126,350,GET,GET /api/ -> https://www.python.org/,18.600000,0.000000,210,280,340,360,570,860,2100,2300,2400,2400,2400,1942,0,170.0,284.1640663749923,4.194700013613328,4286.96199998376,12980.0
1778885126,350,,Aggregated,198.500000,0.000000,230,310,370,420,640,2400,30000,30000,31000,32000,32000,19711,0,190.0,832.3240442139667,3.551799978595227,31505.55100000929,6662.486175232104
1778885127,350,GET,GET /api/ -> http://example.com/,27.200000,0.000000,220,360,1700,2100,30000,30000,31000,31000,32000,32000,32000,2221,0,150.0,3630.2692683026694,3.551799978595227,31505.55100000929,57.683475911751465
1778885127,350,GET,GET /api/ -> https://books.toscrape.com/,26.900000,0.000000,270,380,580,30000,30000,30000,31000,31000,31000,31000,31000,2083,0,200.0,1913.2555240516217,3.629599988926202,31334.8374000052,7414.721075372059
1778885127,350,GET,GET /api/ -> https://docs.docker.com/,19.000000,0.000000,210,310,350,390,560,700,1100,2300,2400,2400,2400,1966,0,200.0,298.09238255341165,3.6506000033114105,5692.1355000231415,1741.0
1778885127,350,GET,GET /api/ -> https://flask.palletsprojects.com/,18.000000,0.000000,230,320,380,430,590,900,2200,2700,3100,3100,3100,1965,0,190.0,288.6089016795964,3.8844000082463026,3057.605500012869,19667.0
1778885127,350,GET,GET /api/ -> https://github.com/ibnesayeed/linkextractor,18.200000,0.000000,190,280,350,400,540,630,800,2300,2800,2800,2800,1963,0,180.0,276.50960733535476,3.9667000237386674,2973.6895999812987,11810.0
1778885127,350,GET,GET /api/ -> https://httpbin.org/,21.900000,0.000000,230,300,350,370,460,550,680,2600,2600,2600,2600,1967,0,220.0,325.6901043213353,35.101499990560114,6221.424100018339,313.0
1778885127,350,GET,GET /api/ -> https://locust.io/,17.900000,0.000000,180,260,340,390,500,640,920,1100,2200,2200,2200,1963,0,180.0,267.83354044868173,3.7629000144079328,2813.5853999992833,4762.0
1778885127,350,GET,GET /api/ -> https://redis.io/,18.300000,0.000000,220,280,350,370,510,740,1300,2200,2700,2700,2700,1963,0,190.0,292.3277582785186,3.9610000094398856,3905.5213000101503,7221.0
1778885127,350,GET,GET /api/ -> https://training.play-with-docker.com/,18.400000,0.000000,190,250,300,330,450,540,660,740,2100,2100,2100,1961,0,200.0,277.636016216338,19.748899998376146,3050.641000008909,1424.0
1778885127,350,GET,GET /api/ -> https://www.python.org/,20.700000,0.000000,190,260,310,340,570,860,2100,2300,2400,2400,2400,1967,0,170.0,280.9659867820528,4.18700001318939,4286.96199998376,12980.0
1778885127,350,,Aggregated,206.500000,0.000000,210,300,360,410,630,2300,30000,30000,31000,32000,32000,20019,0,190.0,828.2844879864924,3.551799978595227,31505.55100000929,6658.0195813976725
1778885128,350,GET,GET /api/ -> http://example.com/,25.600000,0.000000,190,300,510,1900,30000,30000,31000,31000,32000,32000,32000,2256,0,140.0,3574.3983016401844,3.551799978595227,31505.55100000929,57.79698581560284
1778885128,350,GET,GET /api/ -> https://books.toscrape.com/,25.800000,0.000000,220,330,480,30000,30000,30000,31000,31000,31000,31000,31000,2121,0,190.0,1950.4023541251981,3.629599988926202,31334.8374000052,7403.983026874116
1778885128,350,GET,GET /api/ -> https://docs.docker.com/,21.600000,0.000000,150,230,340,370,560,700,1100,2300,2400,2400,2400,1991,0,190.0,294.7846764440125,3.6506000033114105,5692.1355000231415,1741.0
1778885128,350,GET,GET /api/ -> https://flask.palletsprojects.com/,21.100000,0.000000,200,300,360,400,590,900,2200,2700,3100,3100,3100,1990,0,190.0,285.4865510555466,3.8844000082463026,3057.605500012869,19667.0
1778885128,350,GET,GET /api/ -> https://github.com/ibnesayeed/linkextractor,17.300000,0.000000,180,260,340,380,520,610,800,2300,2800,2800,2800,1984,0,180.0,273.9618732859321,3.9667000237386674,2973.6895999812987,11810.0
1778885128,350,GET,GET /api/ -> https://httpbin.org/,21.700000,0.000000,210,260,320,350,450,540,680,2600,2600,2600,2600,1997,0,220.0,321.8888791687994,35.101499990560114,6221.424100018339,313.0
1778885128,350,GET,GET /api/ -> https://locust.io/,18.600000,0.000000,160,240,320,360,500,640,920,1100,2200,2200,2200,1986,0,180.0,265.15578796618365,3.7585000100079924,2813.5853999992833,4762.0
1778885128,350,GET,GET /api/ -> https://redis.io/,19.900000,0.000000,190,270,340,360,500,740,1300,2200,2700,2700,2700,1986,0,180.0,289.2672732631978,3.9139000000432134,3905.5213000101503,7221.0
1778885128,350,GET,GET /api/ -> https://training.play-with-docker.com/,17.400000,0.000000,160,220,280,320,420,540,660,740,2100,2100,2100,1982,0,190.0,275.4339298184815,19.748899998376146,3050.641000008909,1424.0
1778885128,350,GET,GET /api/ -> https://www.python.org/,21.900000,0.000000,150,230,300,340,490,750,2100,2200,2400,2400,2400,1995,0,170.0,277.42213077710727,4.18700001318939,4286.96199998376,12980.0
1778885128,350,,Aggregated,210.900000,0.000000,180,270,340,380,590,2200,30000,30000,31000,32000,32000,20288,0,180.0,825.240750034596,3.551799978595227,31505.55100000929,6654.658221608833
1778885129,350,GET,GET /api/ -> http://example.com/,23.400000,0.000000,130,280,370,600,30000,30000,31000,31000,32000,32000,32000,2298,0,140.0,3510.385724456117,3.551799978595227,31505.55100000929,57.92863359442994
1778885129,350,GET,GET /api/ -> https://books.toscrape.com/,24.100000,0.000000,200,320,430,820,30000,30000,30000,31000,31000,31000,31000,2172,0,190.0,1977.5216872005383,3.629599988926202,31334.8374000052,7396.342541436464
1778885129,350,GET,GET /api/ -> https://docs.docker.com/,20.400000,0.000000,140,220,310,340,460,660,1100,2300,2400,2400,2400,2023,0,190.0,293.23079204149394,3.6506000033114105,5692.1355000231415,1741.0
1778885129,350,GET,GET /api/ -> https://flask.palletsprojects.com/,20.800000,0.000000,190,260,350,380,580,900,2200,2700,3100,3100,3100,2017,0,190.0,284.2867439764542,3.8844000082463026,3057.605500012869,19667.0
1778885129,350,GET,GET /api/ -> https://github.com/ibnesayeed/linkextractor,21.000000,0.000000,170,240,320,350,470,560,720,2300,2800,2800,2800,1997,0,180.0,273.47022053042883,3.9667000237386674,2973.6895999812987,11810.0
1778885129,350,GET,GET /api/ -> https://httpbin.org/,19.800000,0.000000,200,250,300,340,420,500,570,1000,2600,2600,2600,2038,0,220.0,319.77839730132183,35.101499990560114,6221.424100018339,313.0
1778885129,350,GET,GET /api/ -> https://locust.io/,20.600000,0.000000,150,220,300,350,460,600,920,1100,2200,2200,2200,2003,0,180.0,264.68059500787535,3.7585000100079924,2813.5853999992833,4762.0
1778885129,350,GET,GET /api/ -> https://redis.io/,20.700000,0.000000,170,250,280,340,490,680,1300,2200,2700,2700,2700,2010,0,180.0,288.0673245277513,3.9139000000432134,3905.5213000101503,7221.0
1778885129,350,GET,GET /api/ -> https://training.play-with-docker.com/,21.000000,0.000000,150,220,270,310,390,520,610,670,2100,2100,2100,1995,0,190.0,274.85638531339225,19.748899998376146,3050.641000008909,1424.0
1778885129,350,GET,GET /api/ -> https://www.python.org/,20.100000,0.000000,130,220,300,320,460,750,2100,2200,2400,2400,2400,2030,0,170.0,275.1997505420454,4.18700001318939,4286.96199998376,12980.0
1778885129,350,,Aggregated,211.900000,0.000000,170,250,320,360,550,2100,30000,30000,31000,32000,32000,20583,0,180.0,823.1379631152744,3.551799978595227,31505.55100000929,6648.865471505612
1778885130,350,GET,GET /api/ -> http://example.com/,22.400000,0.000000,150,270,360,490,2300,30000,31000,31000,32000,32000,32000,2333,0,140.0,3460.5265112302795,3.551799978595227,31505.55100000929,58.03471924560652
1778885130,350,GET,GET /api/ -> https://books.toscrape.com/,24.100000,0.000000,210,320,410,630,30000,30000,30000,31000,31000,31000,31000,2210,0,190.0,2015.1061536196667,3.629599988926202,31334.8374000052,7386.35294117647
1778885130,350,GET,GET /api/ -> https://docs.docker.com/,20.700000,0.000000,170,230,310,360,460,640,1100,2300,2400,2400,2400,2054,0,190.0,292.4528904576173,3.6506000033114105,5692.1355000231415,1741.0
1778885130,350,GET,GET /api/ -> https://flask.palletsprojects.com/,21.300000,0.000000,200,270,350,370,580,900,2200,2700,3100,3100,3100,2050,0,190.0,282.7988470734023,3.8844000082463026,3057.605500012869,19667.0
1778885130,350,GET,GET /api/ -> https://github.com/ibnesayeed/linkextractor,22.400000,0.000000,160,230,310,350,460,570,1000,2600,2800,2800,2800,2023,0,180.0,272.41601473024866,3.9667000237386674,2973.6895999812987,11810.0
1778885130,350,GET,GET /api/ -> https://httpbin.org/,19.500000,0.000000,210,250,300,340,420,510,680,1000,2600,2600,2600,2071,0,220.0,318.65917387740996,35.101499990560114,6221.424100018339,313.0
1778885130,350,GET,GET /api/ -> https://locust.io/,22.000000,0.000000,170,240,320,370,500,640,920,1100,2200,2200,2200,2032,0,180.0,264.2038413881333,3.7585000100079924,2813.5853999992833,4762.0
1778885130,350,GET,GET /api/ -> https://redis.io/,21.700000,0.000000,190,250,340,350,500,650,1300,2200,2700,2700,2700,2040,0,180.0,286.9085677455016,3.9139000000432134,3905.5213000101503,7221.0
1778885130,350,GET,GET /api/ -> https://training.play-with-docker.com/,22.700000,0.000000,170,230,290,330,420,530,610,740,2100,2100,2100,2016,0,200.0,274.480688244174,19.748899998376146,3050.641000008909,1424.0
1778885130,350,GET,GET /api/ -> https://www.python.org/,19.900000,0.000000,140,220,280,310,460,690,2100,2200,2400,2400,2400,2062,0,170.0,273.9444292920885,4.18700001318939,4286.96199998376,12980.0
1778885130,350,,Aggregated,216.700000,0.000000,170,250,320,370,540,2100,30000,30000,31000,32000,32000,20891,0,180.0,821.3418091619147,3.551799978595227,31505.55100000929,6650.482025752716
1778885131,350,GET,GET /api/ -> http://example.com/,24.300000,0.000000,150,250,350,430,2200,30000,31000,31000,32000,32000,32000,2347,0,140.0,3440.426856881274,3.551799978595227,31505.55100000929,58.076267575628464
1778885131,350,GET,GET /api/ -> https://books.toscrape.com/,25.900000,0.000000,210,330,420,740,30000,30000,30000,31000,31000,31000,31000,2230,0,190.0,2065.9905747980074,3.629599988926202,31334.8374000052,7372.896860986547
1778885131,350,GET,GET /api/ -> https://docs.docker.com/,20.900000,0.000000,170,240,320,360,450,580,1100,2300,2400,2400,2400,2087,0,190.0,291.0604602778443,3.6506000033114105,5692.1355000231415,1741.0
1778885131,350,GET,GET /api/ -> https://flask.palletsprojects.com/,21.000000,0.000000,200,270,350,380,560,710,2200,2700,3100,3100,3100,2084,0,190.0,282.11546578720663,3.8844000082463026,3057.605500012869,19667.0
1778885131,350,GET,GET /api/ -> https://github.com/ibnesayeed/linkextractor,22.800000,0.000000,160,220,280,330,440,560,720,2300,2800,2800,2800,2064,0,180.0,270.3768854647679,3.9667000237386674,2973.6895999812987,11810.0
1778885131,350,GET,GET /api/ -> https://httpbin.org/,20.200000,0.000000,210,270,300,350,440,540,680,1000,2600,2600,2600,2093,0,220.0,318.63482689919186,35.101499990560114,6221.424100018339,313.0
1778885131,350,GET,GET /api/ -> https://locust.io/,21.900000,0.000000,170,250,310,350,500,650,920,1100,2200,2200,2200,2075,0,180.0,263.7598062171292,3.7585000100079924,2813.5853999992833,4762.0
1778885131,350,GET,GET /api/ -> https://redis.io/,21.900000,0.000000,180,260,340,360,490,650,1300,2200,2700,2700,2700,2079,0,180.0,285.9068622898946,3.9139000000432134,3905.5213000101503,7221.0
1778885131,350,GET,GET /api/ -> https://training.play-with-docker.com/,22.900000,0.000000,180,240,290,330,410,530,620,740,2100,2100,2100,2056,0,200.0,273.6979872082997,19.748899998376146,3050.641000008909,1424.0
1778885131,350,GET,GET /api/ -> https://www.python.org/,20.500000,0.000000,140,220,280,310,440,610,2100,2200,2400,2400,2400,2090,0,170.0,272.97940832549097,4.18700001318939,4286.96199998376,12980.0
1778885131,350,,Aggregated,222.300000,0.000000,170,250,320,360,540,1800,30000,30000,31000,32000,32000,21205,0,180.0,819.482442829584,3.551799978595227,31505.55100000929,6657.762886111766
1778885133,350,GET,GET /api/ -> http://example.com/,25.300000,0.000000,66,150,250,310,510,2200,30000,30000,30000,30000,30000,2375,0,140.0,3400.147422821171,3.551799978595227,31505.55100000929,58.1578947368421
1778885133,350,GET,GET /api/ -> https://books.toscrape.com/,28.200000,0.000000,170,300,370,430,30000,30000,30000,30000,30000,30000,30000,2259,0,190.0,2040.0548309869719,3.629599988926202,31334.8374000052,7378.996015936255
1778885133,350,GET,GET /api/ -> https://docs.docker.com/,21.500000,0.000000,130,210,290,330,430,550,700,900,2400,2400,2400,2119,0,190.0,287.5940971683947,3.6506000033114105,5692.1355000231415,1741.0
1778885133,350,GET,GET /api/ -> https://flask.palletsprojects.com/,21.000000,0.000000,150,240,310,350,480,590,900,2700,3100,3100,3100,2119,0,190.0,278.5956771592732,3.8844000082463026,3057.605500012869,19667.0
1778885133,350,GET,GET /api/ -> https://github.com/ibnesayeed/linkextractor,19.700000,0.000000,140,210,270,310,440,540,690,1000,2800,2800,2800,2108,0,170.0,266.72706299775825,3.9667000237386674,2973.6895999812987,11810.0
1778885133,350,GET,GET /api/ -> https://httpbin.org/,22.700000,0.000000,200,250,300,340,420,540,670,1000,2600,2600,2600,2120,0,220.0,315.7726059433425,35.101499990560114,6221.424100018339,313.0
1778885133,350,GET,GET /api/ -> https://locust.io/,20.100000,0.000000,150,230,280,330,470,620,860,950,1200,1200,1200,2112,0,170.0,260.23919843774735,3.7585000100079924,2813.5853999992833,4762.0
1778885133,350,GET,GET /api/ -> https://redis.io/,20.300000,0.000000,160,240,290,340,480,570,780,1300,2700,2700,2700,2114,0,180.0,282.4200284771255,3.9139000000432134,3905.5213000101503,7221.0
1778885133,350,GET,GET /api/ -> https://training.play-with-docker.com/,20.100000,0.000000,140,210,250,290,360,480,610,670,770,770,770,2108,0,190.0,269.6839698767308,19.748899998376146,3050.641000008909,1424.0
1778885133,350,GET,GET /api/ -> https://www.python.org/,21.800000,0.000000,110,210,250,290,390,570,750,1000,2400,2400,2400,2119,0,160.0,269.77001160944207,4.18700001318939,4286.96199998376,12980.0
1778885133,350,,Aggregated,220.700000,0.000000,140,230,290,330,460,620,2800,30000,30000,30000,30000,21553,0,180.0,807.4090051501425,3.551799978595227,31505.55100000929,6660.734886094743
1778885134,350,GET,GET /api/ -> http://example.com/,24.500000,0.000000,31,66,100,130,220,330,30000,30000,30000,30000,30000,2406,0,140.0,3356.8100619286993,3.551799978595227,31505.55100000929,58.24605153782211
1778885134,350,GET,GET /api/ -> https://books.toscrape.com/,27.500000,0.000000,100,200,340,460,30000,30000,30000,30000,30000,30000,30000,2299,0,190.0,2135.881856111114,3.629599988926202,31334.8374000052,7353.019573727708
1778885134,350,GET,GET /api/ -> https://docs.docker.com/,23.000000,0.000000,110,190,240,310,380,490,690,830,1100,1100,1100,2146,0,190.0,284.5187221341375,3.6506000033114105,5692.1355000231415,1741.0
1778885134,350,GET,GET /api/ -> https://flask.palletsprojects.com/,23.500000,0.000000,110,210,280,320,450,580,690,900,1200,1200,1200,2145,0,180.0,275.7618321214791,3.8844000082463026,3057.605500012869,19667.0
1778885134,350,GET,GET /api/ -> https://github.com/ibnesayeed/linkextractor,22.500000,0.000000,92,180,230,270,380,520,590,690,1000,1000,1000,2142,0,170.0,263.28510550853446,3.9667000237386674,2973.6895999812987,11810.0
1778885134,350,GET,GET /api/ -> https://httpbin.org/,22.500000,0.000000,110,200,240,280,410,520,620,680,1000,1000,1000,2148,0,210.0,312.83344278391763,35.101499990560114,6221.424100018339,313.0
1778885134,350,GET,GET /api/ -> https://locust.io/,23.100000,0.000000,120,210,250,300,450,600,860,950,1200,1200,1200,2142,0,170.0,257.4631964521015,3.7585000100079924,2813.5853999992833,4762.0
1778885134,350,GET,GET /api/ -> https://redis.io/,23.400000,0.000000,100,210,260,320,440,530,690,810,1300,1300,1300,2143,0,170.0,279.20076462932474,3.9139000000432134,3905.5213000101503,7221.0
1778885134,350,GET,GET /api/ -> https://training.play-with-docker.com/,21.600000,0.000000,130,190,230,270,360,480,610,670,770,770,770,2140,0,190.0,267.05987588793505,19.748899998376146,3050.641000008909,1424.0
1778885134,350,GET,GET /api/ -> https://www.python.org/,22.900000,0.000000,62,140,220,230,360,510,690,820,1000,1000,1000,2148,0,160.0,266.5497561454625,4.18700001318939,4286.96199998376,12980.0
1778885134,350,,Aggregated,234.500000,0.000000,99,180,230,290,410,590,1200,30000,30000,30000,30000,21859,0,180.0,810.5932133629678,3.551799978595227,31505.55100000929,6658.089757079464
1778885135,350,GET,GET /api/ -> http://example.com/,27.200000,0.000000,35,79,110,130,180,260,340,490,620,620,620,2452,0,130.0,3295.5185276103657,3.551799978595227,31505.55100000929,58.372756933115824
1778885135,350,GET,GET /api/ -> https://books.toscrape.com/,30.400000,0.000000,96,170,290,360,30000,30000,30000,30000,30000,30000,30000,2341,0,180.0,2163.206651772482,3.629599988926202,31334.8374000052,7345.137975224263
1778885135,350,GET,GET /api/ -> https://docs.docker.com/,26.200000,0.000000,82,130,180,210,340,400,550,690,1100,1100,1100,2173,0,190.0,282.01772425212505,3.6506000033114105,5692.1355000231415,1741.0
1778885135,350,GET,GET /api/ -> https://flask.palletsprojects.com/,26.900000,0.000000,76,140,200,230,350,440,690,900,1200,1200,1200,2170,0,180.0,273.75559677443124,3.8844000082463026,3057.605500012869,19667.0
1778885135,350,GET,GET /api/ -> https://github.com/ibnesayeed/linkextractor,26.700000,0.000000,82,160,210,250,360,460,570,650,1000,1000,1000,2159,0,170.0,262.0470085685025,3.9667000237386674,2973.6895999812987,11810.0
1778885135,350,GET,GET /api/ -> https://httpbin.org/,25.200000,0.000000,110,170,220,240,400,520,30000,30000,30000,30000,30000,2190,0,210.0,377.35321908669874,35.101499990560114,30024.774499994237,312.2853881278539
1778885135,350,GET,GET /api/ -> https://locust.io/,26.800000,0.000000,99,170,230,270,400,560,780,920,1200,1200,1200,2163,0,170.0,256.11392334739753,3.7585000100079924,2813.5853999992833,4762.0
1778885135,350,GET,GET /api/ -> https://redis.io/,26.900000,0.000000,76,160,210,250,360,500,650,780,1300,1300,1300,2167,0,170.0,277.0368016615868,3.9139000000432134,3905.5213000101503,7221.0
1778885135,350,GET,GET /api/ -> https://training.play-with-docker.com/,26.800000,0.000000,120,170,210,230,340,390,590,620,770,770,770,2158,0,190.0,265.84783206682823,19.748899998376146,3050.641000008909,1424.0
1778885135,350,GET,GET /api/ -> https://www.python.org/,25.800000,0.000000,47,99,150,200,260,360,510,590,860,860,860,2182,0,160.0,263.7728713567257,4.18700001318939,4286.96199998376,12980.0
1778885135,350,,Aggregated,268.900000,0.000000,85,150,200,230,350,500,1200,30000,30000,30000,30000,22155,0,180.0,814.591766865325,3.551799978595227,31505.55100000929,6649.688151658768
1778885136,350,GET,GET /api/ -> http://example.com/,26.400000,0.000000,39,81,110,140,200,270,360,490,620,620,620,2488,0,130.0,3249.6774383845277,3.551799978595227,31505.55100000929,58.46864951768489
1778885136,350,GET,GET /api/ -> https://books.toscrape.com/,33.100000,0.000000,96,160,270,330,30000,30000,30000,30000,30000,30000,30000,2382,0,180.0,2191.4925458855696,3.629599988926202,31334.8374000052,7337.319899244332
1778885136,350,GET,GET /api/ -> https://docs.docker.com/,28.600000,0.000000,85,150,180,220,330,380,480,550,620,620,620,2202,0,190.0,281.1712342869721,3.6506000033114105,5692.1355000231415,1741.0
1778885136,350,GET,GET /api/ -> https://flask.palletsprojects.com/,28.900000,0.000000,76,140,200,230,350,440,520,620,720,720,720,2193,0,180.0,273.27801399930667,3.8844000082463026,3057.605500012869,19667.0
1778885136,350,GET,GET /api/ -> https://github.com/ibnesayeed/linkextractor,29.900000,0.000000,64,120,180,210,290,380,510,560,590,590,590,2177,0,170.0,261.8842498389237,3.9667000237386674,2973.6895999812987,11810.0
1778885136,350,GET,GET /api/ -> https://httpbin.org/,28.000000,0.000000,130,190,240,270,420,580,30000,30000,30000,30000,30000,2227,0,210.0,442.4318494386688,35.101499990560114,30051.782399998046,311.5945217781769
1778885136,350,GET,GET /api/ -> https://locust.io/,29.700000,0.000000,89,150,200,230,300,370,620,750,950,950,950,2182,0,170.0,255.65417062350434,3.7585000100079924,2813.5853999992833,4762.0
1778885136,350,GET,GET /api/ -> https://redis.io/,29.500000,0.000000,71,120,170,200,320,450,540,600,700,700,700,2188,0,170.0,275.914174543299,3.9139000000432134,3905.5213000101503,7221.0
1778885136,350,GET,GET /api/ -> https://training.play-with-docker.com/,29.800000,0.000000,110,150,190,210,300,360,480,530,770,770,770,2170,0,190.0,265.9657441014837,19.748899998376146,3050.641000008909,1424.0
1778885136,350,GET,GET /api/ -> https://www.python.org/,28.000000,0.000000,50,100,150,200,280,350,450,510,820,820,820,2210,0,160.0,262.38387316758786,4.18700001318939,4286.96199998376,12980.0
1778885136,350,,Aggregated,291.900000,0.000000,83,140,180,220,330,460,30000,30000,30000,30000,30000,22419,0,180.0,820.6315996610705,3.551799978595227,31505.55100000929,6644.220616441411
1778885137,350,GET,GET /api/ -> http://example.com/,26.200000,0.000000,52,97,140,150,230,320,520,570,730,730,730,2507,0,130.0,3226.9555964102956,3.551799978595227,31505.55100000929,58.51814918228959
1778885137,350,GET,GET /api/ -> https://books.toscrape.com/,30.200000,0.000000,120,200,300,390,30000,30000,30000,30000,30000,30000,30000,2409,0,190.0,2232.1274394352176,3.629599988926202,31334.8374000052,7326.754669987547
1778885137,350,GET,GET /api/ -> https://docs.docker.com/,28.600000,0.000000,120,170,230,280,380,470,560,660,930,930,930,2232,0,190.0,281.5134684139877,3.6506000033114105,5692.1355000231415,1741.0
1778885137,350,GET,GET /api/ -> https://flask.palletsprojects.com/,29.600000,0.000000,100,190,250,290,380,470,550,650,720,720,720,2225,0,180.0,273.42741842716515,3.8844000082463026,3057.605500012869,19667.0
1778885137,350,GET,GET /api/ -> https://github.com/ibnesayeed/linkextractor,30.500000,0.000000,92,180,230,260,350,460,560,590,890,890,890,2201,0,170.0,262.59101980887806,3.9667000237386674,2973.6895999812987,11810.0
1778885137,350,GET,GET /api/ -> https://httpbin.org/,26.000000,0.000000,160,220,270,320,470,620,30000,30000,30000,30000,30000,2254,0,210.0,440.95060381540054,35.101499990560114,30051.782399998046,311.61135758651284
1778885137,350,GET,GET /api/ -> https://locust.io/,30.300000,0.000000,110,170,230,260,360,460,670,780,950,950,950,2207,0,170.0,255.54272537400308,3.7585000100079924,2813.5853999992833,4762.0
1778885137,350,GET,GET /api/ -> https://redis.io/,29.900000,0.000000,87,160,210,260,390,500,610,680,1100,1100,1100,2218,0,170.0,276.0382784944168,3.9139000000432134,3905.5213000101503,7221.0
1778885137,350,GET,GET /api/ -> https://training.play-with-docker.com/,30.500000,0.000000,130,190,230,270,350,420,580,620,770,770,770,2193,0,190.0,266.6378765162807,19.748899998376146,3050.641000008909,1424.0
1778885137,350,GET,GET /api/ -> https://www.python.org/,26.900000,0.000000,82,140,200,230,320,400,510,680,990,990,990,2238,0,160.0,262.432257730284,4.18700001318939,4286.96199998376,12980.0
1778885137,350,,Aggregated,288.700000,0.000000,100,170,230,270,380,530,30000,30000,30000,30000,30000,22684,0,180.0,821.0213453315703,3.551799978595227,31505.55100000929,6649.444983248104
1778885138,350,GET,GET /api/ -> http://example.com/,29.100000,0.000000,58,110,150,170,250,360,520,570,730,730,730,2520,0,130.0,3210.717237420874,3.551799978595227,31505.55100000929,58.551587301587304
1778885138,350,GET,GET /api/ -> https://books.toscrape.com/,33.300000,0.000000,150,260,350,440,30000,30000,30000,30000,30000,30000,30000,2432,0,190.0,2274.366737582055,3.629599988926202,31334.8374000052,7315.549342105263
1778885138,350,GET,GET /api/ -> https://docs.docker.com/,26.800000,0.000000,130,200,270,310,390,500,590,740,1000,1000,1000,2257,0,190.0,281.44532312807155,3.6506000033114105,5692.1355000231415,1741.0
1778885138,350,GET,GET /api/ -> https://flask.palletsprojects.com/,26.400000,0.000000,130,210,260,290,380,480,560,650,720,720,720,2253,0,180.0,272.6261069686516,3.8844000082463026,3057.605500012869,19667.0
1778885138,350,GET,GET /api/ -> https://github.com/ibnesayeed/linkextractor,30.300000,0.000000,120,190,240,270,370,480,580,590,890,890,890,2236,0,170.0,261.6727265649811,3.9667000237386674,2973.6895999812987,11810.0
1778885138,350,GET,GET /api/ -> https://httpbin.org/,28.400000,0.000000,180,260,330,400,620,30000,30000,30000,30000,30000,30000,2284,0,210.0,569.8029854641068,35.101499990560114,30057.749100000365,310.25919439579684
1778885138,350,GET,GET /api/ -> https://locust.io/,29.300000,0.000000,130,210,260,290,390,530,670,860,950,950,950,2243,0,170.0,255.66214230962572,3.7585000100079924,2813.5853999992833,4762.0
1778885138,350,GET,GET /api/ -> https://redis.io/,27.600000,0.000000,100,180,250,290,440,540,670,730,1100,1100,1100,2249,0,170.0,275.75442378862186,3.9139000000432134,3905.5213000101503,7221.0
1778885138,350,GET,GET /api/ -> https://training.play-with-docker.com/,30.200000,0.000000,140,220,260,290,360,430,610,770,940,940,940,2227,0,190.0,266.46607229463893,19.748899998376146,3050.641000008909,1424.0
1778885138,350,GET,GET /api/ -> https://www.python.org/,27.200000,0.000000,94,150,220,250,360,460,510,820,1100,1100,1100,2259,0,160.0,262.11060544504204,4.18700001318939,4286.96199998376,12980.0
1778885138,350,,Aggregated,288.600000,0.000000,130,200,260,300,420,570,30000,30000,30000,30000,30000,22960,0,180.0,833.5102777788105,3.551799978595227,31505.55100000929,6651.054398954704
1778885139,350,GET,GET /api/ -> http://example.com/,29.900000,0.000000,59,110,150,170,250,360,520,570,730,730,730,2546,0,130.0,3178.6118168894873,3.551799978595227,31505.55100000929,58.61743912018853
1778885139,350,GET,GET /api/ -> https://books.toscrape.com/,34.700000,0.000000,140,240,330,440,30000,30000,30000,30000,30000,30000,30000,2463,0,190.0,2308.010356597464,3.629599988926202,31334.8374000052,7306.319123020707
1778885139,350,GET,GET /api/ -> https://docs.docker.com/,28.200000,0.000000,120,180,260,310,400,520,590,740,1000,1000,1000,2283,0,190.0,280.10686745513146,3.6506000033114105,5692.1355000231415,1741.0
1778885139,350,GET,GET /api/ -> https://flask.palletsprojects.com/,27.800000,0.000000,120,200,250,290,370,470,550,650,720,720,720,2279,0,180.0,270.9906657307655,3.8844000082463026,3057.605500012869,19667.0
1778885139,350,GET,GET /api/ -> https://github.com/ibnesayeed/linkextractor,26.100000,0.000000,110,180,230,260,350,440,560,590,890,890,890,2267,0,170.0,259.6315428316569,3.9667000237386674,2973.6895999812987,11810.0
1778885139,350,GET,GET /api/ -> https://httpbin.org/,30.400000,0.000000,160,270,330,410,860,30000,30000,30000,30000,30000,30000,2316,0,210.0,628.937860924036,35.101499990560114,30089.686199993594,309.6213298791019
1778885139,350,GET,GET /api/ -> https://locust.io/,26.600000,0.000000,120,180,230,280,360,460,670,860,950,950,950,2272,0,170.0,253.9022609597351,3.7585000100079924,2813.5853999992833,4762.0
1778885139,350,GET,GET /api/ -> https://redis.io/,27.100000,0.000000,100,170,230,270,430,510,670,730,1100,1100,1100,2275,0,170.0,274.01990382447275,3.9139000000432134,3905.5213000101503,7221.0
1778885139,350,GET,GET /api/ -> https://training.play-with-docker.com/,25.900000,0.000000,150,220,260,290,360,430,580,770,940,940,940,2266,0,190.0,265.2567953664113,19.748899998376146,3050.641000008909,1424.0
1778885139,350,GET,GET /api/ -> https://www.python.org/,28.900000,0.000000,86,150,210,240,360,460,510,820,1100,1100,1100,2287,0,160.0,260.13354669883154,4.18700001318939,4286.96199998376,12980.0
1778885139,350,,Aggregated,285.600000,0.000000,120,190,250,290,420,570,30000,30000,30000,30000,30000,23254,0,180.0,837.5294672272197,3.551799978595227,31505.55100000929,6647.885783091081
