Timestamp,User Count,Type,Name,Requests/s,Failures/s,50%,66%,75%,80%,90%,95%,98%,99%,99.9%,99.99%,100%,Total Request Count,Total Failure Count,Total Median Response Time,Total Average Response Time,Total Min Response Time,Total Max Response Time,Total Average Content Size
1778882894,0,,Aggregated,0.000000,0.000000,N/A,N/A,N/A,N/A,N/A,N/A,N/A,N/A,N/A,N/A,N/A,0,0,0,0.0,0,0,0
1778882895,5,GET,GET /api/ -> http://example.com/,0.000000,0.000000,0,0,0,0,0,0,0,0,0,0,0,5,0,100.0,107.46390000567771,89.01390002574772,148.58179999282584,68.0
1778882895,5,,Aggregated,0.000000,0.000000,0,0,0,0,0,0,0,0,0,0,0,5,0,100.0,107.46390000567771,89.01390002574772,148.58179999282584,68.0
1778882896,10,GET,GET /api/ -> http://example.com/,0.000000,0.000000,210,220,220,240,240,240,240,240,240,240,240,10,0,150.0,155.30566000088584,89.01390002574772,237.58109999471344,68.0
1778882896,10,GET,GET /api/ -> https://books.toscrape.com/,0.000000,0.000000,0,0,0,0,0,0,0,0,0,0,0,5,0,1001.7677999858279,1037.4514199967962,1001.7677999858279,1063.3074999786913,8223.0
1778882896,10,GET,GET /api/ -> https://httpbin.org/,0.000000,0.000000,0,0,0,0,0,0,0,0,0,0,0,4,0,520.0,547.7700999981607,511.31790000363253,597.6570000057109,332.0
1778882896,10,,Aggregated,0.000000,0.000000,560,1000,1000,1000,1000,1100,1100,1100,1100,1100,1100,19,0,240.0,470.07337368344645,89.01390002574772,1063.3074999786913,2269.6315789473683
1778882897,15,GET,GET /api/ -> http://example.com/,5.000000,0.000000,210,210,220,230,240,240,240,240,240,240,240,15,0,160.0,164.71574666405408,89.01390002574772,237.58109999471344,68.0
1778882897,15,GET,GET /api/ -> https://books.toscrape.com/,0.000000,0.000000,1000,1000,1000,1100,1100,1100,1100,1100,1100,1100,1100,10,0,1000.0,1027.2643999982392,963.348599994788,1064.3725999980234,8223.0
1778882897,15,GET,GET /api/ -> https://docs.docker.com/,0.000000,0.000000,0,0,0,0,0,0,0,0,0,0,0,4,0,320.0,363.2308250016649,266.938199987635,446.9307000108529,1856.0
1778882897,15,GET,GET /api/ -> https://httpbin.org/,0.000000,0.000000,0,0,0,0,0,0,0,0,0,0,0,10,0,580.0,634.6364799974253,511.31790000363253,1045.545500004664,332.0
1778882897,15,GET,GET /api/ -> https://www.python.org/,0.000000,0.000000,0,0,0,0,0,0,0,0,0,0,0,5,0,790.0,765.74377999641,680.1748999860138,834.419999999227,14427.0
1778882897,15,,Aggregated,5.000000,0.000000,590,790,1000,1000,1000,1100,1100,1100,1100,1100,1100,44,0,560.0,553.895163634231,89.01390002574772,1064.3725999980234,3775.659090909091
1778882898,20,GET,GET /api/ -> http://example.com/,5.000000,0.000000,210,220,240,250,290,290,290,290,290,290,290,20,0,190.0,184.7518449969357,89.01390002574772,293.776100006653,68.0
1778882898,20,GET,GET /api/ -> https://books.toscrape.com/,2.500000,0.000000,1100,1100,1100,1100,1200,1200,1200,1200,1200,1200,1200,15,0,1000.0,1046.6685466642957,963.348599994788,1164.759499981301,8223.0
1778882898,20,GET,GET /api/ -> https://docs.docker.com/,0.000000,0.000000,0,0,0,0,0,0,0,0,0,0,0,5,0,420.0,443.7947800033726,266.938199987635,766.0506000102032,1856.0
1778882898,20,GET,GET /api/ -> https://flask.palletsprojects.com/,0.000000,0.000000,0,0,0,0,0,0,0,0,0,0,0,4,0,640.0,804.0593000041554,624.126900016563,986.2833000079263,20936.0
1778882898,20,GET,GET /api/ -> https://httpbin.org/,0.000000,0.000000,640,660,710,710,720,720,720,720,720,720,720,12,0,590.0,642.6055166642376,511.31790000363253,1045.545500004664,332.0
1778882898,20,GET,GET /api/ -> https://www.python.org/,0.000000,0.000000,1000,1000,1100,1100,1200,1200,1200,1200,1200,1200,1200,10,0,820.0,879.7408499987796,680.1748999860138,1192.8769999940414,14427.0
1778882898,20,,Aggregated,7.500000,0.000000,680,960,1000,1000,1100,1100,1200,1200,1200,1200,1200,66,0,640.0,626.3477409075042,89.01390002574772,1192.8769999940414,5545.19696969697
1778882899,25,GET,GET /api/ -> http://example.com/,5.000000,0.000000,220,230,250,260,290,300,300,300,300,300,300,25,0,200.0,192.78978799586184,89.01390002574772,301.7985000042245,68.0
1778882899,25,GET,GET /api/ -> https://books.toscrape.com/,3.333333,0.000000,1100,1100,1100,1200,1200,1300,1300,1300,1300,1300,1300,20,0,1000.0,1068.991019995883,963.348599994788,1334.1201999865007,8223.0
1778882899,25,GET,GET /api/ -> https://docs.docker.com/,0.000000,0.000000,710,710,710,880,880,880,880,880,880,880,880,10,0,480.0,564.1347700031474,266.938199987635,877.7000000118278,1856.0
1778882899,25,GET,GET /api/ -> https://flask.palletsprojects.com/,0.000000,0.000000,970,970,990,990,990,990,990,990,990,990,990,6,0,910.0,848.913416673895,624.126900016563,986.2833000079263,20936.0
1778882899,25,GET,GET /api/ -> https://httpbin.org/,1.666667,0.000000,710,720,770,770,770,790,790,790,790,790,790,16,0,640.0,672.0808124973701,511.31790000363253,1045.545500004664,332.0
1778882899,25,GET,GET /api/ -> https://www.python.org/,1.333333,0.000000,1000,1100,1100,1100,1200,1200,1200,1200,1200,1200,1200,12,0,830.0,906.6765166644473,680.1748999860138,1192.8769999940414,14427.0
1778882899,25,,Aggregated,11.333333,0.000000,710,960,1000,1000,1100,1100,1200,1300,1300,1300,1300,89,0,710.0,658.065219099105,89.01390002574772,1334.1201999865007,5491.820224719101
1778882900,30,GET,GET /api/ -> http://example.com/,5.000000,0.000000,220,230,250,260,290,300,420,420,420,420,420,26,0,200.0,201.6363499961489,89.01390002574772,422.8004000033252,68.0
1778882900,30,GET,GET /api/ -> https://books.toscrape.com/,3.333333,0.000000,1100,1100,1200,1200,1200,1300,1300,1300,1300,1300,1300,21,0,1100.0,1075.0594333304823,963.348599994788,1334.1201999865007,8223.0
1778882900,30,GET,GET /api/ -> https://docs.docker.com/,0.000000,0.000000,710,710,710,880,880,880,880,880,880,880,880,10,0,480.0,564.1347700031474,266.938199987635,877.7000000118278,1856.0
1778882900,30,GET,GET /api/ -> https://flask.palletsprojects.com/,0.000000,0.000000,970,970,990,990,990,990,990,990,990,990,990,6,0,910.0,848.913416673895,624.126900016563,986.2833000079263,20936.0
1778882900,30,GET,GET /api/ -> https://httpbin.org/,1.666667,0.000000,710,770,770,790,940,1000,1000,1000,1000,1000,1000,18,0,660.0,705.540422219201,511.31790000363253,1045.545500004664,332.0
1778882900,30,GET,GET /api/ -> https://www.python.org/,1.333333,0.000000,1000,1100,1100,1100,1200,1200,1200,1200,1200,1200,1200,15,0,1000.0,944.3965733303534,680.1748999860138,1192.8769999940414,14427.0
1778882900,30,,Aggregated,11.333333,0.000000,770,990,1000,1000,1100,1200,1200,1300,1300,1300,1300,96,0,710.0,681.4510166647475,89.01390002574772,1334.1201999865007,5635.5
1778882902,35,GET,GET /api/ -> http://example.com/,4.333333,0.000000,250,300,520,540,2800,2800,2800,2800,2800,2800,2800,35,0,230.0,537.0341828558594,89.01390002574772,2802.9787999985274,68.0
1778882902,35,GET,GET /api/ -> https://books.toscrape.com/,3.500000,0.000000,1100,1200,1300,3300,3500,3600,3600,3600,3600,3600,3600,25,0,1100.0,1460.962947998196,963.348599994788,3588.9609000005294,8223.0
1778882902,35,GET,GET /api/ -> https://docs.docker.com/,1.666667,0.000000,880,2800,2800,3000,3100,3100,3100,3100,3100,3100,3100,14,0,710.0,1244.1119214303658,266.938199987635,3134.2588999832515,1856.0
1778882902,35,GET,GET /api/ -> https://flask.palletsprojects.com/,1.000000,0.000000,3100,3100,3100,3100,3200,3200,3200,3200,3200,3200,3200,10,0,970.0,1763.8349400047446,624.126900016563,3170.9263999946415,20936.0
1778882902,35,GET,GET /api/ -> https://httpbin.org/,3.000000,0.000000,720,770,940,1000,3100,3300,3300,3300,3300,3300,3300,20,0,710.0,954.5757899977616,511.31790000363253,3320.149799983483,332.0
1778882902,35,GET,GET /api/ -> https://redis.io/,0.000000,0.000000,0,0,0,0,0,0,0,0,0,0,0,3,0,4400.0,4471.693266677903,4211.286200006725,4826.361300016288,7780.0
1778882902,35,GET,GET /api/ -> https://www.python.org/,2.500000,0.000000,1100,1100,1200,1200,1200,3000,3000,3000,3000,3000,3000,16,0,1000.0,1073.9766437473008,680.1748999860138,3017.6777000015136,14427.0
1778882902,35,,Aggregated,16.000000,0.000000,890,1000,1100,1200,3100,3500,4200,4400,4800,4800,4800,123,0,820.0,1138.751286991287,89.01390002574772,4826.361300016288,5724.4796747967475
1778882903,40,GET,GET /api/ -> http://example.com/,3.714286,0.000000,290,500,540,550,2600,2800,2800,2800,2800,2800,2800,40,0,240.0,550.3393949984456,89.01390002574772,2802.9787999985274,68.0
1778882903,40,GET,GET /api/ -> https://books.toscrape.com/,3.000000,0.000000,1100,1200,1300,3300,3500,3600,3600,3600,3600,3600,3600,25,0,1100.0,1460.962947998196,963.348599994788,3588.9609000005294,8223.0
1778882903,40,GET,GET /api/ -> https://docs.docker.com/,1.428571,0.000000,2800,2800,3000,3100,3200,3200,3200,3200,3200,3200,3200,15,0,710.0,1373.0861733357112,266.938199987635,3178.7257000105456,1856.0
1778882903,40,GET,GET /api/ -> https://flask.palletsprojects.com/,0.857143,0.000000,3100,3100,3100,3100,3200,3200,3200,3200,3200,3200,3200,10,0,970.0,1763.8349400047446,624.126900016563,3170.9263999946415,20936.0
1778882903,40,GET,GET /api/ -> https://httpbin.org/,2.571429,0.000000,790,910,990,1000,3100,3300,3300,3300,3300,3300,3300,25,0,770.0,1033.1881999981124,511.31790000363253,3320.149799983483,332.0
1778882903,40,GET,GET /api/ -> https://redis.io/,0.000000,0.000000,0,0,0,0,0,0,0,0,0,0,0,4,0,4400.0,4518.386500014458,4211.286200006725,4826.361300016288,7780.0
1778882903,40,GET,GET /api/ -> https://www.python.org/,2.142857,0.000000,1100,1100,1200,1200,3000,3500,3500,3500,3500,3500,3500,17,0,1000.0,1214.3833176438313,680.1748999860138,3460.890099988319,14427.0
1778882903,40,,Aggregated,13.714286,0.000000,910,1000,1100,1300,3100,3500,4400,4700,4800,4800,4800,136,0,850.0,1186.1769036759677,89.01390002574772,4826.361300016288,5368.926470588235
1778882904,45,GET,GET /api/ -> http://example.com/,3.375000,0.000000,290,500,540,550,2600,2800,2800,2800,2800,2800,2800,40,0,240.0,550.3393949984456,89.01390002574772,2802.9787999985274,68.0
1778882904,45,GET,GET /api/ -> https://books.toscrape.com/,2.750000,0.000000,1200,1900,2400,3300,3500,3600,4600,4600,4600,4600,4600,30,0,1100.0,1688.6657099976826,963.348599994788,4638.350499997614,8223.0
1778882904,45,GET,GET /api/ -> https://docs.docker.com/,1.250000,0.000000,2300,2800,3000,3000,3100,3200,3200,3200,3200,3200,3200,16,0,710.0,1433.7342562521371,266.938199987635,3178.7257000105456,1856.0
1778882904,45,GET,GET /api/ -> https://flask.palletsprojects.com/,0.750000,0.000000,2400,3100,3100,3100,3200,3200,3200,3200,3200,3200,3200,12,0,990.0,1815.3925416700076,624.126900016563,3170.9263999946415,20936.0
1778882904,45,GET,GET /api/ -> https://httpbin.org/,2.375000,0.000000,790,910,990,1000,3100,3300,3300,3300,3300,3300,3300,25,0,770.0,1033.1881999981124,511.31790000363253,3320.149799983483,332.0
1778882904,45,GET,GET /api/ -> https://redis.io/,0.000000,0.000000,4700,4700,4800,4800,4800,4800,4800,4800,4800,4800,4800,4,0,4400.0,4518.386500014458,4211.286200006725,4826.361300016288,7780.0
1778882904,45,GET,GET /api/ -> https://www.python.org/,1.875000,0.000000,1100,1200,2300,2600,3000,3500,3500,3500,3500,3500,3500,19,0,1000.0,1348.5493368414034,680.1748999860138,3460.890099988319,14427.0
1778882904,45,,Aggregated,12.375000,0.000000,960,1100,1700,2600,3100,3500,4600,4700,4800,4800,4800,146,0,910.0,1280.2992746571226,89.01390002574772,4826.361300016288,5779.938356164384
1778882905,55,GET,GET /api/ -> http://example.com/,3.888889,0.000000,520,870,950,1400,2600,2800,2800,2800,2800,2800,2800,49,0,300.0,662.4373836735055,89.01390002574772,2802.9787999985274,68.0
1778882905,55,GET,GET /api/ -> https://books.toscrape.com/,2.777778,0.000000,1300,2600,2600,2700,3500,3600,4600,4600,4600,4600,4600,36,0,1200.0,1837.837163886838,963.348599994788,4638.350499997614,8223.0
1778882905,55,GET,GET /api/ -> https://docs.docker.com/,1.666667,0.000000,2300,2800,2800,3000,3100,3200,3200,3200,3200,3200,3200,18,0,770.0,1474.091994445189,266.938199987635,3178.7257000105456,1856.0
1778882905,55,GET,GET /api/ -> https://flask.palletsprojects.com/,1.111111,0.000000,2400,2600,3100,3100,3100,3200,3200,3200,3200,3200,3200,15,0,2300.0,1938.3857800023786,624.126900016563,3170.9263999946415,20936.0
1778882905,55,GET,GET /api/ -> https://httpbin.org/,2.666667,0.000000,790,910,990,1000,3100,3100,3300,3300,3300,3300,3300,26,0,770.0,1057.2706538447305,511.31790000363253,3320.149799983483,332.0
1778882905,55,GET,GET /api/ -> https://locust.io/,0.000000,0.000000,0,0,0,0,0,0,0,0,0,0,0,4,0,2400.0,2460.981849995733,2352.3486999911256,2656.832699984079,5097.0
1778882905,55,GET,GET /api/ -> https://redis.io/,0.444444,0.000000,4800,4800,5700,5700,6100,6100,6100,6100,6100,6100,6100,6,0,4700.0,4982.21195001194,4211.286200006725,6092.734600009862,7780.0
1778882905,55,GET,GET /api/ -> https://www.python.org/,1.777778,0.000000,1200,2400,2500,2500,3000,3500,5100,5100,5100,5100,5100,25,0,1100.0,1719.291047998704,680.1748999860138,5085.547299997415,14427.0
1778882905,55,,Aggregated,14.333333,0.000000,1000,2300,2500,2600,3100,3600,4800,5700,6100,6100,6100,179,0,1000.0,1477.3157798880568,89.01390002574772,6092.734600009862,6051.301675977654
1778882906,60,GET,GET /api/ -> http://example.com/,4.000000,0.000000,550,940,1100,1400,2600,2800,2800,2800,2800,2800,2800,52,0,340.0,681.0549365377833,89.01390002574772,2802.9787999985274,68.0
1778882906,60,GET,GET /api/ -> https://books.toscrape.com/,2.600000,0.000000,2500,2600,2700,2800,3500,3600,4600,4600,4600,4600,4600,40,0,1200.0,1914.9309524975251,963.348599994788,4638.350499997614,8223.0
1778882906,60,GET,GET /api/ -> https://docs.docker.com/,1.500000,0.000000,1600,2300,2800,3000,3100,3200,3200,3200,3200,3200,3200,20,0,880.0,1482.066090000444,266.938199987635,3178.7257000105456,1856.0
1778882906,60,GET,GET /api/ -> https://flask.palletsprojects.com/,1.100000,0.000000,2400,2600,3100,3100,3100,3200,3200,3200,3200,3200,3200,16,0,1700.0,1918.3438250020117,624.126900016563,3170.9263999946415,20936.0
1778882906,60,GET,GET /api/ -> https://httpbin.org/,2.500000,0.000000,990,1600,1700,1700,3100,3100,3300,3300,3300,3300,3300,35,0,910.0,1202.7450399997178,511.31790000363253,3320.149799983483,332.0
1778882906,60,GET,GET /api/ -> https://locust.io/,0.000000,0.000000,2400,2400,2400,2400,2400,2400,2400,2400,2400,2400,2400,4,0,2400.0,2460.981849995733,2352.3486999911256,2656.832699984079,5097.0
1778882906,60,GET,GET /api/ -> https://redis.io/,0.400000,0.000000,4400,4700,4800,5700,6100,6100,6100,6100,6100,6100,6100,10,0,4400.0,4714.258310006699,4048.580300004687,6092.734600009862,7780.0
1778882906,60,GET,GET /api/ -> https://www.python.org/,1.700000,0.000000,1200,2400,2500,2500,3000,3500,5100,5100,5100,5100,5100,25,0,1100.0,1719.291047998704,680.1748999860138,5085.547299997415,14427.0
1778882906,60,,Aggregated,13.800000,0.000000,1400,2400,2600,2800,3300,4400,4800,5700,6100,6100,6100,202,0,1100.0,1556.4939648510617,89.01390002574772,6092.734600009862,5817.004950495049
1778882907,65,GET,GET /api/ -> http://example.com/,3.500000,0.000000,910,1100,1400,1400,2600,2800,2800,2800,2800,2800,2800,55,0,460.0,702.3189363625451,89.01390002574772,2802.9787999985274,68.0
1778882907,65,GET,GET /api/ -> https://books.toscrape.com/,3.500000,0.000000,2600,2700,2800,3300,3500,3600,4600,4600,4600,4600,4600,40,0,1200.0,1914.9309524975251,963.348599994788,4638.350499997614,8223.0
1778882907,65,GET,GET /api/ -> https://docs.docker.com/,1.600000,0.000000,1900,2300,2800,2800,3100,3200,3200,3200,3200,3200,3200,25,0,1600.0,1575.9791800007224,266.938199987635,3178.7257000105456,1856.0
1778882907,65,GET,GET /api/ -> https://flask.palletsprojects.com/,1.400000,0.000000,2400,2600,3100,3100,3100,3200,3200,3200,3200,3200,3200,16,0,1700.0,1918.3438250020117,624.126900016563,3170.9263999946415,20936.0
1778882907,65,GET,GET /api/ -> https://httpbin.org/,2.500000,0.000000,1500,1700,1700,1700,3100,3100,3300,3300,3300,3300,3300,37,0,940.0,1232.3863432432738,511.31790000363253,3320.149799983483,332.0
1778882907,65,GET,GET /api/ -> https://locust.io/,0.300000,0.000000,2400,2400,2700,2700,2700,2700,2700,2700,2700,2700,2700,6,0,2400.0,2394.910066665034,1865.6503000238445,2659.8826999834273,5097.0
1778882907,65,GET,GET /api/ -> https://redis.io/,0.400000,0.000000,4400,4700,4800,4800,5700,6100,6100,6100,6100,6100,6100,11,0,4400.0,4562.2623818265065,3042.303100024583,6092.734600009862,7780.0
1778882907,65,GET,GET /api/ -> https://www.python.org/,2.000000,0.000000,2300,2500,2500,2600,3500,5100,5100,5100,5100,5100,5100,25,0,1100.0,1719.291047998704,680.1748999860138,5085.547299997415,14427.0
1778882907,65,,Aggregated,15.200000,0.000000,1700,2500,2700,2800,3500,4400,4800,5700,6100,6100,6100,215,0,1100.0,1574.1985013950778,89.01390002574772,6092.734600009862,5596.079069767442
1778882908,70,GET,GET /api/ -> http://example.com/,4.000000,0.000000,940,1100,1400,1400,2800,2800,2800,2800,2800,2800,2800,55,0,460.0,702.3189363625451,89.01390002574772,2802.9787999985274,68.0
1778882908,70,GET,GET /api/ -> https://books.toscrape.com/,3.200000,0.000000,2800,2800,2900,3200,3500,3600,4600,4600,4600,4600,4600,50,0,2500.0,2100.0424579979153,963.348599994788,4638.350499997614,8223.0
1778882908,70,GET,GET /api/ -> https://docs.docker.com/,1.800000,0.000000,1900,2300,2800,2800,3100,3200,3200,3200,3200,3200,3200,25,0,1600.0,1575.9791800007224,266.938199987635,3178.7257000105456,1856.0
1778882908,70,GET,GET /api/ -> https://flask.palletsprojects.com/,1.500000,0.000000,2400,2800,3100,3100,3100,3200,3200,3200,3200,3200,3200,18,0,2300.0,1987.964466668523,624.126900016563,3170.9263999946415,20936.0
1778882908,70,GET,GET /api/ -> https://httpbin.org/,2.700000,0.000000,1700,1700,1800,2000,3100,3100,3300,3300,3300,3300,3300,40,0,990.0,1295.87798499997,511.31790000363253,3320.149799983483,332.0
1778882908,70,GET,GET /api/ -> https://locust.io/,0.400000,0.000000,2600,2600,2700,2700,2700,2700,2700,2700,2700,2700,2700,7,0,2500.0,2426.118971426539,1865.6503000238445,2659.8826999834273,5097.0
1778882908,70,GET,GET /api/ -> https://redis.io/,0.600000,0.000000,4400,4700,4800,4800,5700,6100,6100,6100,6100,6100,6100,11,0,4400.0,4562.2623818265065,3042.303100024583,6092.734600009862,7780.0
1778882908,70,GET,GET /api/ -> https://www.python.org/,2.500000,0.000000,2500,2500,3000,3000,3500,5100,5100,5100,5100,5100,5100,26,0,1100.0,1768.1474230753688,680.1748999860138,5085.547299997415,14427.0
1778882908,70,,Aggregated,16.700000,0.000000,2400,2700,2800,3000,3500,4400,5100,5700,6100,6100,6100,232,0,1200.0,1654.2550676720816,89.01390002574772,6092.734600009862,5809.392241379311
1778882909,75,GET,GET /api/ -> http://example.com/,4.000000,0.000000,1000,1400,1500,2600,2800,2800,3000,3000,3000,3000,3000,59,0,520.0,831.895686438903,89.01390002574772,2961.304799973732,68.0
1778882909,75,GET,GET /api/ -> https://books.toscrape.com/,3.000000,0.000000,2800,2800,2900,3200,3500,3600,4600,4600,4600,4600,4600,50,0,2500.0,2100.0424579979153,963.348599994788,4638.350499997614,8223.0
1778882909,75,GET,GET /api/ -> https://docs.docker.com/,2.000000,0.000000,1900,2300,2800,2800,3100,3200,3200,3200,3200,3200,3200,25,0,1600.0,1575.9791800007224,266.938199987635,3178.7257000105456,1856.0
1778882909,75,GET,GET /api/ -> https://flask.palletsprojects.com/,1.600000,0.000000,2600,2800,3100,3100,3100,3200,3200,3200,3200,3200,3200,20,0,2300.0,2071.725830002106,624.126900016563,3170.9263999946415,20936.0
1778882909,75,GET,GET /api/ -> https://httpbin.org/,3.000000,0.000000,1700,1700,1800,2000,3100,3100,3300,3300,3300,3300,3300,40,0,990.0,1295.87798499997,511.31790000363253,3320.149799983483,332.0
1778882909,75,GET,GET /api/ -> https://locust.io/,0.500000,0.000000,2700,2700,2800,2800,3000,3000,3000,3000,3000,3000,3000,9,0,2600.0,2534.5275444431336,1865.6503000238445,3010.4870999930426,5097.0
1778882909,75,GET,GET /api/ -> https://redis.io/,1.100000,0.000000,4400,4700,4800,4800,5700,6100,6100,6100,6100,6100,6100,12,0,4400.0,4573.649575009767,3042.303100024583,6092.734600009862,7780.0
1778882909,75,GET,GET /api/ -> https://www.python.org/,2.100000,0.000000,2500,2600,3000,3000,3500,5100,5100,5100,5100,5100,5100,28,0,1200.0,1871.6278178554992,680.1748999860138,5085.547299997415,14427.0
1778882909,75,,Aggregated,17.300000,0.000000,2400,2800,2900,3000,3500,4400,4800,5700,6100,6100,6100,243,0,1400.0,1715.4452905346066,89.01390002574772,6092.734600009862,5912.555555555556
1778882910,80,GET,GET /api/ -> http://example.com/,3.500000,0.000000,1100,2100,2700,2700,2800,3000,3100,3100,3100,3100,3100,65,0,550.0,1008.8196030759718,89.01390002574772,3121.6405000013765,68.0
1778882910,80,GET,GET /api/ -> https://books.toscrape.com/,2.700000,0.000000,2800,2900,3400,3500,3600,3600,4600,4600,4600,4600,4600,55,0,2600.0,2228.9445527252446,963.348599994788,4638.350499997614,8223.0
1778882910,80,GET,GET /api/ -> https://docs.docker.com/,2.000000,0.000000,2200,2300,2800,3000,3100,3200,3200,3200,3200,3200,3200,25,0,1600.0,1575.9791800007224,266.938199987635,3178.7257000105456,1856.0
1778882910,80,GET,GET /api/ -> https://flask.palletsprojects.com/,1.500000,0.000000,3000,3100,3200,3200,3200,3300,3300,3300,3300,3300,3300,25,0,2600.0,2299.4780960003845,624.126900016563,3251.3456999731716,20936.0
1778882910,80,GET,GET /api/ -> https://github.com/ibnesayeed/linkextractor,0.000000,0.000000,0,0,0,0,0,0,0,0,0,0,0,4,0,5100.0,5157.361775003665,4864.523399999598,5426.1343000107445,12313.0
1778882910,80,GET,GET /api/ -> https://httpbin.org/,2.800000,0.000000,1700,1700,1900,2000,3100,3100,3300,3300,3300,3300,3300,40,0,990.0,1295.87798499997,511.31790000363253,3320.149799983483,332.0
1778882910,80,GET,GET /api/ -> https://locust.io/,0.600000,0.000000,2800,3000,3400,3400,3500,3500,3500,3500,3500,3500,3500,11,0,2700.0,2702.5468727250964,1865.6503000238445,3517.296999983955,5097.0
1778882910,80,GET,GET /api/ -> https://redis.io/,1.100000,0.000000,4400,4700,4800,5000,5700,6100,6100,6100,6100,6100,6100,13,0,4400.0,4607.381230777649,3042.303100024583,6092.734600009862,7780.0
1778882910,80,GET,GET /api/ -> https://www.python.org/,1.900000,0.000000,3500,3700,3700,3700,3900,5100,5100,5100,5100,5100,5100,35,0,2400.0,2240.523622856043,680.1748999860138,5085.547299997415,14427.0
1778882910,80,,Aggregated,16.100000,0.000000,2600,3000,3200,3400,4000,4800,5200,5700,6100,6100,6100,273,0,1700.0,1925.1227890106768,89.01390002574772,6092.734600009862,6414.538461538462
1778882911,85,GET,GET /api/ -> http://example.com/,3.100000,0.000000,1400,2600,2600,2700,2800,2800,3100,3100,3100,3100,3100,70,0,780.0,1119.1217014279184,89.01390002574772,3121.6405000013765,68.0
1778882911,85,GET,GET /api/ -> https://books.toscrape.com/,3.000000,0.000000,2800,2900,3400,3500,3600,3600,4600,4600,4600,4600,4600,55,0,2600.0,2228.9445527252446,963.348599994788,4638.350499997614,8223.0
1778882911,85,GET,GET /api/ -> https://docs.docker.com/,1.500000,0.000000,2300,2800,3000,3000,3100,3200,3200,3200,3200,3200,3200,26,0,1600.0,1632.1467153846663,266.938199987635,3178.7257000105456,1856.0
1778882911,85,GET,GET /api/ -> https://flask.palletsprojects.com/,1.400000,0.000000,3000,3100,3200,3200,3200,3300,3300,3300,3300,3300,3300,25,0,2600.0,2299.4780960003845,624.126900016563,3251.3456999731716,20936.0
1778882911,85,GET,GET /api/ -> https://github.com/ibnesayeed/linkextractor,0.000000,0.000000,4900,5200,5200,5400,5400,5400,5400,5400,5400,5400,5400,6,0,4900.0,4768.590016668895,3782.669200008968,5426.1343000107445,12313.0
1778882911,85,GET,GET /api/ -> https://httpbin.org/,2.500000,0.000000,1800,3100,3100,3100,3100,3300,3500,3500,3500,3500,3500,50,0,1600.0,1668.6163659999147,511.31790000363253,3496.0262999811675,332.0
1778882911,85,GET,GET /api/ -> https://locust.io/,0.700000,0.000000,2800,3000,3400,3400,3500,3500,3500,3500,3500,3500,3500,11,0,2700.0,2702.5468727250964,1865.6503000238445,3517.296999983955,5097.0
1778882911,85,GET,GET /api/ -> https://redis.io/,1.100000,0.000000,4700,5000,5700,5700,6100,6100,6100,6100,6100,6100,6100,16,0,4700.0,4814.036000003398,3042.303100024583,6134.071599983145,7780.0
1778882911,85,GET,GET /api/ -> https://www.python.org/,1.700000,0.000000,3500,3600,3700,3700,3800,3900,5100,5100,5100,5100,5100,40,0,2500.0,2383.4280549985124,680.1748999860138,5085.547299997415,14427.0
1778882911,85,,Aggregated,15.000000,0.000000,2700,3100,3300,3500,4200,5000,5700,6100,6100,6100,6100,299,0,2000.0,2056.807052507805,89.01390002574772,6134.071599983145,6276.876254180602
1778882912,90,GET,GET /api/ -> http://example.com/,3.400000,0.000000,2000,2400,2600,2600,2800,3000,3100,3100,3100,3100,3100,75,0,910.0,1182.6806226659876,89.01390002574772,3121.6405000013765,68.0
1778882912,90,GET,GET /api/ -> https://books.toscrape.com/,2.900000,0.000000,2800,2900,3300,3400,3600,3700,4600,4600,4600,4600,4600,57,0,2600.0,2273.010273682558,963.348599994788,4638.350499997614,8223.0
1778882912,90,GET,GET /api/ -> https://docs.docker.com/,1.500000,0.000000,2300,2800,2900,3000,3100,3200,3200,3200,3200,3200,3200,28,0,1800.0,1706.9750678575863,266.938199987635,3178.7257000105456,1856.0
1778882912,90,GET,GET /api/ -> https://flask.palletsprojects.com/,1.400000,0.000000,2700,3000,3200,3200,3200,3300,3300,3300,3300,3300,3300,25,0,2600.0,2299.4780960003845,624.126900016563,3251.3456999731716,20936.0
1778882912,90,GET,GET /api/ -> https://github.com/ibnesayeed/linkextractor,0.100000,0.000000,4900,4900,5200,5200,5400,5400,5400,5400,5400,5400,5400,7,0,4900.0,4622.03558571803,3742.7090000128374,5426.1343000107445,12313.0
1778882912,90,GET,GET /api/ -> https://httpbin.org/,2.200000,0.000000,1900,3100,3100,3100,3300,3300,3500,3500,3500,3500,3500,50,0,1600.0,1668.6163659999147,511.31790000363253,3496.0262999811675,332.0
1778882912,90,GET,GET /api/ -> https://locust.io/,1.000000,0.000000,2700,2800,3000,3400,3500,3500,3500,3500,3500,3500,3500,12,0,2700.0,2704.035599997345,1865.6503000238445,3517.296999983955,5097.0
1778882912,90,GET,GET /api/ -> https://redis.io/,1.300000,0.000000,4700,5000,5700,5700,6100,6100,6100,6100,6100,6100,6100,16,0,4700.0,4814.036000003398,3042.303100024583,6134.071599983145,7780.0
1778882912,90,GET,GET /api/ -> https://training.play-with-docker.com/,0.000000,0.000000,0,0,0,0,0,0,0,0,0,0,0,3,0,2400.0,2407.4349000002258,2398.4647000033874,2422.176199994283,1503.0
1778882912,90,GET,GET /api/ -> https://www.python.org/,1.600000,0.000000,3500,3600,3700,3700,3800,3900,5100,5100,5100,5100,5100,40,0,2500.0,2383.4280549985124,680.1748999860138,5085.547299997415,14427.0
1778882912,90,,Aggregated,15.400000,0.000000,2600,3000,3300,3500,3900,5000,5700,6100,6100,6100,6100,313,0,2200.0,2081.0299811497207,89.01390002574772,6134.071599983145,6131.638977635783
1778882913,95,GET,GET /api/ -> http://example.com/,3.900000,0.000000,2000,2500,2600,2600,2800,3000,3100,3100,3100,3100,3100,76,0,910.0,1206.1999486835894,89.01390002574772,3121.6405000013765,68.0
1778882913,95,GET,GET /api/ -> https://books.toscrape.com/,3.400000,0.000000,2800,2900,3400,3500,3600,3900,4600,4600,4600,4600,4600,58,0,2600.0,2300.3177551707204,963.348599994788,4638.350499997614,8223.0
1778882913,95,GET,GET /api/ -> https://docs.docker.com/,1.500000,0.000000,2300,2700,3000,3000,3400,3800,3800,3800,3800,3800,3800,33,0,2000.0,1942.1167333344013,266.938199987635,3803.777400025865,1856.0
1778882913,95,GET,GET /api/ -> https://flask.palletsprojects.com/,1.900000,0.000000,2800,3200,3200,3200,3200,3300,3300,3300,3300,3300,3300,25,0,2600.0,2299.4780960003845,624.126900016563,3251.3456999731716,20936.0
1778882913,95,GET,GET /api/ -> https://github.com/ibnesayeed/linkextractor,0.400000,0.000000,4900,4900,5200,5200,5400,5400,5400,5400,5400,5400,5400,7,0,4900.0,4622.03558571803,3742.7090000128374,5426.1343000107445,12313.0
1778882913,95,GET,GET /api/ -> https://httpbin.org/,2.200000,0.000000,2300,3100,3100,3100,3100,3300,3500,3500,3500,3500,3500,55,0,1700.0,1790.5447054548529,511.31790000363253,3496.0262999811675,332.0
1778882913,95,GET,GET /api/ -> https://locust.io/,1.100000,0.000000,2800,3000,3300,3400,3500,3500,3500,3500,3500,3500,3500,13,0,2700.0,2753.4663692282406,1865.6503000238445,3517.296999983955,5097.0
1778882913,95,GET,GET /api/ -> https://redis.io/,1.400000,0.000000,4700,5000,5700,5700,6100,6100,6100,6100,6100,6100,6100,16,0,4700.0,4814.036000003398,3042.303100024583,6134.071599983145,7780.0
1778882913,95,GET,GET /api/ -> https://training.play-with-docker.com/,0.000000,0.000000,0,0,0,0,0,0,0,0,0,0,0,4,0,2400.0,2557.0608749985695,2398.4647000033874,3005.9387999936007,1503.0
1778882913,95,GET,GET /api/ -> https://www.python.org/,2.100000,0.000000,3500,3600,3700,3700,3800,3900,5100,5100,5100,5100,5100,40,0,2500.0,2383.4280549985124,680.1748999860138,5085.547299997415,14427.0
1778882913,95,,Aggregated,17.900000,0.000000,2700,3100,3300,3500,3900,5000,5700,6100,6100,6100,6100,327,0,2400.0,2128.090651070027,89.01390002574772,6134.071599983145,5948.1162079510705
1778882914,100,GET,GET /api/ -> http://example.com/,4.800000,0.000000,2100,2600,2700,2800,3100,3100,3200,3200,3200,3200,3200,80,0,940.0,1303.0181512494892,89.01390002574772,3150.939599989215,68.0
1778882914,100,GET,GET /api/ -> https://books.toscrape.com/,3.300000,0.000000,3300,3500,3600,3600,3900,4000,4100,4100,4100,4100,4100,65,0,2600.0,2453.8244461533254,963.348599994788,4638.350499997614,8223.0
1778882914,100,GET,GET /api/ -> https://docs.docker.com/,1.700000,0.000000,2700,3000,3400,3600,3700,3800,3900,3900,3900,3900,3900,37,0,2300.0,2136.2339918921716,266.938199987635,3936.218999995617,1856.0
1778882914,100,GET,GET /api/ -> https://flask.palletsprojects.com/,1.900000,0.000000,3000,3200,3200,3200,3200,3300,3300,3300,3300,3300,3300,25,0,2600.0,2299.4780960003845,624.126900016563,3251.3456999731716,20936.0
1778882914,100,GET,GET /api/ -> https://github.com/ibnesayeed/linkextractor,0.600000,0.000000,4700,4700,4900,5200,5400,5400,5400,5400,5400,5400,5400,11,0,4700.0,4586.028990915193,3742.7090000128374,5426.1343000107445,12313.0
1778882914,100,GET,GET /api/ -> https://httpbin.org/,3.100000,0.000000,2900,3100,3100,3100,3300,3300,3500,3500,3500,3500,3500,55,0,1700.0,1790.5447054548529,511.31790000363253,3496.0262999811675,332.0
1778882914,100,GET,GET /api/ -> https://locust.io/,1.200000,0.000000,2800,3300,3400,3400,3500,3500,3500,3500,3500,3500,3500,14,0,2700.0,2808.2512357130845,1865.6503000238445,3520.454500016058,5097.0
1778882914,100,GET,GET /api/ -> https://redis.io/,1.600000,0.000000,5200,5800,5800,6100,6100,6100,6100,6100,6100,6100,6100,18,0,4700.0,4942.314933335486,3042.303100024583,6134.071599983145,7780.0
1778882914,100,GET,GET /api/ -> https://training.play-with-docker.com/,0.000000,0.000000,3400,3400,3400,3400,3400,3400,3400,3400,3400,3400,3400,5,0,2400.0,2726.9822000002023,2398.4647000033874,3406.6675000067335,1503.0
1778882914,100,GET,GET /api/ -> https://www.python.org/,2.500000,0.000000,3500,3600,3700,3700,3800,3900,3900,3900,3900,3900,3900,40,0,2500.0,2383.4280549985124,680.1748999860138,5085.547299997415,14427.0
1778882914,100,,Aggregated,20.700000,0.000000,3000,3300,3500,3600,4200,5100,5800,6100,6100,6100,6100,350,0,2400.0,2246.9804234285507,89.01390002574772,6134.071599983145,5947.722857142857
1778882915,105,GET,GET /api/ -> http://example.com/,4.800000,0.000000,2600,2700,2800,3000,3100,3100,3200,3200,3200,3200,3200,80,0,940.0,1303.0181512494892,89.01390002574772,3150.939599989215,68.0
1778882915,105,GET,GET /api/ -> https://books.toscrape.com/,3.300000,0.000000,3500,3600,3600,3600,3900,4000,4100,4100,4100,4100,4100,65,0,2600.0,2453.8244461533254,963.348599994788,4638.350499997614,8223.0
1778882915,105,GET,GET /api/ -> https://docs.docker.com/,1.700000,0.000000,3000,3400,3600,3700,3800,3900,3900,3900,3900,3900,3900,37,0,2300.0,2136.2339918921716,266.938199987635,3936.218999995617,1856.0
1778882915,105,GET,GET /api/ -> https://flask.palletsprojects.com/,1.900000,0.000000,3200,3200,3200,3200,3300,3300,3300,3300,3300,3300,3300,25,0,2600.0,2299.4780960003845,624.126900016563,3251.3456999731716,20936.0
1778882915,105,GET,GET /api/ -> https://github.com/ibnesayeed/linkextractor,0.600000,0.000000,4700,4700,4900,5200,5400,5400,5400,5400,5400,5400,5400,11,0,4700.0,4586.028990915193,3742.7090000128374,5426.1343000107445,12313.0
1778882915,105,GET,GET /api/ -> https://httpbin.org/,3.100000,0.000000,3100,3100,3100,3100,3300,3500,3500,3500,3500,3500,3500,55,0,1700.0,1790.5447054548529,511.31790000363253,3496.0262999811675,332.0
1778882915,105,GET,GET /api/ -> https://locust.io/,1.200000,0.000000,3300,3400,3500,3500,3700,3700,3700,3700,3700,3700,3700,15,0,2700.0,2870.274413332421,1865.6503000238445,3738.598900003126,5097.0
1778882915,105,GET,GET /api/ -> https://redis.io/,1.600000,0.000000,5000,5200,5800,5800,6100,6100,6100,6100,6100,6100,6100,18,0,4700.0,4942.314933335486,3042.303100024583,6134.071599983145,7780.0
1778882915,105,GET,GET /api/ -> https://training.play-with-docker.com/,0.000000,0.000000,3400,3400,3400,3400,3400,3400,3400,3400,3400,3400,3400,5,0,2400.0,2726.9822000002023,2398.4647000033874,3406.6675000067335,1503.0
1778882915,105,GET,GET /api/ -> https://www.python.org/,2.500000,0.000000,3600,3700,3700,3700,3800,3900,3900,3900,3900,3900,3900,40,0,2500.0,2383.4280549985124,680.1748999860138,5085.547299997415,14427.0
1778882915,105,,Aggregated,20.700000,0.000000,3100,3500,3600,3700,4200,5100,5800,6100,6100,6100,6100,351,0,2500.0,2251.230048717937,89.01390002574772,6134.071599983145,5945.2991452991455
1778882917,110,GET,GET /api/ -> http://example.com/,4.000000,0.000000,2700,3000,3100,3200,5700,5700,5700,5700,5700,5700,5700,85,0,1000.0,1557.2045211758984,89.01390002574772,5684.02819999028,68.0
1778882917,110,GET,GET /api/ -> https://books.toscrape.com/,3.000000,0.000000,3600,3600,4000,4100,6200,6300,6500,6500,6500,6500,6500,70,0,2700.0,2725.245802857015,963.348599994788,6534.191100014141,8223.0
1778882917,110,GET,GET /api/ -> https://docs.docker.com/,2.100000,0.000000,3000,3600,3700,3800,5700,5900,5900,5900,5900,5900,5900,39,0,2300.0,2324.306269231527,266.938199987635,5908.568300015759,1856.0
1778882917,110,GET,GET /api/ -> https://flask.palletsprojects.com/,1.100000,0.000000,3200,3200,3200,3300,5800,5800,5800,5800,5800,5800,5800,26,0,2600.0,2433.4666153848116,624.126900016563,5783.179599995492,20936.0
1778882917,110,GET,GET /api/ -> https://github.com/ibnesayeed/linkextractor,1.100000,0.000000,4700,4700,4900,5200,5400,5400,5400,5400,5400,5400,5400,11,0,4700.0,4586.028990915193,3742.7090000128374,5426.1343000107445,12313.0
1778882917,110,GET,GET /api/ -> https://httpbin.org/,3.000000,0.000000,3100,3100,3100,3100,3300,3500,3500,3500,3500,3500,3500,55,0,1700.0,1790.5447054548529,511.31790000363253,3496.0262999811675,332.0
1778882917,110,GET,GET /api/ -> https://locust.io/,1.200000,0.000000,3400,3500,3500,3700,5800,5800,5800,5800,5800,5800,5800,16,0,2700.0,3051.374493748881,1865.6503000238445,5767.875699995784,5097.0
1778882917,110,GET,GET /api/ -> https://redis.io/,1.400000,0.000000,5800,6100,6100,7700,8200,8200,8200,8200,8200,8200,8200,20,0,4800.0,5242.213755000557,3042.303100024583,8222.968199988827,7780.0
1778882917,110,GET,GET /api/ -> https://training.play-with-docker.com/,0.500000,0.000000,3400,3400,5600,5600,5600,5600,5600,5600,5600,5600,5600,6,0,2400.0,3204.1147499985527,2398.4647000033874,5589.777499990305,1503.0
1778882917,110,GET,GET /api/ -> https://www.python.org/,2.000000,0.000000,3700,3800,5900,5900,6200,6400,6400,6400,6400,6400,6400,45,0,2900.0,2790.804964443022,680.1748999860138,6364.307600015309,14427.0
1778882917,110,,Aggregated,19.400000,0.000000,3400,3700,4100,5000,5800,6100,6400,7700,8200,8200,8200,373,0,2600.0,2478.4212428953933,89.01390002574772,8222.968199988827,6024.659517426274
1778882918,115,GET,GET /api/ -> http://example.com/,3.000000,0.000000,3000,3200,5200,5300,5600,5700,5700,5700,5700,5700,5700,91,0,1100.0,1799.4805274724417,89.01390002574772,5684.02819999028,68.0
1778882918,115,GET,GET /api/ -> https://books.toscrape.com/,2.800000,0.000000,3600,4000,6100,6300,6600,6800,6900,6900,6900,6900,6900,75,0,2800.0,2993.1135453338115,963.348599994788,6931.964099989273,8223.0
1778882918,115,GET,GET /api/ -> https://docs.docker.com/,1.900000,0.000000,3300,3700,3800,3900,5900,6100,6100,6100,6100,6100,6100,40,0,2300.0,2418.218125000567,266.938199987635,6080.780499993125,1856.0
1778882918,115,GET,GET /api/ -> https://flask.palletsprojects.com/,1.000000,0.000000,3200,3300,5800,6400,6600,6600,6600,6600,6600,6600,6600,28,0,2700.0,2724.4223499999084,624.126900016563,6573.91869998537,20936.0
1778882918,115,GET,GET /api/ -> https://github.com/ibnesayeed/linkextractor,1.100000,0.000000,4700,4700,4900,5200,5400,5400,5400,5400,5400,5400,5400,11,0,4700.0,4586.028990915193,3742.7090000128374,5426.1343000107445,12313.0
1778882918,115,GET,GET /api/ -> https://httpbin.org/,2.800000,0.000000,3100,3100,3300,3300,5800,5900,5900,5900,5900,5900,5900,57,0,1700.0,1933.448877193242,511.31790000363253,5926.361299993005,332.0
1778882918,115,GET,GET /api/ -> https://locust.io/,1.100000,0.000000,3400,3500,3500,3700,5800,5800,5800,5800,5800,5800,5800,16,0,2700.0,3051.374493748881,1865.6503000238445,5767.875699995784,5097.0
1778882918,115,GET,GET /api/ -> https://redis.io/,1.200000,0.000000,7400,7600,7700,7900,7900,8200,8200,8200,8200,8200,8200,25,0,5700.0,5727.498439999763,3042.303100024583,8222.968199988827,7780.0
1778882918,115,GET,GET /api/ -> https://training.play-with-docker.com/,0.500000,0.000000,5600,5600,5700,5700,5700,5700,5700,5700,5700,5700,5700,7,0,3000.0,3566.6208285713633,2398.4647000033874,5741.657300008228,1503.0
1778882918,115,GET,GET /api/ -> https://www.python.org/,1.500000,0.000000,3800,5900,6100,6200,6200,6400,6600,6600,6600,6600,6600,50,0,3000.0,3134.055389999412,680.1748999860138,6563.5608000156935,14427.0
1778882918,115,,Aggregated,16.900000,0.000000,3600,5000,5700,5900,6400,6800,7700,7900,8200,8200,8200,400,0,2700.0,2738.950669500191,89.01390002574772,8222.968199988827,6114.1275
1778882919,120,GET,GET /api/ -> http://example.com/,2.500000,0.000000,3200,5200,5200,5300,5600,5700,5700,5700,5700,5700,5700,99,0,1400.0,2069.1263090914367,89.01390002574772,5684.02819999028,68.0
1778882919,120,GET,GET /api/ -> https://books.toscrape.com/,2.500000,0.000000,4000,6100,6300,6500,6700,6800,6900,6900,6900,6900,6900,76,0,2800.0,3029.772885527085,963.348599994788,6931.964099989273,8223.0
1778882919,120,GET,GET /api/ -> https://docs.docker.com/,1.700000,0.000000,3600,3700,3900,5700,5900,6100,6100,6100,6100,6100,6100,40,0,2300.0,2418.218125000567,266.938199987635,6080.780499993125,1856.0
1778882919,120,GET,GET /api/ -> https://flask.palletsprojects.com/,0.900000,0.000000,5700,5900,5900,6000,6400,6600,6600,6600,6600,6600,6600,33,0,3100.0,3193.5621939394905,624.126900016563,6573.91869998537,20936.0
1778882919,120,GET,GET /api/ -> https://github.com/ibnesayeed/linkextractor,1.100000,0.000000,4700,4900,5200,5200,5400,7500,7500,7500,7500,7500,7500,12,0,4700.0,4825.426541671429,3742.7090000128374,7458.799599990016,12313.0
1778882919,120,GET,GET /api/ -> https://httpbin.org/,2.000000,0.000000,3100,3300,5600,5600,5800,5900,5900,5900,5900,5900,5900,60,0,1700.0,2117.450559999755,511.31790000363253,5926.361299993005,332.0
1778882919,120,GET,GET /api/ -> https://locust.io/,1.000000,0.000000,3500,3500,3700,3700,5800,5800,5800,5800,5800,5800,5800,16,0,2700.0,3051.374493748881,1865.6503000238445,5767.875699995784,5097.0
1778882919,120,GET,GET /api/ -> https://redis.io/,0.800000,0.000000,7500,7600,7900,7900,7900,8200,8200,8200,8200,8200,8200,25,0,5700.0,5727.498439999763,3042.303100024583,8222.968199988827,7780.0
1778882919,120,GET,GET /api/ -> https://training.play-with-docker.com/,0.500000,0.000000,5600,5600,5600,5700,5700,5700,5700,5700,5700,5700,5700,8,0,3000.0,3823.6162875000446,2398.4647000033874,5741.657300008228,1503.0
1778882919,120,GET,GET /api/ -> https://www.python.org/,1.600000,0.000000,5900,6000,6100,6200,6200,6400,6600,6600,6600,6600,6600,55,0,3500.0,3393.319334544305,680.1748999860138,6563.5608000156935,14427.0
1778882919,120,,Aggregated,14.600000,0.000000,4100,5600,5800,5900,6400,6900,7700,7900,8200,8200,8200,424,0,2800.0,2904.258537736067,89.01390002574772,8222.968199988827,6240.672169811321
1778882920,130,GET,GET /api/ -> http://example.com/,3.100000,0.000000,4900,5100,5200,5300,5500,5700,5700,5700,5700,5700,5700,113,0,2100.0,2391.0595716818943,89.01390002574772,5684.02819999028,68.0
1778882920,130,GET,GET /api/ -> https://books.toscrape.com/,2.800000,0.000000,5800,6300,6600,6700,6800,6800,6900,6900,6900,6900,6900,80,0,2800.0,3214.257995000662,963.348599994788,6931.964099989273,8223.0
1778882920,130,GET,GET /api/ -> https://docs.docker.com/,1.500000,0.000000,3600,3700,3900,5700,5900,6100,6100,6100,6100,6100,6100,40,0,2300.0,2418.218125000567,266.938199987635,6080.780499993125,1856.0
1778882920,130,GET,GET /api/ -> https://flask.palletsprojects.com/,0.900000,0.000000,5900,6000,6000,6300,6600,6700,6700,6700,6700,6700,6700,37,0,3100.0,3523.015205405426,624.126900016563,6669.15160001372,20936.0
1778882920,130,GET,GET /api/ -> https://github.com/ibnesayeed/linkextractor,1.100000,0.000000,4600,4700,4700,7300,7500,7500,7500,7500,7500,7500,7500,13,0,4700.0,5016.4495538517185,3742.7090000128374,7458.799599990016,12313.0
1778882920,130,GET,GET /api/ -> https://httpbin.org/,1.700000,0.000000,3300,5600,5800,6100,6500,6500,6600,6600,6600,6600,6600,65,0,1700.0,2446.1279676918193,511.31790000363253,6639.780299999984,332.0
1778882920,130,GET,GET /api/ -> https://locust.io/,1.000000,0.000000,3700,5800,6700,6700,6700,6700,6700,6700,6700,6700,6700,18,0,2800.0,3456.521644444567,1865.6503000238445,6711.918100016192,5097.0
1778882920,130,GET,GET /api/ -> https://redis.io/,1.000000,0.000000,7500,7700,7900,7900,7900,8200,8200,8200,8200,8200,8200,25,0,5700.0,5727.498439999763,3042.303100024583,8222.968199988827,7780.0
1778882920,130,GET,GET /api/ -> https://training.play-with-docker.com/,0.600000,0.000000,5700,5900,6000,6000,6700,6700,6700,6700,6700,6700,6700,11,0,5600.0,4472.193327272014,2398.4647000033874,6663.921300001675,1503.0
1778882920,130,GET,GET /api/ -> https://www.python.org/,2.500000,0.000000,6000,6100,6200,6200,6400,6600,6600,6600,6600,6600,6600,55,0,3500.0,3393.319334544305,680.1748999860138,6563.5608000156935,14427.0
1778882920,130,,Aggregated,16.200000,0.000000,5200,5900,6100,6200,6700,6900,7700,7900,8200,8200,8200,457,0,2900.0,3106.902322757322,89.01390002574772,8222.968199988827,6110.0853391684905
1778882921,135,GET,GET /api/ -> http://example.com/,3.900000,0.000000,4800,5000,5200,5200,5500,5700,5700,5700,5700,5700,5700,120,0,2600.0,2469.358199999988,89.01390002574772,5684.02819999028,68.0
1778882921,135,GET,GET /api/ -> https://books.toscrape.com/,2.500000,0.000000,6100,6500,6600,6800,6800,6800,6900,6900,6900,6900,6900,80,0,2800.0,3214.257995000662,963.348599994788,6931.964099989273,8223.0
1778882921,135,GET,GET /api/ -> https://docs.docker.com/,1.500000,0.000000,3800,4000,4500,4500,5900,6100,6100,6100,6100,6100,6100,43,0,2700.0,2546.7161418616956,266.938199987635,6080.780499993125,1856.0
1778882921,135,GET,GET /api/ -> https://flask.palletsprojects.com/,1.200000,0.000000,5900,6000,6000,6300,6600,6700,6700,6700,6700,6700,6700,38,0,3100.0,3547.9492263157704,624.126900016563,6669.15160001372,20936.0
1778882921,135,GET,GET /api/ -> https://github.com/ibnesayeed/linkextractor,1.100000,0.000000,4700,6300,6800,7300,7500,7500,7500,7500,7500,7500,7500,15,0,4900.0,5219.169713339458,3742.7090000128374,7458.799599990016,12313.0
1778882921,135,GET,GET /api/ -> https://httpbin.org/,1.700000,0.000000,3300,5600,5800,5900,6500,6500,6600,6600,6600,6600,6600,67,0,1800.0,2497.089123879837,511.31790000363253,6639.780299999984,332.0
1778882921,135,GET,GET /api/ -> https://locust.io/,0.900000,0.000000,4400,4400,5800,6700,6700,6700,6700,6700,6700,6700,6700,20,0,3000.0,3551.8076649997965,1865.6503000238445,6711.918100016192,5097.0
1778882921,135,GET,GET /api/ -> https://redis.io/,1.400000,0.000000,7500,7700,7900,7900,7900,8200,8200,8200,8200,8200,8200,25,0,5700.0,5727.498439999763,3042.303100024583,8222.968199988827,7780.0
1778882921,135,GET,GET /api/ -> https://training.play-with-docker.com/,0.700000,0.000000,5700,5900,6000,6000,6700,6700,6700,6700,6700,6700,6700,11,0,5600.0,4472.193327272014,2398.4647000033874,6663.921300001675,1503.0
1778882921,135,GET,GET /api/ -> https://www.python.org/,2.400000,0.000000,6000,6100,6200,6200,6400,6600,6600,6600,6600,6600,6600,55,0,3500.0,3393.319334544305,680.1748999860138,6563.5608000156935,14427.0
1778882921,135,,Aggregated,17.300000,0.000000,5400,5900,6100,6300,6700,7300,7700,7900,8200,8200,8200,474,0,3000.0,3150.711623628826,89.01390002574772,8222.968199988827,6022.727848101265
1778882922,140,GET,GET /api/ -> http://example.com/,4.100000,0.000000,4900,5000,5200,5200,5500,5700,5700,5700,5700,5700,5700,126,0,2600.0,2531.8844380951577,89.01390002574772,5684.02819999028,68.0
1778882922,140,GET,GET /api/ -> https://books.toscrape.com/,2.600000,0.000000,6100,6500,6600,6700,6800,6800,6900,6900,6900,6900,6900,85,0,2900.0,3308.892672941404,963.348599994788,6931.964099989273,8223.0
1778882922,140,GET,GET /api/ -> https://docs.docker.com/,1.500000,0.000000,4500,4600,4700,4700,5900,6100,6100,6100,6100,6100,6100,50,0,2900.0,2829.407566000591,266.938199987635,6080.780499993125,1856.0
1778882922,140,GET,GET /api/ -> https://flask.palletsprojects.com/,1.300000,0.000000,5800,6000,6000,6300,6600,6700,6700,6700,6700,6700,6700,40,0,3200.0,3599.5426799992856,624.126900016563,6669.15160001372,20936.0
1778882922,140,GET,GET /api/ -> https://github.com/ibnesayeed/linkextractor,1.100000,0.000000,5100,6300,6800,7300,7500,7500,7500,7500,7500,7500,7500,16,0,4900.0,5214.7706312553055,3742.7090000128374,7458.799599990016,12313.0
1778882922,140,GET,GET /api/ -> https://httpbin.org/,2.000000,0.000000,5600,5800,6100,6200,6500,6600,6600,6600,6600,6600,6600,70,0,1900.0,2581.4744599999226,511.31790000363253,6639.780299999984,332.0
1778882922,140,GET,GET /api/ -> https://locust.io/,0.600000,0.000000,4400,4600,5800,6700,6700,6700,6700,6700,6700,6700,6700,21,0,3300.0,3601.202328571595,1865.6503000238445,6711.918100016192,5097.0
1778882922,140,GET,GET /api/ -> https://redis.io/,1.200000,0.000000,7600,7700,7900,7900,8200,8200,8200,8200,8200,8200,8200,25,0,5700.0,5727.498439999763,3042.303100024583,8222.968199988827,7780.0
1778882922,140,GET,GET /api/ -> https://training.play-with-docker.com/,0.800000,0.000000,5700,5900,6000,6000,6700,6700,6700,6700,6700,6700,6700,11,0,5600.0,4472.193327272014,2398.4647000033874,6663.921300001675,1503.0
1778882922,140,GET,GET /api/ -> https://www.python.org/,2.400000,0.000000,6000,6100,6200,6200,6400,6600,6600,6600,6600,6600,6600,55,0,3500.0,3393.319334544305,680.1748999860138,6563.5608000156935,14427.0
1778882922,140,,Aggregated,17.600000,0.000000,5200,5900,6100,6200,6700,6900,7700,7900,8200,8200,8200,499,0,3100.0,3215.4395673347017,89.01390002574772,8222.968199988827,5951.034068136272
1778882923,145,GET,GET /api/ -> http://example.com/,5.000000,0.000000,4900,5000,5200,5200,5500,5700,5700,5700,5700,5700,5700,126,0,2600.0,2531.8844380951577,89.01390002574772,5684.02819999028,68.0
1778882923,145,GET,GET /api/ -> https://books.toscrape.com/,2.500000,0.000000,6100,6500,6600,6700,6800,6800,6900,6900,6900,6900,6900,87,0,2900.0,3361.6389586210876,963.348599994788,6931.964099989273,8223.0
1778882923,145,GET,GET /api/ -> https://docs.docker.com/,1.500000,0.000000,4500,4600,4700,5700,5900,6100,6100,6100,6100,6100,6100,50,0,2900.0,2829.407566000591,266.938199987635,6080.780499993125,1856.0
1778882923,145,GET,GET /api/ -> https://flask.palletsprojects.com/,1.200000,0.000000,5900,6000,6300,6400,6600,6700,6700,6700,6700,6700,6700,40,0,3200.0,3599.5426799992856,624.126900016563,6669.15160001372,20936.0
1778882923,145,GET,GET /api/ -> https://github.com/ibnesayeed/linkextractor,0.900000,0.000000,6300,6800,7300,7300,7500,7500,7500,7500,7500,7500,7500,16,0,4900.0,5214.7706312553055,3742.7090000128374,7458.799599990016,12313.0
1778882923,145,GET,GET /api/ -> https://httpbin.org/,2.500000,0.000000,4700,5600,5800,6100,6500,6500,6600,6600,6600,6600,6600,75,0,2900.0,2728.5469519991116,511.31790000363253,6639.780299999984,332.0
1778882923,145,GET,GET /api/ -> https://locust.io/,0.700000,0.000000,4900,5100,5800,5800,6700,6700,6700,6700,6700,6700,6700,25,0,3500.0,3829.744716002606,1865.6503000238445,6711.918100016192,5097.0
1778882923,145,GET,GET /api/ -> https://redis.io/,1.100000,0.000000,7600,7700,7900,7900,8200,8200,8200,8200,8200,8200,8200,25,0,5700.0,5727.498439999763,3042.303100024583,8222.968199988827,7780.0
1778882923,145,GET,GET /api/ -> https://training.play-with-docker.com/,1.100000,0.000000,5700,5900,6000,6000,6700,6700,6700,6700,6700,6700,6700,12,0,4300.0,4460.604783331898,2398.4647000033874,6663.921300001675,1503.0
1778882923,145,GET,GET /api/ -> https://www.python.org/,1.900000,0.000000,6100,6100,6200,6200,6400,6600,6600,6600,6600,6600,6600,55,0,3500.0,3393.319334544305,680.1748999860138,6563.5608000156935,14427.0
1778882923,145,,Aggregated,18.400000,0.000000,5400,5900,6100,6200,6700,7300,7700,7900,8200,8200,8200,511,0,3100.0,3256.5564878669716,89.01390002574772,8222.968199988827,5889.555772994129
1778882924,150,GET,GET /api/ -> http://example.com/,4.500000,0.000000,4900,5000,5200,5200,5500,5700,5700,5700,5700,5700,5700,131,0,2700.0,2614.4879076335283,89.01390002574772,5684.02819999028,68.0
1778882924,150,GET,GET /api/ -> https://books.toscrape.com/,2.500000,0.000000,6000,6300,6500,6600,6800,6800,6900,6900,6900,6900,6900,94,0,3300.0,3549.70813085117,963.348599994788,6931.964099989273,8223.0
1778882924,150,GET,GET /api/ -> https://docs.docker.com/,1.700000,0.000000,4600,5000,5500,5600,5900,6100,6100,6100,6100,6100,6100,54,0,3000.0,3017.161631482412,266.938199987635,6080.780499993125,1856.0
1778882924,150,GET,GET /api/ -> https://flask.palletsprojects.com/,1.300000,0.000000,5900,6000,6300,6400,6600,6700,6700,6700,6700,6700,6700,40,0,3200.0,3599.5426799992856,624.126900016563,6669.15160001372,20936.0
1778882924,150,GET,GET /api/ -> https://github.com/ibnesayeed/linkextractor,0.900000,0.000000,6300,6800,7300,7300,7500,7500,7500,7500,7500,7500,7500,16,0,4900.0,5214.7706312553055,3742.7090000128374,7458.799599990016,12313.0
1778882924,150,GET,GET /api/ -> https://httpbin.org/,1.700000,0.000000,4700,5600,5800,5900,6500,6500,6600,6600,6600,6600,6600,76,0,2900.0,2750.6860947362024,511.31790000363253,6639.780299999984,332.0
1778882924,150,GET,GET /api/ -> https://locust.io/,0.800000,0.000000,4900,5100,5800,5800,6700,6700,6700,6700,6700,6700,6700,25,0,3500.0,3829.744716002606,1865.6503000238445,6711.918100016192,5097.0
1778882924,150,GET,GET /api/ -> https://redis.io/,0.900000,0.000000,7600,7700,7900,7900,8200,8200,8200,8200,8200,8200,8200,26,0,5700.0,5782.745899999729,3042.303100024583,8222.968199988827,7780.0
1778882924,150,GET,GET /api/ -> https://training.play-with-docker.com/,1.100000,0.000000,5700,5900,6000,6000,6700,6700,6700,6700,6700,6700,6700,12,0,4300.0,4460.604783331898,2398.4647000033874,6663.921300001675,1503.0
1778882924,150,GET,GET /api/ -> https://www.python.org/,1.500000,0.000000,6100,6100,6200,6200,6400,6600,6600,6600,6600,6600,6600,58,0,3500.0,3523.8823741368333,680.1748999860138,6563.5608000156935,14427.0
1778882924,150,,Aggregated,16.900000,0.000000,5400,5900,6100,6200,6700,7200,7700,7900,8200,8200,8200,532,0,3200.0,3345.0654796993185,89.01390002574772,8222.968199988827,5876.4680451127815
1778882925,155,GET,GET /api/ -> http://example.com/,5.100000,0.000000,4900,5000,5200,5200,5500,5700,5700,5700,5700,5700,5700,133,0,2700.0,2648.6281270677264,89.01390002574772,5684.02819999028,68.0
1778882925,155,GET,GET /api/ -> https://books.toscrape.com/,2.800000,0.000000,5900,6200,6500,6600,6800,6800,6900,6900,6900,6900,6900,103,0,3500.0,3720.115381553238,963.348599994788,6931.964099989273,8223.0
1778882925,155,GET,GET /api/ -> https://docs.docker.com/,2.000000,0.000000,4700,5300,5500,5600,5900,6100,6100,6100,6100,6100,6100,55,0,3000.0,3058.8241072736723,266.938199987635,6080.780499993125,1856.0
1778882925,155,GET,GET /api/ -> https://flask.palletsprojects.com/,1.500000,0.000000,5900,6000,6300,6400,6600,6700,6700,6700,6700,6700,6700,40,0,3200.0,3599.5426799992856,624.126900016563,6669.15160001372,20936.0
1778882925,155,GET,GET /api/ -> https://github.com/ibnesayeed/linkextractor,0.900000,0.000000,6300,6800,7300,7300,7500,7500,7500,7500,7500,7500,7500,16,0,4900.0,5214.7706312553055,3742.7090000128374,7458.799599990016,12313.0
1778882925,155,GET,GET /api/ -> https://httpbin.org/,2.000000,0.000000,5000,5600,5900,6100,6500,6500,6600,6600,6600,6600,6600,77,0,3000.0,2779.4466220770732,511.31790000363253,6639.780299999984,332.0
1778882925,155,GET,GET /api/ -> https://locust.io/,1.000000,0.000000,5100,5400,5800,6700,6700,6700,6700,6700,6700,6700,6700,25,0,3500.0,3829.744716002606,1865.6503000238445,6711.918100016192,5097.0
1778882925,155,GET,GET /api/ -> https://redis.io/,0.900000,0.000000,7700,7900,7900,7900,8200,8200,8200,8200,8200,8200,8200,26,0,5700.0,5782.745899999729,3042.303100024583,8222.968199988827,7780.0
1778882925,155,GET,GET /api/ -> https://training.play-with-docker.com/,0.800000,0.000000,5700,5900,6000,6000,6700,6700,6700,6700,6700,6700,6700,13,0,4800.0,4487.544623075966,2398.4647000033874,6663.921300001675,1503.0
1778882925,155,GET,GET /api/ -> https://www.python.org/,1.500000,0.000000,6000,6100,6100,6200,6200,6400,6600,6600,6600,6600,6600,62,0,3500.0,3643.154996772571,680.1748999860138,6563.5608000156935,14427.0
1778882925,155,,Aggregated,18.500000,0.000000,5500,5900,6000,6200,6700,7200,7700,7900,8200,8200,8200,550,0,3300.0,3409.85250818178,89.01390002574772,8222.968199988827,5930.587272727273
1778882926,160,GET,GET /api/ -> http://example.com/,4.600000,0.000000,4900,5200,5200,5300,5500,5700,5700,5700,5700,5700,5700,138,0,2800.0,2743.060802173863,89.01390002574772,5684.02819999028,68.0
1778882926,160,GET,GET /api/ -> https://books.toscrape.com/,2.600000,0.000000,5900,6100,6500,6500,6800,6800,6900,6900,6900,6900,6900,108,0,3600.0,3825.422573147484,963.348599994788,6931.964099989273,8223.0
1778882926,160,GET,GET /api/ -> https://docs.docker.com/,1.500000,0.000000,4700,5300,5500,5600,5900,6100,6100,6100,6100,6100,6100,55,0,3000.0,3058.8241072736723,266.938199987635,6080.780499993125,1856.0
1778882926,160,GET,GET /api/ -> https://flask.palletsprojects.com/,1.500000,0.000000,5900,6000,6300,6400,6600,6700,6700,6700,6700,6700,6700,40,0,3200.0,3599.5426799992856,624.126900016563,6669.15160001372,20936.0
1778882926,160,GET,GET /api/ -> https://github.com/ibnesayeed/linkextractor,0.800000,0.000000,6800,7300,7300,7500,7500,7500,7500,7500,7500,7500,7500,16,0,4900.0,5214.7706312553055,3742.7090000128374,7458.799599990016,12313.0
1778882926,160,GET,GET /api/ -> https://httpbin.org/,2.100000,0.000000,5200,5600,5900,6100,6500,6500,6600,6600,6600,6600,6600,79,0,3000.0,2847.526463290199,511.31790000363253,6639.780299999984,332.0
1778882926,160,GET,GET /api/ -> https://locust.io/,1.200000,0.000000,5100,5400,5800,6700,6700,6700,6700,6700,6700,6700,6700,25,0,3500.0,3829.744716002606,1865.6503000238445,6711.918100016192,5097.0
1778882926,160,GET,GET /api/ -> https://redis.io/,0.900000,0.000000,7600,7900,7900,7900,8200,8200,8200,8200,8200,8200,8200,26,0,5700.0,5782.745899999729,3042.303100024583,8222.968199988827,7780.0
1778882926,160,GET,GET /api/ -> https://training.play-with-docker.com/,0.800000,0.000000,5700,5900,6000,6000,6700,6700,6700,6700,6700,6700,6700,13,0,4800.0,4487.544623075966,2398.4647000033874,6663.921300001675,1503.0
1778882926,160,GET,GET /api/ -> https://www.python.org/,1.500000,0.000000,5900,6100,6100,6200,6200,6400,6600,6600,6600,6600,6600,64,0,3600.0,3710.9119203105365,680.1748999860138,6563.5608000156935,14427.0
1778882926,160,,Aggregated,17.500000,0.000000,5500,5900,6000,6100,6600,6800,7500,7900,8200,8200,8200,564,0,3400.0,3464.9422636522613,89.01390002574772,8222.968199988827,5909.212765957447
1778882927,165,GET,GET /api/ -> http://example.com/,5.200000,0.000000,4900,5000,5200,5200,5300,5400,5500,5500,5500,5500,5500,138,0,2800.0,2743.060802173863,89.01390002574772,5684.02819999028,68.0
1778882927,165,GET,GET /api/ -> https://books.toscrape.com/,3.400000,0.000000,5900,6500,6600,6800,6900,7000,7100,7100,7100,7100,7100,114,0,3600.0,3983.158458771517,963.348599994788,7091.838700027438,8223.0
1778882927,165,GET,GET /api/ -> https://docs.docker.com/,1.800000,0.000000,4700,5300,5500,5600,5900,6100,6100,6100,6100,6100,6100,55,0,3000.0,3058.8241072736723,266.938199987635,6080.780499993125,1856.0
1778882927,165,GET,GET /api/ -> https://flask.palletsprojects.com/,1.500000,0.000000,6000,6000,6300,6400,6600,6700,6700,6700,6700,6700,6700,40,0,3200.0,3599.5426799992856,624.126900016563,6669.15160001372,20936.0
1778882927,165,GET,GET /api/ -> https://github.com/ibnesayeed/linkextractor,0.500000,0.000000,6800,7300,7300,7500,7500,7500,7500,7500,7500,7500,7500,16,0,4900.0,5214.7706312553055,3742.7090000128374,7458.799599990016,12313.0
1778882927,165,GET,GET /api/ -> https://httpbin.org/,2.100000,0.000000,5200,5800,5900,6200,6500,6600,6700,6700,6700,6700,6700,80,0,3000.0,2896.1795062492456,511.31790000363253,6739.7699000139255,332.0
1778882927,165,GET,GET /api/ -> https://locust.io/,1.000000,0.000000,5100,5400,5800,6700,6700,6700,6700,6700,6700,6700,6700,25,0,3500.0,3829.744716002606,1865.6503000238445,6711.918100016192,5097.0
1778882927,165,GET,GET /api/ -> https://redis.io/,0.800000,0.000000,7900,8500,8800,8800,8900,9400,9400,9400,9400,9400,9400,32,0,6100.0,6304.871231249308,3042.303100024583,9413.979200005997,7780.0
1778882927,165,GET,GET /api/ -> https://training.play-with-docker.com/,0.700000,0.000000,5900,6000,6200,6500,6700,6700,6700,6700,6700,6700,6700,15,0,5600.0,4734.581846666212,2398.4647000033874,6663.921300001675,1503.0
1778882927,165,GET,GET /api/ -> https://www.python.org/,2.000000,0.000000,5900,5900,6000,6100,6100,6500,6500,6500,6500,6500,6500,65,0,3600.0,3753.405701536506,680.1748999860138,6563.5608000156935,14427.0
1778882927,165,,Aggregated,19.000000,0.000000,5400,5900,6100,6500,6800,7500,8500,8900,9400,9400,9400,580,0,3500.0,3573.206507413626,89.01390002574772,9413.979200005997,5942.377586206897
1778882928,170,GET,GET /api/ -> http://example.com/,5.500000,0.000000,4900,5000,5200,5300,6200,6200,6200,6200,6200,6200,6200,144,0,2800.0,2887.4558618052915,89.01390002574772,6247.318100009579,68.0
1778882928,170,GET,GET /api/ -> https://books.toscrape.com/,3.800000,0.000000,5900,6500,6600,6800,7000,7100,7100,7100,7100,7100,7100,120,0,3600.0,4121.756097499504,963.348599994788,7124.0224999783095,8223.0
1778882928,170,GET,GET /api/ -> https://docs.docker.com/,1.800000,0.000000,4700,5300,5500,5600,5900,6100,6100,6100,6100,6100,6100,55,0,3000.0,3058.8241072736723,266.938199987635,6080.780499993125,1856.0
1778882928,170,GET,GET /api/ -> https://flask.palletsprojects.com/,1.500000,0.000000,6000,6600,6600,6700,6700,6900,6900,6900,6900,6900,6900,44,0,3200.0,3880.932524998736,624.126900016563,6863.496300007682,20936.0
1778882928,170,GET,GET /api/ -> https://github.com/ibnesayeed/linkextractor,0.500000,0.000000,7200,7200,7300,7400,7500,7500,7500,7500,7500,7500,7500,20,0,5100.0,5625.503385004413,3742.7090000128374,7458.799599990016,12313.0
1778882928,170,GET,GET /api/ -> https://httpbin.org/,2.300000,0.000000,5600,6100,6500,6500,6600,6600,6700,6700,6700,6700,6700,83,0,3100.0,3028.764613252203,511.31790000363253,6739.7699000139255,332.0
1778882928,170,GET,GET /api/ -> https://locust.io/,1.000000,0.000000,4900,5100,5400,6700,6700,6700,6700,6700,6700,6700,6700,25,0,3500.0,3829.744716002606,1865.6503000238445,6711.918100016192,5097.0
1778882928,170,GET,GET /api/ -> https://redis.io/,0.800000,0.000000,8200,8500,8800,8900,9400,9400,9400,9400,9400,9400,9400,34,0,6100.0,6450.200735293466,3042.303100024583,9413.979200005997,7780.0
1778882928,170,GET,GET /api/ -> https://training.play-with-docker.com/,0.800000,0.000000,6000,6200,6500,6500,6700,6700,6700,6700,6700,6700,6700,16,0,5600.0,4843.003212499752,2398.4647000033874,6663.921300001675,1503.0
1778882928,170,GET,GET /api/ -> https://www.python.org/,2.200000,0.000000,5900,6000,6100,6100,6600,6600,6600,6600,6600,6600,6600,67,0,3700.0,3838.8900955202434,680.1748999860138,6634.243499982404,14427.0
1778882928,170,,Aggregated,20.200000,0.000000,5600,6000,6500,6600,7000,7400,8800,9400,9400,9400,9400,608,0,3600.0,3722.109200822064,89.01390002574772,9413.979200005997,6046.4375
1778882929,175,GET,GET /api/ -> http://example.com/,5.800000,0.000000,5900,6100,6200,6200,6700,6700,6800,6800,6800,6800,6800,156,0,3100.0,3150.580285256206,89.01390002574772,6756.225399993127,68.0
1778882929,175,GET,GET /api/ -> https://books.toscrape.com/,4.400000,0.000000,5900,6100,6500,6600,7000,7100,7100,7100,7100,7100,7100,120,0,3600.0,4121.756097499504,963.348599994788,7124.0224999783095,8223.0
1778882929,175,GET,GET /api/ -> https://docs.docker.com/,1.800000,0.000000,4700,5300,5300,5300,5500,5600,5600,5600,5600,5600,5600,55,0,3000.0,3058.8241072736723,266.938199987635,6080.780499993125,1856.0
1778882929,175,GET,GET /api/ -> https://flask.palletsprojects.com/,1.500000,0.000000,6900,6900,7000,7000,7100,7200,7200,7200,7200,7200,7200,50,0,3300.0,4256.470265999087,624.126900016563,7220.4988000157755,20936.0
1778882929,175,GET,GET /api/ -> https://github.com/ibnesayeed/linkextractor,0.500000,0.000000,7200,7200,7200,7400,7400,7400,7400,7400,7400,7400,7400,20,0,5100.0,5625.503385004413,3742.7090000128374,7458.799599990016,12313.0
1778882929,175,GET,GET /api/ -> https://httpbin.org/,2.400000,0.000000,5000,5800,6600,6600,6700,6800,6800,6800,6800,6800,6800,85,0,3100.0,3116.2030823518494,511.31790000363253,6756.772699998692,332.0
1778882929,175,GET,GET /api/ -> https://locust.io/,1.000000,0.000000,4900,5100,5100,5400,5400,5400,5400,5400,5400,5400,5400,25,0,3500.0,3829.744716002606,1865.6503000238445,6711.918100016192,5097.0
1778882929,175,GET,GET /api/ -> https://redis.io/,0.800000,0.000000,8600,8800,8900,8900,9400,9400,9400,9400,9400,9400,9400,37,0,7200.0,6630.6404459449095,3042.303100024583,9413.979200005997,7780.0
1778882929,175,GET,GET /api/ -> https://training.play-with-docker.com/,0.800000,0.000000,6200,6500,6500,6500,6500,6500,6500,6500,6500,6500,6500,16,0,5600.0,4843.003212499752,2398.4647000033874,6663.921300001675,1503.0
1778882929,175,GET,GET /api/ -> https://www.python.org/,2.300000,0.000000,5900,6500,6600,7000,7200,7400,7400,7400,7400,7400,7400,70,0,3700.0,3983.4318685698754,680.1748999860138,7433.233600022504,14427.0
1778882929,175,,Aggregated,21.300000,0.000000,5900,6500,6700,6800,7200,8500,8800,9400,9400,9400,9400,634,0,3700.0,3851.6609175076096,89.01390002574772,9413.979200005997,6104.0236593059935
1778882932,180,GET,GET /api/ -> http://example.com/,5.500000,0.000000,5900,6100,6200,6200,6700,6700,6800,6800,6800,6800,6800,156,0,3100.0,3150.580285256206,89.01390002574772,6756.225399993127,68.0
1778882932,180,GET,GET /api/ -> https://books.toscrape.com/,4.400000,0.000000,6000,6600,7000,7100,9800,9900,10000,10000,10000,10000,10000,126,0,4000.0,4396.719602380356,963.348599994788,10106.39609998907,8223.0
1778882932,180,GET,GET /api/ -> https://docs.docker.com/,1.500000,0.000000,4700,5300,5300,5300,5500,5600,5600,5600,5600,5600,5600,55,0,3000.0,3058.8241072736723,266.938199987635,6080.780499993125,1856.0
1778882932,180,GET,GET /api/ -> https://flask.palletsprojects.com/,1.700000,0.000000,6900,6900,7000,7000,7100,7200,7200,7200,7200,7200,7200,50,0,3300.0,4256.470265999087,624.126900016563,7220.4988000157755,20936.0
1778882932,180,GET,GET /api/ -> https://github.com/ibnesayeed/linkextractor,0.800000,0.000000,7200,7200,7400,7400,10000,10000,10000,10000,10000,10000,10000,21,0,5200.0,5835.658747622455,3742.7090000128374,10038.765999983298,12313.0
1778882932,180,GET,GET /api/ -> https://httpbin.org/,2.500000,0.000000,6500,6600,6700,6800,8900,9100,9100,9100,9100,9100,9100,88,0,3100.0,3309.5386306806836,511.31790000363253,9069.059400004335,332.0
1778882932,180,GET,GET /api/ -> https://locust.io/,0.900000,0.000000,5100,5100,5400,5400,5400,5400,5400,5400,5400,5400,5400,25,0,3500.0,3829.744716002606,1865.6503000238445,6711.918100016192,5097.0
1778882932,180,GET,GET /api/ -> https://redis.io/,1.200000,0.000000,8600,8800,8900,8900,9400,9400,9400,9400,9400,9400,9400,37,0,7200.0,6630.6404459449095,3042.303100024583,9413.979200005997,7780.0
1778882932,180,GET,GET /api/ -> https://training.play-with-docker.com/,0.800000,0.000000,6200,6500,6500,6500,6500,6500,6500,6500,6500,6500,6500,16,0,5600.0,4843.003212499752,2398.4647000033874,6663.921300001675,1503.0
1778882932,180,GET,GET /api/ -> https://www.python.org/,1.500000,0.000000,5900,6500,6600,7000,7200,7400,7400,7400,7400,7400,7400,70,0,3700.0,3983.4318685698754,680.1748999860138,7433.233600022504,14427.0
1778882932,180,,Aggregated,20.800000,0.000000,6200,6700,7000,7200,8600,9400,10000,10000,10000,10000,10000,644,0,3800.0,3940.5743220493555,89.01390002574772,10106.39609998907,6106.518633540372
1778882933,185,GET,GET /api/ -> http://example.com/,4.100000,0.000000,5900,6200,6200,6400,6700,6700,6800,6800,6800,6800,6800,156,0,3100.0,3150.580285256206,89.01390002574772,6756.225399993127,68.0
1778882933,185,GET,GET /api/ -> https://books.toscrape.com/,4.000000,0.000000,6300,6700,7100,7100,9900,10000,10000,10000,10000,10000,10000,127,0,4100.0,4432.622460629168,963.348599994788,10106.39609998907,8223.0
1778882933,185,GET,GET /api/ -> https://docs.docker.com/,1.500000,0.000000,5500,5600,8900,8900,9300,9300,9300,9300,9300,9300,9300,57,0,3100.0,3271.0729333349473,266.938199987635,9267.72920001531,1856.0
1778882933,185,GET,GET /api/ -> https://flask.palletsprojects.com/,1.300000,0.000000,6900,7000,7000,7100,7200,8700,8700,8700,8700,8700,8700,51,0,4500.0,4344.461496077665,624.126900016563,8744.023000006564,20936.0
1778882933,185,GET,GET /api/ -> https://github.com/ibnesayeed/linkextractor,0.700000,0.000000,7200,7200,7400,7400,10000,10000,10000,10000,10000,10000,10000,21,0,5200.0,5835.658747622455,3742.7090000128374,10038.765999983298,12313.0
1778882933,185,GET,GET /api/ -> https://httpbin.org/,2.000000,0.000000,6600,6800,8800,8800,8900,9100,9200,9200,9200,9200,9200,92,0,3100.0,3551.244019564246,511.31790000363253,9157.488700002432,332.0
1778882933,185,GET,GET /api/ -> https://locust.io/,0.700000,0.000000,5100,5100,5400,5400,5400,5400,5400,5400,5400,5400,5400,25,0,3500.0,3829.744716002606,1865.6503000238445,6711.918100016192,5097.0
1778882933,185,GET,GET /api/ -> https://redis.io/,1.200000,0.000000,8600,8800,8900,9400,9400,11000,11000,11000,11000,11000,11000,38,0,7200.0,6754.693557893533,3042.303100024583,11344.658699992578,7780.0
1778882933,185,GET,GET /api/ -> https://training.play-with-docker.com/,0.500000,0.000000,6200,6500,6500,6500,6500,6500,6500,6500,6500,6500,6500,16,0,5600.0,4843.003212499752,2398.4647000033874,6663.921300001675,1503.0
1778882933,185,GET,GET /api/ -> https://www.python.org/,1.500000,0.000000,6100,6600,7000,7200,10000,11000,11000,11000,11000,11000,11000,72,0,3700.0,4158.431190276234,680.1748999860138,10515.036299999338,14427.0
1778882933,185,,Aggregated,17.500000,0.000000,6500,7000,7200,8400,9100,9900,10000,11000,11000,11000,11000,655,0,3800.0,4032.1108766409347,89.01390002574772,11344.658699992578,6112.108396946565
1778882934,190,GET,GET /api/ -> http://example.com/,3.600000,0.000000,6200,6600,6700,6800,9500,9600,9800,9800,9800,9800,9800,161,0,3500.0,3350.3706987575924,89.01390002574772,9841.031199990539,68.0
1778882934,190,GET,GET /api/ -> https://books.toscrape.com/,4.000000,0.000000,6900,7100,9600,9700,9900,10000,10000,10000,10000,10000,10000,130,0,4600.0,4556.356113845294,963.348599994788,10114.541099988855,8223.0
1778882934,190,GET,GET /api/ -> https://docs.docker.com/,1.100000,0.000000,5500,5600,8900,8900,9300,9300,9300,9300,9300,9300,9300,57,0,3100.0,3271.0729333349473,266.938199987635,9267.72920001531,1856.0
1778882934,190,GET,GET /api/ -> https://flask.palletsprojects.com/,1.200000,0.000000,7000,7000,7200,7200,8700,10000,10000,10000,10000,10000,10000,52,0,4500.0,4452.690444229609,624.126900016563,9972.366799978772,20936.0
1778882934,190,GET,GET /api/ -> https://github.com/ibnesayeed/linkextractor,0.500000,0.000000,7200,7400,7400,10000,10000,10000,10000,10000,10000,10000,10000,21,0,5200.0,5835.658747622455,3742.7090000128374,10038.765999983298,12313.0
1778882934,190,GET,GET /api/ -> https://httpbin.org/,1.800000,0.000000,8400,8800,8900,9100,9400,9700,9700,9700,9700,9700,9700,94,0,3100.0,3678.5494765948547,511.31790000363253,9705.772499990417,332.0
1778882934,190,GET,GET /api/ -> https://locust.io/,0.500000,0.000000,5400,5400,10000,10000,10000,10000,10000,10000,10000,10000,10000,26,0,3500.0,4072.7458038488226,1865.6503000238445,10147.773000004236,5097.0
1778882934,190,GET,GET /api/ -> https://redis.io/,1.200000,0.000000,8800,8900,9400,9400,11000,12000,12000,12000,12000,12000,12000,39,0,7400.0,6897.687171794062,3042.303100024583,12331.444500014186,7780.0
1778882934,190,GET,GET /api/ -> https://training.play-with-docker.com/,0.500000,0.000000,6500,6500,6500,6500,6500,6500,6500,6500,6500,6500,6500,16,0,5600.0,4843.003212499752,2398.4647000033874,6663.921300001675,1503.0
1778882934,190,GET,GET /api/ -> https://www.python.org/,1.500000,0.000000,7200,10000,10000,10000,11000,11000,11000,11000,11000,11000,11000,76,0,3800.0,4486.48709078828,680.1748999860138,10668.959600006929,14427.0
1778882934,190,,Aggregated,15.900000,0.000000,6900,8500,9000,9400,10000,10000,11000,11000,12000,12000,12000,672,0,4000.0,4183.663367559261,89.01390002574772,12331.444500014186,6131.882440476191
1778882935,200,GET,GET /api/ -> http://example.com/,3.000000,0.000000,6700,8900,9500,9500,9700,9700,9800,9800,9800,9800,9800,173,0,3800.0,3762.201800578034,89.01390002574772,9841.031199990539,68.0
1778882935,200,GET,GET /api/ -> https://books.toscrape.com/,4.100000,0.000000,7100,9600,9800,9900,10000,11000,11000,11000,11000,11000,11000,132,0,4800.0,4647.644858332404,963.348599994788,10653.15319999354,8223.0
1778882935,200,GET,GET /api/ -> https://docs.docker.com/,0.500000,0.000000,9300,10000,10000,10000,11000,11000,11000,11000,11000,11000,11000,62,0,3300.0,3844.58550484053,266.938199987635,10607.21650000778,1856.0
1778882935,200,GET,GET /api/ -> https://flask.palletsprojects.com/,1.000000,0.000000,7000,7200,10000,10000,10000,10000,10000,10000,10000,10000,10000,55,0,4700.0,4768.825807271589,624.126900016563,10462.132699991344,20936.0
1778882935,200,GET,GET /api/ -> https://github.com/ibnesayeed/linkextractor,0.500000,0.000000,10000,12000,12000,12000,12000,12000,12000,12000,12000,12000,12000,25,0,6300.0,6823.535600001924,3742.7090000128374,12261.793799989391,12313.0
1778882935,200,GET,GET /api/ -> https://httpbin.org/,2.000000,0.000000,9100,10000,10000,10000,10000,10000,10000,10000,10000,10000,10000,103,0,3300.0,4249.810808737202,511.31790000363253,10420.588300010422,332.0
1778882935,200,GET,GET /api/ -> https://locust.io/,0.300000,0.000000,5400,5400,10000,10000,10000,10000,10000,10000,10000,10000,10000,26,0,3500.0,4072.7458038488226,1865.6503000238445,10147.773000004236,5097.0
1778882935,200,GET,GET /api/ -> https://redis.io/,1.300000,0.000000,8800,9400,9400,11000,12000,13000,13000,13000,13000,13000,13000,40,0,7400.0,7049.459234999085,3042.303100024583,12968.569699994987,7780.0
1778882935,200,GET,GET /api/ -> https://training.play-with-docker.com/,0.500000,0.000000,6500,6500,6500,6500,6500,6500,6500,6500,6500,6500,6500,16,0,5600.0,4843.003212499752,2398.4647000033874,6663.921300001675,1503.0
1778882935,200,GET,GET /api/ -> https://www.python.org/,1.500000,0.000000,7400,10000,10000,11000,11000,11000,11000,11000,11000,11000,11000,77,0,3900.0,4561.399554544243,680.1748999860138,10668.959600006929,14427.0
1778882935,200,,Aggregated,14.700000,0.000000,8800,9500,10000,10000,10000,11000,12000,12000,13000,13000,13000,709,0,4400.0,4499.1597097317945,89.01390002574772,12968.569699994987,6042.90832157969
1778882936,200,GET,GET /api/ -> http://example.com/,3.000000,0.000000,8100,8900,9500,9500,9700,9700,9800,9800,9800,9800,9800,178,0,3800.0,3884.011579775075,89.01390002574772,9841.031199990539,68.0
1778882936,200,GET,GET /api/ -> https://books.toscrape.com/,4.100000,0.000000,9600,9800,10000,10000,11000,11000,11000,11000,11000,11000,11000,133,0,4800.0,4693.324338344952,963.348599994788,10723.01570000127,8223.0
1778882936,200,GET,GET /api/ -> https://docs.docker.com/,0.700000,0.000000,9300,10000,10000,10000,11000,11000,11000,11000,11000,11000,11000,63,0,3400.0,3942.2800555573,266.938199987635,10607.21650000778,1856.0
1778882936,200,GET,GET /api/ -> https://flask.palletsprojects.com/,1.100000,0.000000,7000,7200,10000,10000,10000,10000,10000,10000,10000,10000,10000,55,0,4700.0,4768.825807271589,624.126900016563,10462.132699991344,20936.0
1778882936,200,GET,GET /api/ -> https://github.com/ibnesayeed/linkextractor,0.500000,0.000000,10000,12000,12000,12000,12000,12000,12000,12000,12000,12000,12000,25,0,6300.0,6823.535600001924,3742.7090000128374,12261.793799989391,12313.0
1778882936,200,GET,GET /api/ -> https://httpbin.org/,1.600000,0.000000,9200,10000,10000,10000,10000,10000,10000,10000,10000,10000,10000,106,0,3300.0,4401.995360376841,511.31790000363253,10420.588300010422,332.0
1778882936,200,GET,GET /api/ -> https://locust.io/,0.000000,0.000000,5400,5400,10000,10000,10000,10000,10000,10000,10000,10000,10000,26,0,3500.0,4072.7458038488226,1865.6503000238445,10147.773000004236,5097.0
1778882936,200,GET,GET /api/ -> https://redis.io/,1.300000,0.000000,8800,9400,9400,11000,12000,13000,13000,13000,13000,13000,13000,40,0,7400.0,7049.459234999085,3042.303100024583,12968.569699994987,7780.0
1778882936,200,GET,GET /api/ -> https://training.play-with-docker.com/,0.400000,0.000000,6500,6500,6500,6500,6500,6500,6500,6500,6500,6500,6500,16,0,5600.0,4843.003212499752,2398.4647000033874,6663.921300001675,1503.0
1778882936,200,GET,GET /api/ -> https://www.python.org/,1.900000,0.000000,10000,10000,10000,11000,11000,11000,11000,11000,11000,11000,11000,79,0,5100.0,4699.562716454377,680.1748999860138,10668.959600006929,14427.0
1778882936,200,,Aggregated,14.600000,0.000000,8900,9700,10000,10000,10000,11000,12000,12000,13000,13000,13000,721,0,4500.0,4577.029716504585,89.01390002574772,12968.569699994987,5998.184466019417
1778882937,200,GET,GET /api/ -> http://example.com/,2.900000,0.000000,8800,8900,9400,9500,9700,9700,9800,9800,9800,9800,9800,183,0,3900.0,4018.5084885245196,89.01390002574772,9841.031199990539,68.0
1778882937,200,GET,GET /api/ -> https://books.toscrape.com/,3.100000,0.000000,9900,10000,11000,11000,11000,11000,11000,11000,11000,11000,11000,142,0,5200.0,5066.380605633242,963.348599994788,11490.682900010142,8223.0
1778882937,200,GET,GET /api/ -> https://docs.docker.com/,0.200000,0.000000,10000,10000,10000,10000,11000,11000,11000,11000,11000,11000,11000,66,0,3600.0,4231.072596971485,266.938199987635,11207.633900019573,1856.0
1778882937,200,GET,GET /api/ -> https://flask.palletsprojects.com/,1.400000,0.000000,7200,8700,10000,10000,10000,10000,10000,10000,10000,10000,10000,55,0,4700.0,4768.825807271589,624.126900016563,10462.132699991344,20936.0
1778882937,200,GET,GET /api/ -> https://github.com/ibnesayeed/linkextractor,0.500000,0.000000,12000,12000,12000,12000,12000,12000,12000,12000,12000,12000,12000,25,0,6300.0,6823.535600001924,3742.7090000128374,12261.793799989391,12313.0
1778882937,200,GET,GET /api/ -> https://httpbin.org/,1.800000,0.000000,9400,10000,10000,10000,10000,11000,11000,11000,11000,11000,11000,119,0,4400.0,4987.653869747169,511.31790000363253,10840.286499995273,332.0
1778882937,200,GET,GET /api/ -> https://locust.io/,0.100000,0.000000,9600,9700,10000,10000,10000,10000,10000,10000,10000,10000,10000,33,0,4400.0,5278.059466669661,1865.6503000238445,10190.375600010157,5097.0
1778882937,200,GET,GET /api/ -> https://redis.io/,1.300000,0.000000,8800,11000,12000,12000,13000,13000,13000,13000,13000,13000,13000,40,0,7400.0,7049.459234999085,3042.303100024583,12968.569699994987,7780.0
1778882937,200,GET,GET /api/ -> https://training.play-with-docker.com/,0.400000,0.000000,9100,9100,9400,9400,9400,9400,9400,9400,9400,9400,9400,19,0,5700.0,5524.516936840404,2398.4647000033874,9442.066399991745,1503.0
1778882937,200,GET,GET /api/ -> https://www.python.org/,1.600000,0.000000,10000,10000,10000,11000,11000,11000,11000,11000,11000,11000,11000,80,0,5100.0,4767.008061248998,680.1748999860138,10668.959600006929,14427.0
1778882937,200,,Aggregated,13.300000,0.000000,9500,9900,10000,10000,11000,11000,12000,12000,13000,13000,13000,762,0,4700.0,4859.513529133691,89.01390002574772,12968.569699994987,5857.660104986877
1778882938,200,GET,GET /api/ -> http://example.com/,4.300000,0.000000,8800,8900,9500,9500,9700,9700,9800,9800,9800,9800,9800,184,0,3900.0,4044.913601086908,89.01390002574772,9841.031199990539,68.0
1778882938,200,GET,GET /api/ -> https://books.toscrape.com/,2.900000,0.000000,9900,10000,11000,11000,11000,11000,11000,11000,11000,11000,11000,144,0,5200.0,5139.371144444037,963.348599994788,11490.682900010142,8223.0
1778882938,200,GET,GET /api/ -> https://docs.docker.com/,0.700000,0.000000,10000,10000,10000,11000,11000,11000,11000,11000,11000,11000,11000,70,0,3700.0,4531.673568573232,266.938199987635,11207.633900019573,1856.0
1778882938,200,GET,GET /api/ -> https://flask.palletsprojects.com/,1.500000,0.000000,7200,10000,10000,10000,10000,10000,10000,10000,10000,10000,10000,55,0,4700.0,4768.825807271589,624.126900016563,10462.132699991344,20936.0
1778882938,200,GET,GET /api/ -> https://github.com/ibnesayeed/linkextractor,0.900000,0.000000,12000,12000,12000,12000,12000,12000,12000,12000,12000,12000,12000,25,0,6300.0,6823.535600001924,3742.7090000128374,12261.793799989391,12313.0
1778882938,200,GET,GET /api/ -> https://httpbin.org/,2.500000,0.000000,9600,10000,10000,10000,10000,11000,11000,11000,11000,11000,11000,120,0,4400.0,5024.7136858325875,511.31790000363253,10840.286499995273,332.0
1778882938,200,GET,GET /api/ -> https://locust.io/,0.100000,0.000000,9700,9800,10000,10000,10000,10000,10000,10000,10000,10000,10000,36,0,4600.0,5629.974263892412,1865.6503000238445,10190.375600010157,5097.0
1778882938,200,GET,GET /api/ -> https://redis.io/,1.400000,0.000000,11000,11000,12000,12000,13000,13000,13000,13000,13000,13000,13000,40,0,7400.0,7049.459234999085,3042.303100024583,12968.569699994987,7780.0
1778882938,200,GET,GET /api/ -> https://training.play-with-docker.com/,0.300000,0.000000,9100,9100,9100,9400,9400,9400,9400,9400,9400,9400,9400,20,0,5700.0,5705.196939999587,2398.4647000033874,9442.066399991745,1503.0
1778882938,200,GET,GET /api/ -> https://www.python.org/,1.500000,0.000000,10000,10000,10000,10000,11000,11000,11000,11000,11000,11000,11000,83,0,5300.0,4946.833891565463,680.1748999860138,10668.959600006929,14427.0
1778882938,200,,Aggregated,16.100000,0.000000,9600,10000,10000,10000,11000,11000,12000,12000,13000,13000,13000,777,0,4800.0,4950.757713770874,89.01390002574772,12968.569699994987,5853.129987129987
1778882939,200,GET,GET /api/ -> http://example.com/,4.000000,0.000000,8900,9200,9500,9500,9700,9700,9800,9800,9800,9800,9800,193,0,4000.0,4271.251766839146,89.01390002574772,9841.031199990539,68.0
1778882939,200,GET,GET /api/ -> https://books.toscrape.com/,2.400000,0.000000,9900,10000,11000,11000,11000,11000,11000,11000,11000,11000,11000,147,0,5300.0,5231.928925850187,963.348599994788,11490.682900010142,8223.0
1778882939,200,GET,GET /api/ -> https://docs.docker.com/,0.800000,0.000000,10000,10000,10000,11000,11000,11000,11000,11000,11000,11000,11000,70,0,3700.0,4531.673568573232,266.938199987635,11207.633900019573,1856.0
1778882939,200,GET,GET /api/ -> https://flask.palletsprojects.com/,1.500000,0.000000,7200,10000,10000,10000,10000,10000,10000,10000,10000,10000,10000,55,0,4700.0,4768.825807271589,624.126900016563,10462.132699991344,20936.0
1778882939,200,GET,GET /api/ -> https://github.com/ibnesayeed/linkextractor,0.900000,0.000000,12000,12000,12000,12000,12000,12000,12000,12000,12000,12000,12000,25,0,6300.0,6823.535600001924,3742.7090000128374,12261.793799989391,12313.0
1778882939,200,GET,GET /api/ -> https://httpbin.org/,2.800000,0.000000,9600,10000,10000,10000,10000,11000,11000,11000,11000,11000,11000,120,0,4400.0,5024.7136858325875,511.31790000363253,10840.286499995273,332.0
1778882939,200,GET,GET /api/ -> https://locust.io/,0.100000,0.000000,9700,9700,10000,10000,10000,10000,10000,10000,10000,10000,10000,37,0,4700.0,5732.11079459823,1865.6503000238445,10190.375600010157,5097.0
1778882939,200,GET,GET /api/ -> https://redis.io/,1.300000,0.000000,11000,12000,12000,12000,13000,13000,13000,13000,13000,13000,13000,42,0,7500.0,7262.697207142732,3042.303100024583,12968.569699994987,7780.0
1778882939,200,GET,GET /api/ -> https://training.play-with-docker.com/,0.400000,0.000000,9100,9100,9100,9400,9400,9400,9400,9400,9400,9400,9400,20,0,5700.0,5705.196939999587,2398.4647000033874,9442.066399991745,1503.0
1778882939,200,GET,GET /api/ -> https://www.python.org/,1.500000,0.000000,10000,10000,10000,10000,11000,11000,11000,11000,11000,11000,11000,85,0,5400.0,5066.653832940467,680.1748999860138,10668.959600006929,14427.0
1778882939,200,,Aggregated,15.700000,0.000000,9600,10000,10000,10000,11000,11000,12000,12000,13000,13000,13000,794,0,4900.0,5048.353452518912,89.01390002574772,12968.569699994987,5822.007556675063
1778882940,200,GET,GET /api/ -> http://example.com/,4.400000,0.000000,8800,9000,9500,9500,9600,9700,9700,9800,9800,9800,9800,196,0,4400.0,4330.99862040785,89.01390002574772,9841.031199990539,68.0
1778882940,200,GET,GET /api/ -> https://books.toscrape.com/,2.500000,0.000000,10000,10000,11000,11000,11000,11000,11000,11000,11000,11000,11000,147,0,5300.0,5231.928925850187,963.348599994788,11490.682900010142,8223.0
1778882940,200,GET,GET /api/ -> https://docs.docker.com/,1.200000,0.000000,10000,10000,10000,11000,11000,11000,11000,11000,11000,11000,11000,70,0,3700.0,4531.673568573232,266.938199987635,11207.633900019573,1856.0
1778882940,200,GET,GET /api/ -> https://flask.palletsprojects.com/,1.200000,0.000000,7200,10000,10000,10000,10000,10000,10000,10000,10000,10000,10000,55,0,4700.0,4768.825807271589,624.126900016563,10462.132699991344,20936.0
1778882940,200,GET,GET /api/ -> https://github.com/ibnesayeed/linkextractor,0.700000,0.000000,12000,12000,12000,12000,12000,12000,12000,12000,12000,12000,12000,25,0,6300.0,6823.535600001924,3742.7090000128374,12261.793799989391,12313.0
1778882940,200,GET,GET /api/ -> https://httpbin.org/,3.900000,0.000000,9600,10000,10000,10000,10000,11000,11000,11000,11000,11000,11000,120,0,4400.0,5024.7136858325875,511.31790000363253,10840.286499995273,332.0
1778882940,200,GET,GET /api/ -> https://locust.io/,0.800000,0.000000,9700,9700,10000,10000,10000,10000,10000,10000,10000,10000,10000,37,0,4700.0,5732.11079459823,1865.6503000238445,10190.375600010157,5097.0
1778882940,200,GET,GET /api/ -> https://redis.io/,0.700000,0.000000,12000,12000,12000,13000,13000,13000,13000,13000,13000,13000,13000,42,0,7500.0,7262.697207142732,3042.303100024583,12968.569699994987,7780.0
1778882940,200,GET,GET /api/ -> https://training.play-with-docker.com/,0.500000,0.000000,9100,9100,9100,9400,9400,9400,9400,9400,9400,9400,9400,20,0,5700.0,5705.196939999587,2398.4647000033874,9442.066399991745,1503.0
1778882940,200,GET,GET /api/ -> https://www.python.org/,1.500000,0.000000,10000,10000,10000,10000,11000,11000,11000,11000,11000,11000,11000,85,0,5400.0,5066.653832940467,680.1748999860138,10668.959600006929,14427.0
1778882940,200,,Aggregated,17.400000,0.000000,9700,10000,10000,10000,11000,11000,12000,12000,13000,13000,13000,797,0,4900.0,5060.121430238392,89.01390002574772,12968.569699994987,5800.348808030113
1778882941,200,GET,GET /api/ -> http://example.com/,4.100000,0.000000,8900,9200,9500,9500,9700,9700,9800,9800,9800,9800,9800,201,0,4800.0,4446.215978606265,89.01390002574772,9841.031199990539,68.0
1778882941,200,GET,GET /api/ -> https://books.toscrape.com/,2.500000,0.000000,10000,11000,12000,12000,12000,12000,12000,12000,12000,12000,12000,156,0,5600.0,5619.590321153691,963.348599994788,12040.038300008746,8223.0
1778882941,200,GET,GET /api/ -> https://docs.docker.com/,1.500000,0.000000,10000,10000,10000,11000,11000,11000,11000,11000,11000,11000,11000,70,0,3700.0,4531.673568573232,266.938199987635,11207.633900019573,1856.0
1778882941,200,GET,GET /api/ -> https://flask.palletsprojects.com/,1.100000,0.000000,10000,10000,10000,10000,10000,10000,10000,10000,10000,10000,10000,55,0,4700.0,4768.825807271589,624.126900016563,10462.132699991344,20936.0
1778882941,200,GET,GET /api/ -> https://github.com/ibnesayeed/linkextractor,0.500000,0.000000,12000,12000,12000,12000,12000,12000,12000,12000,12000,12000,12000,25,0,6300.0,6823.535600001924,3742.7090000128374,12261.793799989391,12313.0
1778882941,200,GET,GET /api/ -> https://httpbin.org/,3.600000,0.000000,9600,10000,10000,10000,10000,11000,11000,11000,11000,11000,11000,121,0,4600.0,5061.383178511736,511.31790000363253,10840.286499995273,332.0
1778882941,200,GET,GET /api/ -> https://locust.io/,1.200000,0.000000,9700,9700,10000,10000,10000,10000,10000,10000,10000,10000,10000,37,0,4700.0,5732.11079459823,1865.6503000238445,10190.375600010157,5097.0
1778882941,200,GET,GET /api/ -> https://redis.io/,0.600000,0.000000,12000,12000,13000,13000,14000,14000,14000,14000,14000,14000,14000,43,0,7600.0,7410.735793022553,3042.303100024583,13628.356399975019,7780.0
1778882941,200,GET,GET /api/ -> https://training.play-with-docker.com/,0.400000,0.000000,9100,9100,9300,9300,9400,9400,9400,9400,9400,9400,9400,21,0,5900.0,5875.116199999216,2398.4647000033874,9442.066399991745,1503.0
1778882941,200,GET,GET /api/ -> https://www.python.org/,1.600000,0.000000,10000,10000,10000,10000,11000,11000,11000,11000,11000,11000,11000,86,0,5400.0,5117.665329068861,680.1748999860138,10668.959600006929,14427.0
1778882941,200,,Aggregated,17.100000,0.000000,9700,10000,10000,10000,11000,12000,12000,13000,14000,14000,14000,815,0,5000.0,5186.638309938499,89.01390002574772,13628.356399975019,5792.965644171779
1778882942,200,GET,GET /api/ -> http://example.com/,3.900000,0.000000,8900,9200,9500,9500,9700,9700,9800,9800,9800,9800,9800,206,0,4800.0,4547.180874271345,89.01390002574772,9841.031199990539,68.0
1778882942,200,GET,GET /api/ -> https://books.toscrape.com/,2.700000,0.000000,11000,11000,12000,12000,12000,12000,12000,12000,12000,12000,12000,156,0,5600.0,5619.590321153691,963.348599994788,12040.038300008746,8223.0
1778882942,200,GET,GET /api/ -> https://docs.docker.com/,1.500000,0.000000,10000,10000,10000,10000,11000,11000,11000,11000,11000,11000,11000,71,0,3800.0,4604.092026762681,266.938199987635,11207.633900019573,1856.0
1778882942,200,GET,GET /api/ -> https://flask.palletsprojects.com/,0.500000,0.000000,10000,10000,10000,10000,10000,10000,10000,10000,10000,10000,10000,56,0,4700.0,4855.408969641368,624.126900016563,10462.132699991344,20936.0
1778882942,200,GET,GET /api/ -> https://github.com/ibnesayeed/linkextractor,0.500000,0.000000,12000,12000,12000,12000,12000,12000,12000,12000,12000,12000,12000,25,0,6300.0,6823.535600001924,3742.7090000128374,12261.793799989391,12313.0
1778882942,200,GET,GET /api/ -> https://httpbin.org/,3.500000,0.000000,9700,10000,10000,10000,10000,11000,11000,11000,11000,11000,11000,127,0,4700.0,5278.093799999567,511.31790000363253,10840.286499995273,332.0
1778882942,200,GET,GET /api/ -> https://locust.io/,1.200000,0.000000,9700,9800,9800,10000,10000,10000,10000,10000,10000,10000,10000,38,0,4700.0,5838.433428950865,1865.6503000238445,10190.375600010157,5097.0
1778882942,200,GET,GET /api/ -> https://redis.io/,0.500000,0.000000,13000,13000,13000,14000,14000,14000,14000,14000,14000,14000,14000,47,0,7700.0,7908.593848935314,3042.303100024583,13701.289199991152,7780.0
1778882942,200,GET,GET /api/ -> https://training.play-with-docker.com/,0.400000,0.000000,9100,9300,9300,9400,9400,9400,9400,9400,9400,9400,9400,21,0,5900.0,5875.116199999216,2398.4647000033874,9442.066399991745,1503.0
1778882942,200,GET,GET /api/ -> https://www.python.org/,1.500000,0.000000,10000,10000,10000,10000,11000,11000,11000,11000,11000,11000,11000,88,0,5500.0,5221.623581817271,680.1748999860138,10668.959600006929,14427.0
1778882942,200,,Aggregated,16.200000,0.000000,9700,10000,10000,11000,12000,12000,13000,14000,14000,14000,14000,835,0,5100.0,5304.814114490934,89.01390002574772,13701.289199991152,5762.229940119761
1778882943,200,GET,GET /api/ -> http://example.com/,4.000000,0.000000,8900,9000,9500,9500,9600,9700,9700,9800,9800,9800,9800,208,0,4900.0,4589.391278845701,89.01390002574772,9841.031199990539,68.0
1778882943,200,GET,GET /api/ -> https://books.toscrape.com/,2.700000,0.000000,11000,11000,12000,12000,12000,12000,12000,12000,12000,12000,12000,156,0,5600.0,5619.590321153691,963.348599994788,12040.038300008746,8223.0
1778882943,200,GET,GET /api/ -> https://docs.docker.com/,1.500000,0.000000,9700,10000,10000,10000,11000,11000,11000,11000,11000,11000,11000,75,0,4000.0,4870.1730466684485,266.938199987635,11207.633900019573,1856.0
1778882943,200,GET,GET /api/ -> https://flask.palletsprojects.com/,0.500000,0.000000,10000,10000,10000,10000,10000,10000,10000,10000,10000,10000,10000,57,0,5600.0,4932.086977191686,624.126900016563,10462.132699991344,20936.0
1778882943,200,GET,GET /api/ -> https://github.com/ibnesayeed/linkextractor,0.500000,0.000000,12000,12000,12000,12000,12000,12000,12000,12000,12000,12000,12000,25,0,6300.0,6823.535600001924,3742.7090000128374,12261.793799989391,12313.0
1778882943,200,GET,GET /api/ -> https://httpbin.org/,3.500000,0.000000,9700,10000,10000,10000,10000,11000,11000,11000,11000,11000,11000,129,0,4800.0,5343.406559689631,511.31790000363253,10840.286499995273,332.0
1778882943,200,GET,GET /api/ -> https://locust.io/,1.200000,0.000000,9700,9800,9800,10000,10000,10000,10000,10000,10000,10000,10000,38,0,4700.0,5838.433428950865,1865.6503000238445,10190.375600010157,5097.0
1778882943,200,GET,GET /api/ -> https://redis.io/,0.500000,0.000000,13000,14000,14000,14000,14000,14000,14000,14000,14000,14000,14000,50,0,7900.0,8279.387409999035,3042.303100024583,14463.989899988519,7780.0
1778882943,200,GET,GET /api/ -> https://training.play-with-docker.com/,0.400000,0.000000,9100,9300,9300,9400,9400,9400,9400,9400,9400,9400,9400,21,0,5900.0,5875.116199999216,2398.4647000033874,9442.066399991745,1503.0
1778882943,200,GET,GET /api/ -> https://www.python.org/,1.500000,0.000000,10000,10000,10000,10000,11000,11000,11000,11000,11000,11000,11000,92,0,5800.0,5439.597963042615,680.1748999860138,10774.516000004951,14427.0
1778882943,200,,Aggregated,16.300000,0.000000,9700,10000,10000,11000,12000,12000,14000,14000,14000,14000,14000,851,0,5200.0,5402.0911188013415,89.01390002574772,14463.989899988519,5783.396004700353
1778882944,200,GET,GET /api/ -> http://example.com/,4.500000,0.000000,8900,9000,9100,9400,9600,9700,9700,9700,9700,9700,9700,211,0,4900.0,4653.705368720004,89.01390002574772,9841.031199990539,68.0
1778882944,200,GET,GET /api/ -> https://books.toscrape.com/,3.600000,0.000000,11000,11000,12000,12000,12000,12000,12000,12000,12000,12000,12000,161,0,5800.0,5749.456977018702,963.348599994788,12040.038300008746,8223.0
1778882944,200,GET,GET /api/ -> https://docs.docker.com/,1.500000,0.000000,9700,10000,10000,10000,11000,11000,11000,11000,11000,11000,11000,76,0,4000.0,4934.714559212137,266.938199987635,11207.633900019573,1856.0
1778882944,200,GET,GET /api/ -> https://flask.palletsprojects.com/,0.500000,0.000000,9600,9600,10000,10000,10000,10000,10000,10000,10000,10000,10000,57,0,5600.0,4932.086977191686,624.126900016563,10462.132699991344,20936.0
1778882944,200,GET,GET /api/ -> https://github.com/ibnesayeed/linkextractor,0.500000,0.000000,12000,12000,12000,12000,12000,12000,12000,12000,12000,12000,12000,25,0,6300.0,6823.535600001924,3742.7090000128374,12261.793799989391,12313.0
1778882944,200,GET,GET /api/ -> https://httpbin.org/,3.700000,0.000000,9700,10000,10000,10000,10000,11000,11000,11000,11000,11000,11000,130,0,4800.0,5373.946453845845,511.31790000363253,10840.286499995273,332.0
1778882944,200,GET,GET /api/ -> https://locust.io/,1.200000,0.000000,9700,9800,9800,10000,10000,10000,10000,10000,10000,10000,10000,39,0,4900.0,5938.806561541965,1865.6503000238445,10190.375600010157,5097.0
1778882944,200,GET,GET /api/ -> https://redis.io/,0.600000,0.000000,13000,14000,14000,14000,14000,14000,14000,14000,14000,14000,14000,50,0,7900.0,8279.387409999035,3042.303100024583,14463.989899988519,7780.0
1778882944,200,GET,GET /api/ -> https://training.play-with-docker.com/,0.500000,0.000000,9400,9400,9500,9500,9600,9600,9600,9600,9600,9600,9600,24,0,6000.0,6326.98259999961,2398.4647000033874,9585.38080001017,1503.0
1778882944,200,GET,GET /api/ -> https://www.python.org/,1.600000,0.000000,9900,10000,10000,10000,10000,11000,11000,11000,11000,11000,11000,95,0,5900.0,5573.240397893824,680.1748999860138,10774.516000004951,14427.0
1778882944,200,,Aggregated,18.200000,0.000000,9700,10000,10000,11000,12000,12000,14000,14000,14000,14000,14000,868,0,5200.0,5483.699707258043,89.01390002574772,14463.989899988519,5781.179723502304
1778882945,200,GET,GET /api/ -> http://example.com/,5.000000,0.000000,8900,9000,9100,9400,9600,9700,9700,9700,9700,9700,9700,211,0,4900.0,4653.705368720004,89.01390002574772,9841.031199990539,68.0
1778882945,200,GET,GET /api/ -> https://books.toscrape.com/,3.000000,0.000000,11000,11000,12000,12000,12000,12000,12000,12000,12000,12000,12000,161,0,5800.0,5749.456977018702,963.348599994788,12040.038300008746,8223.0
1778882945,200,GET,GET /api/ -> https://docs.docker.com/,1.700000,0.000000,9700,9700,9900,10000,10000,11000,11000,11000,11000,11000,11000,77,0,4300.0,4998.559527274511,266.938199987635,11207.633900019573,1856.0
1778882945,200,GET,GET /api/ -> https://flask.palletsprojects.com/,0.600000,0.000000,9900,9900,10000,10000,10000,10000,10000,10000,10000,10000,10000,60,0,5700.0,5186.117399999057,624.126900016563,10462.132699991344,20936.0
1778882945,200,GET,GET /api/ -> https://github.com/ibnesayeed/linkextractor,0.400000,0.000000,12000,12000,12000,12000,12000,12000,12000,12000,12000,12000,12000,26,0,6300.0,6957.5229192325005,3742.7090000128374,12261.793799989391,12313.0
1778882945,200,GET,GET /api/ -> https://httpbin.org/,3.700000,0.000000,9500,9800,10000,10000,11000,11000,11000,11000,11000,11000,11000,132,0,5000.0,5445.057120454404,511.31790000363253,10840.286499995273,332.0
1778882945,200,GET,GET /api/ -> https://locust.io/,1.300000,0.000000,9700,9800,9800,10000,10000,10000,10000,10000,10000,10000,10000,40,0,4900.0,6048.581387503509,1865.6503000238445,10329.799600003753,5097.0
1778882945,200,GET,GET /api/ -> https://redis.io/,0.900000,0.000000,13000,14000,14000,14000,14000,14000,14000,14000,14000,14000,14000,51,0,7900.0,8350.579013724415,3042.303100024583,14463.989899988519,7780.0
1778882945,200,GET,GET /api/ -> https://training.play-with-docker.com/,0.500000,0.000000,9400,9400,9500,9500,9600,9600,9600,9600,9600,9600,9600,25,0,6200.0,6452.0933560002595,2398.4647000033874,9585.38080001017,1503.0
1778882945,200,GET,GET /api/ -> https://www.python.org/,1.800000,0.000000,9900,10000,10000,10000,10000,11000,11000,11000,11000,11000,11000,97,0,5900.0,5670.1463742257265,680.1748999860138,10774.516000004951,14427.0
1778882945,200,,Aggregated,18.900000,0.000000,9700,9900,10000,10000,12000,12000,14000,14000,14000,14000,14000,880,0,5300.0,5548.207939659121,89.01390002574772,14463.989899988519,5839.703409090909
1778882946,200,GET,GET /api/ -> http://example.com/,5.500000,0.000000,9000,9100,9200,9500,10000,11000,11000,11000,11000,11000,11000,216,0,4900.0,4786.211431944307,89.01390002574772,10711.677300016163,68.0
1778882946,200,GET,GET /api/ -> https://books.toscrape.com/,2.800000,0.000000,11000,11000,11000,12000,12000,12000,12000,12000,12000,12000,12000,174,0,5900.0,6123.628351724494,963.348599994788,12040.038300008746,8223.0
1778882946,200,GET,GET /api/ -> https://docs.docker.com/,1.900000,0.000000,9700,9700,9900,10000,10000,11000,11000,11000,11000,11000,11000,78,0,4300.0,5068.659138463166,266.938199987635,11207.633900019573,1856.0
1778882946,200,GET,GET /api/ -> https://flask.palletsprojects.com/,0.600000,0.000000,10000,10000,11000,11000,11000,11000,11000,11000,11000,11000,11000,62,0,5800.0,5361.993893547239,624.126900016563,10656.004999997094,20936.0
1778882946,200,GET,GET /api/ -> https://github.com/ibnesayeed/linkextractor,0.400000,0.000000,12000,12000,12000,12000,12000,12000,12000,12000,12000,12000,12000,26,0,6300.0,6957.5229192325005,3742.7090000128374,12261.793799989391,12313.0
1778882946,200,GET,GET /api/ -> https://httpbin.org/,3.700000,0.000000,9500,9700,9800,10000,11000,11000,11000,11000,11000,11000,11000,132,0,5000.0,5445.057120454404,511.31790000363253,10840.286499995273,332.0
1778882946,200,GET,GET /api/ -> https://locust.io/,1.300000,0.000000,9700,9800,9800,10000,10000,10000,10000,10000,10000,10000,10000,40,0,4900.0,6048.581387503509,1865.6503000238445,10329.799600003753,5097.0
1778882946,200,GET,GET /api/ -> https://redis.io/,1.200000,0.000000,13000,14000,14000,14000,14000,14000,14000,14000,14000,14000,14000,53,0,8200.0,8491.40245282972,3042.303100024583,14463.989899988519,7780.0
1778882946,200,GET,GET /api/ -> https://training.play-with-docker.com/,0.500000,0.000000,9400,9500,9500,9500,9600,9600,9600,9600,9600,9600,9600,25,0,6200.0,6452.0933560002595,2398.4647000033874,9585.38080001017,1503.0
1778882946,200,GET,GET /api/ -> https://www.python.org/,1.900000,0.000000,10000,10000,11000,11000,11000,11000,11000,11000,11000,11000,11000,103,0,5900.0,5974.508827183457,680.1748999860138,11146.986000007018,14427.0
1778882946,200,,Aggregated,19.800000,0.000000,9800,10000,11000,11000,12000,12000,14000,14000,14000,14000,14000,909,0,5500.0,5715.555006710814,89.01390002574772,14463.989899988519,5931.823982398239
1778882947,200,GET,GET /api/ -> http://example.com/,5.000000,0.000000,9000,9100,9400,9500,10000,11000,11000,11000,11000,11000,11000,216,0,4900.0,4786.211431944307,89.01390002574772,10711.677300016163,68.0
1778882947,200,GET,GET /api/ -> https://books.toscrape.com/,3.100000,0.000000,11000,11000,12000,12000,12000,12000,12000,12000,12000,12000,12000,178,0,6000.0,6245.364191011576,963.348599994788,12040.038300008746,8223.0
1778882947,200,GET,GET /api/ -> https://docs.docker.com/,1.900000,0.000000,9700,9700,9900,9900,10000,11000,11000,11000,11000,11000,11000,79,0,4400.0,5143.256202533169,266.938199987635,11207.633900019573,1856.0
1778882947,200,GET,GET /api/ -> https://flask.palletsprojects.com/,0.400000,0.000000,10000,10000,11000,11000,11000,11000,11000,11000,11000,11000,11000,63,0,5900.0,5455.870333332328,624.126900016563,11276.20960000786,20936.0
1778882947,200,GET,GET /api/ -> https://github.com/ibnesayeed/linkextractor,0.400000,0.000000,12000,12000,12000,12000,12000,12000,12000,12000,12000,12000,12000,26,0,6300.0,6957.5229192325005,3742.7090000128374,12261.793799989391,12313.0
1778882947,200,GET,GET /api/ -> https://httpbin.org/,3.600000,0.000000,9500,9700,10000,10000,10000,11000,11000,11000,11000,11000,11000,134,0,5000.0,5521.064128358144,511.31790000363253,10840.286499995273,332.0
1778882947,200,GET,GET /api/ -> https://locust.io/,1.300000,0.000000,9800,9800,9800,9800,10000,10000,10000,10000,10000,10000,10000,40,0,4900.0,6048.581387503509,1865.6503000238445,10329.799600003753,5097.0
1778882947,200,GET,GET /api/ -> https://redis.io/,1.200000,0.000000,13000,14000,14000,14000,14000,14000,14000,14000,14000,14000,14000,54,0,8200.0,8565.162537036857,3042.303100024583,14463.989899988519,7780.0
1778882947,200,GET,GET /api/ -> https://training.play-with-docker.com/,0.800000,0.000000,9400,9500,9500,9500,9600,9600,9600,9600,9600,9600,9600,25,0,6200.0,6452.0933560002595,2398.4647000033874,9585.38080001017,1503.0
1778882947,200,GET,GET /api/ -> https://www.python.org/,1.900000,0.000000,10000,10000,11000,11000,11000,11000,11000,11000,11000,11000,11000,104,0,5900.0,6022.351564421954,680.1748999860138,11146.986000007018,14427.0
1778882947,200,,Aggregated,19.600000,0.000000,9900,11000,11000,11000,12000,13000,14000,14000,14000,14000,14000,919,0,5600.0,5776.214020130733,89.01390002574772,14463.989899988519,5952.756256800871
1778882948,200,GET,GET /api/ -> http://example.com/,3.400000,0.000000,9000,9100,9500,9500,10000,11000,11000,11000,11000,11000,11000,216,0,4900.0,4786.211431944307,89.01390002574772,10711.677300016163,68.0
1778882948,200,GET,GET /api/ -> https://books.toscrape.com/,2.900000,0.000000,11000,11000,12000,12000,12000,12000,12000,12000,12000,12000,12000,178,0,6000.0,6245.364191011576,963.348599994788,12040.038300008746,8223.0
1778882948,200,GET,GET /api/ -> https://docs.docker.com/,1.500000,0.000000,9700,9700,9900,9900,10000,11000,11000,11000,11000,11000,11000,79,0,4400.0,5143.256202533169,266.938199987635,11207.633900019573,1856.0
1778882948,200,GET,GET /api/ -> https://flask.palletsprojects.com/,0.500000,0.000000,11000,11000,11000,11000,11000,11000,11000,11000,11000,11000,11000,65,0,5900.0,5628.836813845332,624.126900016563,11280.088400002569,20936.0
1778882948,200,GET,GET /api/ -> https://github.com/ibnesayeed/linkextractor,0.100000,0.000000,12000,12000,12000,12000,12000,12000,12000,12000,12000,12000,12000,26,0,6300.0,6957.5229192325005,3742.7090000128374,12261.793799989391,12313.0
1778882948,200,GET,GET /api/ -> https://httpbin.org/,2.900000,0.000000,10000,10000,11000,11000,11000,11000,11000,11000,11000,11000,11000,140,0,5600.0,5758.912399285224,511.31790000363253,11380.211299983785,332.0
1778882948,200,GET,GET /api/ -> https://locust.io/,1.400000,0.000000,9800,9800,9800,9800,10000,10000,10000,10000,10000,10000,10000,40,0,4900.0,6048.581387503509,1865.6503000238445,10329.799600003753,5097.0
1778882948,200,GET,GET /api/ -> https://redis.io/,1.100000,0.000000,13000,14000,14000,14000,14000,14000,14000,14000,14000,14000,14000,54,0,8200.0,8565.162537036857,3042.303100024583,14463.989899988519,7780.0
1778882948,200,GET,GET /api/ -> https://training.play-with-docker.com/,0.900000,0.000000,9400,9500,9500,9500,9600,9600,9600,9600,9600,9600,9600,25,0,6200.0,6452.0933560002595,2398.4647000033874,9585.38080001017,1503.0
1778882948,200,GET,GET /api/ -> https://www.python.org/,2.000000,0.000000,11000,11000,11000,12000,12000,12000,12000,12000,12000,12000,12000,112,0,6100.0,6420.768543749416,680.1748999860138,12075.514299998758,14427.0
1778882948,200,,Aggregated,16.700000,0.000000,10000,11000,11000,11000,12000,13000,14000,14000,14000,14000,14000,935,0,5700.0,5871.36032438518,89.01390002574772,14463.989899988519,6021.2438502673795
1778882950,200,GET,GET /api/ -> http://example.com/,3.800000,0.000000,9000,9100,10000,10000,11000,11000,11000,11000,11000,11000,11000,217,0,4900.0,4816.643676958352,89.01390002574772,11390.008599992143,68.0
1778882950,200,GET,GET /api/ -> https://books.toscrape.com/,4.100000,0.000000,11000,12000,12000,12000,12000,12000,12000,12000,12000,12000,12000,179,0,6000.0,6276.5787670394675,963.348599994788,12040.038300008746,8223.0
1778882950,200,GET,GET /api/ -> https://docs.docker.com/,1.500000,0.000000,9800,9900,10000,11000,12000,12000,12000,12000,12000,12000,12000,80,0,4400.0,5228.356101251484,266.938199987635,11951.248099998338,1856.0
1778882950,200,GET,GET /api/ -> https://flask.palletsprojects.com/,0.700000,0.000000,11000,11000,11000,11000,11000,11000,11000,11000,11000,11000,11000,65,0,5900.0,5628.836813845332,624.126900016563,11280.088400002569,20936.0
1778882950,200,GET,GET /api/ -> https://github.com/ibnesayeed/linkextractor,0.100000,0.000000,10000,10000,10000,10000,10000,10000,10000,10000,10000,10000,10000,26,0,6300.0,6957.5229192325005,3742.7090000128374,12261.793799989391,12313.0
1778882950,200,GET,GET /api/ -> https://httpbin.org/,2.500000,0.000000,10000,11000,11000,11000,11000,11000,12000,12000,12000,12000,12000,141,0,5600.0,5799.65387446767,511.31790000363253,11503.460400010226,332.0
1778882950,200,GET,GET /api/ -> https://locust.io/,1.400000,0.000000,9800,9800,10000,10000,10000,10000,10000,10000,10000,10000,10000,40,0,4900.0,6048.581387503509,1865.6503000238445,10329.799600003753,5097.0
1778882950,200,GET,GET /api/ -> https://redis.io/,1.300000,0.000000,13000,14000,14000,14000,14000,14000,14000,14000,14000,14000,14000,55,0,8200.0,8664.190378181362,3042.303100024583,14463.989899988519,7780.0
1778882950,200,GET,GET /api/ -> https://training.play-with-docker.com/,0.800000,0.000000,9500,9500,9500,9600,9600,9600,9600,9600,9600,9600,9600,25,0,6200.0,6452.0933560002595,2398.4647000033874,9585.38080001017,1503.0
1778882950,200,GET,GET /api/ -> https://www.python.org/,2.400000,0.000000,11000,12000,12000,12000,12000,12000,12000,12000,12000,12000,12000,118,0,6100.0,6704.568812711178,680.1748999860138,12274.641600000905,14427.0
1778882950,200,,Aggregated,18.600000,0.000000,11000,11000,12000,12000,12000,13000,14000,14000,14000,14000,14000,946,0,5700.0,5943.365888477926,89.01390002574772,14463.989899988519,6062.033826638478
1778882951,200,GET,GET /api/ -> http://example.com/,3.100000,0.000000,9100,10000,10000,10000,11000,11000,11000,11000,11000,11000,11000,217,0,4900.0,4816.643676958352,89.01390002574772,11390.008599992143,68.0
1778882951,200,GET,GET /api/ -> https://books.toscrape.com/,3.300000,0.000000,11000,12000,12000,12000,12000,13000,13000,13000,13000,13000,13000,182,0,6000.0,6381.746062637751,963.348599994788,12915.516300010495,8223.0
1778882951,200,GET,GET /api/ -> https://docs.docker.com/,0.900000,0.000000,9800,10000,11000,11000,12000,13000,13000,13000,13000,13000,13000,81,0,4500.0,5320.091197532343,266.938199987635,12658.898900001077,1856.0
1778882951,200,GET,GET /api/ -> https://flask.palletsprojects.com/,1.000000,0.000000,11000,11000,11000,11000,13000,13000,13000,13000,13000,13000,13000,67,0,6000.0,5849.404819402235,624.126900016563,13145.846700004768,20936.0
1778882951,200,GET,GET /api/ -> https://github.com/ibnesayeed/linkextractor,0.100000,0.000000,13000,13000,13000,13000,13000,13000,13000,13000,13000,13000,13000,29,0,7200.0,7575.186493105039,3742.7090000128374,12977.949000021908,12313.0
1778882951,200,GET,GET /api/ -> https://httpbin.org/,2.000000,0.000000,11000,11000,11000,11000,12000,12000,13000,13000,13000,13000,13000,144,0,5800.0,5939.614333332833,511.31790000363253,12780.319400015287,332.0
1778882951,200,GET,GET /api/ -> https://locust.io/,0.300000,0.000000,9800,9800,10000,10000,10000,10000,10000,10000,10000,10000,10000,40,0,4900.0,6048.581387503509,1865.6503000238445,10329.799600003753,5097.0
1778882951,200,GET,GET /api/ -> https://redis.io/,1.400000,0.000000,13000,14000,14000,14000,14000,14000,14000,14000,14000,14000,14000,55,0,8200.0,8664.190378181362,3042.303100024583,14463.989899988519,7780.0
1778882951,200,GET,GET /api/ -> https://training.play-with-docker.com/,0.500000,0.000000,9500,9500,9500,9600,9600,9600,9600,9600,9600,9600,9600,25,0,6200.0,6452.0933560002595,2398.4647000033874,9585.38080001017,1503.0
1778882951,200,GET,GET /api/ -> https://www.python.org/,3.000000,0.000000,11000,12000,12000,12000,12000,12000,12000,12000,12000,12000,12000,118,0,6100.0,6704.568812711178,680.1748999860138,12274.641600000905,14427.0
1778882951,200,,Aggregated,15.600000,0.000000,11000,11000,12000,12000,13000,13000,14000,14000,14000,14000,14000,958,0,5800.0,6028.629460960456,89.01390002574772,14463.989899988519,6097.09394572025
1778882952,200,GET,GET /api/ -> http://example.com/,2.200000,0.000000,10000,11000,11000,11000,12000,12000,12000,12000,12000,12000,12000,219,0,4900.0,4882.360241552347,89.01390002574772,12291.519999998854,68.0
1778882952,200,GET,GET /api/ -> https://books.toscrape.com/,3.200000,0.000000,11000,11000,12000,12000,13000,13000,13000,13000,13000,13000,13000,184,0,6000.0,6455.908817391743,963.348599994788,13473.34180001053,8223.0
1778882952,200,GET,GET /api/ -> https://docs.docker.com/,1.000000,0.000000,11000,13000,13000,13000,13000,13000,13000,13000,13000,13000,13000,85,0,4500.0,5677.853002354695,266.938199987635,13063.317099993583,1856.0
1778882952,200,GET,GET /api/ -> https://flask.palletsprojects.com/,1.000000,0.000000,11000,13000,13000,13000,13000,13000,13000,13000,13000,13000,13000,70,0,6000.0,6145.8379157137,624.126900016563,13145.846700004768,20936.0
1778882952,200,GET,GET /api/ -> https://github.com/ibnesayeed/linkextractor,0.100000,0.000000,14000,14000,14000,14000,14000,14000,14000,14000,14000,14000,14000,33,0,7200.0,8326.420560607045,3742.7090000128374,14021.50219999021,12313.0
1778882952,200,GET,GET /api/ -> https://httpbin.org/,2.100000,0.000000,11000,11000,12000,12000,13000,13000,13000,13000,13000,13000,13000,146,0,5800.0,6031.831230821323,511.31790000363253,12780.319400015287,332.0
1778882952,200,GET,GET /api/ -> https://locust.io/,0.300000,0.000000,10000,10000,13000,13000,13000,13000,13000,13000,13000,13000,13000,41,0,5100.0,6215.410907320514,1865.6503000238445,12888.591700000688,5097.0
1778882952,200,GET,GET /api/ -> https://redis.io/,1.300000,0.000000,14000,14000,14000,14000,14000,14000,14000,14000,14000,14000,14000,55,0,8200.0,8664.190378181362,3042.303100024583,14463.989899988519,7780.0
1778882952,200,GET,GET /api/ -> https://training.play-with-docker.com/,0.500000,0.000000,9500,9500,9600,9600,9600,9600,9600,9600,9600,9600,9600,25,0,6200.0,6452.0933560002595,2398.4647000033874,9585.38080001017,1503.0
1778882952,200,GET,GET /api/ -> https://www.python.org/,3.300000,0.000000,11000,12000,12000,12000,12000,13000,14000,14000,14000,14000,14000,120,0,6200.0,6819.464469999366,680.1748999860138,13726.052600017283,14427.0
1778882952,200,,Aggregated,15.000000,0.000000,11000,12000,12000,13000,13000,14000,14000,14000,14000,14000,14000,978,0,5900.0,6172.157363088081,89.01390002574772,14463.989899988519,6146.929447852761
1778882953,200,GET,GET /api/ -> http://example.com/,2.200000,0.000000,10000,11000,11000,12000,12000,12000,12000,12000,12000,12000,12000,220,0,4900.0,4912.44822909066,89.01390002574772,12291.519999998854,68.0
1778882953,200,GET,GET /api/ -> https://books.toscrape.com/,3.200000,0.000000,11000,12000,13000,13000,13000,13000,14000,14000,14000,14000,14000,190,0,6100.0,6674.743991053057,963.348599994788,13508.8310999854,8223.0
1778882953,200,GET,GET /api/ -> https://docs.docker.com/,1.000000,0.000000,11000,13000,13000,13000,13000,13000,13000,13000,13000,13000,13000,85,0,4500.0,5677.853002354695,266.938199987635,13063.317099993583,1856.0
1778882953,200,GET,GET /api/ -> https://flask.palletsprojects.com/,1.000000,0.000000,11000,13000,13000,13000,13000,13000,13000,13000,13000,13000,13000,70,0,6000.0,6145.8379157137,624.126900016563,13145.846700004768,20936.0
1778882953,200,GET,GET /api/ -> https://github.com/ibnesayeed/linkextractor,0.100000,0.000000,14000,14000,14000,14000,14000,14000,14000,14000,14000,14000,14000,35,0,7300.0,8661.096228572673,3742.7090000128374,14252.486100012902,12313.0
1778882953,200,GET,GET /api/ -> https://httpbin.org/,2.100000,0.000000,11000,12000,12000,13000,13000,13000,13000,13000,13000,13000,13000,148,0,5900.0,6111.82642094551,511.31790000363253,12780.319400015287,332.0
1778882953,200,GET,GET /api/ -> https://locust.io/,0.300000,0.000000,13000,13000,13000,13000,13000,13000,13000,13000,13000,13000,13000,42,0,5100.0,6377.284673812461,1865.6503000238445,13014.109099982306,5097.0
1778882953,200,GET,GET /api/ -> https://redis.io/,1.300000,0.000000,12000,12000,12000,14000,14000,14000,14000,14000,14000,14000,14000,55,0,8200.0,8664.190378181362,3042.303100024583,14463.989899988519,7780.0
1778882953,200,GET,GET /api/ -> https://training.play-with-docker.com/,0.500000,0.000000,9500,9500,9600,9600,9600,9600,9600,9600,9600,9600,9600,25,0,6200.0,6452.0933560002595,2398.4647000033874,9585.38080001017,1503.0
1778882953,200,GET,GET /api/ -> https://www.python.org/,3.300000,0.000000,12000,12000,12000,12000,12000,13000,14000,14000,14000,14000,14000,120,0,6200.0,6819.464469999366,680.1748999860138,13726.052600017283,14427.0
1778882953,200,,Aggregated,15.000000,0.000000,11000,12000,13000,13000,13000,14000,14000,14000,14000,14000,14000,990,0,5900.0,6256.029599697112,89.01390002574772,14463.989899988519,6153.020202020202
1778882954,200,GET,GET /api/ -> http://example.com/,2.100000,0.000000,11000,11000,12000,12000,12000,12000,12000,12000,12000,12000,12000,220,0,4900.0,4912.44822909066,89.01390002574772,12291.519999998854,68.0
1778882954,200,GET,GET /api/ -> https://books.toscrape.com/,3.500000,0.000000,12000,13000,13000,13000,14000,14000,14000,14000,14000,14000,14000,196,0,6300.0,6885.05020561258,963.348599994788,13845.867199997883,8223.0
1778882954,200,GET,GET /api/ -> https://docs.docker.com/,1.100000,0.000000,13000,13000,13000,13000,13000,13000,13000,13000,13000,13000,13000,86,0,4500.0,5750.636834885416,266.938199987635,13063.317099993583,1856.0
1778882954,200,GET,GET /api/ -> https://flask.palletsprojects.com/,1.100000,0.000000,11000,13000,13000,13000,13000,13000,13000,13000,13000,13000,13000,70,0,6000.0,6145.8379157137,624.126900016563,13145.846700004768,20936.0
1778882954,200,GET,GET /api/ -> https://github.com/ibnesayeed/linkextractor,0.400000,0.000000,14000,14000,14000,14000,14000,15000,15000,15000,15000,15000,15000,37,0,7400.0,8971.654832433134,3742.7090000128374,14547.035399999004,12313.0
1778882954,200,GET,GET /api/ -> https://httpbin.org/,2.400000,0.000000,12000,12000,12000,12000,13000,13000,13000,13000,13000,13000,13000,156,0,6500.0,6400.0727858967875,511.31790000363253,12780.319400015287,332.0
1778882954,200,GET,GET /api/ -> https://locust.io/,0.300000,0.000000,13000,13000,13000,13000,13000,13000,13000,13000,13000,13000,13000,43,0,5400.0,6501.699755817034,1865.6503000238445,13014.109099982306,5097.0
1778882954,200,GET,GET /api/ -> https://redis.io/,1.300000,0.000000,12000,12000,12000,14000,14000,14000,14000,14000,14000,14000,14000,55,0,8200.0,8664.190378181362,3042.303100024583,14463.989899988519,7780.0
1778882954,200,GET,GET /api/ -> https://training.play-with-docker.com/,0.500000,0.000000,9500,9500,9500,9500,9500,9500,9500,9500,9500,9500,9500,25,0,6200.0,6452.0933560002595,2398.4647000033874,9585.38080001017,1503.0
1778882954,200,GET,GET /api/ -> https://www.python.org/,3.300000,0.000000,12000,12000,12000,12000,12000,13000,14000,14000,14000,14000,14000,120,0,6200.0,6819.464469999366,680.1748999860138,13726.052600017283,14427.0
1778882954,200,,Aggregated,16.000000,0.000000,12000,12000,13000,13000,14000,14000,14000,14000,15000,15000,15000,1008,0,5900.0,6370.115165277855,89.01390002574772,14547.035399999004,6126.054563492064
1778882955,200,GET,GET /api/ -> http://example.com/,1.400000,0.000000,11000,12000,12000,12000,12000,12000,12000,12000,12000,12000,12000,220,0,4900.0,4912.44822909066,89.01390002574772,12291.519999998854,68.0
1778882955,200,GET,GET /api/ -> https://books.toscrape.com/,3.400000,0.000000,12000,13000,13000,13000,14000,14000,14000,14000,14000,14000,14000,197,0,6500.0,6918.038912183076,963.348599994788,13845.867199997883,8223.0
1778882955,200,GET,GET /api/ -> https://docs.docker.com/,1.300000,0.000000,13000,13000,13000,13000,13000,13000,13000,13000,13000,13000,13000,87,0,4600.0,5827.799082760453,266.938199987635,13063.317099993583,1856.0
1778882955,200,GET,GET /api/ -> https://flask.palletsprojects.com/,1.400000,0.000000,13000,13000,13000,13000,13000,13000,13000,13000,13000,13000,13000,70,0,6000.0,6145.8379157137,624.126900016563,13145.846700004768,20936.0
1778882955,200,GET,GET /api/ -> https://github.com/ibnesayeed/linkextractor,1.000000,0.000000,14000,14000,14000,14000,14000,15000,15000,15000,15000,15000,15000,37,0,7400.0,8971.654832433134,3742.7090000128374,14547.035399999004,12313.0
1778882955,200,GET,GET /api/ -> https://httpbin.org/,2.100000,0.000000,12000,12000,12000,12000,13000,13000,13000,13000,13000,13000,13000,156,0,6500.0,6400.0727858967875,511.31790000363253,12780.319400015287,332.0
1778882955,200,GET,GET /api/ -> https://locust.io/,0.400000,0.000000,13000,13000,13000,13000,13000,13000,13000,13000,13000,13000,13000,43,0,5400.0,6501.699755817034,1865.6503000238445,13014.109099982306,5097.0
1778882955,200,GET,GET /api/ -> https://redis.io/,0.800000,0.000000,12000,12000,14000,14000,14000,14000,14000,14000,14000,14000,14000,55,0,8200.0,8664.190378181362,3042.303100024583,14463.989899988519,7780.0
1778882955,200,GET,GET /api/ -> https://training.play-with-docker.com/,0.400000,0.000000,9500,9500,9500,9500,9500,9500,9500,9500,9500,9500,9500,25,0,6200.0,6452.0933560002595,2398.4647000033874,9585.38080001017,1503.0
1778882955,200,GET,GET /api/ -> https://www.python.org/,3.200000,0.000000,12000,12000,12000,12000,12000,13000,14000,14000,14000,14000,14000,120,0,6200.0,6819.464469999366,680.1748999860138,13726.052600017283,14427.0
1778882955,200,,Aggregated,15.400000,0.000000,12000,13000,13000,13000,14000,14000,14000,14000,15000,15000,15000,1010,0,5900.0,6383.092737029794,89.01390002574772,14547.035399999004,6123.90297029703
1778882956,200,GET,GET /api/ -> http://example.com/,1.400000,0.000000,11000,12000,12000,12000,12000,12000,12000,12000,12000,12000,12000,220,0,4900.0,4912.44822909066,89.01390002574772,12291.519999998854,68.0
1778882956,200,GET,GET /api/ -> https://books.toscrape.com/,3.400000,0.000000,13000,13000,13000,13000,14000,14000,14000,14000,14000,14000,14000,197,0,6500.0,6918.038912183076,963.348599994788,13845.867199997883,8223.0
1778882956,200,GET,GET /api/ -> https://docs.docker.com/,1.300000,0.000000,13000,13000,13000,13000,13000,13000,13000,13000,13000,13000,13000,87,0,4600.0,5827.799082760453,266.938199987635,13063.317099993583,1856.0
1778882956,200,GET,GET /api/ -> https://flask.palletsprojects.com/,1.400000,0.000000,13000,13000,13000,13000,13000,13000,13000,13000,13000,13000,13000,70,0,6000.0,6145.8379157137,624.126900016563,13145.846700004768,20936.0
1778882956,200,GET,GET /api/ -> https://github.com/ibnesayeed/linkextractor,1.000000,0.000000,14000,14000,14000,14000,14000,15000,15000,15000,15000,15000,15000,37,0,7400.0,8971.654832433134,3742.7090000128374,14547.035399999004,12313.0
1778882956,200,GET,GET /api/ -> https://httpbin.org/,2.100000,0.000000,12000,12000,12000,12000,13000,13000,13000,13000,13000,13000,13000,156,0,6500.0,6400.0727858967875,511.31790000363253,12780.319400015287,332.0
1778882956,200,GET,GET /api/ -> https://locust.io/,0.400000,0.000000,13000,13000,13000,13000,13000,13000,13000,13000,13000,13000,13000,43,0,5400.0,6501.699755817034,1865.6503000238445,13014.109099982306,5097.0
1778882956,200,GET,GET /api/ -> https://redis.io/,0.800000,0.000000,14000,14000,14000,14000,14000,14000,14000,14000,14000,14000,14000,55,0,8200.0,8664.190378181362,3042.303100024583,14463.989899988519,7780.0
1778882956,200,GET,GET /api/ -> https://training.play-with-docker.com/,0.400000,0.000000,9500,9500,9500,9500,9500,9500,9500,9500,9500,9500,9500,25,0,6200.0,6452.0933560002595,2398.4647000033874,9585.38080001017,1503.0
1778882956,200,GET,GET /api/ -> https://www.python.org/,3.200000,0.000000,12000,12000,12000,12000,13000,14000,14000,14000,14000,14000,14000,120,0,6200.0,6819.464469999366,680.1748999860138,13726.052600017283,14427.0
1778882956,200,,Aggregated,15.400000,0.000000,12000,13000,13000,13000,14000,14000,14000,14000,15000,15000,15000,1010,0,5900.0,6383.092737029794,89.01390002574772,14547.035399999004,6123.90297029703
1778882957,200,GET,GET /api/ -> http://example.com/,1.400000,0.000000,12000,12000,12000,12000,12000,12000,12000,12000,12000,12000,12000,220,0,4900.0,4912.44822909066,89.01390002574772,12291.519999998854,68.0
1778882957,200,GET,GET /api/ -> https://books.toscrape.com/,3.400000,0.000000,13000,13000,13000,13000,14000,14000,14000,14000,14000,14000,14000,197,0,6500.0,6918.038912183076,963.348599994788,13845.867199997883,8223.0
1778882957,200,GET,GET /api/ -> https://docs.docker.com/,1.300000,0.000000,13000,13000,13000,13000,13000,13000,13000,13000,13000,13000,13000,87,0,4600.0,5827.799082760453,266.938199987635,13063.317099993583,1856.0
1778882957,200,GET,GET /api/ -> https://flask.palletsprojects.com/,1.400000,0.000000,13000,13000,13000,13000,13000,13000,13000,13000,13000,13000,13000,70,0,6000.0,6145.8379157137,624.126900016563,13145.846700004768,20936.0
1778882957,200,GET,GET /api/ -> https://github.com/ibnesayeed/linkextractor,1.000000,0.000000,14000,14000,14000,14000,14000,15000,15000,15000,15000,15000,15000,37,0,7400.0,8971.654832433134,3742.7090000128374,14547.035399999004,12313.0
1778882957,200,GET,GET /api/ -> https://httpbin.org/,2.100000,0.000000,12000,12000,12000,12000,13000,13000,13000,13000,13000,13000,13000,156,0,6500.0,6400.0727858967875,511.31790000363253,12780.319400015287,332.0
1778882957,200,GET,GET /api/ -> https://locust.io/,0.400000,0.000000,13000,13000,13000,13000,13000,13000,13000,13000,13000,13000,13000,43,0,5400.0,6501.699755817034,1865.6503000238445,13014.109099982306,5097.0
1778882957,200,GET,GET /api/ -> https://redis.io/,0.800000,0.000000,14000,14000,14000,14000,14000,14000,14000,14000,14000,14000,14000,55,0,8200.0,8664.190378181362,3042.303100024583,14463.989899988519,7780.0
1778882957,200,GET,GET /api/ -> https://training.play-with-docker.com/,0.400000,0.000000,9500,9500,9500,9500,9500,9500,9500,9500,9500,9500,9500,25,0,6200.0,6452.0933560002595,2398.4647000033874,9585.38080001017,1503.0
1778882957,200,GET,GET /api/ -> https://www.python.org/,3.200000,0.000000,12000,12000,12000,12000,13000,14000,14000,14000,14000,14000,14000,120,0,6200.0,6819.464469999366,680.1748999860138,13726.052600017283,14427.0
1778882957,200,,Aggregated,15.400000,0.000000,13000,13000,13000,13000,14000,14000,14000,15000,15000,15000,15000,1010,0,5900.0,6383.092737029794,89.01390002574772,14547.035399999004,6123.90297029703
1778882958,200,GET,GET /api/ -> http://example.com/,0.800000,0.000000,12000,12000,12000,12000,12000,12000,12000,12000,12000,12000,12000,220,0,4900.0,4912.44822909066,89.01390002574772,12291.519999998854,68.0
1778882958,200,GET,GET /api/ -> https://books.toscrape.com/,3.600000,0.000000,13000,13000,14000,14000,16000,16000,16000,16000,16000,16000,16000,200,0,6500.0,7056.227299000457,963.348599994788,16332.490600005258,8223.0
1778882958,200,GET,GET /api/ -> https://docs.docker.com/,1.000000,0.000000,13000,13000,13000,15000,15000,15000,15000,15000,15000,15000,15000,89,0,4600.0,6037.64697753012,266.938199987635,15438.220600015484,1856.0
1778882958,200,GET,GET /api/ -> https://flask.palletsprojects.com/,1.000000,0.000000,13000,13000,13000,13000,15000,15000,15000,15000,15000,15000,15000,71,0,6000.0,6263.654094365668,624.126900016563,14510.786600003485,20936.0
1778882958,200,GET,GET /api/ -> https://github.com/ibnesayeed/linkextractor,1.100000,0.000000,14000,14000,14000,14000,14000,15000,15000,15000,15000,15000,15000,37,0,7400.0,8971.654832433134,3742.7090000128374,14547.035399999004,12313.0
1778882958,200,GET,GET /api/ -> https://httpbin.org/,2.400000,0.000000,12000,12000,13000,13000,13000,13000,13000,13000,13000,13000,13000,156,0,6500.0,6400.0727858967875,511.31790000363253,12780.319400015287,332.0
1778882958,200,GET,GET /api/ -> https://locust.io/,0.300000,0.000000,13000,13000,13000,13000,13000,13000,13000,13000,13000,13000,13000,43,0,5400.0,6501.699755817034,1865.6503000238445,13014.109099982306,5097.0
1778882958,200,GET,GET /api/ -> https://redis.io/,0.400000,0.000000,14000,14000,14000,14000,14000,14000,14000,14000,14000,14000,14000,55,0,8200.0,8664.190378181362,3042.303100024583,14463.989899988519,7780.0
1778882958,200,GET,GET /api/ -> https://training.play-with-docker.com/,0.000000,0.000000,9500,9500,9500,9500,9500,9500,9500,9500,9500,9500,9500,25,0,6200.0,6452.0933560002595,2398.4647000033874,9585.38080001017,1503.0
1778882958,200,GET,GET /api/ -> https://www.python.org/,2.300000,0.000000,13000,14000,16000,16000,16000,16000,16000,16000,16000,16000,16000,123,0,6200.0,7041.5837227637085,680.1748999860138,16097.214800014626,14427.0
1778882958,200,,Aggregated,12.900000,0.000000,13000,13000,14000,14000,15000,16000,16000,16000,16000,16000,16000,1019,0,6000.0,6465.100458685139,89.01390002574772,16332.490600005258,6160.686947988223
1778882959,200,GET,GET /api/ -> http://example.com/,0.400000,0.000000,12000,12000,12000,14000,14000,14000,14000,14000,14000,14000,14000,221,0,4900.0,4953.78970045215,89.01390002574772,14048.913399979938,68.0
1778882959,200,GET,GET /api/ -> https://books.toscrape.com/,2.300000,0.000000,14000,15000,16000,16000,16000,16000,17000,17000,17000,17000,17000,211,0,6600.0,7502.327945498006,963.348599994788,16560.685199976433,8223.0
1778882959,200,GET,GET /api/ -> https://docs.docker.com/,0.900000,0.000000,14000,15000,15000,15000,15000,15000,15000,15000,15000,15000,15000,95,0,5000.0,6599.237204212266,266.938199987635,15438.220600015484,1856.0
1778882959,200,GET,GET /api/ -> https://flask.palletsprojects.com/,0.800000,0.000000,14000,15000,15000,15000,15000,16000,16000,16000,16000,16000,16000,76,0,6400.0,6842.439444736412,624.126900016563,15550.940399989486,20936.0
1778882959,200,GET,GET /api/ -> https://github.com/ibnesayeed/linkextractor,1.100000,0.000000,14000,14000,14000,14000,14000,15000,15000,15000,15000,15000,15000,37,0,7400.0,8971.654832433134,3742.7090000128374,14547.035399999004,12313.0
1778882959,200,GET,GET /api/ -> https://httpbin.org/,2.400000,0.000000,12000,13000,14000,14000,15000,15000,15000,15000,15000,15000,15000,161,0,6600.0,6646.8564167695395,511.31790000363253,14695.62300000689,332.0
1778882959,200,GET,GET /api/ -> https://locust.io/,0.300000,0.000000,15000,16000,16000,16000,16000,16000,16000,16000,16000,16000,16000,50,0,6700.0,7758.649270002497,1865.6503000238445,15864.859199995408,5097.0
1778882959,200,GET,GET /api/ -> https://redis.io/,0.200000,0.000000,14000,14000,14000,14000,14000,14000,14000,14000,14000,14000,14000,55,0,8200.0,8664.190378181362,3042.303100024583,14463.989899988519,7780.0
1778882959,200,GET,GET /api/ -> https://training.play-with-docker.com/,0.000000,0.000000,9500,9500,9500,9500,9500,9500,9500,9500,9500,9500,9500,25,0,6200.0,6452.0933560002595,2398.4647000033874,9585.38080001017,1503.0
1778882959,200,GET,GET /api/ -> https://www.python.org/,1.700000,0.000000,16000,16000,16000,16000,17000,17000,17000,17000,17000,17000,17000,129,0,6600.0,7463.9504108525625,680.1748999860138,16710.718800022732,14427.0
1778882959,200,,Aggregated,10.100000,0.000000,14000,15000,15000,16000,16000,16000,17000,17000,17000,17000,17000,1060,0,6200.0,6807.0204109435335,89.01390002574772,16710.718800022732,6233.941509433962
1778882960,200,GET,GET /api/ -> http://example.com/,0.400000,0.000000,12000,13000,13000,14000,14000,14000,14000,14000,14000,14000,14000,222,0,4900.0,4990.4761432429095,89.01390002574772,14048.913399979938,68.0
1778882960,200,GET,GET /api/ -> https://books.toscrape.com/,2.100000,0.000000,14000,15000,16000,16000,16000,16000,17000,17000,17000,17000,17000,214,0,6600.0,7592.500627103287,963.348599994788,16560.685199976433,8223.0
1778882960,200,GET,GET /api/ -> https://docs.docker.com/,0.800000,0.000000,14000,15000,15000,15000,15000,15000,15000,15000,15000,15000,15000,100,0,5300.0,6951.523773002264,266.938199987635,15438.220600015484,1856.0
1778882960,200,GET,GET /api/ -> https://flask.palletsprojects.com/,0.700000,0.000000,14000,15000,15000,15000,15000,16000,16000,16000,16000,16000,16000,77,0,6600.0,6934.7869025969685,624.126900016563,15550.940399989486,20936.0
1778882960,200,GET,GET /api/ -> https://github.com/ibnesayeed/linkextractor,1.100000,0.000000,14000,14000,15000,15000,15000,17000,17000,17000,17000,17000,17000,40,0,7500.0,9444.092682499468,3742.7090000128374,16599.45019998122,12313.0
1778882960,200,GET,GET /api/ -> https://httpbin.org/,2.200000,0.000000,13000,14000,14000,14000,14000,15000,15000,15000,15000,15000,15000,168,0,6700.0,6934.694129166019,511.31790000363253,14695.62300000689,332.0
1778882960,200,GET,GET /api/ -> https://locust.io/,0.300000,0.000000,15000,16000,16000,16000,16000,16000,16000,16000,16000,16000,16000,51,0,9200.0,7886.561005884741,1865.6503000238445,15864.859199995408,5097.0
1778882960,200,GET,GET /api/ -> https://redis.io/,0.100000,0.000000,14000,14000,14000,14000,14000,14000,14000,14000,14000,14000,14000,55,0,8200.0,8664.190378181362,3042.303100024583,14463.989899988519,7780.0
1778882960,200,GET,GET /api/ -> https://training.play-with-docker.com/,0.000000,0.000000,14000,14000,14000,14000,14000,14000,14000,14000,14000,14000,14000,26,0,6200.0,6748.183042306874,2398.4647000033874,14150.425199972233,1503.0
1778882960,200,GET,GET /api/ -> https://www.python.org/,1.700000,0.000000,16000,16000,16000,16000,17000,17000,17000,17000,17000,17000,17000,132,0,6600.0,7620.220665909239,680.1748999860138,16710.718800022732,14427.0
1778882960,200,,Aggregated,9.400000,0.000000,14000,15000,15000,15000,16000,16000,17000,17000,17000,17000,17000,1085,0,6300.0,6972.047093917224,89.01390002574772,16710.718800022732,6223.110599078341
1778882961,200,GET,GET /api/ -> http://example.com/,0.500000,0.000000,13000,13000,13000,13000,14000,14000,14000,14000,14000,14000,14000,225,0,5000.0,5100.264373777382,89.01390002574772,14048.913399979938,68.0
1778882961,200,GET,GET /api/ -> https://books.toscrape.com/,3.200000,0.000000,14000,15000,16000,16000,16000,16000,17000,17000,17000,17000,17000,216,0,6700.0,7654.5437263891845,963.348599994788,16560.685199976433,8223.0
1778882961,200,GET,GET /api/ -> https://docs.docker.com/,1.300000,0.000000,14000,15000,15000,15000,15000,15000,15000,15000,15000,15000,15000,104,0,5600.0,7218.009205771243,266.938199987635,15438.220600015484,1856.0
1778882961,200,GET,GET /api/ -> https://flask.palletsprojects.com/,1.100000,0.000000,14000,15000,15000,15000,15000,16000,16000,16000,16000,16000,16000,79,0,6600.0,7110.972320253127,624.126900016563,15550.940399989486,20936.0
1778882961,200,GET,GET /api/ -> https://github.com/ibnesayeed/linkextractor,1.100000,0.000000,14000,15000,15000,15000,17000,17000,17000,17000,17000,17000,17000,40,0,7500.0,9444.092682499468,3742.7090000128374,16599.45019998122,12313.0
1778882961,200,GET,GET /api/ -> https://httpbin.org/,2.000000,0.000000,14000,14000,14000,14000,14000,15000,15000,15000,15000,15000,15000,176,0,8800.0,7243.974156249434,511.31790000363253,14695.62300000689,332.0
1778882961,200,GET,GET /api/ -> https://locust.io/,1.000000,0.000000,15000,15000,16000,16000,16000,16000,16000,16000,16000,16000,16000,54,0,9400.0,8217.954464816743,1865.6503000238445,15864.859199995408,5097.0
1778882961,200,GET,GET /api/ -> https://redis.io/,0.100000,0.000000,17000,17000,18000,18000,18000,18000,18000,18000,18000,18000,18000,58,0,8200.0,9086.946420689668,3042.303100024583,17870.423599990318,7780.0
1778882961,200,GET,GET /api/ -> https://training.play-with-docker.com/,0.000000,0.000000,14000,14000,14000,14000,14000,14000,14000,14000,14000,14000,14000,26,0,6200.0,6748.183042306874,2398.4647000033874,14150.425199972233,1503.0
1778882961,200,GET,GET /api/ -> https://www.python.org/,1.400000,0.000000,16000,16000,16000,16000,17000,17000,17000,17000,17000,17000,17000,133,0,6600.0,7665.608194736979,680.1748999860138,16710.718800022732,14427.0
1778882961,200,,Aggregated,11.700000,0.000000,14000,15000,15000,15000,16000,16000,17000,17000,18000,18000,18000,1111,0,6500.0,7139.401387038848,89.01390002574772,17870.423599990318,6186.980198019802
1778882962,200,GET,GET /api/ -> http://example.com/,0.500000,0.000000,13000,13000,13000,13000,14000,14000,14000,14000,14000,14000,14000,225,0,5000.0,5100.264373777382,89.01390002574772,14048.913399979938,68.0
1778882962,200,GET,GET /api/ -> https://books.toscrape.com/,3.400000,0.000000,15000,16000,16000,16000,16000,16000,17000,17000,17000,17000,17000,216,0,6700.0,7654.5437263891845,963.348599994788,16560.685199976433,8223.0
1778882962,200,GET,GET /api/ -> https://docs.docker.com/,2.000000,0.000000,14000,14000,15000,15000,15000,15000,15000,15000,15000,15000,15000,111,0,8900.0,7599.17138468685,266.938199987635,15438.220600015484,1856.0
1778882962,200,GET,GET /api/ -> https://flask.palletsprojects.com/,1.200000,0.000000,14000,15000,15000,15000,15000,16000,16000,16000,16000,16000,16000,79,0,6600.0,7110.972320253127,624.126900016563,15550.940399989486,20936.0
1778882962,200,GET,GET /api/ -> https://github.com/ibnesayeed/linkextractor,1.400000,0.000000,15000,15000,15000,17000,17000,17000,17000,17000,17000,17000,17000,40,0,7500.0,9444.092682499468,3742.7090000128374,16599.45019998122,12313.0
1778882962,200,GET,GET /api/ -> https://httpbin.org/,2.600000,0.000000,14000,14000,14000,14000,14000,15000,15000,15000,15000,15000,15000,178,0,8800.0,7315.90757190951,511.31790000363253,14695.62300000689,332.0
1778882962,200,GET,GET /api/ -> https://locust.io/,1.100000,0.000000,15000,15000,16000,16000,16000,16000,16000,16000,16000,16000,16000,54,0,9400.0,8217.954464816743,1865.6503000238445,15864.859199995408,5097.0
1778882962,200,GET,GET /api/ -> https://redis.io/,0.000000,0.000000,16000,17000,17000,17000,18000,18000,18000,18000,18000,18000,18000,61,0,8600.0,9433.246649179577,3042.303100024583,17870.423599990318,7780.0
1778882962,200,GET,GET /api/ -> https://training.play-with-docker.com/,0.100000,0.000000,14000,14000,14000,14000,14000,14000,14000,14000,14000,14000,14000,26,0,6200.0,6748.183042306874,2398.4647000033874,14150.425199972233,1503.0
1778882962,200,GET,GET /api/ -> https://www.python.org/,1.400000,0.000000,16000,16000,16000,16000,17000,17000,17000,17000,17000,17000,17000,136,0,7000.0,7799.377975735457,680.1748999860138,16710.718800022732,14427.0
1778882962,200,,Aggregated,13.700000,0.000000,14000,15000,15000,16000,16000,17000,17000,17000,18000,18000,18000,1126,0,6600.0,7230.529992540089,89.01390002574772,17870.423599990318,6175.854351687389
1778882963,200,GET,GET /api/ -> http://example.com/,0.800000,0.000000,13000,13000,13000,13000,14000,14000,14000,14000,14000,14000,14000,225,0,5000.0,5100.264373777382,89.01390002574772,14048.913399979938,68.0
1778882963,200,GET,GET /api/ -> https://books.toscrape.com/,3.400000,0.000000,15000,15000,16000,16000,16000,16000,17000,17000,17000,17000,17000,217,0,6700.0,7680.725158525637,963.348599994788,16560.685199976433,8223.0
1778882963,200,GET,GET /api/ -> https://docs.docker.com/,2.300000,0.000000,13000,14000,14000,15000,15000,15000,15000,15000,15000,15000,15000,118,0,9400.0,7942.971985595512,266.938199987635,15438.220600015484,1856.0
1778882963,200,GET,GET /api/ -> https://flask.palletsprojects.com/,1.300000,0.000000,14000,15000,15000,15000,15000,16000,16000,16000,16000,16000,16000,80,0,6600.0,7191.623769999933,624.126900016563,15550.940399989486,20936.0
1778882963,200,GET,GET /api/ -> https://github.com/ibnesayeed/linkextractor,1.100000,0.000000,15000,15000,15000,17000,17000,17000,17000,17000,17000,17000,17000,40,0,7500.0,9444.092682499468,3742.7090000128374,16599.45019998122,12313.0
1778882963,200,GET,GET /api/ -> https://httpbin.org/,3.200000,0.000000,14000,14000,14000,14000,14000,15000,15000,15000,15000,15000,15000,182,0,8900.0,7437.207921427786,511.31790000363253,14695.62300000689,332.0
1778882963,200,GET,GET /api/ -> https://locust.io/,1.400000,0.000000,15000,15000,16000,16000,16000,16000,16000,16000,16000,16000,16000,55,0,9500.0,8310.867052729009,1865.6503000238445,15864.859199995408,5097.0
1778882963,200,GET,GET /api/ -> https://redis.io/,0.200000,0.000000,16000,17000,17000,17000,18000,18000,18000,18000,18000,18000,18000,62,0,8600.0,9544.827770967047,3042.303100024583,17870.423599990318,7780.0
1778882963,200,GET,GET /api/ -> https://training.play-with-docker.com/,0.100000,0.000000,13000,13000,14000,14000,14000,14000,14000,14000,14000,14000,14000,29,0,6500.0,7350.28406206703,2398.4647000033874,14150.425199972233,1503.0
1778882963,200,GET,GET /api/ -> https://www.python.org/,1.500000,0.000000,14000,16000,16000,16000,16000,17000,17000,17000,17000,17000,17000,141,0,9500.0,8012.074922695294,680.1748999860138,16710.718800022732,14427.0
1778882963,200,,Aggregated,15.300000,0.000000,14000,15000,15000,16000,16000,16000,17000,17000,18000,18000,18000,1149,0,6700.0,7354.178241949614,89.01390002574772,17870.423599990318,6167.982593559617
1778882964,200,GET,GET /api/ -> http://example.com/,0.700000,0.000000,13000,13000,13000,13000,14000,14000,14000,14000,14000,14000,14000,225,0,5000.0,5100.264373777382,89.01390002574772,14048.913399979938,68.0
1778882964,200,GET,GET /api/ -> https://books.toscrape.com/,3.200000,0.000000,15000,16000,16000,16000,16000,16000,17000,17000,17000,17000,17000,217,0,6700.0,7680.725158525637,963.348599994788,16560.685199976433,8223.0
1778882964,200,GET,GET /api/ -> https://docs.docker.com/,2.400000,0.000000,13000,14000,14000,15000,15000,15000,15000,15000,15000,15000,15000,118,0,9400.0,7942.971985595512,266.938199987635,15438.220600015484,1856.0
1778882964,200,GET,GET /api/ -> https://flask.palletsprojects.com/,0.900000,0.000000,14000,15000,15000,15000,15000,16000,16000,16000,16000,16000,16000,81,0,6600.0,7268.180971604809,624.126900016563,15550.940399989486,20936.0
1778882964,200,GET,GET /api/ -> https://github.com/ibnesayeed/linkextractor,0.700000,0.000000,15000,15000,15000,17000,17000,17000,17000,17000,17000,17000,17000,40,0,7500.0,9444.092682499468,3742.7090000128374,16599.45019998122,12313.0
1778882964,200,GET,GET /api/ -> https://httpbin.org/,3.200000,0.000000,14000,14000,14000,14000,14000,15000,15000,15000,15000,15000,15000,185,0,9200.0,7516.859884323502,511.31790000363253,14695.62300000689,332.0
1778882964,200,GET,GET /api/ -> https://locust.io/,1.300000,0.000000,15000,15000,16000,16000,16000,16000,16000,16000,16000,16000,16000,55,0,9500.0,8310.867052729009,1865.6503000238445,15864.859199995408,5097.0
1778882964,200,GET,GET /api/ -> https://redis.io/,0.500000,0.000000,16000,16000,17000,17000,18000,18000,18000,18000,18000,18000,18000,64,0,8600.0,9739.086164061973,3042.303100024583,17870.423599990318,7780.0
1778882964,200,GET,GET /api/ -> https://training.play-with-docker.com/,0.100000,0.000000,12000,13000,13000,13000,14000,14000,14000,14000,14000,14000,14000,33,0,8900.0,7949.779796967932,2398.4647000033874,14150.425199972233,1503.0
1778882964,200,GET,GET /api/ -> https://www.python.org/,1.500000,0.000000,14000,16000,16000,16000,16000,17000,17000,17000,17000,17000,17000,144,0,9500.0,8117.136107639251,680.1748999860138,16710.718800022732,14427.0
1778882964,200,,Aggregated,14.500000,0.000000,14000,15000,15000,16000,16000,16000,17000,17000,18000,18000,18000,1162,0,6700.0,7418.470324957072,89.01390002574772,17870.423599990318,6173.663511187608
1778882965,200,GET,GET /api/ -> http://example.com/,0.500000,0.000000,13000,13000,13000,14000,14000,14000,14000,14000,14000,14000,14000,225,0,5000.0,5100.264373777382,89.01390002574772,14048.913399979938,68.0
1778882965,200,GET,GET /api/ -> https://books.toscrape.com/,2.600000,0.000000,15000,16000,16000,16000,16000,16000,17000,17000,17000,17000,17000,220,0,6800.0,7753.4881677274825,963.348599994788,16560.685199976433,8223.0
1778882965,200,GET,GET /api/ -> https://docs.docker.com/,3.200000,0.000000,13000,14000,14000,15000,15000,15000,15000,15000,15000,15000,15000,120,0,9500.0,8028.175729168773,266.938199987635,15438.220600015484,1856.0
1778882965,200,GET,GET /api/ -> https://flask.palletsprojects.com/,0.900000,0.000000,14000,14000,15000,15000,15000,16000,16000,16000,16000,16000,16000,85,0,6700.0,7542.17336352894,624.126900016563,15550.940399989486,20936.0
1778882965,200,GET,GET /api/ -> https://github.com/ibnesayeed/linkextractor,0.500000,0.000000,15000,15000,15000,17000,17000,17000,17000,17000,17000,17000,17000,40,0,7500.0,9444.092682499468,3742.7090000128374,16599.45019998122,12313.0
1778882965,200,GET,GET /api/ -> https://httpbin.org/,3.100000,0.000000,14000,14000,14000,14000,14000,15000,15000,15000,15000,15000,15000,191,0,9300.0,7659.646117276694,511.31790000363253,14695.62300000689,332.0
1778882965,200,GET,GET /api/ -> https://locust.io/,1.300000,0.000000,15000,15000,16000,16000,16000,16000,16000,16000,16000,16000,16000,55,0,9500.0,8310.867052729009,1865.6503000238445,15864.859199995408,5097.0
1778882965,200,GET,GET /api/ -> https://redis.io/,0.700000,0.000000,16000,16000,17000,17000,18000,18000,18000,18000,18000,18000,18000,65,0,8800.0,9831.591547692033,3042.303100024583,17870.423599990318,7780.0
1778882965,200,GET,GET /api/ -> https://training.play-with-docker.com/,0.300000,0.000000,12000,12000,13000,13000,13000,14000,14000,14000,14000,14000,14000,36,0,9100.0,8299.900908332751,2398.4647000033874,14150.425199972233,1503.0
1778882965,200,GET,GET /api/ -> https://www.python.org/,2.100000,0.000000,14000,15000,16000,16000,16000,17000,17000,17000,17000,17000,17000,147,0,9500.0,8223.220224490075,680.1748999860138,16710.718800022732,14427.0
1778882965,200,,Aggregated,15.200000,0.000000,14000,14000,15000,15000,16000,16000,17000,17000,18000,18000,18000,1184,0,6800.0,7518.842706334538,89.01390002574772,17870.423599990318,6202.266891891892
1778882966,200,GET,GET /api/ -> http://example.com/,0.500000,0.000000,13000,13000,13000,14000,14000,14000,14000,14000,14000,14000,14000,225,0,5000.0,5100.264373777382,89.01390002574772,14048.913399979938,68.0
1778882966,200,GET,GET /api/ -> https://books.toscrape.com/,2.100000,0.000000,15000,16000,16000,16000,16000,16000,17000,17000,17000,17000,17000,220,0,6800.0,7753.4881677274825,963.348599994788,16560.685199976433,8223.0
1778882966,200,GET,GET /api/ -> https://docs.docker.com/,3.200000,0.000000,13000,14000,14000,15000,15000,15000,15000,15000,15000,15000,15000,120,0,9500.0,8028.175729168773,266.938199987635,15438.220600015484,1856.0
1778882966,200,GET,GET /api/ -> https://flask.palletsprojects.com/,1.000000,0.000000,14000,14000,15000,15000,15000,16000,16000,16000,16000,16000,16000,85,0,6700.0,7542.17336352894,624.126900016563,15550.940399989486,20936.0
1778882966,200,GET,GET /api/ -> https://github.com/ibnesayeed/linkextractor,0.300000,0.000000,15000,15000,17000,17000,17000,17000,17000,17000,17000,17000,17000,41,0,10000.0,9557.485875609706,3742.7090000128374,16599.45019998122,12313.0
1778882966,200,GET,GET /api/ -> https://httpbin.org/,2.800000,0.000000,13000,14000,14000,14000,14000,14000,15000,15000,15000,15000,15000,197,0,9300.0,7760.660045684657,511.31790000363253,14695.62300000689,332.0
1778882966,200,GET,GET /api/ -> https://locust.io/,1.200000,0.000000,15000,15000,16000,16000,16000,16000,16000,16000,16000,16000,16000,55,0,9500.0,8310.867052729009,1865.6503000238445,15864.859199995408,5097.0
1778882966,200,GET,GET /api/ -> https://redis.io/,0.800000,0.000000,16000,16000,17000,17000,18000,18000,18000,18000,18000,18000,18000,65,0,8800.0,9831.591547692033,3042.303100024583,17870.423599990318,7780.0
1778882966,200,GET,GET /api/ -> https://training.play-with-docker.com/,0.800000,0.000000,12000,12000,13000,13000,13000,14000,14000,14000,14000,14000,14000,37,0,9100.0,8400.560543243144,2398.4647000033874,14150.425199972233,1503.0
1778882966,200,GET,GET /api/ -> https://www.python.org/,2.300000,0.000000,14000,15000,16000,16000,16000,17000,17000,17000,17000,17000,17000,149,0,9600.0,8279.699682550476,680.1748999860138,16710.718800022732,14427.0
1778882966,200,,Aggregated,15.000000,0.000000,14000,14000,15000,15000,16000,16000,17000,17000,18000,18000,18000,1194,0,6900.0,7553.724276047016,89.01390002574772,17870.423599990318,6187.726968174205
1778882967,200,GET,GET /api/ -> http://example.com/,0.500000,0.000000,13000,13000,13000,14000,14000,14000,14000,14000,14000,14000,14000,225,0,5000.0,5100.264373777382,89.01390002574772,14048.913399979938,68.0
1778882967,200,GET,GET /api/ -> https://books.toscrape.com/,2.200000,0.000000,15000,15000,16000,16000,16000,16000,17000,17000,17000,17000,17000,220,0,6800.0,7753.4881677274825,963.348599994788,16560.685199976433,8223.0
1778882967,200,GET,GET /api/ -> https://docs.docker.com/,3.300000,0.000000,13000,14000,14000,15000,15000,15000,15000,15000,15000,15000,15000,122,0,9400.0,8046.674105739765,266.938199987635,15438.220600015484,1856.0
1778882967,200,GET,GET /api/ -> https://flask.palletsprojects.com/,1.300000,0.000000,14000,14000,15000,15000,15000,16000,16000,16000,16000,16000,16000,89,0,6900.0,7690.806278651201,624.126900016563,15550.940399989486,20936.0
1778882967,200,GET,GET /api/ -> https://github.com/ibnesayeed/linkextractor,0.300000,0.000000,14000,15000,15000,17000,17000,17000,17000,17000,17000,17000,17000,42,0,10000.0,9658.362547618925,3742.7090000128374,16599.45019998122,12313.0
1778882967,200,GET,GET /api/ -> https://httpbin.org/,3.300000,0.000000,13000,14000,14000,14000,14000,14000,15000,15000,15000,15000,15000,200,0,9300.0,7811.596540999599,511.31790000363253,14695.62300000689,332.0
1778882967,200,GET,GET /api/ -> https://locust.io/,1.200000,0.000000,15000,15000,16000,16000,16000,16000,16000,16000,16000,16000,16000,55,0,9500.0,8310.867052729009,1865.6503000238445,15864.859199995408,5097.0
1778882967,200,GET,GET /api/ -> https://redis.io/,1.000000,0.000000,16000,17000,17000,17000,17000,18000,18000,18000,18000,18000,18000,66,0,8800.0,9933.440246969412,3042.303100024583,17870.423599990318,7780.0
1778882967,200,GET,GET /api/ -> https://training.play-with-docker.com/,1.000000,0.000000,12000,12000,13000,13000,13000,14000,14000,14000,14000,14000,14000,37,0,9100.0,8400.560543243144,2398.4647000033874,14150.425199972233,1503.0
1778882967,200,GET,GET /api/ -> https://www.python.org/,2.400000,0.000000,14000,14000,15000,16000,16000,17000,17000,17000,17000,17000,17000,156,0,9900.0,8504.508672435828,680.1748999860138,16710.718800022732,14427.0
1778882967,200,,Aggregated,16.500000,0.000000,14000,14000,15000,15000,16000,16000,17000,17000,18000,18000,18000,1212,0,7100.0,7621.866545462163,89.01390002574772,17870.423599990318,6268.712871287129
1778882968,200,GET,GET /api/ -> http://example.com/,0.500000,0.000000,13000,13000,13000,13000,13000,13000,13000,13000,13000,13000,13000,225,0,5000.0,5100.264373777382,89.01390002574772,14048.913399979938,68.0
1778882968,200,GET,GET /api/ -> https://books.toscrape.com/,2.300000,0.000000,14000,14000,14000,14000,15000,15000,15000,15000,15000,15000,15000,220,0,6800.0,7753.4881677274825,963.348599994788,16560.685199976433,8223.0
1778882968,200,GET,GET /api/ -> https://docs.docker.com/,3.300000,0.000000,13000,13000,14000,14000,14000,15000,15000,15000,15000,15000,15000,124,0,9400.0,8069.877626614705,266.938199987635,15438.220600015484,1856.0
1778882968,200,GET,GET /api/ -> https://flask.palletsprojects.com/,1.500000,0.000000,13000,13000,14000,14000,14000,14000,14000,14000,14000,14000,14000,90,0,6900.0,7706.05912666619,624.126900016563,15550.940399989486,20936.0
1778882968,200,GET,GET /api/ -> https://github.com/ibnesayeed/linkextractor,0.300000,0.000000,14000,14000,15000,15000,17000,17000,17000,17000,17000,17000,17000,43,0,10000.0,9763.09384883728,3742.7090000128374,16599.45019998122,12313.0
1778882968,200,GET,GET /api/ -> https://httpbin.org/,4.000000,0.000000,13000,14000,14000,14000,14000,14000,15000,15000,15000,15000,15000,205,0,9300.0,7846.964730731376,511.31790000363253,14695.62300000689,332.0
1778882968,200,GET,GET /api/ -> https://locust.io/,1.200000,0.000000,14000,14000,14000,14000,14000,14000,14000,14000,14000,14000,14000,55,0,9500.0,8310.867052729009,1865.6503000238445,15864.859199995408,5097.0
1778882968,200,GET,GET /api/ -> https://redis.io/,1.000000,0.000000,16000,17000,17000,17000,17000,18000,18000,18000,18000,18000,18000,69,0,8900.0,10215.348559420343,3042.303100024583,17870.423599990318,7780.0
1778882968,200,GET,GET /api/ -> https://training.play-with-docker.com/,1.200000,0.000000,12000,12000,13000,13000,13000,14000,14000,14000,14000,14000,14000,37,0,9100.0,8400.560543243144,2398.4647000033874,14150.425199972233,1503.0
1778882968,200,GET,GET /api/ -> https://www.python.org/,2.900000,0.000000,14000,14000,14000,14000,15000,16000,16000,16000,16000,16000,16000,157,0,9900.0,8510.087814649558,680.1748999860138,16710.718800022732,14427.0
1778882968,200,,Aggregated,18.200000,0.000000,13000,14000,14000,14000,15000,16000,17000,17000,18000,18000,18000,1225,0,7300.0,7661.093141959306,89.01390002574772,17870.423599990318,6264.545306122449
1778882969,200,GET,GET /api/ -> http://example.com/,0.500000,0.000000,13000,13000,13000,13000,13000,13000,13000,13000,13000,13000,13000,225,0,5000.0,5100.264373777382,89.01390002574772,14048.913399979938,68.0
1778882969,200,GET,GET /api/ -> https://books.toscrape.com/,2.300000,0.000000,13000,14000,14000,14000,14000,14000,14000,14000,14000,14000,14000,221,0,6800.0,7765.840591855423,963.348599994788,16560.685199976433,8223.0
1778882969,200,GET,GET /api/ -> https://docs.docker.com/,3.300000,0.000000,13000,13000,13000,13000,14000,14000,14000,14000,14000,14000,14000,125,0,9500.0,8088.124337601708,266.938199987635,15438.220600015484,1856.0
1778882969,200,GET,GET /api/ -> https://flask.palletsprojects.com/,1.700000,0.000000,13000,13000,13000,14000,14000,14000,14000,14000,14000,14000,14000,92,0,6900.0,7760.779564130011,624.126900016563,15550.940399989486,20936.0
1778882969,200,GET,GET /api/ -> https://github.com/ibnesayeed/linkextractor,0.500000,0.000000,14000,14000,14000,15000,17000,17000,17000,17000,17000,17000,17000,47,0,10000.0,9813.390191490242,3742.7090000128374,16599.45019998122,12313.0
1778882969,200,GET,GET /api/ -> https://httpbin.org/,4.400000,0.000000,12000,13000,14000,14000,14000,14000,14000,14000,14000,14000,14000,211,0,9400.0,7906.910932227121,511.31790000363253,14695.62300000689,332.0
1778882969,200,GET,GET /api/ -> https://locust.io/,1.200000,0.000000,14000,14000,14000,14000,14000,14000,14000,14000,14000,14000,14000,55,0,9500.0,8310.867052729009,1865.6503000238445,15864.859199995408,5097.0
1778882969,200,GET,GET /api/ -> https://redis.io/,1.000000,0.000000,16000,17000,17000,17000,17000,18000,18000,18000,18000,18000,18000,70,0,8900.0,10306.482757142761,3042.303100024583,17870.423599990318,7780.0
1778882969,200,GET,GET /api/ -> https://training.play-with-docker.com/,1.200000,0.000000,12000,12000,13000,13000,13000,14000,14000,14000,14000,14000,14000,37,0,9100.0,8400.560543243144,2398.4647000033874,14150.425199972233,1503.0
1778882969,200,GET,GET /api/ -> https://www.python.org/,3.500000,0.000000,13000,14000,14000,14000,14000,14000,14000,14000,14000,14000,14000,159,0,9900.0,8536.078763521846,680.1748999860138,16710.718800022732,14427.0
1778882969,200,,Aggregated,19.600000,0.000000,13000,13000,14000,14000,14000,16000,17000,17000,18000,18000,18000,1242,0,7700.0,7701.299361594331,89.01390002574772,17870.423599990318,6291.382447665056
1778882970,200,GET,GET /api/ -> http://example.com/,0.500000,0.000000,13000,13000,13000,13000,13000,13000,13000,13000,13000,13000,13000,225,0,5000.0,5100.264373777382,89.01390002574772,14048.913399979938,68.0
1778882970,200,GET,GET /api/ -> https://books.toscrape.com/,2.100000,0.000000,13000,14000,14000,14000,14000,14000,14000,14000,14000,14000,14000,221,0,6800.0,7765.840591855423,963.348599994788,16560.685199976433,8223.0
1778882970,200,GET,GET /api/ -> https://docs.docker.com/,3.600000,0.000000,13000,13000,13000,13000,13000,13000,14000,14000,14000,14000,14000,130,0,9600.0,8188.339126155076,266.938199987635,15438.220600015484,1856.0
1778882970,200,GET,GET /api/ -> https://flask.palletsprojects.com/,2.000000,0.000000,12000,13000,13000,13000,14000,14000,14000,14000,14000,14000,14000,96,0,7000.0,7876.766597916382,624.126900016563,15550.940399989486,20936.0
1778882970,200,GET,GET /api/ -> https://github.com/ibnesayeed/linkextractor,0.600000,0.000000,14000,14000,14000,14000,15000,17000,17000,17000,17000,17000,17000,49,0,10000.0,9865.076773470311,3742.7090000128374,16599.45019998122,12313.0
1778882970,200,GET,GET /api/ -> https://httpbin.org/,4.800000,0.000000,12000,12000,12000,13000,13000,14000,14000,14000,14000,14000,14000,211,0,9400.0,7906.910932227121,511.31790000363253,14695.62300000689,332.0
1778882970,200,GET,GET /api/ -> https://locust.io/,1.200000,0.000000,14000,14000,14000,14000,14000,14000,14000,14000,14000,14000,14000,55,0,9500.0,8310.867052729009,1865.6503000238445,15864.859199995408,5097.0
1778882970,200,GET,GET /api/ -> https://redis.io/,1.300000,0.000000,16000,16000,17000,17000,17000,17000,17000,17000,17000,17000,17000,71,0,9400.0,10332.209491548883,3042.303100024583,17870.423599990318,7780.0
1778882970,200,GET,GET /api/ -> https://training.play-with-docker.com/,1.200000,0.000000,12000,12000,12000,12000,13000,13000,13000,13000,13000,13000,13000,39,0,9300.0,8505.317961538914,2398.4647000033874,14150.425199972233,1503.0
1778882970,200,GET,GET /api/ -> https://www.python.org/,3.600000,0.000000,13000,14000,14000,14000,14000,14000,14000,14000,14000,14000,14000,161,0,9900.0,8563.306666459448,680.1748999860138,16710.718800022732,14427.0
1778882970,200,,Aggregated,20.900000,0.000000,13000,13000,13000,14000,14000,16000,17000,17000,17000,17000,17000,1258,0,8100.0,7740.298282114561,89.01390002574772,17870.423599990318,6336.396661367249
1778882971,200,GET,GET /api/ -> http://example.com/,0.500000,0.000000,13000,13000,13000,13000,13000,13000,13000,13000,13000,13000,13000,225,0,5000.0,5100.264373777382,89.01390002574772,14048.913399979938,68.0
1778882971,200,GET,GET /api/ -> https://books.toscrape.com/,2.100000,0.000000,13000,13000,13000,13000,13000,13000,13000,13000,13000,13000,13000,221,0,6800.0,7765.840591855423,963.348599994788,16560.685199976433,8223.0
1778882971,200,GET,GET /api/ -> https://docs.docker.com/,3.600000,0.000000,13000,13000,13000,13000,13000,13000,14000,14000,14000,14000,14000,132,0,9600.0,8230.134543182927,266.938199987635,15438.220600015484,1856.0
1778882971,200,GET,GET /api/ -> https://flask.palletsprojects.com/,2.000000,0.000000,11000,13000,13000,13000,13000,14000,14000,14000,14000,14000,14000,98,0,7100.0,7939.272983673228,624.126900016563,15550.940399989486,20936.0
1778882971,200,GET,GET /api/ -> https://github.com/ibnesayeed/linkextractor,0.600000,0.000000,12000,14000,14000,14000,15000,17000,17000,17000,17000,17000,17000,50,0,10000.0,9898.090478000813,3742.7090000128374,16599.45019998122,12313.0
1778882971,200,GET,GET /api/ -> https://httpbin.org/,4.800000,0.000000,12000,12000,12000,12000,13000,13000,13000,13000,13000,13000,13000,212,0,9400.0,7920.013825471303,511.31790000363253,14695.62300000689,332.0
1778882971,200,GET,GET /api/ -> https://locust.io/,1.200000,0.000000,13000,13000,13000,13000,13000,13000,13000,13000,13000,13000,13000,55,0,9500.0,8310.867052729009,1865.6503000238445,15864.859199995408,5097.0
1778882971,200,GET,GET /api/ -> https://redis.io/,1.300000,0.000000,16000,16000,17000,17000,17000,17000,17000,17000,17000,17000,17000,71,0,9400.0,10332.209491548883,3042.303100024583,17870.423599990318,7780.0
1778882971,200,GET,GET /api/ -> https://training.play-with-docker.com/,1.200000,0.000000,12000,12000,12000,12000,13000,13000,13000,13000,13000,13000,13000,40,0,9300.0,8556.237885000883,2398.4647000033874,14150.425199972233,1503.0
1778882971,200,GET,GET /api/ -> https://www.python.org/,3.600000,0.000000,13000,13000,14000,14000,14000,14000,14000,14000,14000,14000,14000,162,0,9900.0,8578.546556172552,680.1748999860138,16710.718800022732,14427.0
1778882971,200,,Aggregated,20.900000,0.000000,12000,13000,13000,13000,14000,16000,17000,17000,17000,17000,17000,1266,0,8100.0,7760.53936903641,89.01390002574772,17870.423599990318,6354.9336492891
1778882972,200,GET,GET /api/ -> http://example.com/,0.500000,0.000000,13000,13000,13000,13000,13000,13000,13000,13000,13000,13000,13000,225,0,5000.0,5100.264373777382,89.01390002574772,14048.913399979938,68.0
1778882972,200,GET,GET /api/ -> https://books.toscrape.com/,2.100000,0.000000,13000,13000,13000,13000,13000,13000,13000,13000,13000,13000,13000,221,0,6800.0,7765.840591855423,963.348599994788,16560.685199976433,8223.0
1778882972,200,GET,GET /api/ -> https://docs.docker.com/,3.600000,0.000000,11000,11000,11000,13000,13000,14000,14000,14000,14000,14000,14000,132,0,9600.0,8230.134543182927,266.938199987635,15438.220600015484,1856.0
1778882972,200,GET,GET /api/ -> https://flask.palletsprojects.com/,2.000000,0.000000,11000,13000,13000,13000,13000,14000,14000,14000,14000,14000,14000,98,0,7100.0,7939.272983673228,624.126900016563,15550.940399989486,20936.0
1778882972,200,GET,GET /api/ -> https://github.com/ibnesayeed/linkextractor,0.600000,0.000000,11000,12000,14000,14000,14000,14000,14000,14000,14000,14000,14000,50,0,10000.0,9898.090478000813,3742.7090000128374,16599.45019998122,12313.0
1778882972,200,GET,GET /api/ -> https://httpbin.org/,4.800000,0.000000,12000,12000,12000,12000,13000,13000,13000,13000,13000,13000,13000,212,0,9400.0,7920.013825471303,511.31790000363253,14695.62300000689,332.0
1778882972,200,GET,GET /api/ -> https://locust.io/,1.200000,0.000000,13000,13000,13000,13000,13000,13000,13000,13000,13000,13000,13000,55,0,9500.0,8310.867052729009,1865.6503000238445,15864.859199995408,5097.0
1778882972,200,GET,GET /api/ -> https://redis.io/,1.300000,0.000000,16000,16000,17000,17000,17000,17000,17000,17000,17000,17000,17000,71,0,9400.0,10332.209491548883,3042.303100024583,17870.423599990318,7780.0
1778882972,200,GET,GET /api/ -> https://training.play-with-docker.com/,1.200000,0.000000,12000,12000,12000,12000,12000,13000,13000,13000,13000,13000,13000,40,0,9300.0,8556.237885000883,2398.4647000033874,14150.425199972233,1503.0
1778882972,200,GET,GET /api/ -> https://www.python.org/,3.600000,0.000000,13000,13000,13000,13000,14000,14000,14000,14000,14000,14000,14000,162,0,9900.0,8578.546556172552,680.1748999860138,16710.718800022732,14427.0
1778882972,200,,Aggregated,20.900000,0.000000,12000,13000,13000,13000,14000,16000,17000,17000,17000,17000,17000,1266,0,8100.0,7760.53936903641,89.01390002574772,17870.423599990318,6354.9336492891
1778882973,200,GET,GET /api/ -> http://example.com/,0.000000,0.000000,13000,13000,13000,13000,13000,13000,13000,13000,13000,13000,13000,226,0,5000.0,5131.849215486353,89.01390002574772,14048.913399979938,68.0
1778882973,200,GET,GET /api/ -> https://books.toscrape.com/,0.500000,0.000000,13000,13000,13000,13000,13000,13000,13000,13000,13000,13000,13000,221,0,6800.0,7765.840591855423,963.348599994788,16560.685199976433,8223.0
1778882973,200,GET,GET /api/ -> https://docs.docker.com/,2.800000,0.000000,11000,11000,11000,11000,13000,13000,13000,13000,13000,13000,13000,132,0,9600.0,8230.134543182927,266.938199987635,15438.220600015484,1856.0
1778882973,200,GET,GET /api/ -> https://flask.palletsprojects.com/,1.900000,0.000000,11000,13000,13000,13000,13000,13000,13000,13000,13000,13000,13000,100,0,7200.0,8042.850860999897,624.126900016563,15550.940399989486,20936.0
1778882973,200,GET,GET /api/ -> https://github.com/ibnesayeed/linkextractor,1.000000,0.000000,11000,12000,14000,14000,14000,14000,14000,14000,14000,14000,14000,50,0,10000.0,9898.090478000813,3742.7090000128374,16599.45019998122,12313.0
1778882973,200,GET,GET /api/ -> https://httpbin.org/,3.600000,0.000000,12000,12000,12000,12000,13000,13000,13000,13000,13000,13000,13000,214,0,9400.0,7965.497842055684,511.31790000363253,14695.62300000689,332.0
1778882973,200,GET,GET /api/ -> https://locust.io/,0.100000,0.000000,13000,13000,13000,13000,13000,13000,13000,13000,13000,13000,13000,55,0,9500.0,8310.867052729009,1865.6503000238445,15864.859199995408,5097.0
1778882973,200,GET,GET /api/ -> https://redis.io/,1.400000,0.000000,16000,16000,17000,17000,17000,17000,17000,17000,17000,17000,17000,72,0,9400.0,10392.90692083321,3042.303100024583,17870.423599990318,7780.0
1778882973,200,GET,GET /api/ -> https://training.play-with-docker.com/,1.400000,0.000000,12000,12000,12000,12000,12000,12000,12000,12000,12000,12000,12000,40,0,9300.0,8556.237885000883,2398.4647000033874,14150.425199972233,1503.0
1778882973,200,GET,GET /api/ -> https://www.python.org/,2.900000,0.000000,13000,13000,13000,13000,14000,14000,14000,14000,14000,14000,14000,166,0,9900.0,8689.808998794817,680.1748999860138,16710.718800022732,14427.0
1778882973,200,,Aggregated,15.600000,0.000000,12000,13000,13000,13000,14000,16000,17000,17000,17000,17000,17000,1276,0,8200.0,7802.803602507931,89.01390002574772,17870.423599990318,6389.841692789969
1778882974,200,GET,GET /api/ -> http://example.com/,0.000000,0.000000,13000,13000,13000,13000,13000,13000,13000,13000,13000,13000,13000,226,0,5000.0,5131.849215486353,89.01390002574772,14048.913399979938,68.0
1778882974,200,GET,GET /api/ -> https://books.toscrape.com/,0.500000,0.000000,13000,14000,14000,14000,14000,14000,14000,14000,14000,14000,14000,223,0,6800.0,7819.401480269126,963.348599994788,16560.685199976433,8223.0
1778882974,200,GET,GET /api/ -> https://docs.docker.com/,2.400000,0.000000,11000,11000,11000,11000,13000,13000,13000,13000,13000,13000,13000,132,0,9600.0,8230.134543182927,266.938199987635,15438.220600015484,1856.0
1778882974,200,GET,GET /api/ -> https://flask.palletsprojects.com/,1.900000,0.000000,11000,12000,13000,13000,13000,13000,13000,13000,13000,13000,13000,101,0,8700.0,8096.79157227695,624.126900016563,15550.940399989486,20936.0
1778882974,200,GET,GET /api/ -> https://github.com/ibnesayeed/linkextractor,1.000000,0.000000,11000,14000,14000,14000,14000,15000,15000,15000,15000,15000,15000,51,0,11000.0,9989.98242156927,3742.7090000128374,16599.45019998122,12313.0
1778882974,200,GET,GET /api/ -> https://httpbin.org/,3.400000,0.000000,10000,12000,12000,12000,13000,13000,13000,13000,13000,13000,13000,214,0,9400.0,7965.497842055684,511.31790000363253,14695.62300000689,332.0
1778882974,200,GET,GET /api/ -> https://locust.io/,0.100000,0.000000,14000,14000,14000,14000,14000,14000,14000,14000,14000,14000,14000,56,0,9500.0,8405.200058930599,1865.6503000238445,15864.859199995408,5097.0
1778882974,200,GET,GET /api/ -> https://redis.io/,1.100000,0.000000,16000,16000,17000,17000,17000,17000,17000,17000,17000,17000,17000,73,0,9400.0,10461.855001370055,3042.303100024583,17870.423599990318,7780.0
1778882974,200,GET,GET /api/ -> https://training.play-with-docker.com/,1.400000,0.000000,11000,12000,12000,12000,12000,12000,12000,12000,12000,12000,12000,40,0,9300.0,8556.237885000883,2398.4647000033874,14150.425199972233,1503.0
1778882974,200,GET,GET /api/ -> https://www.python.org/,2.700000,0.000000,13000,13000,14000,14000,14000,14000,14000,14000,14000,14000,14000,170,0,10000.0,8812.213572940742,680.1748999860138,16710.718800022732,14427.0
1778882974,200,,Aggregated,14.500000,0.000000,12000,13000,13000,13000,14000,15000,17000,17000,17000,17000,17000,1286,0,8400.0,7851.101278538171,89.01390002574772,17870.423599990318,6433.684292379471
1778882975,200,GET,GET /api/ -> http://example.com/,0.100000,0.000000,13000,13000,13000,13000,13000,13000,13000,13000,13000,13000,13000,226,0,5000.0,5131.849215486353,89.01390002574772,14048.913399979938,68.0
1778882975,200,GET,GET /api/ -> https://books.toscrape.com/,0.500000,0.000000,14000,14000,14000,14000,14000,14000,14000,14000,14000,14000,14000,224,0,6800.0,7848.186462946484,963.348599994788,16560.685199976433,8223.0
1778882975,200,GET,GET /api/ -> https://docs.docker.com/,1.500000,0.000000,10000,11000,11000,11000,11000,14000,14000,14000,14000,14000,14000,133,0,9700.0,8276.718908271847,266.938199987635,15438.220600015484,1856.0
1778882975,200,GET,GET /api/ -> https://flask.palletsprojects.com/,2.000000,0.000000,11000,12000,13000,13000,14000,14000,14000,14000,14000,14000,14000,103,0,8800.0,8211.377300970535,624.126900016563,15550.940399989486,20936.0
1778882975,200,GET,GET /api/ -> https://github.com/ibnesayeed/linkextractor,1.000000,0.000000,12000,14000,14000,14000,15000,15000,15000,15000,15000,15000,15000,52,0,11000.0,10077.41565192331,3742.7090000128374,16599.45019998122,12313.0
1778882975,200,GET,GET /api/ -> https://httpbin.org/,3.500000,0.000000,10000,11000,13000,13000,14000,14000,14000,14000,14000,14000,14000,216,0,9400.0,8020.349005555073,511.31790000363253,14695.62300000689,332.0
1778882975,200,GET,GET /api/ -> https://locust.io/,0.000000,0.000000,14000,14000,14000,14000,14000,14000,14000,14000,14000,14000,14000,57,0,9500.0,8505.138152633312,1865.6503000238445,15864.859199995408,5097.0
1778882975,200,GET,GET /api/ -> https://redis.io/,0.900000,0.000000,16000,16000,17000,17000,17000,17000,17000,17000,17000,17000,17000,76,0,11000.0,10688.961211842405,3042.303100024583,17870.423599990318,7780.0
1778882975,200,GET,GET /api/ -> https://training.play-with-docker.com/,1.200000,0.000000,11000,12000,12000,12000,12000,12000,12000,12000,12000,12000,12000,40,0,9300.0,8556.237885000883,2398.4647000033874,14150.425199972233,1503.0
1778882975,200,GET,GET /api/ -> https://www.python.org/,2.300000,0.000000,13000,14000,14000,14000,14000,14000,14000,14000,14000,14000,14000,174,0,10000.0,8935.680994252312,680.1748999860138,16710.718800022732,14427.0
1778882975,200,,Aggregated,13.000000,0.000000,12000,13000,14000,14000,15000,16000,17000,17000,17000,17000,17000,1301,0,8800.0,7928.516603766344,89.01390002574772,17870.423599990318,6475.627209838585
1778882976,200,GET,GET /api/ -> http://example.com/,0.100000,0.000000,12000,12000,12000,12000,12000,12000,12000,12000,12000,12000,12000,226,0,5000.0,5131.849215486353,89.01390002574772,14048.913399979938,68.0
1778882976,200,GET,GET /api/ -> https://books.toscrape.com/,0.600000,0.000000,14000,14000,14000,14000,14000,14000,14000,14000,14000,14000,14000,224,0,6800.0,7848.186462946484,963.348599994788,16560.685199976433,8223.0
1778882976,200,GET,GET /api/ -> https://docs.docker.com/,1.400000,0.000000,11000,11000,11000,11000,14000,14000,14000,14000,14000,14000,14000,134,0,9700.0,8322.108109702735,266.938199987635,15438.220600015484,1856.0
1778882976,200,GET,GET /api/ -> https://flask.palletsprojects.com/,2.100000,0.000000,11000,13000,13000,13000,14000,15000,15000,15000,15000,15000,15000,104,0,8800.0,8280.744181730439,624.126900016563,15550.940399989486,20936.0
1778882976,200,GET,GET /api/ -> https://github.com/ibnesayeed/linkextractor,1.100000,0.000000,11000,12000,14000,15000,15000,15000,15000,15000,15000,15000,15000,52,0,11000.0,10077.41565192331,3742.7090000128374,16599.45019998122,12313.0
1778882976,200,GET,GET /api/ -> https://httpbin.org/,3.000000,0.000000,10000,10000,13000,13000,14000,14000,14000,14000,14000,14000,14000,216,0,9400.0,8020.349005555073,511.31790000363253,14695.62300000689,332.0
1778882976,200,GET,GET /api/ -> https://locust.io/,0.100000,0.000000,14000,15000,15000,15000,15000,15000,15000,15000,15000,15000,15000,59,0,9500.0,8719.681064408347,1865.6503000238445,15864.859199995408,5097.0
1778882976,200,GET,GET /api/ -> https://redis.io/,1.000000,0.000000,16000,16000,17000,17000,17000,17000,17000,17000,17000,17000,17000,76,0,11000.0,10688.961211842405,3042.303100024583,17870.423599990318,7780.0
1778882976,200,GET,GET /api/ -> https://training.play-with-docker.com/,0.700000,0.000000,11000,12000,12000,12000,12000,12000,12000,12000,12000,12000,12000,40,0,9300.0,8556.237885000883,2398.4647000033874,14150.425199972233,1503.0
1778882976,200,GET,GET /api/ -> https://www.python.org/,2.400000,0.000000,14000,14000,14000,14000,14000,15000,15000,15000,15000,15000,15000,175,0,10000.0,8968.05112685659,680.1748999860138,16710.718800022732,14427.0
1778882976,200,,Aggregated,12.500000,0.000000,12000,14000,14000,14000,15000,16000,17000,17000,17000,17000,17000,1306,0,8800.0,7954.864677335389,89.01390002574772,17870.423599990318,6487.139356814701
1778882977,200,GET,GET /api/ -> http://example.com/,0.100000,0.000000,12000,12000,12000,12000,12000,12000,12000,12000,12000,12000,12000,226,0,5000.0,5131.849215486353,89.01390002574772,14048.913399979938,68.0
1778882977,200,GET,GET /api/ -> https://books.toscrape.com/,0.600000,0.000000,14000,14000,14000,16000,16000,16000,16000,16000,16000,16000,16000,225,0,6800.0,7882.2677395556175,963.348599994788,16560.685199976433,8223.0
1778882977,200,GET,GET /api/ -> https://docs.docker.com/,1.200000,0.000000,11000,14000,15000,15000,15000,15000,15000,15000,15000,15000,15000,139,0,9700.0,8557.440407195409,266.938199987635,15438.220600015484,1856.0
1778882977,200,GET,GET /api/ -> https://flask.palletsprojects.com/,2.000000,0.000000,14000,15000,15000,15000,15000,15000,15000,15000,15000,15000,15000,114,0,9900.0,8864.419299122426,624.126900016563,15550.940399989486,20936.0
1778882977,200,GET,GET /api/ -> https://github.com/ibnesayeed/linkextractor,1.100000,0.000000,11000,15000,15000,15000,16000,16000,16000,16000,16000,16000,16000,54,0,11000.0,10305.028877777793,3742.7090000128374,16599.45019998122,12313.0
1778882977,200,GET,GET /api/ -> https://httpbin.org/,2.700000,0.000000,10000,11000,13000,13000,14000,14000,14000,14000,14000,14000,14000,216,0,9400.0,8020.349005555073,511.31790000363253,14695.62300000689,332.0
1778882977,200,GET,GET /api/ -> https://locust.io/,0.200000,0.000000,15000,15000,15000,15000,15000,15000,15000,15000,15000,15000,15000,61,0,9600.0,8930.755431148831,1865.6503000238445,15864.859199995408,5097.0
1778882977,200,GET,GET /api/ -> https://redis.io/,1.000000,0.000000,16000,16000,17000,17000,18000,18000,18000,18000,18000,18000,18000,77,0,11000.0,10779.929684415723,3042.303100024583,17870.423599990318,7780.0
1778882977,200,GET,GET /api/ -> https://training.play-with-docker.com/,0.500000,0.000000,11000,11000,11000,11000,11000,11000,11000,11000,11000,11000,11000,40,0,9300.0,8556.237885000883,2398.4647000033874,14150.425199972233,1503.0
1778882977,200,GET,GET /api/ -> https://www.python.org/,3.000000,0.000000,14000,14000,14000,15000,15000,16000,16000,16000,16000,16000,16000,179,0,10000.0,9110.44766815599,680.1748999860138,16710.718800022732,14427.0
1778882977,200,,Aggregated,12.400000,0.000000,14000,15000,15000,15000,16000,16000,17000,17000,18000,18000,18000,1331,0,8900.0,8091.70055627347,89.01390002574772,17870.423599990318,6611.1006761833205
1778882978,200,GET,GET /api/ -> http://example.com/,0.100000,0.000000,13000,13000,14000,14000,14000,14000,14000,14000,14000,14000,14000,231,0,5000.0,5312.6702476188275,89.01390002574772,14048.913399979938,68.0
1778882978,200,GET,GET /api/ -> https://books.toscrape.com/,0.400000,0.000000,14000,14000,14000,16000,16000,16000,16000,16000,16000,16000,16000,225,0,6800.0,7882.2677395556175,963.348599994788,16560.685199976433,8223.0
1778882978,200,GET,GET /api/ -> https://docs.docker.com/,1.400000,0.000000,14000,15000,15000,15000,15000,15000,15000,15000,15000,15000,15000,143,0,9800.0,8727.222621679213,266.938199987635,15438.220600015484,1856.0
1778882978,200,GET,GET /api/ -> https://flask.palletsprojects.com/,1.800000,0.000000,15000,15000,15000,15000,15000,15000,15000,15000,15000,15000,15000,118,0,10000.0,9071.798401694574,624.126900016563,15550.940399989486,20936.0
1778882978,200,GET,GET /api/ -> https://github.com/ibnesayeed/linkextractor,1.200000,0.000000,15000,15000,16000,16000,16000,16000,16000,16000,16000,16000,16000,54,0,11000.0,10305.028877777793,3742.7090000128374,16599.45019998122,12313.0
1778882978,200,GET,GET /api/ -> https://httpbin.org/,2.000000,0.000000,13000,14000,14000,14000,15000,15000,15000,15000,15000,15000,15000,217,0,9400.0,8051.783914746065,511.31790000363253,14841.724300000351,332.0
1778882978,200,GET,GET /api/ -> https://locust.io/,0.300000,0.000000,15000,15000,15000,15000,15000,15000,15000,15000,15000,15000,15000,63,0,9700.0,9119.677874604276,1865.6503000238445,15864.859199995408,5097.0
1778882978,200,GET,GET /api/ -> https://redis.io/,1.100000,0.000000,16000,17000,17000,17000,18000,18000,18000,18000,18000,18000,18000,78,0,11000.0,10860.548683333223,3042.303100024583,17870.423599990318,7780.0
1778882978,200,GET,GET /api/ -> https://training.play-with-docker.com/,0.300000,0.000000,11000,11000,11000,11000,11000,11000,11000,11000,11000,11000,11000,40,0,9300.0,8556.237885000883,2398.4647000033874,14150.425199972233,1503.0
1778882978,200,GET,GET /api/ -> https://www.python.org/,2.600000,0.000000,14000,14000,15000,15000,15000,16000,16000,16000,16000,16000,16000,180,0,10000.0,9143.540666110574,680.1748999860138,16710.718800022732,14427.0
1778882978,200,,Aggregated,11.200000,0.000000,14000,15000,15000,15000,15000,16000,16000,17000,18000,18000,18000,1349,0,8900.0,8178.398904744214,89.01390002574772,17870.423599990318,6614.985915492958
1778882979,200,GET,GET /api/ -> http://example.com/,0.100000,0.000000,13000,14000,14000,14000,14000,14000,14000,14000,14000,14000,14000,232,0,5000.0,5349.857323275626,89.01390002574772,14048.913399979938,68.0
1778882979,200,GET,GET /api/ -> https://books.toscrape.com/,0.500000,0.000000,14000,14000,14000,16000,16000,16000,16000,16000,16000,16000,16000,225,0,6800.0,7882.2677395556175,963.348599994788,16560.685199976433,8223.0
1778882979,200,GET,GET /api/ -> https://docs.docker.com/,1.500000,0.000000,15000,15000,15000,15000,15000,15000,15000,15000,15000,15000,15000,144,0,9800.0,8768.714184028795,266.938199987635,15438.220600015484,1856.0
1778882979,200,GET,GET /api/ -> https://flask.palletsprojects.com/,2.200000,0.000000,15000,15000,15000,15000,15000,15000,15000,15000,15000,15000,15000,120,0,10000.0,9157.263235832943,624.126900016563,15550.940399989486,20936.0
1778882979,200,GET,GET /api/ -> https://github.com/ibnesayeed/linkextractor,1.000000,0.000000,16000,16000,16000,16000,17000,17000,17000,17000,17000,17000,17000,55,0,11000.0,10420.981527272803,3742.7090000128374,16682.424600003287,12313.0
1778882979,200,GET,GET /api/ -> https://httpbin.org/,1.600000,0.000000,14000,14000,14000,14000,15000,15000,15000,15000,15000,15000,15000,219,0,9400.0,8108.604378994957,511.31790000363253,14841.724300000351,332.0
1778882979,200,GET,GET /api/ -> https://locust.io/,0.400000,0.000000,15000,15000,15000,15000,15000,15000,15000,15000,15000,15000,15000,65,0,9700.0,9296.411458462871,1865.6503000238445,15864.859199995408,5097.0
1778882979,200,GET,GET /api/ -> https://redis.io/,1.100000,0.000000,16000,16000,17000,18000,18000,18000,18000,18000,18000,18000,18000,79,0,12000.0,10947.06715696198,3042.303100024583,17870.423599990318,7780.0
1778882979,200,GET,GET /api/ -> https://training.play-with-docker.com/,0.300000,0.000000,11000,11000,11000,11000,11000,11000,11000,11000,11000,11000,11000,40,0,9300.0,8556.237885000883,2398.4647000033874,14150.425199972233,1503.0
1778882979,200,GET,GET /api/ -> https://www.python.org/,2.200000,0.000000,15000,15000,15000,15000,16000,16000,16000,16000,16000,16000,16000,187,0,10000.0,9367.209598929889,680.1748999860138,16710.718800022732,14427.0
1778882979,200,,Aggregated,10.900000,0.000000,15000,15000,15000,15000,16000,16000,17000,18000,18000,18000,18000,1366,0,9100.0,8263.678385651507,89.01390002574772,17870.423599990318,6661.311859443631
1778882980,200,GET,GET /api/ -> http://example.com/,0.300000,0.000000,14000,14000,14000,14000,14000,14000,14000,14000,14000,14000,14000,234,0,5100.0,5420.473171794552,89.01390002574772,14048.913399979938,68.0
1778882980,200,GET,GET /api/ -> https://books.toscrape.com/,0.500000,0.000000,14000,14000,14000,16000,16000,16000,16000,16000,16000,16000,16000,225,0,6800.0,7882.2677395556175,963.348599994788,16560.685199976433,8223.0
1778882980,200,GET,GET /api/ -> https://docs.docker.com/,1.800000,0.000000,15000,15000,15000,15000,15000,15000,15000,15000,15000,15000,15000,150,0,10000.0,9002.945246001085,266.938199987635,15438.220600015484,1856.0
1778882980,200,GET,GET /api/ -> https://flask.palletsprojects.com/,2.600000,0.000000,15000,15000,15000,15000,15000,15000,15000,15000,15000,15000,15000,120,0,10000.0,9157.263235832943,624.126900016563,15550.940399989486,20936.0
1778882980,200,GET,GET /api/ -> https://github.com/ibnesayeed/linkextractor,1.100000,0.000000,16000,16000,16000,16000,17000,17000,17000,17000,17000,17000,17000,55,0,11000.0,10420.981527272803,3742.7090000128374,16682.424600003287,12313.0
1778882980,200,GET,GET /api/ -> https://httpbin.org/,1.300000,0.000000,14000,14000,14000,14000,15000,15000,15000,15000,15000,15000,15000,220,0,9400.0,8137.16657545407,511.31790000363253,14841.724300000351,332.0
1778882980,200,GET,GET /api/ -> https://locust.io/,0.700000,0.000000,15000,15000,15000,15000,15000,15000,15000,15000,15000,15000,15000,65,0,9700.0,9296.411458462871,1865.6503000238445,15864.859199995408,5097.0
1778882980,200,GET,GET /api/ -> https://redis.io/,1.000000,0.000000,16000,16000,17000,18000,18000,18000,18000,18000,18000,18000,18000,79,0,12000.0,10947.06715696198,3042.303100024583,17870.423599990318,7780.0
1778882980,200,GET,GET /api/ -> https://training.play-with-docker.com/,0.300000,0.000000,14000,14000,14000,14000,14000,14000,14000,14000,14000,14000,14000,41,0,9400.0,8691.361009757313,2398.4647000033874,14150.425199972233,1503.0
1778882980,200,GET,GET /api/ -> https://www.python.org/,2.200000,0.000000,15000,15000,15000,15000,15000,16000,16000,16000,16000,16000,16000,192,0,10000.0,9509.964047395139,680.1748999860138,16710.718800022732,14427.0
1778882980,200,,Aggregated,11.800000,0.000000,15000,15000,15000,15000,16000,16000,17000,18000,18000,18000,18000,1381,0,9100.0,8331.563300579253,89.01390002574772,17870.423599990318,6650.6835626357715
1778882981,200,GET,GET /api/ -> http://example.com/,0.600000,0.000000,14000,14000,14000,14000,14000,14000,14000,14000,14000,14000,14000,234,0,5100.0,5420.473171794552,89.01390002574772,14048.913399979938,68.0
1778882981,200,GET,GET /api/ -> https://books.toscrape.com/,0.500000,0.000000,14000,14000,16000,16000,16000,16000,16000,16000,16000,16000,16000,225,0,6800.0,7882.2677395556175,963.348599994788,16560.685199976433,8223.0
1778882981,200,GET,GET /api/ -> https://docs.docker.com/,2.000000,0.000000,15000,15000,15000,15000,15000,15000,15000,15000,15000,15000,15000,154,0,10000.0,9143.959664286669,266.938199987635,15438.220600015484,1856.0
1778882981,200,GET,GET /api/ -> https://flask.palletsprojects.com/,2.900000,0.000000,15000,15000,15000,15000,15000,15000,15000,15000,15000,15000,15000,120,0,10000.0,9157.263235832943,624.126900016563,15550.940399989486,20936.0
1778882981,200,GET,GET /api/ -> https://github.com/ibnesayeed/linkextractor,0.700000,0.000000,16000,16000,16000,17000,17000,17000,17000,17000,17000,17000,17000,55,0,11000.0,10420.981527272803,3742.7090000128374,16682.424600003287,12313.0
1778882981,200,GET,GET /api/ -> https://httpbin.org/,0.800000,0.000000,14000,14000,14000,14000,15000,15000,15000,15000,15000,15000,15000,220,0,9400.0,8137.16657545407,511.31790000363253,14841.724300000351,332.0
1778882981,200,GET,GET /api/ -> https://locust.io/,0.800000,0.000000,15000,15000,15000,15000,15000,15000,15000,15000,15000,15000,15000,65,0,9700.0,9296.411458462871,1865.6503000238445,15864.859199995408,5097.0
1778882981,200,GET,GET /api/ -> https://redis.io/,0.900000,0.000000,17000,17000,18000,18000,18000,18000,18000,18000,18000,18000,18000,82,0,12000.0,11184.678203658423,3042.303100024583,18284.556700004032,7780.0
1778882981,200,GET,GET /api/ -> https://training.play-with-docker.com/,0.300000,0.000000,14000,14000,14000,14000,14000,14000,14000,14000,14000,14000,14000,42,0,9400.0,8820.262192858665,2398.4647000033874,14150.425199972233,1503.0
1778882981,200,GET,GET /api/ -> https://www.python.org/,2.600000,0.000000,15000,15000,15000,15000,15000,16000,16000,16000,16000,16000,16000,198,0,11000.0,9677.92373232269,680.1748999860138,16710.718800022732,14427.0
1778882981,200,,Aggregated,12.100000,0.000000,15000,15000,15000,15000,16000,17000,18000,18000,18000,18000,18000,1395,0,9200.0,8401.694078422917,89.01390002574772,18284.556700004032,6669.120430107527
1778882982,200,GET,GET /api/ -> http://example.com/,0.800000,0.000000,14000,14000,14000,14000,14000,15000,15000,15000,15000,15000,15000,237,0,5200.0,5533.92750464116,89.01390002574772,14531.804500002181,68.0
1778882982,200,GET,GET /api/ -> https://books.toscrape.com/,0.400000,0.000000,14000,14000,16000,16000,16000,16000,16000,16000,16000,16000,16000,225,0,6800.0,7882.2677395556175,963.348599994788,16560.685199976433,8223.0
1778882982,200,GET,GET /api/ -> https://docs.docker.com/,1.600000,0.000000,15000,15000,15000,15000,15000,15000,15000,15000,15000,15000,15000,156,0,10000.0,9213.020448719013,266.938199987635,15438.220600015484,1856.0
1778882982,200,GET,GET /api/ -> https://flask.palletsprojects.com/,2.500000,0.000000,15000,15000,15000,15000,15000,15000,15000,15000,15000,15000,15000,123,0,10000.0,9289.449534959129,624.126900016563,15550.940399989486,20936.0
1778882982,200,GET,GET /api/ -> https://github.com/ibnesayeed/linkextractor,0.600000,0.000000,16000,16000,16000,17000,17000,17000,17000,17000,17000,17000,17000,55,0,11000.0,10420.981527272803,3742.7090000128374,16682.424600003287,12313.0
1778882982,200,GET,GET /api/ -> https://httpbin.org/,0.900000,0.000000,14000,14000,14000,14000,15000,15000,15000,15000,15000,15000,15000,220,0,9400.0,8137.16657545407,511.31790000363253,14841.724300000351,332.0
1778882982,200,GET,GET /api/ -> https://locust.io/,1.000000,0.000000,15000,15000,15000,15000,15000,15000,15000,15000,15000,15000,15000,68,0,9800.0,9532.471013236585,1865.6503000238445,15864.859199995408,5097.0
1778882982,200,GET,GET /api/ -> https://redis.io/,0.900000,0.000000,17000,17000,17000,18000,18000,18000,18000,18000,18000,18000,18000,84,0,12000.0,11331.01209523773,3042.303100024583,18284.556700004032,7780.0
1778882982,200,GET,GET /api/ -> https://training.play-with-docker.com/,0.100000,0.000000,14000,14000,14000,14000,14000,14000,14000,14000,14000,14000,14000,43,0,9400.0,8949.077962792131,2398.4647000033874,14359.340299997712,1503.0
1778882982,200,GET,GET /api/ -> https://www.python.org/,2.900000,0.000000,15000,15000,15000,15000,15000,16000,16000,16000,16000,16000,16000,202,0,11000.0,9783.345222276621,680.1748999860138,16710.718800022732,14427.0
1778882982,200,,Aggregated,11.700000,0.000000,15000,15000,15000,15000,16000,17000,18000,18000,18000,18000,18000,1413,0,9300.0,8484.978277140834,89.01390002574772,18284.556700004032,6695.123142250531
1778882983,200,GET,GET /api/ -> http://example.com/,0.900000,0.000000,14000,14000,14000,14000,14000,15000,15000,15000,15000,15000,15000,237,0,5200.0,5533.92750464116,89.01390002574772,14531.804500002181,68.0
1778882983,200,GET,GET /api/ -> https://books.toscrape.com/,0.400000,0.000000,16000,16000,16000,16000,16000,16000,16000,16000,16000,16000,16000,225,0,6800.0,7882.2677395556175,963.348599994788,16560.685199976433,8223.0
1778882983,200,GET,GET /api/ -> https://docs.docker.com/,2.000000,0.000000,15000,15000,15000,15000,15000,15000,15000,15000,15000,15000,15000,158,0,10000.0,9284.486179747892,266.938199987635,15438.220600015484,1856.0
1778882983,200,GET,GET /api/ -> https://flask.palletsprojects.com/,2.200000,0.000000,15000,15000,15000,15000,15000,15000,15000,15000,15000,15000,15000,124,0,10000.0,9332.258348386771,624.126900016563,15550.940399989486,20936.0
1778882983,200,GET,GET /api/ -> https://github.com/ibnesayeed/linkextractor,0.500000,0.000000,16000,16000,16000,17000,17000,17000,17000,17000,17000,17000,17000,55,0,11000.0,10420.981527272803,3742.7090000128374,16682.424600003287,12313.0
1778882983,200,GET,GET /api/ -> https://httpbin.org/,0.800000,0.000000,14000,14000,14000,14000,15000,15000,15000,15000,15000,15000,15000,220,0,9400.0,8137.16657545407,511.31790000363253,14841.724300000351,332.0
1778882983,200,GET,GET /api/ -> https://locust.io/,1.000000,0.000000,15000,15000,15000,15000,15000,15000,15000,15000,15000,15000,15000,70,0,9800.0,9681.928980001248,1865.6503000238445,15864.859199995408,5097.0
1778882983,200,GET,GET /api/ -> https://redis.io/,0.800000,0.000000,17000,17000,18000,18000,18000,18000,18000,18000,18000,18000,18000,85,0,12000.0,11407.23426470581,3042.303100024583,18284.556700004032,7780.0
1778882983,200,GET,GET /api/ -> https://training.play-with-docker.com/,0.200000,0.000000,14000,14000,14000,14000,15000,15000,15000,15000,15000,15000,15000,47,0,9500.0,9416.757357447963,2398.4647000033874,14542.14740000316,1503.0
1778882983,200,GET,GET /api/ -> https://www.python.org/,3.300000,0.000000,15000,15000,15000,15000,15000,16000,16000,16000,16000,16000,16000,206,0,11000.0,9887.105783979969,680.1748999860138,16710.718800022732,14427.0
1778882983,200,,Aggregated,12.100000,0.000000,15000,15000,15000,15000,16000,17000,18000,18000,18000,18000,18000,1427,0,9400.0,8548.852046671334,89.01390002574772,18284.556700004032,6703.960056061668
1778882984,200,GET,GET /api/ -> http://example.com/,1.100000,0.000000,14000,14000,14000,14000,14000,15000,15000,15000,15000,15000,15000,237,0,5200.0,5533.92750464116,89.01390002574772,14531.804500002181,68.0
1778882984,200,GET,GET /api/ -> https://books.toscrape.com/,0.400000,0.000000,16000,16000,16000,16000,16000,16000,16000,16000,16000,16000,16000,225,0,6800.0,7882.2677395556175,963.348599994788,16560.685199976433,8223.0
1778882984,200,GET,GET /api/ -> https://docs.docker.com/,2.400000,0.000000,15000,15000,15000,15000,15000,15000,15000,15000,15000,15000,15000,160,0,10000.0,9356.716186875929,266.938199987635,15438.220600015484,1856.0
1778882984,200,GET,GET /api/ -> https://flask.palletsprojects.com/,2.400000,0.000000,15000,15000,15000,15000,15000,15000,15000,15000,15000,15000,15000,126,0,10000.0,9420.205071428052,624.126900016563,15550.940399989486,20936.0
1778882984,200,GET,GET /api/ -> https://github.com/ibnesayeed/linkextractor,0.500000,0.000000,16000,16000,17000,17000,17000,17000,17000,17000,17000,17000,17000,55,0,11000.0,10420.981527272803,3742.7090000128374,16682.424600003287,12313.0
1778882984,200,GET,GET /api/ -> https://httpbin.org/,0.800000,0.000000,14000,14000,14000,14000,15000,15000,15000,15000,15000,15000,15000,221,0,9400.0,8165.8512402709885,511.31790000363253,14841.724300000351,332.0
1778882984,200,GET,GET /api/ -> https://locust.io/,1.100000,0.000000,15000,15000,15000,15000,15000,15000,15000,15000,15000,15000,15000,70,0,9800.0,9681.928980001248,1865.6503000238445,15864.859199995408,5097.0
1778882984,200,GET,GET /api/ -> https://redis.io/,1.100000,0.000000,17000,17000,18000,18000,18000,18000,18000,18000,18000,18000,18000,88,0,12000.0,11610.284772726696,3042.303100024583,18284.556700004032,7780.0
1778882984,200,GET,GET /api/ -> https://training.play-with-docker.com/,0.300000,0.000000,14000,14000,15000,15000,15000,15000,15000,15000,15000,15000,15000,49,0,9600.0,9637.881057143892,2398.4647000033874,15012.945299997227,1503.0
1778882984,200,GET,GET /api/ -> https://www.python.org/,3.800000,0.000000,15000,15000,15000,15000,16000,16000,16000,16000,16000,16000,16000,210,0,11000.0,9990.541089523078,680.1748999860138,16710.718800022732,14427.0
1778882984,200,,Aggregated,13.900000,0.000000,15000,15000,15000,15000,16000,17000,18000,18000,18000,18000,18000,1441,0,9400.0,8616.647110478743,89.01390002574772,18284.556700004032,6729.0222068008325
1778882985,200,GET,GET /api/ -> http://example.com/,1.100000,0.000000,14000,14000,14000,14000,14000,15000,15000,15000,15000,15000,15000,240,0,5200.0,5624.823166249796,89.01390002574772,14531.804500002181,68.0
1778882985,200,GET,GET /api/ -> https://books.toscrape.com/,0.400000,0.000000,16000,16000,16000,16000,16000,16000,16000,16000,16000,16000,16000,225,0,6800.0,7882.2677395556175,963.348599994788,16560.685199976433,8223.0
1778882985,200,GET,GET /api/ -> https://docs.docker.com/,2.500000,0.000000,15000,15000,15000,15000,15000,15000,15000,15000,15000,15000,15000,161,0,10000.0,9390.807367081614,266.938199987635,15438.220600015484,1856.0
1778882985,200,GET,GET /api/ -> https://flask.palletsprojects.com/,2.500000,0.000000,15000,15000,15000,15000,15000,15000,15000,15000,15000,15000,15000,130,0,10000.0,9593.863034614613,624.126900016563,15550.940399989486,20936.0
1778882985,200,GET,GET /api/ -> https://github.com/ibnesayeed/linkextractor,0.500000,0.000000,16000,16000,17000,17000,17000,17000,17000,17000,17000,17000,17000,55,0,11000.0,10420.981527272803,3742.7090000128374,16682.424600003287,12313.0
1778882985,200,GET,GET /api/ -> https://httpbin.org/,0.600000,0.000000,14000,14000,14000,15000,15000,15000,15000,15000,15000,15000,15000,221,0,9400.0,8165.8512402709885,511.31790000363253,14841.724300000351,332.0
1778882985,200,GET,GET /api/ -> https://locust.io/,1.400000,0.000000,15000,15000,15000,15000,15000,15000,15000,15000,15000,15000,15000,71,0,9800.0,9755.291384508306,1865.6503000238445,15864.859199995408,5097.0
1778882985,200,GET,GET /api/ -> https://redis.io/,1.400000,0.000000,17000,18000,18000,18000,18000,18000,18000,18000,18000,18000,18000,90,0,12000.0,11745.293334443704,3042.303100024583,18284.556700004032,7780.0
1778882985,200,GET,GET /api/ -> https://training.play-with-docker.com/,0.400000,0.000000,14000,15000,15000,15000,15000,15000,15000,15000,15000,15000,15000,50,0,9600.0,9735.173606000608,2398.4647000033874,15012.945299997227,1503.0
1778882985,200,GET,GET /api/ -> https://www.python.org/,3.900000,0.000000,15000,15000,15000,15000,16000,16000,16000,16000,16000,16000,16000,211,0,11000.0,10015.842086729186,680.1748999860138,16710.718800022732,14427.0
1778882985,200,,Aggregated,14.700000,0.000000,15000,15000,15000,15000,17000,17000,18000,18000,18000,18000,18000,1454,0,9500.0,8672.765157496424,89.01390002574772,18284.556700004032,6753.034387895461
1778882986,200,GET,GET /api/ -> http://example.com/,1.100000,0.000000,14000,14000,14000,14000,14000,15000,15000,15000,15000,15000,15000,240,0,5200.0,5624.823166249796,89.01390002574772,14531.804500002181,68.0
1778882986,200,GET,GET /api/ -> https://books.toscrape.com/,0.200000,0.000000,16000,16000,16000,16000,16000,16000,16000,16000,16000,16000,16000,225,0,6800.0,7882.2677395556175,963.348599994788,16560.685199976433,8223.0
1778882986,200,GET,GET /api/ -> https://docs.docker.com/,2.600000,0.000000,15000,15000,15000,15000,15000,15000,15000,15000,15000,15000,15000,165,0,11000.0,9492.623587273534,266.938199987635,15438.220600015484,1856.0
1778882986,200,GET,GET /api/ -> https://flask.palletsprojects.com/,2.400000,0.000000,15000,15000,15000,15000,15000,15000,15000,15000,15000,15000,15000,132,0,10000.0,9677.005194696407,624.126900016563,15550.940399989486,20936.0
1778882986,200,GET,GET /api/ -> https://github.com/ibnesayeed/linkextractor,0.400000,0.000000,16000,16000,17000,17000,17000,17000,17000,17000,17000,17000,17000,55,0,11000.0,10420.981527272803,3742.7090000128374,16682.424600003287,12313.0
1778882986,200,GET,GET /api/ -> https://httpbin.org/,0.700000,0.000000,14000,14000,14000,14000,15000,15000,15000,15000,15000,15000,15000,222,0,9400.0,8185.776505855396,511.31790000363253,14841.724300000351,332.0
1778882986,200,GET,GET /api/ -> https://locust.io/,1.400000,0.000000,15000,15000,15000,15000,15000,15000,15000,15000,15000,15000,15000,72,0,9800.0,9805.953961112715,1865.6503000238445,15864.859199995408,5097.0
1778882986,200,GET,GET /api/ -> https://redis.io/,1.200000,0.000000,17000,18000,18000,18000,18000,18000,18000,18000,18000,18000,18000,90,0,12000.0,11745.293334443704,3042.303100024583,18284.556700004032,7780.0
1778882986,200,GET,GET /api/ -> https://training.play-with-docker.com/,0.700000,0.000000,14000,15000,15000,15000,15000,15000,15000,15000,15000,15000,15000,51,0,10000.0,9788.167533334048,2398.4647000033874,15012.945299997227,1503.0
1778882986,200,GET,GET /api/ -> https://www.python.org/,4.000000,0.000000,15000,15000,15000,15000,15000,16000,16000,16000,16000,16000,16000,213,0,11000.0,10057.658632393835,680.1748999860138,16710.718800022732,14427.0
1778882986,200,,Aggregated,14.700000,0.000000,15000,15000,15000,15000,17000,17000,18000,18000,18000,18000,18000,1465,0,9500.0,8711.327416655215,89.01390002574772,18284.556700004032,6760.405460750853
1778882987,200,GET,GET /api/ -> http://example.com/,1.400000,0.000000,14000,14000,14000,14000,14000,15000,15000,15000,15000,15000,15000,240,0,5200.0,5624.823166249796,89.01390002574772,14531.804500002181,68.0
1778882987,200,GET,GET /api/ -> https://books.toscrape.com/,0.100000,0.000000,16000,16000,16000,16000,16000,16000,16000,16000,16000,16000,16000,226,0,6800.0,7910.3046022125045,963.348599994788,16560.685199976433,8223.0
1778882987,200,GET,GET /api/ -> https://docs.docker.com/,2.900000,0.000000,15000,15000,15000,15000,15000,15000,15000,15000,15000,15000,15000,171,0,11000.0,9616.700858480232,266.938199987635,15438.220600015484,1856.0
1778882987,200,GET,GET /api/ -> https://flask.palletsprojects.com/,2.600000,0.000000,15000,15000,15000,15000,15000,15000,15000,15000,15000,15000,15000,132,0,10000.0,9677.005194696407,624.126900016563,15550.940399989486,20936.0
1778882987,200,GET,GET /api/ -> https://github.com/ibnesayeed/linkextractor,0.400000,0.000000,16000,16000,17000,17000,17000,17000,17000,17000,17000,17000,17000,55,0,11000.0,10420.981527272803,3742.7090000128374,16682.424600003287,12313.0
1778882987,200,GET,GET /api/ -> https://httpbin.org/,0.500000,0.000000,14000,14000,14000,14000,15000,15000,15000,15000,15000,15000,15000,224,0,9400.0,8226.058292410276,511.31790000363253,14841.724300000351,332.0
1778882987,200,GET,GET /api/ -> https://locust.io/,1.300000,0.000000,15000,15000,15000,15000,15000,15000,15000,15000,15000,15000,15000,73,0,10000.0,9848.873923289468,1865.6503000238445,15864.859199995408,5097.0
1778882987,200,GET,GET /api/ -> https://redis.io/,1.400000,0.000000,18000,18000,18000,18000,18000,18000,18000,18000,18000,18000,18000,93,0,13000.0,11950.158080644092,3042.303100024583,18284.556700004032,7780.0
1778882987,200,GET,GET /api/ -> https://training.play-with-docker.com/,1.000000,0.000000,14000,15000,15000,15000,15000,15000,15000,15000,15000,15000,15000,51,0,10000.0,9788.167533334048,2398.4647000033874,15012.945299997227,1503.0
1778882987,200,GET,GET /api/ -> https://www.python.org/,3.700000,0.000000,15000,15000,15000,15000,15000,16000,16000,16000,16000,16000,16000,214,0,11000.0,10075.490872429384,680.1748999860138,16710.718800022732,14427.0
1778882987,200,,Aggregated,15.300000,0.000000,15000,15000,15000,15000,17000,18000,18000,18000,18000,18000,18000,1479,0,9500.0,8763.341489384637,89.01390002574772,18284.556700004032,6738.932386747802
1778882988,200,GET,GET /api/ -> http://example.com/,1.400000,0.000000,14000,14000,14000,14000,15000,15000,15000,15000,15000,15000,15000,240,0,5200.0,5624.823166249796,89.01390002574772,14531.804500002181,68.0
1778882988,200,GET,GET /api/ -> https://books.toscrape.com/,0.100000,0.000000,16000,16000,16000,16000,16000,16000,16000,16000,16000,16000,16000,226,0,6800.0,7910.3046022125045,963.348599994788,16560.685199976433,8223.0
1778882988,200,GET,GET /api/ -> https://docs.docker.com/,3.000000,0.000000,14000,15000,15000,15000,15000,15000,15000,15000,15000,15000,15000,174,0,11000.0,9676.917621265058,266.938199987635,15438.220600015484,1856.0
1778882988,200,GET,GET /api/ -> https://flask.palletsprojects.com/,2.900000,0.000000,15000,15000,15000,15000,15000,15000,15000,15000,15000,15000,15000,133,0,10000.0,9701.744390224874,624.126900016563,15550.940399989486,20936.0
1778882988,200,GET,GET /api/ -> https://github.com/ibnesayeed/linkextractor,0.300000,0.000000,17000,17000,17000,17000,17000,17000,17000,17000,17000,17000,17000,56,0,11000.0,10490.244214285796,3742.7090000128374,16682.424600003287,12313.0
1778882988,200,GET,GET /api/ -> https://httpbin.org/,0.500000,0.000000,14000,14000,14000,14000,14000,14000,14000,14000,14000,14000,14000,224,0,9400.0,8226.058292410276,511.31790000363253,14841.724300000351,332.0
1778882988,200,GET,GET /api/ -> https://locust.io/,1.300000,0.000000,15000,15000,15000,15000,15000,15000,15000,15000,15000,15000,15000,76,0,10000.0,9973.125164475565,1865.6503000238445,15864.859199995408,5097.0
1778882988,200,GET,GET /api/ -> https://redis.io/,1.400000,0.000000,18000,18000,18000,18000,18000,19000,19000,19000,19000,19000,19000,96,0,13000.0,12152.112005207528,3042.303100024583,18958.956200018292,7780.0
1778882988,200,GET,GET /api/ -> https://training.play-with-docker.com/,1.000000,0.000000,14000,14000,15000,15000,15000,15000,15000,15000,15000,15000,15000,52,0,10000.0,9843.191165385248,2398.4647000033874,15012.945299997227,1503.0
1778882988,200,GET,GET /api/ -> https://www.python.org/,3.600000,0.000000,15000,15000,15000,15000,15000,15000,16000,16000,16000,16000,16000,216,0,11000.0,10103.886756943846,680.1748999860138,16710.718800022732,14427.0
1778882988,200,,Aggregated,15.500000,0.000000,15000,15000,15000,15000,17000,18000,18000,18000,19000,19000,19000,1493,0,9500.0,8814.962189283238,89.01390002574772,18958.956200018292,6747.947756195579
1778882989,200,GET,GET /api/ -> http://example.com/,1.400000,0.000000,14000,14000,14000,14000,15000,15000,15000,15000,15000,15000,15000,240,0,5200.0,5624.823166249796,89.01390002574772,14531.804500002181,68.0
1778882989,200,GET,GET /api/ -> https://books.toscrape.com/,0.100000,0.000000,16000,16000,16000,16000,16000,16000,16000,16000,16000,16000,16000,226,0,6800.0,7910.3046022125045,963.348599994788,16560.685199976433,8223.0
1778882989,200,GET,GET /api/ -> https://docs.docker.com/,3.300000,0.000000,14000,15000,15000,15000,15000,15000,15000,15000,15000,15000,15000,178,0,11000.0,9738.665465169208,266.938199987635,15438.220600015484,1856.0
1778882989,200,GET,GET /api/ -> https://flask.palletsprojects.com/,2.300000,0.000000,15000,15000,15000,15000,15000,15000,15000,15000,15000,15000,15000,135,0,10000.0,9743.590442221655,624.126900016563,15550.940399989486,20936.0
1778882989,200,GET,GET /api/ -> https://github.com/ibnesayeed/linkextractor,0.300000,0.000000,14000,14000,17000,17000,17000,17000,17000,17000,17000,17000,17000,58,0,12000.0,10604.09583965495,3742.7090000128374,16682.424600003287,12313.0
1778882989,200,GET,GET /api/ -> https://httpbin.org/,0.700000,0.000000,14000,14000,14000,14000,14000,14000,14000,14000,14000,14000,14000,225,0,9500.0,8243.936433777239,511.31790000363253,14841.724300000351,332.0
1778882989,200,GET,GET /api/ -> https://locust.io/,1.400000,0.000000,15000,15000,15000,15000,15000,15000,15000,15000,15000,15000,15000,76,0,10000.0,9973.125164475565,1865.6503000238445,15864.859199995408,5097.0
1778882989,200,GET,GET /api/ -> https://redis.io/,1.400000,0.000000,18000,18000,18000,18000,18000,19000,19000,19000,19000,19000,19000,98,0,13000.0,12275.368335713842,3042.303100024583,18958.956200018292,7780.0
1778882989,200,GET,GET /api/ -> https://training.play-with-docker.com/,1.100000,0.000000,14000,14000,15000,15000,15000,15000,15000,15000,15000,15000,15000,54,0,11000.0,9925.535537037866,2398.4647000033874,15012.945299997227,1503.0
1778882989,200,GET,GET /api/ -> https://www.python.org/,3.700000,0.000000,15000,15000,15000,15000,15000,15000,16000,16000,16000,16000,16000,216,0,11000.0,10103.886756943846,680.1748999860138,16710.718800022732,14427.0
1778882989,200,,Aggregated,15.700000,0.000000,15000,15000,15000,15000,17000,18000,18000,18000,19000,19000,19000,1506,0,9600.0,8855.138702987977,89.01390002574772,18958.956200018292,6751.332005312085
1778882990,200,GET,GET /api/ -> http://example.com/,1.200000,0.000000,14000,14000,14000,14000,15000,15000,15000,15000,15000,15000,15000,240,0,5200.0,5624.823166249796,89.01390002574772,14531.804500002181,68.0
1778882990,200,GET,GET /api/ -> https://books.toscrape.com/,0.100000,0.000000,16000,16000,16000,16000,16000,16000,16000,16000,16000,16000,16000,226,0,6800.0,7910.3046022125045,963.348599994788,16560.685199976433,8223.0
1778882990,200,GET,GET /api/ -> https://docs.docker.com/,3.200000,0.000000,13000,15000,15000,15000,15000,15000,15000,15000,15000,15000,15000,178,0,11000.0,9738.665465169208,266.938199987635,15438.220600015484,1856.0
1778882990,200,GET,GET /api/ -> https://flask.palletsprojects.com/,1.600000,0.000000,15000,15000,15000,15000,15000,15000,15000,15000,15000,15000,15000,139,0,11000.0,9842.96193093471,624.126900016563,15550.940399989486,20936.0
1778882990,200,GET,GET /api/ -> https://github.com/ibnesayeed/linkextractor,0.100000,0.000000,14000,14000,14000,17000,17000,17000,17000,17000,17000,17000,17000,59,0,12000.0,10668.457910169402,3742.7090000128374,16682.424600003287,12313.0
1778882990,200,GET,GET /api/ -> https://httpbin.org/,0.700000,0.000000,14000,14000,14000,14000,14000,14000,14000,14000,14000,14000,14000,225,0,9500.0,8243.936433777239,511.31790000363253,14841.724300000351,332.0
1778882990,200,GET,GET /api/ -> https://locust.io/,1.300000,0.000000,15000,15000,15000,15000,15000,15000,15000,15000,15000,15000,15000,77,0,10000.0,10005.059980521244,1865.6503000238445,15864.859199995408,5097.0
1778882990,200,GET,GET /api/ -> https://redis.io/,1.600000,0.000000,18000,18000,18000,18000,18000,18000,19000,19000,19000,19000,19000,100,0,13000.0,12354.555368999427,3042.303100024583,18958.956200018292,7780.0
1778882990,200,GET,GET /api/ -> https://training.play-with-docker.com/,1.200000,0.000000,14000,14000,15000,15000,15000,15000,15000,15000,15000,15000,15000,54,0,11000.0,9925.535537037866,2398.4647000033874,15012.945299997227,1503.0
1778882990,200,GET,GET /api/ -> https://www.python.org/,3.700000,0.000000,15000,15000,15000,15000,15000,15000,16000,16000,16000,16000,16000,216,0,11000.0,10103.886756943846,680.1748999860138,16710.718800022732,14427.0
1778882990,200,,Aggregated,14.700000,0.000000,15000,15000,15000,15000,17000,18000,18000,18000,19000,19000,19000,1514,0,9600.0,8882.38367859966,89.01390002574772,18958.956200018292,6792.747688243065
1778882991,200,GET,GET /api/ -> http://example.com/,0.900000,0.000000,13000,13000,15000,15000,15000,15000,15000,15000,15000,15000,15000,240,0,5200.0,5624.823166249796,89.01390002574772,14531.804500002181,68.0
1778882991,200,GET,GET /api/ -> https://books.toscrape.com/,0.100000,0.000000,14000,14000,14000,14000,14000,14000,14000,14000,14000,14000,14000,227,0,6900.0,7933.713835242408,963.348599994788,16560.685199976433,8223.0
1778882991,200,GET,GET /api/ -> https://docs.docker.com/,3.300000,0.000000,13000,13000,15000,15000,15000,15000,15000,15000,15000,15000,15000,180,0,11000.0,9775.904000556167,266.938199987635,15438.220600015484,1856.0
1778882991,200,GET,GET /api/ -> https://flask.palletsprojects.com/,1.500000,0.000000,13000,15000,15000,15000,15000,15000,15000,15000,15000,15000,15000,143,0,11000.0,9929.689776223198,624.126900016563,15550.940399989486,20936.0
1778882991,200,GET,GET /api/ -> https://github.com/ibnesayeed/linkextractor,0.200000,0.000000,14000,14000,14000,17000,17000,17000,17000,17000,17000,17000,17000,59,0,12000.0,10668.457910169402,3742.7090000128374,16682.424600003287,12313.0
1778882991,200,GET,GET /api/ -> https://httpbin.org/,0.800000,0.000000,13000,13000,13000,14000,14000,14000,14000,14000,14000,14000,14000,225,0,9500.0,8243.936433777239,511.31790000363253,14841.724300000351,332.0
1778882991,200,GET,GET /api/ -> https://locust.io/,1.300000,0.000000,13000,15000,15000,15000,15000,15000,15000,15000,15000,15000,15000,78,0,10000.0,10043.99632179635,1865.6503000238445,15864.859199995408,5097.0
1778882991,200,GET,GET /api/ -> https://redis.io/,1.900000,0.000000,18000,18000,18000,18000,18000,18000,19000,19000,19000,19000,19000,103,0,14000.0,12482.755001941503,3042.303100024583,18958.956200018292,7780.0
1778882991,200,GET,GET /api/ -> https://training.play-with-docker.com/,1.300000,0.000000,14000,15000,15000,15000,15000,15000,15000,15000,15000,15000,15000,54,0,11000.0,9925.535537037866,2398.4647000033874,15012.945299997227,1503.0
1778882991,200,GET,GET /api/ -> https://www.python.org/,3.200000,0.000000,15000,15000,15000,15000,15000,16000,16000,16000,16000,16000,16000,217,0,11000.0,10119.764933179256,680.1748999860138,16710.718800022732,14427.0
1778882991,200,,Aggregated,14.500000,0.000000,14000,15000,15000,15000,17000,18000,18000,18000,19000,19000,19000,1526,0,9600.0,8922.652071231918,89.01390002574772,18958.956200018292,6830.119921363041
1778882992,200,GET,GET /api/ -> http://example.com/,0.700000,0.000000,13000,13000,15000,15000,15000,15000,15000,15000,15000,15000,15000,240,0,5200.0,5624.823166249796,89.01390002574772,14531.804500002181,68.0
1778882992,200,GET,GET /api/ -> https://books.toscrape.com/,0.100000,0.000000,14000,14000,14000,14000,14000,14000,14000,14000,14000,14000,14000,231,0,7000.0,8031.601045454688,963.348599994788,16560.685199976433,8223.0
1778882992,200,GET,GET /api/ -> https://docs.docker.com/,3.300000,0.000000,13000,13000,13000,13000,15000,15000,15000,15000,15000,15000,15000,185,0,12000.0,9870.19802324373,266.938199987635,15438.220600015484,1856.0
1778882992,200,GET,GET /api/ -> https://flask.palletsprojects.com/,1.500000,0.000000,13000,15000,15000,15000,15000,15000,15000,15000,15000,15000,15000,144,0,11000.0,9951.94102708289,624.126900016563,15550.940399989486,20936.0
1778882992,200,GET,GET /api/ -> https://github.com/ibnesayeed/linkextractor,0.300000,0.000000,14000,15000,15000,15000,17000,17000,17000,17000,17000,17000,17000,61,0,12000.0,10801.268829507982,3742.7090000128374,16682.424600003287,12313.0
1778882992,200,GET,GET /api/ -> https://httpbin.org/,0.500000,0.000000,13000,13000,13000,14000,14000,14000,14000,14000,14000,14000,14000,225,0,9500.0,8243.936433777239,511.31790000363253,14841.724300000351,332.0
1778882992,200,GET,GET /api/ -> https://locust.io/,1.200000,0.000000,13000,13000,13000,15000,15000,15000,15000,15000,15000,15000,15000,79,0,10000.0,10085.167088609223,1865.6503000238445,15864.859199995408,5097.0
1778882992,200,GET,GET /api/ -> https://redis.io/,2.100000,0.000000,18000,18000,18000,18000,18000,18000,19000,19000,19000,19000,19000,103,0,14000.0,12482.755001941503,3042.303100024583,18958.956200018292,7780.0
1778882992,200,GET,GET /api/ -> https://training.play-with-docker.com/,1.400000,0.000000,14000,15000,15000,15000,15000,15000,15000,15000,15000,15000,15000,55,0,11000.0,9979.595900001004,2398.4647000033874,15012.945299997227,1503.0
1778882992,200,GET,GET /api/ -> https://www.python.org/,2.600000,0.000000,15000,15000,15000,15000,15000,16000,16000,16000,16000,16000,16000,217,0,11000.0,10119.764933179256,680.1748999860138,16710.718800022732,14427.0
1778882992,200,,Aggregated,13.700000,0.000000,14000,15000,15000,15000,17000,18000,18000,18000,19000,19000,19000,1540,0,9700.0,8964.548941558396,89.01390002574772,18958.956200018292,6829.283766233766
1778882993,200,GET,GET /api/ -> http://example.com/,0.600000,0.000000,13000,13000,13000,13000,13000,13000,13000,13000,13000,13000,13000,240,0,5200.0,5624.823166249796,89.01390002574772,14531.804500002181,68.0
1778882993,200,GET,GET /api/ -> https://books.toscrape.com/,0.100000,0.000000,14000,14000,14000,14000,14000,14000,14000,14000,14000,14000,14000,231,0,7000.0,8031.601045454688,963.348599994788,16560.685199976433,8223.0
1778882993,200,GET,GET /api/ -> https://docs.docker.com/,2.800000,0.000000,13000,13000,13000,14000,15000,15000,15000,15000,15000,15000,15000,187,0,12000.0,9913.864493583433,266.938199987635,15438.220600015484,1856.0
1778882993,200,GET,GET /api/ -> https://flask.palletsprojects.com/,2.300000,0.000000,13000,15000,15000,15000,15000,15000,15000,15000,15000,15000,15000,144,0,11000.0,9951.94102708289,624.126900016563,15550.940399989486,20936.0
1778882993,200,GET,GET /api/ -> https://github.com/ibnesayeed/linkextractor,0.400000,0.000000,14000,15000,15000,15000,16000,16000,16000,16000,16000,16000,16000,62,0,12000.0,10879.211106451676,3742.7090000128374,16682.424600003287,12313.0
1778882993,200,GET,GET /api/ -> https://httpbin.org/,0.500000,0.000000,13000,13000,13000,14000,14000,14000,14000,14000,14000,14000,14000,225,0,9500.0,8243.936433777239,511.31790000363253,14841.724300000351,332.0
1778882993,200,GET,GET /api/ -> https://locust.io/,1.300000,0.000000,13000,13000,13000,15000,15000,15000,15000,15000,15000,15000,15000,79,0,10000.0,10085.167088609223,1865.6503000238445,15864.859199995408,5097.0
1778882993,200,GET,GET /api/ -> https://redis.io/,2.300000,0.000000,18000,18000,18000,18000,18000,18000,19000,19000,19000,19000,19000,106,0,14000.0,12597.090738678882,3042.303100024583,18958.956200018292,7780.0
1778882993,200,GET,GET /api/ -> https://training.play-with-docker.com/,1.200000,0.000000,13000,15000,15000,15000,15000,15000,15000,15000,15000,15000,15000,55,0,11000.0,9979.595900001004,2398.4647000033874,15012.945299997227,1503.0
1778882993,200,GET,GET /api/ -> https://www.python.org/,2.100000,0.000000,15000,15000,15000,15000,15000,15000,15000,15000,15000,15000,15000,217,0,11000.0,10119.764933179256,680.1748999860138,16710.718800022732,14427.0
1778882993,200,,Aggregated,13.600000,0.000000,13000,15000,15000,15000,17000,18000,18000,18000,19000,19000,19000,1546,0,9700.0,8989.982496183664,89.01390002574772,18958.956200018292,6828.24191461837
1778882994,200,GET,GET /api/ -> http://example.com/,0.400000,0.000000,13000,13000,13000,13000,13000,13000,13000,13000,13000,13000,13000,240,0,5200.0,5624.823166249796,89.01390002574772,14531.804500002181,68.0
1778882994,200,GET,GET /api/ -> https://books.toscrape.com/,0.600000,0.000000,14000,14000,14000,14000,15000,15000,15000,15000,15000,15000,15000,233,0,7000.0,8088.028442489319,963.348599994788,16560.685199976433,8223.0
1778882994,200,GET,GET /api/ -> https://docs.docker.com/,2.500000,0.000000,13000,13000,13000,14000,14000,14000,15000,15000,15000,15000,15000,190,0,12000.0,9981.941320526867,266.938199987635,15438.220600015484,1856.0
1778882994,200,GET,GET /api/ -> https://flask.palletsprojects.com/,2.200000,0.000000,13000,13000,14000,15000,15000,15000,15000,15000,15000,15000,15000,147,0,11000.0,10038.792787074408,624.126900016563,15550.940399989486,20936.0
1778882994,200,GET,GET /api/ -> https://github.com/ibnesayeed/linkextractor,0.500000,0.000000,15000,15000,16000,16000,16000,16000,16000,16000,16000,16000,16000,63,0,12000.0,10955.696030158646,3742.7090000128374,16682.424600003287,12313.0
1778882994,200,GET,GET /api/ -> https://httpbin.org/,0.500000,0.000000,13000,13000,13000,13000,13000,13000,13000,13000,13000,13000,13000,225,0,9500.0,8243.936433777239,511.31790000363253,14841.724300000351,332.0
1778882994,200,GET,GET /api/ -> https://locust.io/,1.300000,0.000000,13000,13000,13000,13000,15000,15000,15000,15000,15000,15000,15000,79,0,10000.0,10085.167088609223,1865.6503000238445,15864.859199995408,5097.0
1778882994,200,GET,GET /api/ -> https://redis.io/,2.100000,0.000000,18000,18000,18000,18000,18000,19000,19000,19000,19000,19000,19000,109,0,14000.0,12715.053079815885,3042.303100024583,18958.956200018292,7780.0
1778882994,200,GET,GET /api/ -> https://training.play-with-docker.com/,1.100000,0.000000,13000,15000,15000,15000,15000,15000,15000,15000,15000,15000,15000,55,0,11000.0,9979.595900001004,2398.4647000033874,15012.945299997227,1503.0
1778882994,200,GET,GET /api/ -> https://www.python.org/,1.700000,0.000000,15000,15000,15000,15000,15000,15000,15000,15000,15000,15000,15000,220,0,11000.0,10184.20685863582,680.1748999860138,16710.718800022732,14427.0
1778882994,200,,Aggregated,12.900000,0.000000,13000,14000,15000,16000,17000,18000,18000,18000,19000,19000,19000,1561,0,9700.0,9047.986159000558,89.01390002574772,18958.956200018292,6867.532351057015
1778882995,200,GET,GET /api/ -> http://example.com/,0.300000,0.000000,13000,13000,13000,13000,13000,13000,13000,13000,13000,13000,13000,240,0,5200.0,5624.823166249796,89.01390002574772,14531.804500002181,68.0
1778882995,200,GET,GET /api/ -> https://books.toscrape.com/,0.600000,0.000000,14000,14000,14000,14000,15000,15000,15000,15000,15000,15000,15000,233,0,7000.0,8088.028442489319,963.348599994788,16560.685199976433,8223.0
1778882995,200,GET,GET /api/ -> https://docs.docker.com/,2.800000,0.000000,13000,13000,14000,14000,14000,15000,15000,15000,15000,15000,15000,193,0,12000.0,10052.361337824512,266.938199987635,15438.220600015484,1856.0
1778882995,200,GET,GET /api/ -> https://flask.palletsprojects.com/,2.000000,0.000000,13000,15000,15000,15000,15000,15000,15000,15000,15000,15000,15000,151,0,11000.0,10158.731565562683,624.126900016563,15550.940399989486,20936.0
1778882995,200,GET,GET /api/ -> https://github.com/ibnesayeed/linkextractor,0.700000,0.000000,15000,16000,16000,16000,17000,17000,17000,17000,17000,17000,17000,65,0,12000.0,11112.233769230526,3742.7090000128374,16682.424600003287,12313.0
1778882995,200,GET,GET /api/ -> https://httpbin.org/,0.500000,0.000000,13000,13000,13000,13000,13000,13000,13000,13000,13000,13000,13000,225,0,9500.0,8243.936433777239,511.31790000363253,14841.724300000351,332.0
1778882995,200,GET,GET /api/ -> https://locust.io/,1.000000,0.000000,13000,13000,13000,13000,14000,14000,14000,14000,14000,14000,14000,80,0,10000.0,10136.857665001662,1865.6503000238445,15864.859199995408,5097.0
1778882995,200,GET,GET /api/ -> https://redis.io/,1.800000,0.000000,18000,18000,18000,18000,18000,18000,19000,19000,19000,19000,19000,113,0,15000.0,12903.477885839951,3042.303100024583,18958.956200018292,7780.0
1778882995,200,GET,GET /api/ -> https://training.play-with-docker.com/,1.100000,0.000000,12000,13000,13000,13000,13000,13000,13000,13000,13000,13000,13000,55,0,11000.0,9979.595900001004,2398.4647000033874,15012.945299997227,1503.0
1778882995,200,GET,GET /api/ -> https://www.python.org/,1.400000,0.000000,14000,15000,15000,15000,15000,15000,15000,15000,15000,15000,15000,220,0,11000.0,10184.20685863582,680.1748999860138,16710.718800022732,14427.0
1778882995,200,,Aggregated,12.200000,0.000000,14000,15000,15000,16000,18000,18000,18000,18000,19000,19000,19000,1575,0,9800.0,9107.408369460254,89.01390002574772,18958.956200018292,6901.824126984127
1778882996,200,GET,GET /api/ -> http://example.com/,0.300000,0.000000,13000,13000,14000,14000,14000,14000,14000,14000,14000,14000,14000,241,0,5200.0,5659.916495020584,89.01390002574772,14531.804500002181,68.0
1778882996,200,GET,GET /api/ -> https://books.toscrape.com/,0.800000,0.000000,14000,14000,14000,15000,15000,15000,15000,15000,15000,15000,15000,234,0,7000.0,8119.590256410292,963.348599994788,16560.685199976433,8223.0
1778882996,200,GET,GET /api/ -> https://docs.docker.com/,3.100000,0.000000,13000,14000,14000,15000,15000,15000,15000,15000,15000,15000,15000,199,0,13000.0,10193.942350251618,266.938199987635,15438.220600015484,1856.0
1778882996,200,GET,GET /api/ -> https://flask.palletsprojects.com/,2.000000,0.000000,14000,15000,15000,15000,15000,15000,15000,15000,15000,15000,15000,156,0,12000.0,10304.656786538357,624.126900016563,15550.940399989486,20936.0
1778882996,200,GET,GET /api/ -> https://github.com/ibnesayeed/linkextractor,0.800000,0.000000,15000,16000,16000,16000,17000,17000,17000,17000,17000,17000,17000,65,0,12000.0,11112.233769230526,3742.7090000128374,16682.424600003287,12313.0
1778882996,200,GET,GET /api/ -> https://httpbin.org/,0.400000,0.000000,13000,13000,13000,13000,13000,13000,13000,13000,13000,13000,13000,225,0,9500.0,8243.936433777239,511.31790000363253,14841.724300000351,332.0
1778882996,200,GET,GET /api/ -> https://locust.io/,0.900000,0.000000,13000,13000,14000,15000,15000,15000,15000,15000,15000,15000,15000,82,0,12000.0,10245.566365855644,1865.6503000238445,15864.859199995408,5097.0
1778882996,200,GET,GET /api/ -> https://redis.io/,2.400000,0.000000,18000,18000,18000,18000,19000,19000,19000,19000,19000,19000,19000,119,0,16000.0,13175.794389915258,3042.303100024583,19038.638499972876,7780.0
1778882996,200,GET,GET /api/ -> https://training.play-with-docker.com/,0.800000,0.000000,13000,13000,13000,13000,13000,13000,13000,13000,13000,13000,13000,55,0,11000.0,9979.595900001004,2398.4647000033874,15012.945299997227,1503.0
1778882996,200,GET,GET /api/ -> https://www.python.org/,1.100000,0.000000,15000,15000,15000,15000,15000,15000,15000,15000,15000,15000,15000,220,0,11000.0,10184.20685863582,680.1748999860138,16710.718800022732,14427.0
1778882996,200,,Aggregated,12.600000,0.000000,14000,15000,16000,17000,18000,18000,19000,19000,19000,19000,19000,1596,0,9900.0,9194.727526378383,89.01390002574772,19038.638499972876,6924.4072681704265
1778882997,200,GET,GET /api/ -> http://example.com/,0.300000,0.000000,13000,13000,14000,14000,14000,14000,14000,14000,14000,14000,14000,241,0,5200.0,5659.916495020584,89.01390002574772,14531.804500002181,68.0
1778882997,200,GET,GET /api/ -> https://books.toscrape.com/,0.800000,0.000000,14000,14000,14000,15000,15000,15000,15000,15000,15000,15000,15000,234,0,7000.0,8119.590256410292,963.348599994788,16560.685199976433,8223.0
1778882997,200,GET,GET /api/ -> https://docs.docker.com/,3.100000,0.000000,14000,14000,15000,15000,15000,15000,15000,15000,15000,15000,15000,199,0,13000.0,10193.942350251618,266.938199987635,15438.220600015484,1856.0
1778882997,200,GET,GET /api/ -> https://flask.palletsprojects.com/,2.000000,0.000000,14000,15000,15000,15000,15000,15000,15000,15000,15000,15000,15000,156,0,12000.0,10304.656786538357,624.126900016563,15550.940399989486,20936.0
1778882997,200,GET,GET /api/ -> https://github.com/ibnesayeed/linkextractor,0.800000,0.000000,15000,16000,16000,16000,17000,17000,17000,17000,17000,17000,17000,65,0,12000.0,11112.233769230526,3742.7090000128374,16682.424600003287,12313.0
1778882997,200,GET,GET /api/ -> https://httpbin.org/,0.400000,0.000000,12000,12000,12000,12000,12000,12000,12000,12000,12000,12000,12000,225,0,9500.0,8243.936433777239,511.31790000363253,14841.724300000351,332.0
1778882997,200,GET,GET /api/ -> https://locust.io/,0.900000,0.000000,13000,14000,15000,15000,15000,15000,15000,15000,15000,15000,15000,82,0,12000.0,10245.566365855644,1865.6503000238445,15864.859199995408,5097.0
1778882997,200,GET,GET /api/ -> https://redis.io/,2.400000,0.000000,18000,18000,18000,18000,18000,19000,19000,19000,19000,19000,19000,119,0,16000.0,13175.794389915258,3042.303100024583,19038.638499972876,7780.0
1778882997,200,GET,GET /api/ -> https://training.play-with-docker.com/,0.800000,0.000000,12000,12000,13000,13000,13000,13000,13000,13000,13000,13000,13000,55,0,11000.0,9979.595900001004,2398.4647000033874,15012.945299997227,1503.0
1778882997,200,GET,GET /api/ -> https://www.python.org/,1.100000,0.000000,15000,15000,15000,15000,15000,15000,15000,15000,15000,15000,15000,220,0,11000.0,10184.20685863582,680.1748999860138,16710.718800022732,14427.0
1778882997,200,,Aggregated,12.600000,0.000000,15000,15000,16000,17000,18000,18000,18000,19000,19000,19000,19000,1596,0,9900.0,9194.727526378383,89.01390002574772,19038.638499972876,6924.4072681704265
1778882998,200,GET,GET /api/ -> http://example.com/,0.100000,0.000000,13000,14000,14000,15000,15000,15000,15000,15000,15000,15000,15000,242,0,5200.0,5700.105125206467,89.01390002574772,15385.565000004135,68.0
1778882998,200,GET,GET /api/ -> https://books.toscrape.com/,0.900000,0.000000,14000,14000,15000,15000,17000,17000,17000,17000,17000,17000,17000,235,0,7100.0,8156.467346383006,963.348599994788,16785.706399998162,8223.0
1778882998,200,GET,GET /api/ -> https://docs.docker.com/,3.300000,0.000000,14000,15000,15000,15000,16000,16000,16000,16000,16000,16000,16000,202,0,13000.0,10281.718792079713,266.938199987635,16379.54449999961,1856.0
1778882998,200,GET,GET /api/ -> https://flask.palletsprojects.com/,2.100000,0.000000,14000,15000,15000,15000,15000,15000,16000,16000,16000,16000,16000,157,0,13000.0,10339.753956687644,624.126900016563,15814.912499976344,20936.0
1778882998,200,GET,GET /api/ -> https://github.com/ibnesayeed/linkextractor,1.000000,0.000000,15000,16000,16000,16000,17000,17000,17000,17000,17000,17000,17000,65,0,12000.0,11112.233769230526,3742.7090000128374,16682.424600003287,12313.0
1778882998,200,GET,GET /api/ -> https://httpbin.org/,0.400000,0.000000,12000,12000,12000,12000,12000,12000,12000,12000,12000,12000,12000,225,0,9500.0,8243.936433777239,511.31790000363253,14841.724300000351,332.0
1778882998,200,GET,GET /api/ -> https://locust.io/,1.000000,0.000000,14000,15000,15000,15000,16000,16000,16000,16000,16000,16000,16000,83,0,12000.0,10318.05924698991,1865.6503000238445,16262.47549999971,5097.0
1778882998,200,GET,GET /api/ -> https://redis.io/,2.600000,0.000000,18000,18000,18000,18000,19000,19000,19000,19000,19000,19000,19000,120,0,16000.0,13227.135529165875,3042.303100024583,19336.731099989265,7780.0
1778882998,200,GET,GET /api/ -> https://training.play-with-docker.com/,0.500000,0.000000,13000,13000,13000,13000,13000,13000,13000,13000,13000,13000,13000,55,0,11000.0,9979.595900001004,2398.4647000033874,15012.945299997227,1503.0
1778882998,200,GET,GET /api/ -> https://www.python.org/,0.900000,0.000000,15000,15000,15000,15000,15000,15000,15000,15000,15000,15000,15000,220,0,11000.0,10184.20685863582,680.1748999860138,16710.718800022732,14427.0
1778882998,200,,Aggregated,12.800000,0.000000,15000,15000,16000,16000,18000,18000,19000,19000,19000,19000,19000,1604,0,9900.0,9231.099246196942,89.01390002574772,19336.731099989265,6919.592269326683
1778882999,200,GET,GET /api/ -> http://example.com/,0.100000,0.000000,15000,15000,15000,15000,15000,15000,15000,15000,15000,15000,15000,245,0,5200.0,5809.3547142854395,89.01390002574772,15385.565000004135,68.0
1778882999,200,GET,GET /api/ -> https://books.toscrape.com/,0.800000,0.000000,14000,15000,17000,17000,17000,17000,17000,17000,17000,17000,17000,237,0,7100.0,8233.831310970536,963.348599994788,17339.190400001826,8223.0
1778882999,200,GET,GET /api/ -> https://docs.docker.com/,3.100000,0.000000,15000,15000,16000,16000,16000,16000,16000,16000,16000,16000,16000,207,0,13000.0,10417.336088406277,266.938199987635,16379.54449999961,1856.0
1778882999,200,GET,GET /api/ -> https://flask.palletsprojects.com/,2.400000,0.000000,15000,15000,15000,15000,15000,16000,16000,16000,16000,16000,16000,158,0,13000.0,10374.728861392168,624.126900016563,15865.788900002372,20936.0
1778882999,200,GET,GET /api/ -> https://github.com/ibnesayeed/linkextractor,1.000000,0.000000,16000,16000,17000,17000,17000,17000,17000,17000,17000,17000,17000,67,0,13000.0,11298.26836865708,3742.7090000128374,17480.166400026064,12313.0
1778882999,200,GET,GET /api/ -> https://httpbin.org/,0.200000,0.000000,12000,12000,12000,12000,12000,12000,12000,12000,12000,12000,12000,225,0,9500.0,8243.936433777239,511.31790000363253,14841.724300000351,332.0
1778882999,200,GET,GET /api/ -> https://locust.io/,0.900000,0.000000,15000,15000,16000,16000,16000,16000,16000,16000,16000,16000,16000,86,0,13000.0,10511.817556978502,1865.6503000238445,16304.920700000366,5097.0
1778882999,200,GET,GET /api/ -> https://redis.io/,2.900000,0.000000,18000,18000,18000,18000,19000,19000,19000,19000,19000,19000,19000,120,0,16000.0,13227.135529165875,3042.303100024583,19336.731099989265,7780.0
1778882999,200,GET,GET /api/ -> https://training.play-with-docker.com/,0.400000,0.000000,13000,13000,13000,13000,13000,13000,13000,13000,13000,13000,13000,55,0,11000.0,9979.595900001004,2398.4647000033874,15012.945299997227,1503.0
1778882999,200,GET,GET /api/ -> https://www.python.org/,0.600000,0.000000,15000,15000,15000,15000,15000,15000,15000,15000,15000,15000,15000,220,0,11000.0,10184.20685863582,680.1748999860138,16710.718800022732,14427.0
1778882999,200,,Aggregated,12.400000,0.000000,15000,16000,16000,17000,17000,18000,19000,19000,19000,19000,19000,1620,0,10000.0,9298.056290864137,89.01390002574772,19336.731099989265,6904.82037037037
1778883000,200,GET,GET /api/ -> http://example.com/,0.100000,0.000000,15000,15000,15000,15000,15000,15000,15000,15000,15000,15000,15000,247,0,5200.0,5884.735331173891,89.01390002574772,15385.565000004135,68.0
1778883000,200,GET,GET /api/ -> https://books.toscrape.com/,0.800000,0.000000,14000,15000,17000,17000,17000,17000,17000,17000,17000,17000,17000,237,0,7100.0,8233.831310970536,963.348599994788,17339.190400001826,8223.0
1778883000,200,GET,GET /api/ -> https://docs.docker.com/,2.600000,0.000000,15000,16000,16000,16000,16000,16000,16000,16000,16000,16000,16000,211,0,13000.0,10518.295220379669,266.938199987635,16379.54449999961,1856.0
1778883000,200,GET,GET /api/ -> https://flask.palletsprojects.com/,2.400000,0.000000,15000,15000,16000,16000,16000,16000,16000,16000,16000,16000,16000,161,0,13000.0,10474.861085092936,624.126900016563,15868.847300007474,20936.0
1778883000,200,GET,GET /api/ -> https://github.com/ibnesayeed/linkextractor,1.000000,0.000000,17000,17000,17000,18000,18000,18000,18000,18000,18000,18000,18000,69,0,13000.0,11484.021068116197,3742.7090000128374,17801.52020000969,12313.0
1778883000,200,GET,GET /api/ -> https://httpbin.org/,0.100000,0.000000,12000,12000,12000,12000,12000,12000,12000,12000,12000,12000,12000,225,0,9500.0,8243.936433777239,511.31790000363253,14841.724300000351,332.0
1778883000,200,GET,GET /api/ -> https://locust.io/,0.700000,0.000000,16000,16000,16000,16000,16000,16000,16000,16000,16000,16000,16000,89,0,13000.0,10685.22051123744,1865.6503000238445,16304.920700000366,5097.0
1778883000,200,GET,GET /api/ -> https://redis.io/,2.500000,0.000000,18000,18000,18000,18000,19000,19000,19000,19000,19000,19000,19000,120,0,16000.0,13227.135529165875,3042.303100024583,19336.731099989265,7780.0
1778883000,200,GET,GET /api/ -> https://training.play-with-docker.com/,0.300000,0.000000,13000,13000,13000,13000,13000,13000,13000,13000,13000,13000,13000,55,0,11000.0,9979.595900001004,2398.4647000033874,15012.945299997227,1503.0
1778883000,200,GET,GET /api/ -> https://www.python.org/,0.400000,0.000000,15000,15000,15000,16000,16000,16000,16000,16000,16000,16000,16000,221,0,11000.0,10210.74364072344,680.1748999860138,16710.718800022732,14427.0
1778883000,200,,Aggregated,10.900000,0.000000,15000,16000,16000,17000,18000,18000,19000,19000,19000,19000,19000,1635,0,10000.0,9358.860387217066,89.01390002574772,19336.731099989265,6917.749847094801
1778883001,200,GET,GET /api/ -> http://example.com/,0.400000,0.000000,15000,15000,15000,15000,15000,15000,15000,15000,15000,15000,15000,249,0,5200.0,5951.11097309219,89.01390002574772,15385.565000004135,68.0
1778883001,200,GET,GET /api/ -> https://books.toscrape.com/,0.900000,0.000000,15000,17000,17000,17000,17000,17000,17000,17000,17000,17000,17000,239,0,7100.0,8304.778262761676,963.348599994788,17339.190400001826,8223.0
1778883001,200,GET,GET /api/ -> https://docs.docker.com/,2.800000,0.000000,15000,16000,16000,16000,16000,16000,16000,16000,16000,16000,16000,213,0,13000.0,10563.93754413199,266.938199987635,16379.54449999961,1856.0
1778883001,200,GET,GET /api/ -> https://flask.palletsprojects.com/,2.200000,0.000000,15000,16000,16000,16000,16000,16000,16000,16000,16000,16000,16000,166,0,13000.0,10623.426369879135,624.126900016563,15868.847300007474,20936.0
1778883001,200,GET,GET /api/ -> https://github.com/ibnesayeed/linkextractor,1.000000,0.000000,17000,17000,17000,18000,18000,18000,18000,18000,18000,18000,18000,70,0,13000.0,11569.044207142932,3742.7090000128374,17801.52020000969,12313.0
1778883001,200,GET,GET /api/ -> https://httpbin.org/,0.000000,0.000000,12000,12000,12000,12000,12000,12000,12000,12000,12000,12000,12000,225,0,9500.0,8243.936433777239,511.31790000363253,14841.724300000351,332.0
1778883001,200,GET,GET /api/ -> https://locust.io/,0.900000,0.000000,16000,16000,16000,16000,16000,16000,16000,16000,16000,16000,16000,90,0,13000.0,10740.769332223701,1865.6503000238445,16304.920700000366,5097.0
1778883001,200,GET,GET /api/ -> https://redis.io/,2.200000,0.000000,18000,18000,19000,19000,19000,20000,20000,20000,20000,20000,20000,123,0,16000.0,13381.181565040251,3042.303100024583,19807.201100018574,7780.0
1778883001,200,GET,GET /api/ -> https://training.play-with-docker.com/,0.200000,0.000000,13000,13000,13000,13000,13000,13000,13000,13000,13000,13000,13000,55,0,11000.0,9979.595900001004,2398.4647000033874,15012.945299997227,1503.0
1778883001,200,GET,GET /api/ -> https://www.python.org/,0.400000,0.000000,15000,15000,15000,16000,16000,16000,16000,16000,16000,16000,16000,221,0,11000.0,10210.74364072344,680.1748999860138,16710.718800022732,14427.0
1778883001,200,,Aggregated,11.000000,0.000000,16000,16000,16000,17000,18000,19000,19000,20000,20000,20000,20000,1651,0,10000.0,9426.409203512989,89.01390002574772,19807.201100018574,6951.087219866748
1778883002,200,GET,GET /api/ -> http://example.com/,0.700000,0.000000,15000,15000,15000,15000,15000,15000,15000,15000,15000,15000,15000,250,0,5200.0,5986.14189959981,89.01390002574772,15385.565000004135,68.0
1778883002,200,GET,GET /api/ -> https://books.toscrape.com/,1.100000,0.000000,17000,17000,17000,17000,17000,17000,17000,17000,17000,17000,17000,240,0,7100.0,8340.188311666861,963.348599994788,17339.190400001826,8223.0
1778883002,200,GET,GET /api/ -> https://docs.docker.com/,3.200000,0.000000,15000,16000,16000,16000,16000,16000,16000,16000,16000,16000,16000,214,0,13000.0,10586.032182710855,266.938199987635,16379.54449999961,1856.0
1778883002,200,GET,GET /api/ -> https://flask.palletsprojects.com/,2.300000,0.000000,15000,15000,16000,16000,16000,16000,16000,16000,16000,16000,16000,170,0,13000.0,10731.843758822994,624.126900016563,15868.847300007474,20936.0
1778883002,200,GET,GET /api/ -> https://github.com/ibnesayeed/linkextractor,1.000000,0.000000,17000,17000,17000,18000,18000,18000,18000,18000,18000,18000,18000,71,0,13000.0,11647.55623521157,3742.7090000128374,17801.52020000969,12313.0
1778883002,200,GET,GET /api/ -> https://httpbin.org/,0.000000,0.000000,15000,15000,15000,15000,15000,15000,15000,15000,15000,15000,15000,226,0,9500.0,8273.668094247243,511.31790000363253,14963.29169999808,332.0
1778883002,200,GET,GET /api/ -> https://locust.io/,0.900000,0.000000,16000,16000,16000,16000,16000,16000,16000,16000,16000,16000,16000,91,0,13000.0,10789.743148353,1865.6503000238445,16304.920700000366,5097.0
1778883002,200,GET,GET /api/ -> https://redis.io/,2.000000,0.000000,18000,18000,19000,19000,19000,20000,20000,20000,20000,20000,20000,124,0,16000.0,13428.80529999961,3042.303100024583,19807.201100018574,7780.0
1778883002,200,GET,GET /api/ -> https://training.play-with-docker.com/,0.100000,0.000000,13000,13000,13000,13000,13000,13000,13000,13000,13000,13000,13000,55,0,11000.0,9979.595900001004,2398.4647000033874,15012.945299997227,1503.0
1778883002,200,GET,GET /api/ -> https://www.python.org/,0.500000,0.000000,15000,15000,16000,16000,16000,16000,16000,16000,16000,16000,16000,223,0,11000.0,10257.360784752858,680.1748999860138,16710.718800022732,14427.0
1778883002,200,,Aggregated,11.800000,0.000000,16000,16000,17000,17000,18000,19000,19000,20000,20000,20000,20000,1664,0,10000.0,9476.044585937465,89.01390002574772,19807.201100018574,6985.884615384615
1778883003,200,GET,GET /api/ -> http://example.com/,0.800000,0.000000,15000,15000,15000,15000,15000,15000,15000,15000,15000,15000,15000,251,0,5200.0,6022.57132549785,89.01390002574772,15385.565000004135,68.0
1778883003,200,GET,GET /api/ -> https://books.toscrape.com/,1.100000,0.000000,17000,17000,17000,17000,17000,17000,17000,17000,17000,17000,17000,240,0,7100.0,8340.188311666861,963.348599994788,17339.190400001826,8223.0
1778883003,200,GET,GET /api/ -> https://docs.docker.com/,3.100000,0.000000,15000,16000,16000,16000,16000,16000,16000,16000,16000,16000,16000,214,0,13000.0,10586.032182710855,266.938199987635,16379.54449999961,1856.0
1778883003,200,GET,GET /api/ -> https://flask.palletsprojects.com/,1.800000,0.000000,15000,16000,16000,16000,16000,16000,16000,16000,16000,16000,16000,172,0,13000.0,10792.9636686042,624.126900016563,16000.99160001264,20936.0
1778883003,200,GET,GET /api/ -> https://github.com/ibnesayeed/linkextractor,1.100000,0.000000,17000,17000,17000,18000,18000,18000,18000,18000,18000,18000,18000,73,0,13000.0,11780.835520548264,3742.7090000128374,17801.52020000969,12313.0
1778883003,200,GET,GET /api/ -> https://httpbin.org/,0.000000,0.000000,15000,15000,15000,15000,15000,15000,15000,15000,15000,15000,15000,226,0,9500.0,8273.668094247243,511.31790000363253,14963.29169999808,332.0
1778883003,200,GET,GET /api/ -> https://locust.io/,1.200000,0.000000,16000,16000,16000,16000,16000,16000,16000,16000,16000,16000,16000,92,0,13000.0,10841.564842392867,1865.6503000238445,16304.920700000366,5097.0
1778883003,200,GET,GET /api/ -> https://redis.io/,1.900000,0.000000,19000,19000,19000,19000,20000,20000,20000,20000,20000,20000,20000,126,0,16000.0,13519.575596824916,3042.303100024583,19807.201100018574,7780.0
1778883003,200,GET,GET /api/ -> https://training.play-with-docker.com/,0.100000,0.000000,13000,13000,13000,13000,13000,13000,13000,13000,13000,13000,13000,55,0,11000.0,9979.595900001004,2398.4647000033874,15012.945299997227,1503.0
1778883003,200,GET,GET /api/ -> https://www.python.org/,0.500000,0.000000,16000,16000,16000,16000,16000,16000,16000,16000,16000,16000,16000,224,0,11000.0,10282.082079910257,680.1748999860138,16710.718800022732,14427.0
1778883003,200,,Aggregated,11.600000,0.000000,16000,16000,17000,17000,18000,19000,19000,20000,20000,20000,20000,1673,0,10000.0,9514.594063956954,89.01390002574772,19807.201100018574,7009.062761506276
1778883004,200,GET,GET /api/ -> http://example.com/,1.000000,0.000000,15000,15000,15000,15000,15000,15000,15000,15000,15000,15000,15000,252,0,5200.0,6058.715147222092,89.01390002574772,15385.565000004135,68.0
1778883004,200,GET,GET /api/ -> https://books.toscrape.com/,0.900000,0.000000,17000,17000,17000,17000,17000,17000,17000,17000,17000,17000,17000,240,0,7100.0,8340.188311666861,963.348599994788,17339.190400001826,8223.0
1778883004,200,GET,GET /api/ -> https://docs.docker.com/,3.300000,0.000000,16000,16000,16000,16000,16000,16000,16000,16000,16000,16000,16000,216,0,13000.0,10637.731513889406,266.938199987635,16448.994899983518,1856.0
1778883004,200,GET,GET /api/ -> https://flask.palletsprojects.com/,2.200000,0.000000,16000,16000,16000,16000,16000,16000,16000,16000,16000,16000,16000,175,0,13000.0,10881.464707428324,624.126900016563,16055.54500001017,20936.0
1778883004,200,GET,GET /api/ -> https://github.com/ibnesayeed/linkextractor,1.000000,0.000000,17000,17000,17000,18000,18000,18000,18000,18000,18000,18000,18000,74,0,13000.0,11848.327425675863,3742.7090000128374,17801.52020000969,12313.0
1778883004,200,GET,GET /api/ -> https://httpbin.org/,0.100000,0.000000,15000,15000,15000,15000,15000,15000,15000,15000,15000,15000,15000,226,0,9500.0,8273.668094247243,511.31790000363253,14963.29169999808,332.0
1778883004,200,GET,GET /api/ -> https://locust.io/,1.100000,0.000000,16000,16000,16000,16000,16000,16000,16000,16000,16000,16000,16000,97,0,13000.0,11110.721423713125,1865.6503000238445,16304.920700000366,5097.0
1778883004,200,GET,GET /api/ -> https://redis.io/,2.000000,0.000000,19000,19000,19000,19000,20000,20000,20000,20000,20000,20000,20000,129,0,16000.0,13653.798139534527,3042.303100024583,19807.201100018574,7780.0
1778883004,200,GET,GET /api/ -> https://training.play-with-docker.com/,0.100000,0.000000,16000,16000,16000,16000,16000,16000,16000,16000,16000,16000,16000,58,0,12000.0,10264.351603449102,2398.4647000033874,15661.940799996955,1503.0
1778883004,200,GET,GET /api/ -> https://www.python.org/,0.600000,0.000000,16000,16000,16000,16000,16000,16000,16000,16000,16000,16000,16000,224,0,11000.0,10282.082079910257,680.1748999860138,16710.718800022732,14427.0
1778883004,200,,Aggregated,12.300000,0.000000,16000,16000,17000,17000,18000,19000,19000,20000,20000,20000,20000,1691,0,10000.0,9588.80643317566,89.01390002574772,19807.201100018574,7012.653459491426
1778883005,200,GET,GET /api/ -> http://example.com/,1.000000,0.000000,15000,15000,15000,15000,15000,15000,15000,15000,15000,15000,15000,254,0,5300.0,6123.636108267512,89.01390002574772,15385.565000004135,68.0
1778883005,200,GET,GET /api/ -> https://books.toscrape.com/,0.900000,0.000000,17000,17000,17000,17000,17000,17000,17000,17000,17000,17000,17000,240,0,7100.0,8340.188311666861,963.348599994788,17339.190400001826,8223.0
1778883005,200,GET,GET /api/ -> https://docs.docker.com/,2.900000,0.000000,16000,16000,16000,16000,16000,16000,16000,16000,16000,16000,16000,216,0,13000.0,10637.731513889406,266.938199987635,16448.994899983518,1856.0
1778883005,200,GET,GET /api/ -> https://flask.palletsprojects.com/,2.600000,0.000000,16000,16000,16000,16000,16000,16000,16000,16000,16000,16000,16000,178,0,13000.0,10971.682652246875,624.126900016563,16348.364499979652,20936.0
1778883005,200,GET,GET /api/ -> https://github.com/ibnesayeed/linkextractor,1.000000,0.000000,17000,17000,18000,18000,18000,18000,18000,18000,18000,18000,18000,76,0,14000.0,11993.98436973723,3742.7090000128374,17801.52020000969,12313.0
1778883005,200,GET,GET /api/ -> https://httpbin.org/,0.100000,0.000000,15000,15000,15000,15000,15000,15000,15000,15000,15000,15000,15000,226,0,9500.0,8273.668094247243,511.31790000363253,14963.29169999808,332.0
1778883005,200,GET,GET /api/ -> https://locust.io/,1.300000,0.000000,16000,16000,16000,16000,16000,16000,16000,16000,16000,16000,16000,100,0,13000.0,11251.872682001558,1865.6503000238445,16304.920700000366,5097.0
1778883005,200,GET,GET /api/ -> https://redis.io/,2.200000,0.000000,19000,19000,20000,20000,20000,20000,20000,20000,20000,20000,20000,132,0,16000.0,13797.976137878404,3042.303100024583,20466.2299999909,7780.0
1778883005,200,GET,GET /api/ -> https://training.play-with-docker.com/,0.000000,0.000000,15000,16000,16000,16000,16000,16000,16000,16000,16000,16000,16000,59,0,12000.0,10340.815240678563,2398.4647000033874,15661.940799996955,1503.0
1778883005,200,GET,GET /api/ -> https://www.python.org/,0.600000,0.000000,16000,16000,16000,16000,16000,16000,16000,16000,16000,16000,16000,225,0,12000.0,10309.670767555164,680.1748999860138,16710.718800022732,14427.0
1778883005,200,,Aggregated,12.600000,0.000000,16000,16000,17000,17000,19000,19000,20000,20000,20000,20000,20000,1706,0,10000.0,9651.49720228605,89.01390002574772,20466.2299999909,7034.30715123095
1778883006,200,GET,GET /api/ -> http://example.com/,1.100000,0.000000,15000,15000,15000,15000,15000,15000,15000,15000,15000,15000,15000,254,0,5300.0,6123.636108267512,89.01390002574772,15385.565000004135,68.0
1778883006,200,GET,GET /api/ -> https://books.toscrape.com/,0.700000,0.000000,17000,17000,17000,17000,17000,17000,17000,17000,17000,17000,17000,240,0,7100.0,8340.188311666861,963.348599994788,17339.190400001826,8223.0
1778883006,200,GET,GET /api/ -> https://docs.docker.com/,2.600000,0.000000,16000,16000,16000,16000,16000,16000,16000,16000,16000,16000,16000,217,0,13000.0,10656.694043318535,266.938199987635,16448.994899983518,1856.0
1778883006,200,GET,GET /api/ -> https://flask.palletsprojects.com/,2.800000,0.000000,16000,16000,16000,16000,16000,16000,16000,16000,16000,16000,16000,182,0,13000.0,11063.650352197537,624.126900016563,16348.364499979652,20936.0
1778883006,200,GET,GET /api/ -> https://github.com/ibnesayeed/linkextractor,1.000000,0.000000,17000,17000,18000,18000,18000,18000,18000,18000,18000,18000,18000,77,0,14000.0,12052.624737662445,3742.7090000128374,17801.52020000969,12313.0
1778883006,200,GET,GET /api/ -> https://httpbin.org/,0.100000,0.000000,15000,15000,15000,15000,15000,15000,15000,15000,15000,15000,15000,231,0,9500.0,8412.710451947709,511.31790000363253,14963.29169999808,332.0
1778883006,200,GET,GET /api/ -> https://locust.io/,1.500000,0.000000,16000,16000,16000,16000,16000,16000,16000,16000,16000,16000,16000,103,0,13000.0,11368.576724273526,1865.6503000238445,16304.920700000366,5097.0
1778883006,200,GET,GET /api/ -> https://redis.io/,1.700000,0.000000,19000,19000,20000,20000,20000,20000,20000,20000,20000,20000,20000,133,0,16000.0,13831.351798495822,3042.303100024583,20466.2299999909,7780.0
1778883006,200,GET,GET /api/ -> https://training.play-with-docker.com/,0.100000,0.000000,15000,15000,16000,16000,16000,16000,16000,16000,16000,16000,16000,62,0,12000.0,10526.535719355208,2398.4647000033874,15661.940799996955,1503.0
1778883006,200,GET,GET /api/ -> https://www.python.org/,0.600000,0.000000,16000,16000,16000,16000,16000,16000,16000,16000,16000,16000,16000,225,0,12000.0,10309.670767555164,680.1748999860138,16710.718800022732,14427.0
1778883006,200,,Aggregated,12.200000,0.000000,16000,16000,16000,17000,19000,19000,20000,20000,20000,20000,20000,1724,0,10000.0,9708.456082424618,89.01390002574772,20466.2299999909,7034.617749419954
