Timestamp,User Count,Type,Name,Requests/s,Failures/s,50%,66%,75%,80%,90%,95%,98%,99%,99.9%,99.99%,100%,Total Request Count,Total Failure Count,Total Median Response Time,Total Average Response Time,Total Min Response Time,Total Max Response Time,Total Average Content Size
1778883906,0,,Aggregated,0.000000,0.000000,N/A,N/A,N/A,N/A,N/A,N/A,N/A,N/A,N/A,N/A,N/A,0,0,0,0.0,0,0,0
1778883907,5,,Aggregated,0.000000,0.000000,N/A,N/A,N/A,N/A,N/A,N/A,N/A,N/A,N/A,N/A,N/A,0,0,0,0.0,0,0,0
1778883908,15,GET,GET /api/ -> http://example.com/,0.000000,0.000000,0,0,0,0,0,0,0,0,0,0,0,10,0,620.0,1088.8737300032517,581.389200000558,1618.1019000068773,68.0
1778883908,15,,Aggregated,0.000000,0.000000,1500,1600,1600,1600,1600,1600,1600,1600,1600,1600,1600,10,0,620.0,1088.8737300032517,581.389200000558,1618.1019000068773,68.0
1778883909,20,GET,GET /api/ -> http://example.com/,0.000000,0.000000,610,620,1600,1600,1600,1600,1600,1600,1600,1600,1600,15,0,610.0,735.6254200043622,18.59700001659803,1618.1019000068773,68.0
1778883909,20,,Aggregated,0.000000,0.000000,610,620,1600,1600,1600,1600,1600,1600,1600,1600,1600,15,0,610.0,735.6254200043622,18.59700001659803,1618.1019000068773,68.0
1778883910,25,GET,GET /api/ -> http://example.com/,0.500000,0.000000,590,620,760,1600,1600,1600,1600,1600,1600,1600,1600,20,0,590.0,684.9875700034318,18.59700001659803,1618.1019000068773,68.0
1778883910,25,GET,GET /api/ -> https://books.toscrape.com/,0.000000,0.000000,0,0,0,0,0,0,0,0,0,0,0,20,0,1800.0,1547.9182850031066,112.88890001014806,2257.5741999899037,8223.0
1778883910,25,,Aggregated,0.500000,0.000000,1400,1600,1800,2100,2200,2200,2300,2300,2300,2300,2300,40,0,760.0,1116.4529275032692,18.59700001659803,2257.5741999899037,4145.5
1778883911,30,GET,GET /api/ -> http://example.com/,5.000000,0.000000,580,610,690,760,1600,1600,1600,1600,1600,1600,1600,25,0,580.0,559.5563960052095,18.59700001659803,1618.1019000068773,68.0
1778883911,30,GET,GET /api/ -> https://books.toscrape.com/,0.000000,0.000000,1800,2100,2200,2200,2200,2200,2300,2300,2300,2300,2300,25,0,1800.0,1247.9698560014367,40.837999986251816,2257.5741999899037,8223.0
1778883911,30,GET,GET /api/ -> https://httpbin.org/,0.000000,0.000000,0,0,0,0,0,0,0,0,0,0,0,23,0,950.0,959.6904043485309,692.1472999965772,1635.5825000209734,332.0
1778883911,30,,Aggregated,5.000000,0.000000,850,1000,1500,1600,2100,2200,2200,2300,2300,2300,2300,73,0,850.0,921.3840493175667,18.59700001659803,2257.5741999899037,2943.986301369863
1778883912,35,GET,GET /api/ -> http://example.com/,4.250000,0.000000,580,620,650,700,1600,1600,1600,1600,1600,1600,1600,30,0,580.0,556.0573200054932,18.59700001659803,1618.1019000068773,68.0
1778883912,35,GET,GET /api/ -> https://books.toscrape.com/,0.500000,0.000000,1800,1800,2100,2200,2200,2200,2300,2300,2300,2300,2300,27,0,1500.0,1182.549277779698,40.837999986251816,2257.5741999899037,8223.0
1778883912,35,GET,GET /api/ -> https://httpbin.org/,0.000000,0.000000,950,970,990,990,1000,1000,1600,1600,1600,1600,1600,25,0,950.0,955.7376159995329,692.1472999965772,1635.5825000209734,332.0
1778883912,35,,Aggregated,4.750000,0.000000,790,980,1500,1600,1800,2200,2200,2300,2300,2300,2300,82,0,780.0,884.1950061000605,18.59700001659803,2257.5741999899037,2833.670731707317
1778883913,40,GET,GET /api/ -> http://example.com/,4.250000,0.000000,580,620,650,700,1600,1600,1600,1600,1600,1600,1600,30,0,580.0,556.0573200054932,18.59700001659803,1618.1019000068773,68.0
1778883913,40,GET,GET /api/ -> https://books.toscrape.com/,0.500000,0.000000,870,1800,2100,2200,2200,2200,2300,2300,2300,2300,2300,30,0,870.0,1118.2529000031839,40.837999986251816,2257.5741999899037,8223.0
1778883913,40,GET,GET /api/ -> https://httpbin.org/,0.000000,0.000000,950,970,990,990,1000,1000,1600,1600,1600,1600,1600,25,0,950.0,955.7376159995329,692.1472999965772,1635.5825000209734,332.0
1778883913,40,,Aggregated,4.750000,0.000000,780,970,1400,1600,1800,2200,2200,2300,2300,2300,2300,85,0,780.0,872.032317649984,18.59700001659803,2257.5741999899037,3023.8823529411766
1778883914,45,GET,GET /api/ -> http://example.com/,4.250000,0.000000,580,620,650,700,1600,1600,1600,1600,1600,1600,1600,30,0,580.0,556.0573200054932,18.59700001659803,1618.1019000068773,68.0
1778883914,45,GET,GET /api/ -> https://books.toscrape.com/,0.500000,0.000000,870,1800,2100,2200,2200,2200,2300,2300,2300,2300,2300,30,0,870.0,1118.2529000031839,40.837999986251816,2257.5741999899037,8223.0
1778883914,45,GET,GET /api/ -> https://httpbin.org/,0.000000,0.000000,950,970,990,990,1000,1000,1600,1600,1600,1600,1600,25,0,950.0,955.7376159995329,692.1472999965772,1635.5825000209734,332.0
1778883914,45,,Aggregated,4.750000,0.000000,780,970,1400,1600,1800,2200,2200,2300,2300,2300,2300,85,0,780.0,872.032317649984,18.59700001659803,2257.5741999899037,3023.8823529411766
1778883915,50,GET,GET /api/ -> http://example.com/,4.250000,0.000000,580,620,650,700,1600,1600,1600,1600,1600,1600,1600,30,0,580.0,556.0573200054932,18.59700001659803,1618.1019000068773,68.0
1778883915,50,GET,GET /api/ -> https://books.toscrape.com/,0.500000,0.000000,870,1800,2100,2200,2200,2200,2300,2300,2300,2300,2300,30,0,870.0,1118.2529000031839,40.837999986251816,2257.5741999899037,8223.0
1778883915,50,GET,GET /api/ -> https://httpbin.org/,0.000000,0.000000,950,970,990,990,1000,1000,1600,1600,1600,1600,1600,25,0,950.0,955.7376159995329,692.1472999965772,1635.5825000209734,332.0
1778883915,50,,Aggregated,4.750000,0.000000,780,970,1400,1600,1800,2200,2200,2300,2300,2300,2300,85,0,780.0,872.032317649984,18.59700001659803,2257.5741999899037,3023.8823529411766
1778883916,55,GET,GET /api/ -> http://example.com/,4.250000,0.000000,580,620,650,700,1600,1600,1600,1600,1600,1600,1600,30,0,580.0,556.0573200054932,18.59700001659803,1618.1019000068773,68.0
1778883916,55,GET,GET /api/ -> https://books.toscrape.com/,0.500000,0.000000,870,1800,2100,2200,2200,2200,2300,2300,2300,2300,2300,30,0,870.0,1118.2529000031839,40.837999986251816,2257.5741999899037,8223.0
1778883916,55,GET,GET /api/ -> https://httpbin.org/,0.000000,0.000000,950,970,990,990,1000,1000,1600,1600,1600,1600,1600,25,0,950.0,955.7376159995329,692.1472999965772,1635.5825000209734,332.0
1778883916,55,,Aggregated,4.750000,0.000000,780,970,1400,1600,1800,2200,2200,2300,2300,2300,2300,85,0,780.0,872.032317649984,18.59700001659803,2257.5741999899037,3023.8823529411766
1778883917,60,GET,GET /api/ -> http://example.com/,4.250000,0.000000,580,620,650,700,1600,1600,1600,1600,1600,1600,1600,30,0,580.0,556.0573200054932,18.59700001659803,1618.1019000068773,68.0
1778883917,60,GET,GET /api/ -> https://books.toscrape.com/,0.500000,0.000000,870,1800,2100,2200,2200,2200,2300,2300,2300,2300,2300,30,0,870.0,1118.2529000031839,40.837999986251816,2257.5741999899037,8223.0
1778883917,60,GET,GET /api/ -> https://httpbin.org/,0.000000,0.000000,950,970,990,990,1000,1000,1600,1600,1600,1600,1600,25,0,950.0,955.7376159995329,692.1472999965772,1635.5825000209734,332.0
1778883917,60,,Aggregated,4.750000,0.000000,780,960,1400,1600,1800,2200,2200,2300,2300,2300,2300,85,0,780.0,872.032317649984,18.59700001659803,2257.5741999899037,3023.8823529411766
1778883918,65,GET,GET /api/ -> http://example.com/,4.250000,0.000000,360,590,650,690,700,760,760,760,760,760,760,30,0,580.0,556.0573200054932,18.59700001659803,1618.1019000068773,68.0
1778883918,65,GET,GET /api/ -> https://books.toscrape.com/,0.500000,0.000000,870,1800,2100,2200,2200,2200,2300,2300,2300,2300,2300,30,0,870.0,1118.2529000031839,40.837999986251816,2257.5741999899037,8223.0
1778883918,65,GET,GET /api/ -> https://httpbin.org/,0.000000,0.000000,950,970,990,990,1000,1000,1600,1600,1600,1600,1600,25,0,950.0,955.7376159995329,692.1472999965772,1635.5825000209734,332.0
1778883918,65,,Aggregated,4.750000,0.000000,850,970,1000,1600,2100,2200,2200,2300,2300,2300,2300,85,0,780.0,872.032317649984,18.59700001659803,2257.5741999899037,3023.8823529411766
1778883919,70,GET,GET /api/ -> http://example.com/,4.250000,0.000000,510,640,650,690,700,760,760,760,760,760,760,30,0,580.0,556.0573200054932,18.59700001659803,1618.1019000068773,68.0
1778883919,70,GET,GET /api/ -> https://books.toscrape.com/,0.500000,0.000000,870,1800,2100,2200,2200,2200,2300,2300,2300,2300,2300,30,0,870.0,1118.2529000031839,40.837999986251816,2257.5741999899037,8223.0
1778883919,70,GET,GET /api/ -> https://httpbin.org/,0.000000,0.000000,950,970,990,990,1000,1000,1600,1600,1600,1600,1600,25,0,950.0,955.7376159995329,692.1472999965772,1635.5825000209734,332.0
1778883919,70,,Aggregated,4.750000,0.000000,850,960,1000,1600,2100,2200,2200,2300,2300,2300,2300,85,0,780.0,872.032317649984,18.59700001659803,2257.5741999899037,3023.8823529411766
1778883920,75,GET,GET /api/ -> http://example.com/,4.250000,0.000000,640,650,650,700,700,700,700,700,700,700,700,30,0,580.0,556.0573200054932,18.59700001659803,1618.1019000068773,68.0
1778883920,75,GET,GET /api/ -> https://books.toscrape.com/,0.500000,0.000000,870,1800,2100,2200,2200,2200,2300,2300,2300,2300,2300,30,0,870.0,1118.2529000031839,40.837999986251816,2257.5741999899037,8223.0
1778883920,75,GET,GET /api/ -> https://httpbin.org/,0.000000,0.000000,950,970,990,990,1000,1000,1600,1600,1600,1600,1600,25,0,950.0,955.7376159995329,692.1472999965772,1635.5825000209734,332.0
1778883920,75,,Aggregated,4.750000,0.000000,900,950,970,980,1000,1000,1600,1600,1600,1600,1600,85,0,780.0,872.032317649984,18.59700001659803,2257.5741999899037,3023.8823529411766
1778883921,80,GET,GET /api/ -> http://example.com/,1.500000,0.000000,700,8700,8700,9000,9000,9000,9000,9000,9000,9000,9000,32,0,590.0,1074.9685937553295,18.59700001659803,8995.851800020318,68.0
1778883921,80,GET,GET /api/ -> https://books.toscrape.com/,3.000000,0.000000,380,400,400,870,870,870,870,870,870,870,870,30,0,870.0,1118.2529000031839,40.837999986251816,2257.5741999899037,8223.0
1778883921,80,GET,GET /api/ -> https://httpbin.org/,2.500000,0.000000,950,980,1000,1000,1600,8300,8400,8400,8400,8400,8400,27,0,950.0,1503.8252814815173,692.1472999965772,8398.439000011422,332.0
1778883921,80,GET,GET /api/ -> https://www.python.org/,0.000000,0.000000,0,0,0,0,0,0,0,0,0,0,0,3,0,10000.0,10179.00840000948,9969.526900007622,10381.074100005208,13844.0
1778883921,80,,Aggregated,7.000000,0.000000,870,8400,9000,10000,10000,10000,10000,10000,10000,10000,10000,92,0,850.0,1511.8140195684289,18.59700001659803,10381.074100005208,3253.9347826086955
1778883922,85,GET,GET /api/ -> http://example.com/,1.500000,0.000000,8700,8700,9000,9000,9300,9300,9300,9300,9300,9300,9300,33,0,590.0,1324.2792333379232,18.59700001659803,9302.219699980924,68.0
1778883922,85,GET,GET /api/ -> https://books.toscrape.com/,3.000000,0.000000,380,400,400,870,870,870,870,870,870,870,870,30,0,870.0,1118.2529000031839,40.837999986251816,2257.5741999899037,8223.0
1778883922,85,GET,GET /api/ -> https://httpbin.org/,2.500000,0.000000,950,980,1000,1000,1600,8300,8400,8400,8400,8400,8400,27,0,950.0,1503.8252814815173,692.1472999965772,8398.439000011422,332.0
1778883922,85,GET,GET /api/ -> https://www.python.org/,0.000000,0.000000,10000,10000,11000,11000,11000,11000,11000,11000,11000,11000,11000,4,0,10000.0,10337.452200008556,9969.526900007622,10812.783600005787,13844.0
1778883922,85,,Aggregated,7.000000,0.000000,8300,9000,9300,10000,10000,11000,11000,11000,11000,11000,11000,94,0,870.0,1693.6371606412997,18.59700001659803,10812.783600005787,3332.7021276595747
1778883925,90,GET,GET /api/ -> http://example.com/,0.300000,0.000000,9000,9300,12000,12000,12000,12000,12000,12000,12000,12000,12000,36,0,610.0,2201.8174861158413,18.59700001659803,12188.26049999916,68.0
1778883925,90,GET,GET /api/ -> https://books.toscrape.com/,0.000000,0.000000,380,400,400,870,870,870,870,870,870,870,870,30,0,870.0,1118.2529000031839,40.837999986251816,2257.5741999899037,8223.0
1778883925,90,GET,GET /api/ -> https://httpbin.org/,0.200000,0.000000,12000,12000,12000,12000,12000,12000,12000,12000,12000,12000,12000,30,0,950.0,2588.579823334779,692.1472999965772,12441.687200014712,332.0
1778883925,90,GET,GET /api/ -> https://www.python.org/,0.400000,0.000000,13000,14000,14000,14000,14000,14000,14000,14000,14000,14000,14000,10,0,13000.0,12277.206840008148,9969.526900007622,13916.500299994368,13844.0
1778883925,90,,Aggregated,0.900000,0.000000,10000,12000,12000,13000,14000,14000,14000,14000,14000,14000,14000,106,0,950.0,2955.117732079157,18.59700001659803,13916.500299994368,3750.3584905660377
1778883926,100,GET,GET /api/ -> http://example.com/,0.300000,0.000000,8200,9200,10000,11000,12000,12000,12000,12000,12000,12000,12000,90,0,4400.0,5153.85682444612,18.59700001659803,12188.26049999916,68.0
1778883926,100,GET,GET /api/ -> https://books.toscrape.com/,0.000000,0.000000,1500,1900,4200,4500,4700,4700,4700,4700,4700,4700,4700,35,0,1500.0,1438.5554685739667,40.837999986251816,4726.719800004503,8223.0
1778883926,100,GET,GET /api/ -> https://httpbin.org/,0.200000,0.000000,12000,12000,12000,12000,12000,12000,12000,12000,12000,12000,12000,30,0,950.0,2588.579823334779,692.1472999965772,12441.687200014712,332.0
1778883926,100,GET,GET /api/ -> https://www.python.org/,0.400000,0.000000,14000,14000,14000,14000,14000,14000,14000,14000,14000,14000,14000,28,0,14000.0,12427.232546430398,1356.9297000067309,14383.067199989455,13844.0
1778883926,100,,Aggregated,0.900000,0.000000,9200,11000,12000,13000,14000,14000,14000,14000,14000,14000,14000,183,0,2200.0,5135.609079783247,18.59700001659803,14383.067199989455,3778.781420765027
1778883927,105,GET,GET /api/ -> http://example.com/,0.500000,0.000000,7300,9200,10000,10000,12000,12000,12000,12000,12000,12000,12000,95,0,4400.0,4941.782293685614,18.59700001659803,12188.26049999916,68.0
1778883927,105,GET,GET /api/ -> https://books.toscrape.com/,0.000000,0.000000,1100,1200,1900,4200,4500,4700,4700,4700,4700,4700,4700,40,0,1200.0,1392.549635002797,40.837999986251816,4726.719800004503,8223.0
1778883927,105,GET,GET /api/ -> https://docs.docker.com/,0.000000,0.000000,0,0,0,0,0,0,0,0,0,0,0,1,0,5823.903499986045,5823.903499986045,5823.903499986045,5823.903499986045,1856.0
1778883927,105,GET,GET /api/ -> https://httpbin.org/,0.500000,0.000000,12000,12000,12000,12000,12000,12000,12000,12000,12000,12000,12000,30,0,950.0,2588.579823334779,692.1472999965772,12441.687200014712,332.0
1778883927,105,GET,GET /api/ -> https://www.python.org/,1.000000,0.000000,14000,14000,14000,14000,14000,14000,14000,14000,14000,14000,14000,30,0,14000.0,11683.908920001704,1258.7162000127137,14383.067199989455,13844.0
1778883927,105,,Aggregated,2.000000,0.000000,8300,10000,12000,12000,14000,14000,14000,14000,14000,14000,14000,196,0,2100.0,4893.723821940437,18.59700001659803,14383.067199989455,3890.387755102041
1778883928,110,GET,GET /api/ -> http://example.com/,5.000000,0.000000,7300,9200,10000,10000,12000,12000,12000,12000,12000,12000,12000,95,0,4400.0,4941.782293685614,18.59700001659803,12188.26049999916,68.0
1778883928,110,GET,GET /api/ -> https://books.toscrape.com/,0.200000,0.000000,1900,1900,2200,4200,4500,4700,4700,4700,4700,4700,4700,45,0,1500.0,1454.9013844471322,40.837999986251816,4726.719800004503,8223.0
1778883928,110,GET,GET /api/ -> https://docs.docker.com/,0.000000,0.000000,0,0,0,0,0,0,0,0,0,0,0,9,0,3400.0,4304.691522217278,1855.2931000012904,6868.618100008462,1856.0
1778883928,110,GET,GET /api/ -> https://httpbin.org/,0.500000,0.000000,12000,12000,12000,12000,12000,12000,12000,12000,12000,12000,12000,30,0,950.0,2588.579823334779,692.1472999965772,12441.687200014712,332.0
1778883928,110,GET,GET /api/ -> https://www.python.org/,2.700000,0.000000,14000,14000,14000,14000,14000,14000,14000,14000,14000,14000,14000,30,0,14000.0,11683.908920001704,1258.7162000127137,14383.067199989455,13844.0
1778883928,110,,Aggregated,8.400000,0.000000,7300,10000,12000,12000,14000,14000,14000,14000,14000,14000,14000,209,0,2200.0,4793.573044020594,18.59700001659803,14383.067199989455,3916.1674641148325
1778883929,115,GET,GET /api/ -> http://example.com/,6.500000,0.000000,7300,9200,10000,10000,12000,12000,12000,12000,12000,12000,12000,95,0,4400.0,4941.782293685614,18.59700001659803,12188.26049999916,68.0
1778883929,115,GET,GET /api/ -> https://books.toscrape.com/,1.000000,0.000000,3400,3400,3400,3500,3500,4500,4700,4700,4700,4700,4700,66,0,1900.0,2081.002789395632,40.837999986251816,4726.719800004503,8223.0
1778883929,115,GET,GET /api/ -> https://docs.docker.com/,0.000000,0.000000,3600,3600,3700,3900,4000,6900,6900,6900,6900,6900,6900,25,0,3600.0,3860.342759997584,1855.2931000012904,6868.618100008462,1856.0
1778883929,115,GET,GET /api/ -> https://httpbin.org/,0.500000,0.000000,12000,12000,12000,12000,12000,12000,12000,12000,12000,12000,12000,30,0,950.0,2588.579823334779,692.1472999965772,12441.687200014712,332.0
1778883929,115,GET,GET /api/ -> https://www.python.org/,3.000000,0.000000,14000,14000,14000,14000,14000,14000,14000,14000,14000,14000,14000,30,0,14000.0,11683.908920001704,1258.7162000127137,14383.067199989455,13844.0
1778883929,115,,Aggregated,11.000000,0.000000,5100,8300,10000,11000,14000,14000,14000,14000,14000,14000,14000,246,0,3400.0,4599.588346749102,18.59700001659803,14383.067199989455,4149.829268292683
1778883930,120,GET,GET /api/ -> http://example.com/,6.500000,0.000000,5300,8200,9200,10000,11000,12000,12000,12000,12000,12000,12000,115,0,3400.0,4437.0063826097585,18.59700001659803,12188.26049999916,68.0
1778883930,120,GET,GET /api/ -> https://books.toscrape.com/,1.500000,0.000000,3400,3400,3500,3500,3500,3500,4500,4700,4700,4700,4700,105,0,3000.0,2315.901602857602,40.837999986251816,4726.719800004503,8223.0
1778883930,120,GET,GET /api/ -> https://docs.docker.com/,0.700000,0.000000,3600,3600,3700,3700,3900,4000,6900,6900,6900,6900,6900,30,0,3600.0,3783.817723330382,1855.2931000012904,6868.618100008462,1856.0
1778883930,120,GET,GET /api/ -> https://httpbin.org/,0.500000,0.000000,740,2200,3200,3300,3500,12000,12000,12000,12000,12000,12000,76,0,880.0,1888.7176907898577,622.0430000103079,12441.687200014712,332.0
1778883930,120,GET,GET /api/ -> https://www.python.org/,3.000000,0.000000,14000,14000,14000,14000,14000,14000,14000,14000,14000,14000,14000,37,0,14000.0,9586.16065675852,567.2019000048749,14383.067199989455,13844.0
1778883930,120,,Aggregated,12.200000,0.000000,3400,3600,6300,8200,12000,14000,14000,14000,14000,14000,14000,363,0,3000.0,3760.8000628104032,18.59700001659803,14383.067199989455,4034.090909090909
1778883931,125,GET,GET /api/ -> http://example.com/,6.500000,0.000000,5300,8200,9200,10000,11000,12000,12000,12000,12000,12000,12000,115,0,3400.0,4437.0063826097585,18.59700001659803,12188.26049999916,68.0
1778883931,125,GET,GET /api/ -> https://books.toscrape.com/,1.600000,0.000000,3400,3400,3500,3500,3500,3500,4500,4700,4700,4700,4700,106,0,2300.0,2301.100499057079,40.837999986251816,4726.719800004503,8223.0
1778883931,125,GET,GET /api/ -> https://docs.docker.com/,1.500000,0.000000,3600,3600,3700,3700,3900,4000,6900,6900,6900,6900,6900,30,0,3600.0,3783.817723330382,1855.2931000012904,6868.618100008462,1856.0
1778883931,125,GET,GET /api/ -> https://httpbin.org/,0.500000,0.000000,750,2200,3200,3300,3500,12000,12000,12000,12000,12000,12000,77,0,900.0,1888.741744156434,622.0430000103079,12441.687200014712,332.0
1778883931,125,GET,GET /api/ -> https://www.python.org/,3.000000,0.000000,13000,14000,14000,14000,14000,14000,14000,14000,14000,14000,14000,43,0,11000.0,8381.069813955164,567.2019000048749,14383.067199989455,13844.0
1778883931,125,,Aggregated,13.100000,0.000000,3400,3600,5800,8200,12000,14000,14000,14000,14000,14000,14000,371,0,2500.0,3702.172600809168,18.59700001659803,14383.067199989455,4194.053908355795
1778883932,130,GET,GET /api/ -> http://example.com/,8.500000,0.000000,5300,7300,9200,10000,11000,12000,12000,12000,12000,12000,12000,115,0,3400.0,4437.0063826097585,18.59700001659803,12188.26049999916,68.0
1778883932,130,GET,GET /api/ -> https://books.toscrape.com/,6.500000,0.000000,3400,3400,3500,3500,3500,3500,4500,4700,4700,4700,4700,106,0,2300.0,2301.100499057079,40.837999986251816,4726.719800004503,8223.0
1778883932,130,GET,GET /api/ -> https://docs.docker.com/,3.000000,0.000000,3600,3600,3700,3700,3900,4000,6900,6900,6900,6900,6900,30,0,3600.0,3783.817723330382,1855.2931000012904,6868.618100008462,1856.0
1778883932,130,GET,GET /api/ -> https://httpbin.org/,3.700000,0.000000,750,2200,2900,3200,3400,12000,12000,12000,12000,12000,12000,79,0,910.0,1914.053935443399,622.0430000103079,12441.687200014712,332.0
1778883932,130,GET,GET /api/ -> https://www.python.org/,3.000000,0.000000,13000,14000,14000,14000,14000,14000,14000,14000,14000,14000,14000,43,0,11000.0,8381.069813955164,567.2019000048749,14383.067199989455,13844.0
1778883932,130,,Aggregated,24.700000,0.000000,3400,3500,5300,7200,12000,14000,14000,14000,14000,14000,14000,373,0,2500.0,3697.8101380702,18.59700001659803,14383.067199989455,4173.345844504021
1778883933,135,GET,GET /api/ -> http://example.com/,8.500000,0.000000,5300,7300,9200,10000,11000,12000,12000,12000,12000,12000,12000,115,0,3400.0,4437.0063826097585,18.59700001659803,12188.26049999916,68.0
1778883933,135,GET,GET /api/ -> https://books.toscrape.com/,7.600000,0.000000,3400,3400,3500,3500,3500,4200,4500,4700,4700,4700,4700,109,0,3000.0,2328.590720183581,40.837999986251816,4726.719800004503,8223.0
1778883933,135,GET,GET /api/ -> https://docs.docker.com/,3.000000,0.000000,3600,3600,3600,3700,3900,4000,6900,6900,6900,6900,6900,34,0,3500.0,3756.0906882324216,1855.2931000012904,6868.618100008462,1856.0
1778883933,135,GET,GET /api/ -> https://flask.palletsprojects.com/,0.000000,0.000000,0,0,0,0,0,0,0,0,0,0,0,30,0,4200.0,4540.597993335298,3804.2839000117965,5795.589599991217,20936.0
1778883933,135,GET,GET /api/ -> https://httpbin.org/,4.900000,0.000000,2400,3400,3900,3900,4100,4200,12000,12000,12000,12000,12000,99,0,990.0,2320.5328727278606,622.0430000103079,12441.687200014712,332.0
1778883933,135,GET,GET /api/ -> https://www.python.org/,4.100000,0.000000,3900,5100,14000,14000,14000,14000,14000,14000,14000,14000,14000,69,0,4000.0,6612.560411595041,567.2019000048749,14383.067199989455,13844.0
1778883933,135,,Aggregated,28.100000,0.000000,3500,4000,4300,5300,10000,14000,14000,14000,14000,14000,14000,456,0,3400.0,3758.7644046057235,18.59700001659803,14383.067199989455,5665.383771929824
1778883934,140,GET,GET /api/ -> http://example.com/,8.200000,0.000000,3600,6300,8200,9200,11000,12000,12000,12000,12000,12000,12000,130,0,2800.0,4243.814040769939,18.59700001659803,12188.26049999916,68.0
1778883934,140,GET,GET /api/ -> https://books.toscrape.com/,7.600000,0.000000,3400,3400,3500,3500,4100,4200,4500,4700,4700,4700,4700,115,0,3300.0,2425.550775652063,40.837999986251816,4726.719800004503,8223.0
1778883934,140,GET,GET /api/ -> https://docs.docker.com/,3.000000,0.000000,3400,3500,3600,3600,3700,3900,6900,6900,6900,6900,6900,56,0,3400.0,3076.734373212925,928.869700001087,6868.618100008462,1856.0
1778883934,140,GET,GET /api/ -> https://flask.palletsprojects.com/,0.000000,0.000000,4200,4300,5000,5300,5800,5800,5800,5800,5800,5800,5800,30,0,4200.0,4540.597993335298,3804.2839000117965,5795.589599991217,20936.0
1778883934,140,GET,GET /api/ -> https://httpbin.org/,5.000000,0.000000,2900,3500,3800,3900,4000,4100,12000,12000,12000,12000,12000,108,0,1000.0,2391.474825926707,622.0430000103079,12441.687200014712,332.0
1778883934,140,GET,GET /api/ -> https://www.python.org/,3.900000,0.000000,3500,4100,4200,5200,14000,14000,14000,14000,14000,14000,14000,87,0,3900.0,5741.193824138589,567.2019000048749,14383.067199989455,13844.0
1778883934,140,,Aggregated,27.700000,0.000000,3400,3800,4100,4300,7300,11000,14000,14000,14000,14000,14000,526,0,3400.0,3606.2972872627447,18.59700001659803,14383.067199989455,5564.2300380228135
1778883935,145,GET,GET /api/ -> http://example.com/,8.200000,0.000000,2500,2800,3400,3500,3600,3600,3700,3700,3700,3700,3700,130,0,2800.0,4243.814040769939,18.59700001659803,12188.26049999916,68.0
1778883935,145,GET,GET /api/ -> https://books.toscrape.com/,7.700000,0.000000,3400,3400,3500,3500,3500,4200,4300,4300,4300,4300,4300,120,0,3000.0,2374.5996733336747,40.837999986251816,4726.719800004503,8223.0
1778883935,145,GET,GET /api/ -> https://docs.docker.com/,3.000000,0.000000,3300,3500,3600,3600,3700,3900,4000,6900,6900,6900,6900,71,0,3300.0,2694.6079168988485,928.869700001087,6868.618100008462,1856.0
1778883935,145,GET,GET /api/ -> https://flask.palletsprojects.com/,0.300000,0.000000,4100,4300,4300,4500,5600,5800,5800,5800,5800,5800,5800,40,0,4100.0,3725.2754700028163,1178.4560000232887,5795.589599991217,20936.0
1778883935,145,GET,GET /api/ -> https://httpbin.org/,5.200000,0.000000,2800,3500,3800,3900,4000,4100,12000,12000,12000,12000,12000,110,0,1100.0,2369.1560100007337,622.0430000103079,12441.687200014712,332.0
1778883935,145,GET,GET /api/ -> https://www.python.org/,4.000000,0.000000,2900,3500,3900,4000,4100,4200,4200,4200,4200,4200,4200,92,0,3600.0,5510.84138152225,567.2019000048749,14383.067199989455,13844.0
1778883935,145,,Aggregated,28.400000,0.000000,3300,3500,3600,3800,4100,4300,5600,5800,6900,6900,6900,563,0,3300.0,3453.961874245456,18.59700001659803,14383.067199989455,5817.023090586145
1778883936,150,GET,GET /api/ -> http://example.com/,8.700000,0.000000,2500,2800,3400,3400,3500,3600,3700,3700,3700,3700,3700,135,0,2800.0,4192.582531852423,18.59700001659803,12188.26049999916,68.0
1778883936,150,GET,GET /api/ -> https://books.toscrape.com/,8.500000,0.000000,3400,3400,3500,3500,3500,4200,4300,4300,4300,4300,4300,120,0,3000.0,2374.5996733336747,40.837999986251816,4726.719800004503,8223.0
1778883936,150,GET,GET /api/ -> https://docs.docker.com/,3.500000,0.000000,3100,3400,3500,3600,3700,3900,4000,6900,6900,6900,6900,76,0,3100.0,2695.309106576468,928.869700001087,6868.618100008462,1856.0
1778883936,150,GET,GET /api/ -> https://flask.palletsprojects.com/,3.000000,0.000000,4100,4200,4300,4500,5600,5800,5800,5800,5800,5800,5800,42,0,4100.0,3634.039130955075,1178.4560000232887,5795.589599991217,20936.0
1778883936,150,GET,GET /api/ -> https://httpbin.org/,7.500000,0.000000,2400,3400,3700,3900,4000,4100,4100,4200,4200,4200,4200,110,0,1100.0,2369.1560100007337,622.0430000103079,12441.687200014712,332.0
1778883936,150,GET,GET /api/ -> https://www.python.org/,7.200000,0.000000,2900,3500,3600,4000,4100,4200,4200,4200,4200,4200,4200,98,0,3500.0,5346.627939796273,567.2019000048749,14383.067199989455,13844.0
1778883936,150,,Aggregated,38.400000,0.000000,3300,3500,3600,3800,4100,4300,5600,5800,6900,6900,6900,581,0,3200.0,3430.2933518075015,18.59700001659803,14383.067199989455,5868.399311531842
1778883937,155,GET,GET /api/ -> http://example.com/,9.500000,0.000000,2600,2800,3400,3400,3600,3700,3700,3700,3700,3700,3700,135,0,2800.0,4192.582531852423,18.59700001659803,12188.26049999916,68.0
1778883937,155,GET,GET /api/ -> https://books.toscrape.com/,8.500000,0.000000,3400,3400,3500,3500,3500,4200,4300,4300,4300,4300,4300,120,0,3000.0,2374.5996733336747,40.837999986251816,4726.719800004503,8223.0
1778883937,155,GET,GET /api/ -> https://docs.docker.com/,6.000000,0.000000,3100,3400,3500,3600,3700,3900,4000,6900,6900,6900,6900,76,0,3100.0,2695.309106576468,928.869700001087,6868.618100008462,1856.0
1778883937,155,GET,GET /api/ -> https://flask.palletsprojects.com/,3.000000,0.000000,4100,4200,4300,4300,5400,5800,5800,5800,5800,5800,5800,45,0,4100.0,3619.765435558252,1178.4560000232887,5795.589599991217,20936.0
1778883937,155,GET,GET /api/ -> https://httpbin.org/,7.800000,0.000000,2400,3400,3700,3900,4000,4100,4100,4200,4200,4200,4200,110,0,1100.0,2369.1560100007337,622.0430000103079,12441.687200014712,332.0
1778883937,155,GET,GET /api/ -> https://www.python.org/,7.800000,0.000000,3100,3500,3600,4000,4100,4200,4200,4200,4200,4200,4200,102,0,3500.0,5271.252489216482,567.2019000048749,14383.067199989455,13844.0
1778883937,155,,Aggregated,42.600000,0.000000,3300,3500,3600,3800,4100,4200,5300,5800,6900,6900,6900,588,0,3200.0,3430.2014528915183,18.59700001659803,14383.067199989455,5999.530612244898
1778883938,160,GET,GET /api/ -> http://example.com/,5.000000,0.000000,2600,2800,3400,3400,3600,3700,3700,3700,3700,3700,3700,135,0,2800.0,4192.582531852423,18.59700001659803,12188.26049999916,68.0
1778883938,160,GET,GET /api/ -> https://books.toscrape.com/,8.800000,0.000000,3400,3400,3500,3500,3500,4200,4300,4300,4300,4300,4300,120,0,3000.0,2374.5996733336747,40.837999986251816,4726.719800004503,8223.0
1778883938,160,GET,GET /api/ -> https://docs.docker.com/,7.100000,0.000000,3000,3400,3500,3500,3600,3700,3700,3700,3700,3700,3700,77,0,3200.0,2705.4901662314396,928.869700001087,6868.618100008462,1856.0
1778883938,160,GET,GET /api/ -> https://flask.palletsprojects.com/,4.100000,0.000000,4100,4200,4300,4300,5400,5800,5800,5800,5800,5800,5800,46,0,4100.0,3634.3993673938753,1178.4560000232887,5795.589599991217,20936.0
1778883938,160,GET,GET /api/ -> https://httpbin.org/,8.000000,0.000000,2400,3400,3700,3900,4000,4100,4100,4200,4200,4200,4200,110,0,1100.0,2369.1560100007337,622.0430000103079,12441.687200014712,332.0
1778883938,160,GET,GET /api/ -> https://www.python.org/,6.600000,0.000000,3200,3500,3900,4000,4100,4200,4200,4200,4200,4200,4200,102,0,3500.0,5271.252489216482,567.2019000048749,14383.067199989455,13844.0
1778883938,160,,Aggregated,39.600000,0.000000,3300,3500,3600,3700,4100,4200,5000,5600,5800,5800,5800,590,0,3200.0,3431.7468327122356,18.59700001659803,14383.067199989455,6017.82372881356
1778883939,165,GET,GET /api/ -> http://example.com/,4.000000,0.000000,2600,2800,3400,3400,3600,3700,3700,3700,3700,3700,3700,135,0,2800.0,4192.582531852423,18.59700001659803,12188.26049999916,68.0
1778883939,165,GET,GET /api/ -> https://books.toscrape.com/,8.000000,0.000000,1200,2500,4000,4200,4200,4300,4300,4300,4300,4300,4300,120,0,3000.0,2374.5996733336747,40.837999986251816,4726.719800004503,8223.0
1778883939,165,GET,GET /api/ -> https://docs.docker.com/,7.600000,0.000000,3000,3500,3500,3600,3600,3700,5300,5400,5400,5400,5400,79,0,3200.0,2772.367941770081,928.869700001087,6868.618100008462,1856.0
1778883939,165,GET,GET /api/ -> https://flask.palletsprojects.com/,4.200000,0.000000,4100,4300,4300,4500,5600,5800,6000,6000,6000,6000,6000,47,0,4100.0,3683.77121915159,1178.4560000232887,5954.876400006469,20936.0
1778883939,165,GET,GET /api/ -> https://httpbin.org/,8.000000,0.000000,3600,3900,3900,4000,4100,4100,5700,5700,5700,5700,5700,111,0,1200.0,2399.055679279971,622.0430000103079,12441.687200014712,332.0
1778883939,165,GET,GET /api/ -> https://www.python.org/,6.900000,0.000000,3200,3500,3900,4000,4100,4200,4200,5900,5900,5900,5900,103,0,3500.0,5277.730933010513,567.2019000048749,14383.067199989455,13844.0
1778883939,165,,Aggregated,38.700000,0.000000,3100,3600,4000,4000,4200,4800,5700,5800,6000,6000,6000,595,0,3300.0,3450.4308971432583,18.59700001659803,14383.067199989455,6032.504201680672
1778883940,170,GET,GET /api/ -> http://example.com/,4.000000,0.000000,2600,2800,3400,3400,3600,3700,3700,3700,3700,3700,3700,135,0,2800.0,4192.582531852423,18.59700001659803,12188.26049999916,68.0
1778883940,170,GET,GET /api/ -> https://books.toscrape.com/,7.500000,0.000000,1200,2500,4000,4200,4200,4300,4300,4300,4300,4300,4300,120,0,3000.0,2374.5996733336747,40.837999986251816,4726.719800004503,8223.0
1778883940,170,GET,GET /api/ -> https://docs.docker.com/,6.900000,0.000000,3000,3500,3500,3600,3700,3700,5400,6400,6400,6400,6400,80,0,3200.0,2817.7954674978537,928.869700001087,6868.618100008462,1856.0
1778883940,170,GET,GET /api/ -> https://flask.palletsprojects.com/,4.500000,0.000000,4100,4300,4300,4500,5600,5800,6000,6000,6000,6000,6000,47,0,4100.0,3683.77121915159,1178.4560000232887,5954.876400006469,20936.0
1778883940,170,GET,GET /api/ -> https://httpbin.org/,8.000000,0.000000,3900,4000,4000,4100,4200,6600,7000,7000,7000,7000,7000,113,0,1200.0,2477.1477495581817,622.0430000103079,12441.687200014712,332.0
1778883940,170,GET,GET /api/ -> https://redis.io/,0.000000,0.000000,0,0,0,0,0,0,0,0,0,0,0,5,0,7500.0,7281.136980000883,6804.642200004309,7773.17640002002,7780.0
1778883940,170,GET,GET /api/ -> https://www.python.org/,7.200000,0.000000,3400,3600,4000,4000,4100,4200,4200,5900,5900,5900,5900,103,0,3500.0,5277.730933010513,567.2019000048749,14383.067199989455,13844.0
1778883940,170,,Aggregated,38.100000,0.000000,3500,3900,4100,4100,4300,5800,6800,7500,7800,7800,7800,603,0,3300.0,3498.2440364846316,18.59700001659803,14383.067199989455,6021.160862354892
1778883941,175,GET,GET /api/ -> http://example.com/,4.000000,0.000000,2800,3100,3600,3600,3700,3700,3700,3700,3700,3700,3700,135,0,2800.0,4192.582531852423,18.59700001659803,12188.26049999916,68.0
1778883941,175,GET,GET /api/ -> https://books.toscrape.com/,7.400000,0.000000,4000,4200,4200,4200,4300,4300,4300,4300,4300,4300,4300,120,0,3000.0,2374.5996733336747,40.837999986251816,4726.719800004503,8223.0
1778883941,175,GET,GET /api/ -> https://docs.docker.com/,6.200000,0.000000,1400,3100,3500,3500,3700,5300,6400,6400,6400,6400,6400,80,0,3200.0,2817.7954674978537,928.869700001087,6868.618100008462,1856.0
1778883941,175,GET,GET /api/ -> https://flask.palletsprojects.com/,4.600000,0.000000,4100,4300,4300,4500,5600,5800,6000,6000,6000,6000,6000,47,0,4100.0,3683.77121915159,1178.4560000232887,5954.876400006469,20936.0
1778883941,175,GET,GET /api/ -> https://httpbin.org/,8.000000,0.000000,3900,4000,4100,4100,6600,7900,8000,8000,8000,8000,8000,115,0,1500.0,2572.6823321746097,622.0430000103079,12441.687200014712,332.0
1778883941,175,GET,GET /api/ -> https://redis.io/,0.000000,0.000000,0,0,0,0,0,0,0,0,0,0,0,8,0,7500.0,7741.280462498253,6804.642200004309,8832.204900012584,7780.0
1778883941,175,GET,GET /api/ -> https://www.python.org/,7.200000,0.000000,3400,3600,4000,4000,4100,4200,5900,7900,7900,7900,7900,104,0,3500.0,5302.785457693132,567.2019000048749,14383.067199989455,13844.0
1778883941,175,,Aggregated,37.400000,0.000000,3500,4000,4100,4200,5400,6800,7900,8000,8800,8800,8800,609,0,3300.0,3544.8109799675262,18.59700001659803,14383.067199989455,6023.986863711001
1778883943,180,GET,GET /api/ -> http://example.com/,2.000000,0.000000,2700,2800,2800,2800,3100,3300,3300,3300,3300,3300,3300,135,0,2800.0,4192.582531852423,18.59700001659803,12188.26049999916,68.0
1778883943,180,GET,GET /api/ -> https://books.toscrape.com/,2.500000,0.000000,4200,4200,4300,4300,8300,8400,8400,8400,8400,8400,8400,123,0,3300.0,2519.945813008353,40.837999986251816,8411.734900000738,8223.0
1778883943,180,GET,GET /api/ -> https://docs.docker.com/,4.900000,0.000000,1400,3000,3400,3500,5400,8100,8700,8700,8700,8700,8700,83,0,3300.0,3017.70253614235,928.869700001087,8735.874000005424,1856.0
1778883943,180,GET,GET /api/ -> https://flask.palletsprojects.com/,4.700000,0.000000,4200,4300,5400,5800,8400,8600,8800,8800,8800,8800,8800,54,0,4200.0,4296.749703706829,1178.4560000232887,8831.623900012346,20936.0
1778883943,180,GET,GET /api/ -> https://httpbin.org/,4.900000,0.000000,3700,5700,6600,7000,7900,8000,8000,8000,8000,8000,8000,115,0,1500.0,2572.6823321746097,622.0430000103079,12441.687200014712,332.0
1778883943,180,GET,GET /api/ -> https://redis.io/,0.000000,0.000000,9100,9200,9200,9300,9400,9700,9700,9700,9700,9700,9700,20,0,8800.0,8592.489674995886,6804.642200004309,9698.82890000008,7780.0
1778883943,180,GET,GET /api/ -> https://www.python.org/,7.300000,0.000000,2500,3200,3300,4000,8400,8700,8700,8700,8700,8700,8700,108,0,3600.0,5425.102054630568,567.2019000048749,14383.067199989455,13844.0
1778883943,180,,Aggregated,26.300000,0.000000,2800,3700,6800,7900,8700,9100,9200,9400,9700,9700,9700,638,0,3400.0,3780.66623025108,18.59700001659803,14383.067199989455,6260.396551724138
1778883944,185,GET,GET /api/ -> http://example.com/,2.000000,0.000000,2800,3100,9200,9300,9300,9400,9400,9400,9400,9400,9400,140,0,3300.0,4374.7464757148655,18.59700001659803,12188.26049999916,68.0
1778883944,185,GET,GET /api/ -> https://books.toscrape.com/,1.400000,0.000000,8400,9200,9500,9500,9600,9600,9600,9600,9600,9600,9600,130,0,3300.0,2890.124449231035,40.837999986251816,9628.633600019384,8223.0
1778883944,185,GET,GET /api/ -> https://docs.docker.com/,5.000000,0.000000,3000,5400,8200,8700,9400,9400,9500,9500,9500,9500,9500,88,0,3400.0,3374.2476931795613,928.869700001087,9523.798100010026,1856.0
1778883944,185,GET,GET /api/ -> https://flask.palletsprojects.com/,4.700000,0.000000,4300,8400,8600,8800,9000,9000,9000,9000,9000,9000,9000,60,0,4200.0,4749.942971668982,1178.4560000232887,9011.236899998039,20936.0
1778883944,185,GET,GET /api/ -> https://httpbin.org/,3.800000,0.000000,6600,7000,7900,7900,8000,8000,8000,8000,8000,8000,8000,115,0,1500.0,2572.6823321746097,622.0430000103079,12441.687200014712,332.0
1778883944,185,GET,GET /api/ -> https://redis.io/,0.800000,0.000000,9300,10000,10000,10000,11000,11000,11000,11000,11000,11000,11000,29,0,9200.0,9150.709337928203,6804.642200004309,10760.611800011247,7780.0
1778883944,185,GET,GET /api/ -> https://www.python.org/,6.100000,0.000000,3200,4000,7900,8400,8700,8700,8700,8700,8700,8700,8700,108,0,3600.0,5425.102054630568,567.2019000048749,14383.067199989455,13844.0
1778883944,185,,Aggregated,23.800000,0.000000,7300,8700,9000,9200,9500,10000,11000,11000,11000,11000,11000,670,0,3400.0,4055.5986883584437,18.59700001659803,14383.067199989455,6353.6567164179105
1778883945,190,GET,GET /api/ -> http://example.com/,2.000000,0.000000,7300,8100,8800,8800,9300,9300,9400,9400,9400,9400,9400,170,0,3700.0,4788.563504706904,18.59700001659803,12188.26049999916,68.0
1778883945,190,GET,GET /api/ -> https://books.toscrape.com/,1.600000,0.000000,8400,9000,9300,9500,9600,9600,9600,9600,9600,9600,9600,135,0,3400.0,3089.091731851955,40.837999986251816,9628.633600019384,8223.0
1778883945,190,GET,GET /api/ -> https://docs.docker.com/,5.300000,0.000000,8100,8700,8800,8900,9200,9400,9500,9500,9500,9500,9500,103,0,3500.0,4054.7099766978154,928.869700001087,9523.798100010026,1856.0
1778883945,190,GET,GET /api/ -> https://flask.palletsprojects.com/,5.100000,0.000000,8600,8800,9000,9000,9000,9000,9100,9100,9100,9100,9100,80,0,5000.0,5595.344561250022,1178.4560000232887,9067.492300004233,20936.0
1778883945,190,GET,GET /api/ -> https://httpbin.org/,3.600000,0.000000,8000,8800,9000,9000,9000,9100,9100,9100,9100,9100,9100,120,0,1800.0,2839.0409600009057,622.0430000103079,12441.687200014712,332.0
1778883945,190,GET,GET /api/ -> https://redis.io/,2.000000,0.000000,9000,9200,9700,10000,11000,11000,11000,11000,11000,11000,11000,47,0,8900.0,8846.020485104205,5195.70839998778,10802.582699980121,7780.0
1778883945,190,GET,GET /api/ -> https://www.python.org/,6.400000,0.000000,4600,7900,8600,8700,9000,9000,9000,9000,9000,9000,9000,112,0,3600.0,5481.688971429321,567.2019000048749,14383.067199989455,13844.0
1778883945,190,,Aggregated,26.000000,0.000000,8400,8800,9000,9000,9300,9700,11000,11000,11000,11000,11000,767,0,3500.0,4519.873422294856,18.59700001659803,14383.067199989455,6445.555410691004
1778883946,195,GET,GET /api/ -> http://example.com/,2.000000,0.000000,5300,7300,8100,8100,8800,9300,9300,9400,9400,9400,9400,185,0,3600.0,4650.2389118929605,18.59700001659803,12188.26049999916,68.0
1778883946,195,GET,GET /api/ -> https://books.toscrape.com/,1.500000,0.000000,8400,8500,9200,9300,9500,9600,9600,9600,9600,9600,9600,136,0,3400.0,3084.2480573530124,40.837999986251816,9628.633600019384,8223.0
1778883946,195,GET,GET /api/ -> https://docs.docker.com/,5.300000,0.000000,7900,8200,8700,8800,9200,9400,9500,9500,9500,9500,9500,108,0,3400.0,4017.141366665008,928.869700001087,9523.798100010026,1856.0
1778883946,195,GET,GET /api/ -> https://flask.palletsprojects.com/,3.000000,0.000000,8500,8800,8900,9000,9000,9000,9100,9100,9100,9100,9100,86,0,4500.0,5409.266809302418,1178.4560000232887,9067.492300004233,20936.0
1778883946,195,GET,GET /api/ -> https://httpbin.org/,1.300000,0.000000,3200,7000,8000,8800,9000,9000,9100,9100,9100,9100,9100,130,0,2200.0,2833.5930038471884,622.0430000103079,12441.687200014712,332.0
1778883946,195,GET,GET /api/ -> https://redis.io/,2.800000,0.000000,8900,9100,9300,9700,10000,11000,11000,11000,11000,11000,11000,57,0,8800.0,7828.684752629335,2418.6506000114605,10802.582699980121,7780.0
1778883946,195,GET,GET /api/ -> https://www.python.org/,3.200000,0.000000,5900,8400,8700,8700,9000,9000,9000,9000,9000,9000,9000,115,0,3600.0,5436.265419131277,567.2019000048749,14383.067199989455,13844.0
1778883946,195,,Aggregated,19.100000,0.000000,8100,8800,8900,9000,9300,9600,11000,11000,11000,11000,11000,817,0,3500.0,4429.09766499405,18.59700001659803,14383.067199989455,6377.640146878825
1778883947,200,GET,GET /api/ -> http://example.com/,3.300000,0.000000,5300,7300,8100,8100,8800,9300,9300,9400,9400,9400,9400,185,0,3600.0,4650.2389118929605,18.59700001659803,12188.26049999916,68.0
1778883947,200,GET,GET /api/ -> https://books.toscrape.com/,2.000000,0.000000,8400,8500,9200,9300,9500,9600,9600,9600,9600,9600,9600,137,0,3400.0,3084.9430985401646,40.837999986251816,9628.633600019384,8223.0
1778883947,200,GET,GET /api/ -> https://docs.docker.com/,4.200000,0.000000,8100,8700,8800,8900,9200,9400,9500,9500,9500,9500,9500,108,0,3400.0,4017.141366665008,928.869700001087,9523.798100010026,1856.0
1778883947,200,GET,GET /api/ -> https://flask.palletsprojects.com/,4.900000,0.000000,8500,8800,8900,9000,9000,9000,9100,9100,9100,9100,9100,87,0,4500.0,5375.015100000236,1178.4560000232887,9067.492300004233,20936.0
1778883947,200,GET,GET /api/ -> https://httpbin.org/,1.200000,0.000000,5700,7900,8800,8900,9000,9100,9100,9100,9100,9100,9100,130,0,2200.0,2833.5930038471884,622.0430000103079,12441.687200014712,332.0
1778883947,200,GET,GET /api/ -> https://redis.io/,4.600000,0.000000,8900,9100,9300,9700,10000,11000,11000,11000,11000,11000,11000,57,0,8800.0,7828.684752629335,2418.6506000114605,10802.582699980121,7780.0
1778883947,200,GET,GET /api/ -> https://www.python.org/,2.300000,0.000000,5900,8400,8700,8700,9000,9000,9000,9000,9000,9000,9000,115,0,3600.0,5436.265419131277,567.2019000048749,14383.067199989455,13844.0
1778883947,200,,Aggregated,22.500000,0.000000,8100,8800,8900,9000,9300,9600,11000,11000,11000,11000,11000,819,0,3500.0,4425.130194261471,18.59700001659803,14383.067199989455,6397.669108669109
1778883948,200,GET,GET /api/ -> http://example.com/,3.300000,0.000000,5300,7300,8100,8100,8800,9300,9300,9400,9400,9400,9400,185,0,3600.0,4650.2389118929605,18.59700001659803,12188.26049999916,68.0
1778883948,200,GET,GET /api/ -> https://books.toscrape.com/,2.000000,0.000000,8400,9000,9300,9500,9600,9600,9600,9600,9600,9600,9600,138,0,3400.0,3088.5374739131744,40.837999986251816,9628.633600019384,8223.0
1778883948,200,GET,GET /api/ -> https://docs.docker.com/,4.200000,0.000000,8100,8700,8800,8900,9200,9400,9500,9500,9500,9500,9500,108,0,3400.0,4017.141366665008,928.869700001087,9523.798100010026,1856.0
1778883948,200,GET,GET /api/ -> https://flask.palletsprojects.com/,4.900000,0.000000,8500,8800,8900,9000,9000,9000,9100,9100,9100,9100,9100,87,0,4500.0,5375.015100000236,1178.4560000232887,9067.492300004233,20936.0
1778883948,200,GET,GET /api/ -> https://httpbin.org/,1.200000,0.000000,5700,7900,8800,8900,9000,9100,9100,9100,9100,9100,9100,130,0,2200.0,2833.5930038471884,622.0430000103079,12441.687200014712,332.0
1778883948,200,GET,GET /api/ -> https://redis.io/,4.600000,0.000000,8800,9100,9200,9700,10000,11000,11000,11000,11000,11000,11000,58,0,8800.0,7763.562858618037,2418.6506000114605,10802.582699980121,7780.0
1778883948,200,GET,GET /api/ -> https://www.python.org/,2.300000,0.000000,7900,8600,8700,8700,9000,9000,9000,9000,9000,9000,9000,115,0,3600.0,5436.265419131277,567.2019000048749,14383.067199989455,13844.0
1778883948,200,,Aggregated,22.500000,0.000000,8100,8800,8900,9000,9300,9600,11000,11000,11000,11000,11000,821,0,3500.0,4423.6470291110045,18.59700001659803,14383.067199989455,6401.576126674787
1778883949,200,GET,GET /api/ -> http://example.com/,5.000000,0.000000,6300,7300,8100,8800,9200,9300,9400,9400,9400,9400,9400,185,0,3600.0,4650.2389118929605,18.59700001659803,12188.26049999916,68.0
1778883949,200,GET,GET /api/ -> https://books.toscrape.com/,1.600000,0.000000,8400,9000,9300,9500,9600,9600,9600,9600,9600,9600,9600,139,0,3400.0,3102.851229496409,40.837999986251816,9628.633600019384,8223.0
1778883949,200,GET,GET /api/ -> https://docs.docker.com/,3.200000,0.000000,8200,8700,8800,9000,9400,9400,9500,9500,9500,9500,9500,108,0,3400.0,4017.141366665008,928.869700001087,9523.798100010026,1856.0
1778883949,200,GET,GET /api/ -> https://flask.palletsprojects.com/,4.500000,0.000000,8500,8800,8900,9000,9000,9000,9100,9100,9100,9100,9100,88,0,4500.0,5364.54807727304,1178.4560000232887,9067.492300004233,20936.0
1778883949,200,GET,GET /api/ -> https://httpbin.org/,2.000000,0.000000,3200,7900,8800,8900,9000,9100,9100,9100,9100,9100,9100,130,0,2200.0,2833.5930038471884,622.0430000103079,12441.687200014712,332.0
1778883949,200,GET,GET /api/ -> https://locust.io/,0.000000,0.000000,0,0,0,0,0,0,0,0,0,0,0,3,0,8600.0,8083.234066657799,6465.957999986131,9185.972399980528,5097.0
1778883949,200,GET,GET /api/ -> https://redis.io/,5.700000,0.000000,8800,9100,9200,9700,10000,11000,11000,11000,11000,11000,11000,58,0,8800.0,7763.562858618037,2418.6506000114605,10802.582699980121,7780.0
1778883949,200,GET,GET /api/ -> https://www.python.org/,1.600000,0.000000,7900,8600,8700,8700,9000,9000,9000,9000,9000,9000,9000,115,0,3600.0,5436.265419131277,567.2019000048749,14383.067199989455,13844.0
1778883949,200,,Aggregated,23.600000,0.000000,8100,8800,8900,9000,9300,9600,11000,11000,11000,11000,11000,826,0,3500.0,4437.767529903266,18.59700001659803,14383.067199989455,6416.639225181598
1778883950,200,GET,GET /api/ -> http://example.com/,5.000000,0.000000,6300,7300,8100,8800,9200,9300,9400,9400,9400,9400,9400,185,0,3600.0,4650.2389118929605,18.59700001659803,12188.26049999916,68.0
1778883950,200,GET,GET /api/ -> https://books.toscrape.com/,1.800000,0.000000,8400,9000,9300,9500,9600,9600,9600,9600,9600,9600,9600,140,0,3400.0,3119.4857414285902,40.837999986251816,9628.633600019384,8223.0
1778883950,200,GET,GET /api/ -> https://docs.docker.com/,3.200000,0.000000,8200,8700,8800,9000,9400,9400,9500,9500,9500,9500,9500,108,0,3400.0,4017.141366665008,928.869700001087,9523.798100010026,1856.0
1778883950,200,GET,GET /api/ -> https://flask.palletsprojects.com/,4.200000,0.000000,8500,8800,8900,9000,9000,9000,9100,9100,9100,9100,9100,88,0,4500.0,5364.54807727304,1178.4560000232887,9067.492300004233,20936.0
1778883950,200,GET,GET /api/ -> https://httpbin.org/,2.000000,0.000000,3200,8000,8800,8900,9000,9100,9100,9100,9100,9100,9100,130,0,2200.0,2833.5930038471884,622.0430000103079,12441.687200014712,332.0
1778883950,200,GET,GET /api/ -> https://locust.io/,0.000000,0.000000,8600,9000,9200,9200,9300,9300,9300,9300,9300,9300,9300,9,0,8000.0,8172.194544442593,6465.957999986131,9318.09179999982,5097.0
1778883950,200,GET,GET /api/ -> https://redis.io/,5.800000,0.000000,8800,9100,9200,9700,10000,11000,11000,11000,11000,11000,11000,59,0,8800.0,7733.014501692427,2418.6506000114605,10802.582699980121,7780.0
1778883950,200,GET,GET /api/ -> https://www.python.org/,1.300000,0.000000,8400,8600,8700,8700,9000,9000,9000,9000,9000,9000,9000,115,0,3600.0,5436.265419131277,567.2019000048749,14383.067199989455,13844.0
1778883950,200,,Aggregated,23.300000,0.000000,8100,8800,9000,9000,9300,9600,11000,11000,11000,11000,11000,834,0,3500.0,4467.972327458173,18.59700001659803,14383.067199989455,6410.946043165468
1778883951,200,GET,GET /api/ -> http://example.com/,5.000000,0.000000,6300,7300,8100,8100,8800,9300,9300,9400,9400,9400,9400,190,0,3600.0,4696.799338422103,18.59700001659803,12188.26049999916,68.0
1778883951,200,GET,GET /api/ -> https://books.toscrape.com/,1.800000,0.000000,6400,6400,6600,8300,9000,9500,9600,9600,9600,9600,9600,182,0,3400.0,3834.902539560002,40.837999986251816,9628.633600019384,8223.0
1778883951,200,GET,GET /api/ -> https://docs.docker.com/,3.100000,0.000000,7900,8600,8800,8900,9200,9400,9500,9500,9500,9500,9500,115,0,3500.0,4154.042228693952,928.869700001087,9523.798100010026,1856.0
1778883951,200,GET,GET /api/ -> https://flask.palletsprojects.com/,4.200000,0.000000,6500,8500,8800,8800,9000,9000,9000,9100,9100,9100,9100,108,0,5800.0,5527.186987963904,1178.4560000232887,9067.492300004233,20936.0
1778883951,200,GET,GET /api/ -> https://httpbin.org/,2.000000,0.000000,6200,6400,8000,8800,9000,9000,9100,9100,9100,9100,9100,136,0,2500.0,2981.321152942067,622.0430000103079,12441.687200014712,332.0
1778883951,200,GET,GET /api/ -> https://locust.io/,0.100000,0.000000,6500,7200,8000,8100,8700,9300,9400,10000,10000,10000,10000,57,0,6500.0,7073.455654386954,5642.642099992372,10295.936600014102,5097.0
1778883951,200,GET,GET /api/ -> https://redis.io/,5.800000,0.000000,6600,8900,9100,9200,10000,11000,11000,11000,11000,11000,11000,84,0,7500.0,7305.577904759308,2418.6506000114605,10802.582699980121,7780.0
1778883951,200,GET,GET /api/ -> https://www.python.org/,1.300000,0.000000,6400,6500,8400,8600,8700,9000,9000,9000,9000,9000,9000,126,0,4000.0,5502.6779960324,567.2019000048749,14383.067199989455,13844.0
1778883951,200,,Aggregated,23.300000,0.000000,6400,8000,8600,8800,9100,9400,10000,11000,11000,11000,11000,998,0,4000.0,4790.228264629327,18.59700001659803,14383.067199989455,6731.041082164329
1778883952,200,GET,GET /api/ -> http://example.com/,5.000000,0.000000,5900,6400,7300,8100,8800,9300,9300,9400,9400,9400,9400,200,0,3700.0,4735.95024050097,18.59700001659803,12188.26049999916,68.0
1778883952,200,GET,GET /api/ -> https://books.toscrape.com/,2.000000,0.000000,6300,6400,6500,6600,9000,9500,9600,9600,9600,9600,9600,187,0,3400.0,3840.9627951866196,40.837999986251816,9628.633600019384,8223.0
1778883952,200,GET,GET /api/ -> https://docs.docker.com/,2.900000,0.000000,6600,8000,8700,8800,9200,9400,9500,9500,9500,9500,9500,122,0,3400.0,3991.1062204900204,815.8547999919392,9523.798100010026,1856.0
1778883952,200,GET,GET /api/ -> https://flask.palletsprojects.com/,4.100000,0.000000,6400,8100,8800,8800,9000,9000,9000,9100,9100,9100,9100,110,0,5800.0,5456.8071281825805,1178.4560000232887,9067.492300004233,20936.0
1778883952,200,GET,GET /api/ -> https://httpbin.org/,1.900000,0.000000,2600,3200,5700,6200,8800,9000,9100,9100,9100,9100,9100,156,0,1900.0,2831.286972436945,622.0430000103079,12441.687200014712,332.0
1778883952,200,GET,GET /api/ -> https://locust.io/,0.500000,0.000000,6400,6800,7400,8000,8300,9200,9400,10000,10000,10000,10000,74,0,6400.0,5860.281004054815,828.1472999951802,10295.936600014102,5097.0
1778883952,200,GET,GET /api/ -> https://redis.io/,5.900000,0.000000,6200,6500,6500,7800,8900,9000,11000,11000,11000,11000,11000,101,0,6500.0,6456.6219643549075,510.0090999912936,10802.582699980121,7780.0
1778883952,200,GET,GET /api/ -> https://www.python.org/,1.200000,0.000000,5900,6200,6400,6400,6500,9000,9000,9000,9000,9000,9000,134,0,4000.0,5373.984988060356,542.6513999991585,14383.067199989455,13844.0
1778883952,200,,Aggregated,23.500000,0.000000,6100,6400,6600,7700,8800,9000,9100,9300,11000,11000,11000,1084,0,3800.0,4612.719744096045,18.59700001659803,14383.067199989455,6596.438191881919
1778883954,200,GET,GET /api/ -> http://example.com/,5.000000,0.000000,4500,5100,5900,5900,6400,6400,6400,6400,6400,6400,6400,200,0,3700.0,4735.95024050097,18.59700001659803,12188.26049999916,68.0
1778883954,200,GET,GET /api/ -> https://books.toscrape.com/,2.600000,0.000000,6100,6400,6400,6400,6600,8400,8400,8500,8500,8500,8500,187,0,3400.0,3840.9627951866196,40.837999986251816,9628.633600019384,8223.0
1778883954,200,GET,GET /api/ -> https://docs.docker.com/,3.000000,0.000000,3200,5200,6100,6100,6400,6500,6600,6600,6600,6600,6600,124,0,3400.0,3951.932652417576,678.5702999914065,9523.798100010026,1856.0
1778883954,200,GET,GET /api/ -> https://flask.palletsprojects.com/,4.800000,0.000000,6100,6300,6400,6400,6400,6500,6500,6500,6500,6500,6500,110,0,5800.0,5456.8071281825805,1178.4560000232887,9067.492300004233,20936.0
1778883954,200,GET,GET /api/ -> https://httpbin.org/,1.900000,0.000000,2500,2900,3200,4600,6200,6300,6400,6400,6400,6400,6400,157,0,1900.0,2820.9752987270913,622.0430000103079,12441.687200014712,332.0
1778883954,200,GET,GET /api/ -> https://locust.io/,4.100000,0.000000,6400,6800,7200,8000,8300,9200,9400,10000,10000,10000,10000,79,0,6400.0,5568.147697469773,828.1472999951802,10295.936600014102,5097.0
1778883954,200,GET,GET /api/ -> https://redis.io/,6.900000,0.000000,5800,6200,6400,6400,6500,6500,6500,6600,6600,6600,6600,101,0,6500.0,6456.6219643549075,510.0090999912936,10802.582699980121,7780.0
1778883954,200,GET,GET /api/ -> https://www.python.org/,1.700000,0.000000,5800,5900,6000,6300,6400,6500,6500,6500,6500,6500,6500,140,0,3900.0,5201.063830714598,542.6513999991585,14383.067199989455,13844.0
1778883954,200,,Aggregated,30.000000,0.000000,5900,6200,6400,6400,6500,7600,8600,9200,10000,10000,10000,1098,0,3700.0,4570.84068169409,18.59700001659803,14383.067199989455,6614.87431693989
1778883955,200,GET,GET /api/ -> http://example.com/,5.500000,0.000000,5900,5900,6400,6400,6400,6400,6400,6400,6400,6400,6400,200,0,3700.0,4735.95024050097,18.59700001659803,12188.26049999916,68.0
1778883955,200,GET,GET /api/ -> https://books.toscrape.com/,6.400000,0.000000,6100,6300,6400,6400,6400,6500,6500,6600,6600,6600,6600,187,0,3400.0,3840.9627951866196,40.837999986251816,9628.633600019384,8223.0
1778883955,200,GET,GET /api/ -> https://docs.docker.com/,3.500000,0.000000,3200,5200,6100,6100,6400,6500,6600,6600,6600,6600,6600,124,0,3400.0,3951.932652417576,678.5702999914065,9523.798100010026,1856.0
1778883955,200,GET,GET /api/ -> https://flask.palletsprojects.com/,6.100000,0.000000,6200,6300,6400,6400,6400,6500,6500,6500,6500,6500,6500,110,0,5800.0,5456.8071281825805,1178.4560000232887,9067.492300004233,20936.0
1778883955,200,GET,GET /api/ -> https://httpbin.org/,2.100000,0.000000,2400,2800,3100,5100,6200,6300,6400,6400,6400,6400,6400,157,0,1900.0,2820.9752987270913,622.0430000103079,12441.687200014712,332.0
1778883955,200,GET,GET /api/ -> https://locust.io/,5.700000,0.000000,6400,6500,7200,8000,8300,9200,9400,10000,10000,10000,10000,81,0,6400.0,5522.108475310099,828.1472999951802,10295.936600014102,5097.0
1778883955,200,GET,GET /api/ -> https://redis.io/,7.700000,0.000000,5900,6300,6400,6400,6500,6500,6600,6600,6600,6600,6600,101,0,6500.0,6456.6219643549075,510.0090999912936,10802.582699980121,7780.0
1778883955,200,GET,GET /api/ -> https://www.python.org/,2.300000,0.000000,4600,5900,6000,6200,6400,6500,6500,6500,6500,6500,6500,142,0,3600.0,5153.15805845111,542.6513999991585,14383.067199989455,13844.0
1778883955,200,,Aggregated,39.300000,0.000000,6000,6300,6400,6400,6500,8000,8600,9200,10000,10000,10000,1102,0,3700.0,4564.237472686145,18.59700001659803,14383.067199989455,6625.239564428312
1778883956,200,GET,GET /api/ -> http://example.com/,6.500000,0.000000,5900,5900,6400,6400,6400,6400,6400,6400,6400,6400,6400,200,0,3700.0,4735.95024050097,18.59700001659803,12188.26049999916,68.0
1778883956,200,GET,GET /api/ -> https://books.toscrape.com/,6.400000,0.000000,6100,6300,6400,6400,6400,6500,6500,6600,6600,6600,6600,187,0,3400.0,3840.9627951866196,40.837999986251816,9628.633600019384,8223.0
1778883956,200,GET,GET /api/ -> https://docs.docker.com/,3.900000,0.000000,3200,5200,6100,6100,6400,6500,6600,6600,6600,6600,6600,124,0,3400.0,3951.932652417576,678.5702999914065,9523.798100010026,1856.0
1778883956,200,GET,GET /api/ -> https://flask.palletsprojects.com/,5.600000,0.000000,6200,6300,6400,6400,6400,6500,6500,6500,6500,6500,6500,110,0,5800.0,5456.8071281825805,1178.4560000232887,9067.492300004233,20936.0
1778883956,200,GET,GET /api/ -> https://httpbin.org/,4.100000,0.000000,2400,2800,3100,5100,6200,6300,6400,6400,6400,6400,6400,157,0,1900.0,2820.9752987270913,622.0430000103079,12441.687200014712,332.0
1778883956,200,GET,GET /api/ -> https://locust.io/,7.400000,0.000000,6400,6500,7100,8000,8200,9000,9400,10000,10000,10000,10000,82,0,6400.0,5484.443301221047,828.1472999951802,10295.936600014102,5097.0
1778883956,200,GET,GET /api/ -> https://redis.io/,8.100000,0.000000,6000,6300,6400,6400,6500,6500,6600,6600,6600,6600,6600,101,0,6500.0,6456.6219643549075,510.0090999912936,10802.582699980121,7780.0
1778883956,200,GET,GET /api/ -> https://www.python.org/,2.600000,0.000000,4600,5900,6000,6200,6400,6500,6500,6500,6500,6500,6500,142,0,3600.0,5153.15805845111,542.6513999991585,14383.067199989455,13844.0
1778883956,200,,Aggregated,44.600000,0.000000,6100,6300,6400,6400,6600,8000,8700,9300,10000,10000,10000,1103,0,3700.0,4562.305765276645,18.59700001659803,14383.067199989455,6623.854034451496
1778883957,200,GET,GET /api/ -> http://example.com/,6.000000,0.000000,5900,5900,6400,6400,6400,6400,6400,6400,6400,6400,6400,200,0,3700.0,4735.95024050097,18.59700001659803,12188.26049999916,68.0
1778883957,200,GET,GET /api/ -> https://books.toscrape.com/,5.700000,0.000000,6100,6300,6400,6400,6400,6500,6500,6600,6600,6600,6600,187,0,3400.0,3840.9627951866196,40.837999986251816,9628.633600019384,8223.0
1778883957,200,GET,GET /api/ -> https://docs.docker.com/,3.600000,0.000000,2400,6100,6100,6300,6500,6600,6600,6600,6600,6600,6600,125,0,3400.0,3949.789429598255,678.5702999914065,9523.798100010026,1856.0
1778883957,200,GET,GET /api/ -> https://flask.palletsprojects.com/,5.000000,0.000000,6200,6400,6400,6400,6400,6500,6500,6500,6500,6500,6500,110,0,5800.0,5456.8071281825805,1178.4560000232887,9067.492300004233,20936.0
1778883957,200,GET,GET /api/ -> https://httpbin.org/,4.200000,0.000000,2400,2800,3100,5100,6200,6300,6400,6400,6400,6400,6400,157,0,1900.0,2820.9752987270913,622.0430000103079,12441.687200014712,332.0
1778883957,200,GET,GET /api/ -> https://locust.io/,7.900000,0.000000,6400,6500,7100,8000,8200,9000,9400,10000,10000,10000,10000,82,0,6400.0,5484.443301221047,828.1472999951802,10295.936600014102,5097.0
1778883957,200,GET,GET /api/ -> https://redis.io/,7.300000,0.000000,6000,6300,6400,6400,6500,6500,6600,6600,6600,6600,6600,101,0,6500.0,6456.6219643549075,510.0090999912936,10802.582699980121,7780.0
1778883957,200,GET,GET /api/ -> https://www.python.org/,3.200000,0.000000,5800,5900,6200,6300,6400,6500,6500,6500,6500,6500,6500,142,0,3600.0,5153.15805845111,542.6513999991585,14383.067199989455,13844.0
1778883957,200,,Aggregated,42.900000,0.000000,6100,6300,6400,6400,6600,8000,8700,9300,10000,10000,10000,1104,0,3700.0,4561.510225453027,18.59700001659803,14383.067199989455,6619.535326086957
1778883958,200,GET,GET /api/ -> http://example.com/,3.700000,0.000000,5900,5900,6400,6400,6400,6400,6400,6400,6400,6400,6400,200,0,3700.0,4735.95024050097,18.59700001659803,12188.26049999916,68.0
1778883958,200,GET,GET /api/ -> https://books.toscrape.com/,5.200000,0.000000,6100,6300,6400,6400,6500,6500,6600,6600,6600,6600,6600,187,0,3400.0,3840.9627951866196,40.837999986251816,9628.633600019384,8223.0
1778883958,200,GET,GET /api/ -> https://docs.docker.com/,2.200000,0.000000,2400,6100,6100,6300,6500,6600,6600,6600,6600,6600,6600,125,0,3400.0,3949.789429598255,678.5702999914065,9523.798100010026,1856.0
1778883958,200,GET,GET /api/ -> https://flask.palletsprojects.com/,3.100000,0.000000,6200,6400,6400,6400,6400,6500,6500,6500,6500,6500,6500,110,0,5800.0,5456.8071281825805,1178.4560000232887,9067.492300004233,20936.0
1778883958,200,GET,GET /api/ -> https://httpbin.org/,3.700000,0.000000,1500,2800,5100,5700,6200,6300,6400,6400,6400,6400,6400,157,0,1900.0,2820.9752987270913,622.0430000103079,12441.687200014712,332.0
1778883958,200,GET,GET /api/ -> https://locust.io/,8.100000,0.000000,6400,6500,7100,8000,8200,9000,9400,10000,10000,10000,10000,83,0,6400.0,5479.9491409654165,828.1472999951802,10295.936600014102,5097.0
1778883958,200,GET,GET /api/ -> https://redis.io/,5.500000,0.000000,6000,6300,6400,6400,6500,6500,6600,6600,6600,6600,6600,101,0,6500.0,6456.6219643549075,510.0090999912936,10802.582699980121,7780.0
1778883958,200,GET,GET /api/ -> https://www.python.org/,3.100000,0.000000,5800,5900,6200,6300,6400,6500,6500,6500,6500,6500,6500,142,0,3600.0,5153.15805845111,542.6513999991585,14383.067199989455,13844.0
1778883958,200,,Aggregated,34.600000,0.000000,6100,6300,6400,6400,6600,8000,8700,9300,10000,10000,10000,1105,0,3700.0,4562.007888597417,18.59700001659803,14383.067199989455,6618.157466063349
1778883959,200,GET,GET /api/ -> http://example.com/,1.500000,0.000000,5900,5900,6400,6400,6400,6400,6400,6400,6400,6400,6400,200,0,3700.0,4735.95024050097,18.59700001659803,12188.26049999916,68.0
1778883959,200,GET,GET /api/ -> https://books.toscrape.com/,5.100000,0.000000,6100,6400,6400,6400,6500,6500,6600,6600,6600,6600,6600,187,0,3400.0,3840.9627951866196,40.837999986251816,9628.633600019384,8223.0
1778883959,200,GET,GET /api/ -> https://docs.docker.com/,1.700000,0.000000,2400,6100,6100,6300,6500,6600,6600,6600,6600,6600,6600,125,0,3400.0,3949.789429598255,678.5702999914065,9523.798100010026,1856.0
1778883959,200,GET,GET /api/ -> https://flask.palletsprojects.com/,2.300000,0.000000,6300,6400,6400,6400,6400,6500,6500,6500,6500,6500,6500,110,0,5800.0,5456.8071281825805,1178.4560000232887,9067.492300004233,20936.0
1778883959,200,GET,GET /api/ -> https://httpbin.org/,2.700000,0.000000,1500,2800,5100,5700,6200,6300,6400,6400,6400,6400,6400,157,0,1900.0,2820.9752987270913,622.0430000103079,12441.687200014712,332.0
1778883959,200,GET,GET /api/ -> https://locust.io/,8.200000,0.000000,6300,6400,6900,7200,8200,8700,9400,10000,10000,10000,10000,84,0,6400.0,5485.794846429989,828.1472999951802,10295.936600014102,5097.0
1778883959,200,GET,GET /api/ -> https://redis.io/,4.400000,0.000000,6100,6300,6400,6400,6500,6500,6600,6600,6600,6600,6600,101,0,6500.0,6456.6219643549075,510.0090999912936,10802.582699980121,7780.0
1778883959,200,GET,GET /api/ -> https://www.python.org/,2.700000,0.000000,5900,6000,6300,6400,6500,6500,8100,8100,8100,8100,8100,143,0,3900.0,5173.720218881499,542.6513999991585,14383.067199989455,13844.0
1778883959,200,,Aggregated,28.600000,0.000000,6100,6300,6400,6400,6500,8000,8200,9300,10000,10000,10000,1107,0,3700.0,4566.470869286479,18.59700001659803,14383.067199989455,6623.310749774165
1778883960,200,GET,GET /api/ -> http://example.com/,1.500000,0.000000,5900,5900,6400,6400,6400,6400,6400,6400,6400,6400,6400,200,0,3700.0,4735.95024050097,18.59700001659803,12188.26049999916,68.0
1778883960,200,GET,GET /api/ -> https://books.toscrape.com/,5.100000,0.000000,6100,6300,6400,6400,6500,6500,6600,6600,6600,6600,6600,187,0,3400.0,3840.9627951866196,40.837999986251816,9628.633600019384,8223.0
1778883960,200,GET,GET /api/ -> https://docs.docker.com/,1.700000,0.000000,1700,3700,6100,6100,6300,6600,6600,6600,6600,6600,6600,125,0,3400.0,3949.789429598255,678.5702999914065,9523.798100010026,1856.0
1778883960,200,GET,GET /api/ -> https://flask.palletsprojects.com/,2.300000,0.000000,6200,6200,6400,6400,6400,6500,6500,6500,6500,6500,6500,110,0,5800.0,5456.8071281825805,1178.4560000232887,9067.492300004233,20936.0
1778883960,200,GET,GET /api/ -> https://httpbin.org/,2.700000,0.000000,1500,1600,3100,5100,6200,6200,6400,6400,6400,6400,6400,157,0,1900.0,2820.9752987270913,622.0430000103079,12441.687200014712,332.0
1778883960,200,GET,GET /api/ -> https://locust.io/,8.200000,0.000000,3700,5800,6100,6100,6400,6400,8800,8800,8800,8800,8800,85,0,6400.0,5524.279351765975,828.1472999951802,10295.936600014102,5097.0
1778883960,200,GET,GET /api/ -> https://redis.io/,4.400000,0.000000,3800,5900,5900,6100,6500,6500,6600,6600,6600,6600,6600,101,0,6500.0,6456.6219643549075,510.0090999912936,10802.582699980121,7780.0
1778883960,200,GET,GET /api/ -> https://www.python.org/,2.700000,0.000000,2700,5900,5900,6000,6200,6300,8100,8100,8100,8100,8100,143,0,3900.0,5173.720218881499,542.6513999991585,14383.067199989455,13844.0
1778883960,200,,Aggregated,28.600000,0.000000,5800,6100,6100,6200,6400,6500,6600,6600,8800,8800,8800,1108,0,3700.0,4570.252915252817,18.59700001659803,14383.067199989455,6621.93321299639
1778883961,200,GET,GET /api/ -> http://example.com/,1.500000,0.000000,5900,5900,5900,5900,5900,5900,5900,5900,5900,5900,5900,200,0,3700.0,4735.95024050097,18.59700001659803,12188.26049999916,68.0
1778883961,200,GET,GET /api/ -> https://books.toscrape.com/,5.100000,0.000000,1300,1300,5900,5900,5900,5900,5900,5900,5900,5900,5900,187,0,3400.0,3840.9627951866196,40.837999986251816,9628.633600019384,8223.0
1778883961,200,GET,GET /api/ -> https://docs.docker.com/,1.700000,0.000000,1600,1600,1700,2400,3700,3700,3700,3700,3700,3700,3700,125,0,3400.0,3949.789429598255,678.5702999914065,9523.798100010026,1856.0
1778883961,200,GET,GET /api/ -> https://flask.palletsprojects.com/,2.300000,0.000000,1700,1700,1700,1700,1700,1700,1700,1700,1700,1700,1700,110,0,5800.0,5456.8071281825805,1178.4560000232887,9067.492300004233,20936.0
1778883961,200,GET,GET /api/ -> https://httpbin.org/,2.700000,0.000000,1400,1500,1600,1600,3100,4600,5100,5100,5100,5100,5100,157,0,1900.0,2820.9752987270913,622.0430000103079,12441.687200014712,332.0
1778883961,200,GET,GET /api/ -> https://locust.io/,8.200000,0.000000,1700,2000,2400,3700,5100,6000,8800,8800,8800,8800,8800,85,0,6400.0,5524.279351765975,828.1472999951802,10295.936600014102,5097.0
1778883961,200,GET,GET /api/ -> https://redis.io/,4.400000,0.000000,1500,1600,2000,2000,5700,5900,5900,5900,5900,5900,5900,101,0,6500.0,6456.6219643549075,510.0090999912936,10802.582699980121,7780.0
1778883961,200,GET,GET /api/ -> https://www.python.org/,2.700000,0.000000,1400,2000,5900,5900,5900,8100,8100,8100,8100,8100,8100,143,0,3900.0,5173.720218881499,542.6513999991585,14383.067199989455,13844.0
1778883961,200,,Aggregated,28.600000,0.000000,1600,2000,3700,4600,5900,5900,6000,8100,8800,8800,8800,1108,0,3700.0,4570.252915252817,18.59700001659803,14383.067199989455,6621.93321299639
1778883962,200,GET,GET /api/ -> http://example.com/,1.500000,0.000000,5900,5900,5900,5900,5900,5900,5900,5900,5900,5900,5900,200,0,3700.0,4735.95024050097,18.59700001659803,12188.26049999916,68.0
1778883962,200,GET,GET /api/ -> https://books.toscrape.com/,4.900000,0.000000,1300,1300,5900,5900,5900,5900,5900,5900,5900,5900,5900,187,0,3400.0,3840.9627951866196,40.837999986251816,9628.633600019384,8223.0
1778883962,200,GET,GET /api/ -> https://docs.docker.com/,1.700000,0.000000,2400,2400,3700,3700,3700,3700,3700,3700,3700,3700,3700,125,0,3400.0,3949.789429598255,678.5702999914065,9523.798100010026,1856.0
1778883962,200,GET,GET /api/ -> https://flask.palletsprojects.com/,2.200000,0.000000,1700,1700,1700,1700,1700,1700,1700,1700,1700,1700,1700,110,0,5800.0,5456.8071281825805,1178.4560000232887,9067.492300004233,20936.0
1778883962,200,GET,GET /api/ -> https://github.com/ibnesayeed/linkextractor,0.000000,0.000000,0,0,0,0,0,0,0,0,0,0,0,1,0,11366.14389999886,11366.14389999886,11366.14389999886,11366.14389999886,12313.0
1778883962,200,GET,GET /api/ -> https://httpbin.org/,2.700000,0.000000,1200,1200,1200,1200,1200,1200,1200,1200,1200,1200,1200,157,0,1900.0,2820.9752987270913,622.0430000103079,12441.687200014712,332.0
1778883962,200,GET,GET /api/ -> https://locust.io/,8.300000,0.000000,2400,3700,5100,5100,6000,8800,8800,8800,8800,8800,8800,85,0,6400.0,5524.279351765975,828.1472999951802,10295.936600014102,5097.0
1778883962,200,GET,GET /api/ -> https://redis.io/,4.300000,0.000000,1500,1600,2000,3800,5900,10000,10000,10000,10000,10000,10000,102,0,6500.0,6495.928301959294,510.0090999912936,10802.582699980121,7780.0
1778883962,200,GET,GET /api/ -> https://www.python.org/,2.700000,0.000000,1400,1600,2000,2700,8100,8100,8100,8100,8100,8100,8100,143,0,3900.0,5173.720218881499,542.6513999991585,14383.067199989455,13844.0
1778883962,200,,Aggregated,28.300000,0.000000,2400,3700,3700,5100,8800,10000,11000,11000,11000,11000,11000,1110,0,3700.0,4581.686704864975,18.59700001659803,14383.067199989455,6628.103603603604
1778883963,200,GET,GET /api/ -> http://example.com/,1.500000,0.000000,5900,5900,5900,5900,5900,5900,5900,5900,5900,5900,5900,200,0,3700.0,4735.95024050097,18.59700001659803,12188.26049999916,68.0
1778883963,200,GET,GET /api/ -> https://books.toscrape.com/,4.900000,0.000000,1300,1300,5900,5900,5900,5900,5900,5900,5900,5900,5900,187,0,3400.0,3840.9627951866196,40.837999986251816,9628.633600019384,8223.0
1778883963,200,GET,GET /api/ -> https://docs.docker.com/,1.700000,0.000000,2400,2400,3700,3700,3700,3700,3700,3700,3700,3700,3700,125,0,3400.0,3949.789429598255,678.5702999914065,9523.798100010026,1856.0
1778883963,200,GET,GET /api/ -> https://flask.palletsprojects.com/,2.200000,0.000000,1700,1700,1700,1700,1700,1700,1700,1700,1700,1700,1700,110,0,5800.0,5456.8071281825805,1178.4560000232887,9067.492300004233,20936.0
1778883963,200,GET,GET /api/ -> https://github.com/ibnesayeed/linkextractor,0.000000,0.000000,11000,11000,11000,11000,11000,11000,11000,11000,11000,11000,11000,1,0,11366.14389999886,11366.14389999886,11366.14389999886,11366.14389999886,12313.0
1778883963,200,GET,GET /api/ -> https://httpbin.org/,2.700000,0.000000,1200,1200,1200,1200,1200,1200,1200,1200,1200,1200,1200,157,0,1900.0,2820.9752987270913,622.0430000103079,12441.687200014712,332.0
1778883963,200,GET,GET /api/ -> https://locust.io/,8.300000,0.000000,5100,5100,6000,6000,8800,8800,8800,8800,8800,8800,8800,85,0,6400.0,5524.279351765975,828.1472999951802,10295.936600014102,5097.0
1778883963,200,GET,GET /api/ -> https://redis.io/,4.300000,0.000000,1500,1600,2000,3800,5900,10000,10000,10000,10000,10000,10000,102,0,6500.0,6495.928301959294,510.0090999912936,10802.582699980121,7780.0
1778883963,200,GET,GET /api/ -> https://www.python.org/,2.700000,0.000000,2000,2000,8100,8100,8100,8100,8100,8100,8100,8100,8100,143,0,3900.0,5173.720218881499,542.6513999991585,14383.067199989455,13844.0
1778883963,200,,Aggregated,28.300000,0.000000,5100,6000,8800,8800,10000,11000,11000,11000,11000,11000,11000,1110,0,3700.0,4581.686704864975,18.59700001659803,14383.067199989455,6628.103603603604
1778883964,200,GET,GET /api/ -> http://example.com/,1.000000,0.000000,5900,5900,5900,5900,5900,5900,5900,5900,5900,5900,5900,200,0,3700.0,4735.95024050097,18.59700001659803,12188.26049999916,68.0
1778883964,200,GET,GET /api/ -> https://books.toscrape.com/,0.300000,0.000000,1300,1300,5900,5900,5900,5900,5900,5900,5900,5900,5900,187,0,3400.0,3840.9627951866196,40.837999986251816,9628.633600019384,8223.0
1778883964,200,GET,GET /api/ -> https://docs.docker.com/,1.000000,0.000000,3700,3700,3700,3700,3700,3700,3700,3700,3700,3700,3700,125,0,3400.0,3949.789429598255,678.5702999914065,9523.798100010026,1856.0
1778883964,200,GET,GET /api/ -> https://flask.palletsprojects.com/,0.200000,0.000000,1700,1700,1700,1700,1700,1700,1700,1700,1700,1700,1700,110,0,5800.0,5456.8071281825805,1178.4560000232887,9067.492300004233,20936.0
1778883964,200,GET,GET /api/ -> https://github.com/ibnesayeed/linkextractor,0.100000,0.000000,13000,13000,13000,13000,13000,13000,13000,13000,13000,13000,13000,4,0,13000.0,12498.704950012325,11366.14389999886,13142.747000005329,12313.0
1778883964,200,GET,GET /api/ -> https://httpbin.org/,2.100000,0.000000,1200,1200,1200,1200,1200,1200,1200,1200,1200,1200,1200,157,0,1900.0,2820.9752987270913,622.0430000103079,12441.687200014712,332.0
1778883964,200,GET,GET /api/ -> https://locust.io/,2.800000,0.000000,6000,6000,8800,8800,8800,8800,8800,8800,8800,8800,8800,85,0,6400.0,5524.279351765975,828.1472999951802,10295.936600014102,5097.0
1778883964,200,GET,GET /api/ -> https://redis.io/,1.700000,0.000000,1500,1600,2000,3800,5900,10000,10000,10000,10000,10000,10000,102,0,6500.0,6495.928301959294,510.0090999912936,10802.582699980121,7780.0
1778883964,200,GET,GET /api/ -> https://www.python.org/,1.600000,0.000000,2000,2000,8100,8100,8100,8100,8100,8100,8100,8100,8100,143,0,3900.0,5173.720218881499,542.6513999991585,14383.067199989455,13844.0
1778883964,200,,Aggregated,10.800000,0.000000,8800,11000,13000,13000,13000,13000,13000,13000,13000,13000,13000,1113,0,3700.0,4604.043951752176,18.59700001659803,14383.067199989455,6643.426774483378
1778883965,200,GET,GET /api/ -> http://example.com/,1.000000,0.000000,5900,5900,5900,5900,5900,5900,5900,5900,5900,5900,5900,200,0,3700.0,4735.95024050097,18.59700001659803,12188.26049999916,68.0
1778883965,200,GET,GET /api/ -> https://books.toscrape.com/,0.300000,0.000000,1300,1300,5900,5900,5900,5900,5900,5900,5900,5900,5900,187,0,3400.0,3840.9627951866196,40.837999986251816,9628.633600019384,8223.0
1778883965,200,GET,GET /api/ -> https://docs.docker.com/,1.000000,0.000000,3700,3700,3700,3700,3700,3700,3700,3700,3700,3700,3700,125,0,3400.0,3949.789429598255,678.5702999914065,9523.798100010026,1856.0
1778883965,200,GET,GET /api/ -> https://flask.palletsprojects.com/,0.200000,0.000000,1700,1700,1700,1700,1700,1700,1700,1700,1700,1700,1700,110,0,5800.0,5456.8071281825805,1178.4560000232887,9067.492300004233,20936.0
1778883965,200,GET,GET /api/ -> https://github.com/ibnesayeed/linkextractor,0.100000,0.000000,13000,13000,13000,14000,14000,14000,14000,14000,14000,14000,14000,5,0,13000.0,12869.889480009442,11366.14389999886,14354.627599997912,12313.0
1778883965,200,GET,GET /api/ -> https://httpbin.org/,2.100000,0.000000,1200,1200,1200,1200,1200,1200,1200,1200,1200,1200,1200,157,0,1900.0,2820.9752987270913,622.0430000103079,12441.687200014712,332.0
1778883965,200,GET,GET /api/ -> https://locust.io/,2.800000,0.000000,6000,6000,8800,8800,8800,8800,8800,8800,8800,8800,8800,85,0,6400.0,5524.279351765975,828.1472999951802,10295.936600014102,5097.0
1778883965,200,GET,GET /api/ -> https://redis.io/,1.700000,0.000000,1500,1600,2000,3800,5900,10000,10000,10000,10000,10000,10000,102,0,6500.0,6495.928301959294,510.0090999912936,10802.582699980121,7780.0
1778883965,200,GET,GET /api/ -> https://www.python.org/,1.600000,0.000000,8100,8100,14000,14000,14000,14000,14000,14000,14000,14000,14000,144,0,3900.0,5234.2986395837615,542.6513999991585,14383.067199989455,13844.0
1778883965,200,,Aggregated,10.800000,0.000000,11000,13000,13000,13000,14000,14000,14000,14000,14000,14000,14000,1115,0,3700.0,4621.12337103155,18.59700001659803,14383.067199989455,6654.969506726457
1778883966,200,GET,GET /api/ -> http://example.com/,0.000000,0.000000,5900,5900,5900,5900,5900,5900,5900,5900,5900,5900,5900,200,0,3700.0,4735.95024050097,18.59700001659803,12188.26049999916,68.0
1778883966,200,GET,GET /api/ -> https://books.toscrape.com/,0.000000,0.000000,1300,1300,5900,5900,5900,5900,5900,5900,5900,5900,5900,187,0,3400.0,3840.9627951866196,40.837999986251816,9628.633600019384,8223.0
1778883966,200,GET,GET /api/ -> https://docs.docker.com/,0.100000,0.000000,3700,3700,3700,3700,3700,3700,3700,3700,3700,3700,3700,125,0,3400.0,3949.789429598255,678.5702999914065,9523.798100010026,1856.0
1778883966,200,GET,GET /api/ -> https://flask.palletsprojects.com/,0.000000,0.000000,1700,1700,1700,1700,1700,1700,1700,1700,1700,1700,1700,110,0,5800.0,5456.8071281825805,1178.4560000232887,9067.492300004233,20936.0
1778883966,200,GET,GET /api/ -> https://github.com/ibnesayeed/linkextractor,0.300000,0.000000,13000,13000,14000,14000,15000,15000,15000,15000,15000,15000,15000,6,0,13000.0,13261.28238333816,11366.14389999886,15218.24689998175,12313.0
1778883966,200,GET,GET /api/ -> https://httpbin.org/,0.000000,0.000000,1200,1200,1200,1200,1200,1200,1200,1200,1200,1200,1200,157,0,1900.0,2820.9752987270913,622.0430000103079,12441.687200014712,332.0
1778883966,200,GET,GET /api/ -> https://locust.io/,0.600000,0.000000,6000,6000,8800,8800,8800,8800,8800,8800,8800,8800,8800,85,0,6400.0,5524.279351765975,828.1472999951802,10295.936600014102,5097.0
1778883966,200,GET,GET /api/ -> https://redis.io/,0.100000,0.000000,10000,10000,10000,10000,10000,10000,10000,10000,10000,10000,10000,102,0,6500.0,6495.928301959294,510.0090999912936,10802.582699980121,7780.0
1778883966,200,GET,GET /api/ -> https://www.python.org/,0.300000,0.000000,14000,14000,14000,14000,14000,14000,14000,14000,14000,14000,14000,144,0,3900.0,5234.2986395837615,542.6513999991585,14383.067199989455,13844.0
1778883966,200,,Aggregated,1.400000,0.000000,13000,13000,14000,14000,14000,15000,15000,15000,15000,15000,15000,1116,0,3700.0,4630.619001433835,18.59700001659803,15218.24689998175,6660.039426523297
1778883967,200,GET,GET /api/ -> http://example.com/,0.000000,0.000000,5900,5900,5900,5900,5900,5900,5900,5900,5900,5900,5900,200,0,3700.0,4735.95024050097,18.59700001659803,12188.26049999916,68.0
1778883967,200,GET,GET /api/ -> https://books.toscrape.com/,0.000000,0.000000,1300,1300,5900,5900,5900,5900,5900,5900,5900,5900,5900,187,0,3400.0,3840.9627951866196,40.837999986251816,9628.633600019384,8223.0
1778883967,200,GET,GET /api/ -> https://docs.docker.com/,0.100000,0.000000,3700,3700,3700,3700,3700,3700,3700,3700,3700,3700,3700,125,0,3400.0,3949.789429598255,678.5702999914065,9523.798100010026,1856.0
1778883967,200,GET,GET /api/ -> https://flask.palletsprojects.com/,0.000000,0.000000,1700,1700,1700,1700,1700,1700,1700,1700,1700,1700,1700,110,0,5800.0,5456.8071281825805,1178.4560000232887,9067.492300004233,20936.0
1778883967,200,GET,GET /api/ -> https://github.com/ibnesayeed/linkextractor,0.500000,0.000000,14000,15000,17000,17000,18000,18000,18000,18000,18000,18000,18000,8,0,13000.0,14317.527962506574,11366.14389999886,17950.935200002277,12313.0
1778883967,200,GET,GET /api/ -> https://httpbin.org/,0.000000,0.000000,16000,16000,16000,16000,16000,16000,16000,16000,16000,16000,16000,158,0,1900.0,2901.2477924060695,622.0430000103079,15504.02930000564,332.0
1778883967,200,GET,GET /api/ -> https://locust.io/,0.400000,0.000000,8800,8800,8800,8800,8800,8800,8800,8800,8800,8800,8800,85,0,6400.0,5524.279351765975,828.1472999951802,10295.936600014102,5097.0
1778883967,200,GET,GET /api/ -> https://redis.io/,0.100000,0.000000,10000,10000,10000,10000,10000,10000,10000,10000,10000,10000,10000,102,0,6500.0,6495.928301959294,510.0090999912936,10802.582699980121,7780.0
1778883967,200,GET,GET /api/ -> https://www.python.org/,0.200000,0.000000,14000,14000,14000,14000,14000,14000,14000,14000,14000,14000,14000,144,0,3900.0,5234.2986395837615,542.6513999991585,14383.067199989455,13844.0
1778883967,200,,Aggregated,1.300000,0.000000,13000,14000,15000,16000,17000,18000,18000,18000,18000,18000,18000,1119,0,3800.0,4663.313104825906,18.59700001659803,17950.935200002277,6664.487935656836
1778883969,200,GET,GET /api/ -> http://example.com/,0.000000,0.000000,5900,5900,5900,5900,5900,5900,5900,5900,5900,5900,5900,200,0,3700.0,4735.95024050097,18.59700001659803,12188.26049999916,68.0
1778883969,200,GET,GET /api/ -> https://books.toscrape.com/,0.000000,0.000000,1300,1300,5900,5900,5900,5900,5900,5900,5900,5900,5900,187,0,3400.0,3840.9627951866196,40.837999986251816,9628.633600019384,8223.0
1778883969,200,GET,GET /api/ -> https://docs.docker.com/,0.000000,0.000000,3700,3700,3700,3700,3700,3700,3700,3700,3700,3700,3700,125,0,3400.0,3949.789429598255,678.5702999914065,9523.798100010026,1856.0
1778883969,200,GET,GET /api/ -> https://flask.palletsprojects.com/,0.000000,0.000000,1700,1700,1700,1700,1700,1700,1700,1700,1700,1700,1700,110,0,5800.0,5456.8071281825805,1178.4560000232887,9067.492300004233,20936.0
1778883969,200,GET,GET /api/ -> https://github.com/ibnesayeed/linkextractor,0.700000,0.000000,19000,19000,19000,19000,19000,19000,20000,20000,20000,20000,20000,26,0,18000.0,17320.082765388248,11366.14389999886,20003.79149999935,12313.0
1778883969,200,GET,GET /api/ -> https://httpbin.org/,0.100000,0.000000,18000,18000,18000,18000,18000,18000,18000,18000,18000,18000,18000,160,0,2100.0,3089.2304806260654,622.0430000103079,18092.71290001925,332.0
1778883969,200,GET,GET /api/ -> https://locust.io/,0.300000,0.000000,16000,16000,16000,16000,16000,16000,16000,16000,16000,16000,16000,86,0,6400.0,5651.655375582523,828.1472999951802,16478.61739998916,5097.0
1778883969,200,GET,GET /api/ -> https://redis.io/,0.100000,0.000000,10000,10000,10000,10000,10000,10000,10000,10000,10000,10000,10000,102,0,6500.0,6495.928301959294,510.0090999912936,10802.582699980121,7780.0
1778883969,200,GET,GET /api/ -> https://www.python.org/,0.200000,0.000000,14000,14000,18000,18000,18000,18000,18000,18000,18000,18000,18000,145,0,3900.0,5323.607366207329,542.6513999991585,18184.064000000944,13844.0
1778883969,200,,Aggregated,1.400000,0.000000,18000,19000,19000,19000,19000,19000,20000,20000,20000,20000,20000,1141,0,3900.0,4929.510692024744,18.59700001659803,20003.79149999935,6747.415425065732
1778883970,200,GET,GET /api/ -> http://example.com/,0.000000,0.000000,0,0,0,0,0,0,0,0,0,0,0,200,0,3700.0,4735.95024050097,18.59700001659803,12188.26049999916,68.0
1778883970,200,GET,GET /api/ -> https://books.toscrape.com/,0.000000,0.000000,0,0,0,0,0,0,0,0,0,0,0,187,0,3400.0,3840.9627951866196,40.837999986251816,9628.633600019384,8223.0
1778883970,200,GET,GET /api/ -> https://docs.docker.com/,0.000000,0.000000,17000,17000,17000,17000,17000,17000,17000,17000,17000,17000,17000,126,0,3400.0,4057.311579363332,678.5702999914065,17497.580299997935,1856.0
1778883970,200,GET,GET /api/ -> https://flask.palletsprojects.com/,0.000000,0.000000,0,0,0,0,0,0,0,0,0,0,0,111,0,5800.0,5583.957581982742,1178.4560000232887,19570.50750000053,20936.0
1778883970,200,GET,GET /api/ -> https://github.com/ibnesayeed/linkextractor,0.800000,0.000000,19000,19000,20000,20000,20000,20000,22000,22000,22000,22000,22000,46,0,19000.0,18347.878426088795,11366.14389999886,21527.416700002505,12313.0
1778883970,200,GET,GET /api/ -> https://httpbin.org/,0.100000,0.000000,19000,20000,20000,20000,20000,20000,20000,20000,20000,20000,20000,166,0,2400.0,3678.6009825309193,622.0430000103079,19559.594899998046,332.0
1778883970,200,GET,GET /api/ -> https://locust.io/,0.200000,0.000000,16000,16000,16000,16000,16000,16000,16000,16000,16000,16000,16000,86,0,6400.0,5651.655375582523,828.1472999951802,16478.61739998916,5097.0
1778883970,200,GET,GET /api/ -> https://redis.io/,0.100000,0.000000,19000,19000,19000,19000,19000,19000,19000,19000,19000,19000,19000,103,0,6500.0,6620.539043687829,510.0090999912936,19330.834699998377,7780.0
1778883970,200,GET,GET /api/ -> https://www.python.org/,0.200000,0.000000,14000,14000,18000,18000,18000,18000,18000,18000,18000,18000,18000,145,0,3900.0,5323.607366207329,542.6513999991585,18184.064000000944,13844.0
1778883970,200,,Aggregated,1.400000,0.000000,19000,19000,20000,20000,20000,20000,21000,22000,22000,22000,22000,1170,0,4000.0,5291.471593162548,18.59700001659803,21527.416700002505,6818.482905982906
1778883971,200,GET,GET /api/ -> http://example.com/,0.000000,0.000000,0,0,0,0,0,0,0,0,0,0,0,200,0,3700.0,4735.95024050097,18.59700001659803,12188.26049999916,68.0
1778883971,200,GET,GET /api/ -> https://books.toscrape.com/,0.000000,0.000000,19000,19000,19000,20000,20000,20000,20000,20000,20000,20000,20000,200,0,3500.0,4844.7844509992865,40.837999986251816,19574.9820000201,8223.0
1778883971,200,GET,GET /api/ -> https://docs.docker.com/,0.000000,0.000000,18000,19000,19000,19000,19000,19000,19000,19000,19000,19000,19000,145,0,3500.0,5712.248762756995,678.5702999914065,19470.257900014985,1856.0
1778883971,200,GET,GET /api/ -> https://flask.palletsprojects.com/,0.000000,0.000000,19000,19000,19000,20000,20000,20000,20000,20000,20000,20000,20000,125,0,6000.0,7065.416908000829,1178.4560000232887,19600.48920000554,20936.0
1778883971,200,GET,GET /api/ -> https://github.com/ibnesayeed/linkextractor,1.400000,0.000000,19000,19000,19000,19000,20000,20000,21000,22000,22000,22000,22000,86,0,19000.0,18162.62016511728,2597.40050000255,21527.416700002505,12313.0
1778883971,200,GET,GET /api/ -> https://httpbin.org/,0.200000,0.000000,19000,20000,20000,20000,20000,20000,20000,20000,20000,20000,20000,187,0,2900.0,5443.773937433706,622.0430000103079,19621.439599985024,332.0
1778883971,200,GET,GET /api/ -> https://locust.io/,0.100000,0.000000,19000,19000,19000,19000,20000,20000,20000,20000,20000,20000,20000,102,0,6400.0,7700.61729117736,828.1472999951802,19594.853299990064,5097.0
1778883971,200,GET,GET /api/ -> https://redis.io/,0.100000,0.000000,19000,19000,20000,20000,20000,20000,20000,20000,20000,20000,20000,110,0,6500.0,7436.978964544356,510.0090999912936,19593.861600005766,7780.0
1778883971,200,GET,GET /api/ -> https://www.python.org/,0.200000,0.000000,19000,19000,19000,19000,19000,19000,19000,19000,19000,19000,19000,161,0,4000.0,6289.83707205007,542.6513999991585,19285.340900009032,13844.0
1778883971,200,,Aggregated,2.000000,0.000000,19000,19000,19000,19000,20000,20000,20000,20000,22000,22000,22000,1316,0,5100.0,6704.989058738714,18.59700001659803,21527.416700002505,7043.996960486322
1778883973,200,GET,GET /api/ -> http://example.com/,0.000000,0.000000,0,0,0,0,0,0,0,0,0,0,0,200,0,3700.0,4735.95024050097,18.59700001659803,12188.26049999916,68.0
1778883973,200,GET,GET /api/ -> https://books.toscrape.com/,0.000000,0.000000,19000,19000,19000,20000,20000,20000,20000,20000,20000,20000,20000,200,0,3500.0,4844.7844509992865,40.837999986251816,19574.9820000201,8223.0
1778883973,200,GET,GET /api/ -> https://docs.docker.com/,0.000000,0.000000,18000,19000,19000,19000,19000,19000,19000,19000,19000,19000,19000,145,0,3500.0,5712.248762756995,678.5702999914065,19470.257900014985,1856.0
1778883973,200,GET,GET /api/ -> https://flask.palletsprojects.com/,0.000000,0.000000,19000,19000,19000,19000,20000,20000,20000,20000,20000,20000,20000,126,0,5900.0,7022.455770635768,1178.4560000232887,19600.48920000554,20936.0
1778883973,200,GET,GET /api/ -> https://github.com/ibnesayeed/linkextractor,2.600000,0.000000,19000,19000,19000,20000,20000,20000,21000,22000,22000,22000,22000,86,0,19000.0,18162.62016511728,2597.40050000255,21527.416700002505,12313.0
1778883973,200,GET,GET /api/ -> https://httpbin.org/,0.300000,0.000000,19000,20000,20000,20000,20000,20000,20000,20000,20000,20000,20000,189,0,2900.0,5401.299835450359,622.0430000103079,19621.439599985024,332.0
1778883973,200,GET,GET /api/ -> https://locust.io/,0.100000,0.000000,19000,19000,19000,19000,19000,20000,20000,20000,20000,20000,20000,105,0,6400.0,7523.258844762763,828.1472999951802,19594.853299990064,5097.0
1778883973,200,GET,GET /api/ -> https://redis.io/,0.100000,0.000000,19000,19000,20000,20000,20000,20000,20000,20000,20000,20000,20000,113,0,6500.0,7277.008104423706,510.0090999912936,19593.861600005766,7780.0
1778883973,200,GET,GET /api/ -> https://www.python.org/,0.200000,0.000000,18000,19000,19000,19000,19000,19000,19000,19000,19000,19000,19000,169,0,4000.0,6060.673442012052,542.6513999991585,19285.340900009032,13844.0
1778883973,200,,Aggregated,3.300000,0.000000,19000,19000,19000,19000,20000,20000,20000,20000,22000,22000,22000,1333,0,4600.0,6638.0955328583195,18.59700001659803,21527.416700002505,7082.432858214554
1778883974,200,GET,GET /api/ -> http://example.com/,0.000000,0.000000,0,0,0,0,0,0,0,0,0,0,0,200,0,3700.0,4735.95024050097,18.59700001659803,12188.26049999916,68.0
1778883974,200,GET,GET /api/ -> https://books.toscrape.com/,0.000000,0.000000,19000,19000,19000,20000,20000,20000,20000,20000,20000,20000,20000,200,0,3500.0,4844.7844509992865,40.837999986251816,19574.9820000201,8223.0
1778883974,200,GET,GET /api/ -> https://docs.docker.com/,0.000000,0.000000,18000,19000,19000,19000,19000,19000,19000,19000,19000,19000,19000,145,0,3500.0,5712.248762756995,678.5702999914065,19470.257900014985,1856.0
1778883974,200,GET,GET /api/ -> https://flask.palletsprojects.com/,0.000000,0.000000,19000,19000,19000,19000,20000,20000,20000,20000,20000,20000,20000,126,0,5900.0,7022.455770635768,1178.4560000232887,19600.48920000554,20936.0
1778883974,200,GET,GET /api/ -> https://github.com/ibnesayeed/linkextractor,2.600000,0.000000,19000,19000,19000,20000,20000,20000,21000,22000,22000,22000,22000,86,0,19000.0,18162.62016511728,2597.40050000255,21527.416700002505,12313.0
1778883974,200,GET,GET /api/ -> https://httpbin.org/,0.300000,0.000000,19000,20000,20000,20000,20000,20000,20000,20000,20000,20000,20000,189,0,2900.0,5401.299835450359,622.0430000103079,19621.439599985024,332.0
1778883974,200,GET,GET /api/ -> https://locust.io/,0.100000,0.000000,19000,19000,19000,19000,20000,20000,20000,20000,20000,20000,20000,105,0,6400.0,7523.258844762763,828.1472999951802,19594.853299990064,5097.0
1778883974,200,GET,GET /api/ -> https://redis.io/,0.100000,0.000000,19000,19000,20000,20000,20000,20000,20000,20000,20000,20000,20000,113,0,6500.0,7277.008104423706,510.0090999912936,19593.861600005766,7780.0
1778883974,200,GET,GET /api/ -> https://www.python.org/,0.200000,0.000000,18000,19000,19000,19000,19000,19000,19000,19000,19000,19000,19000,169,0,4000.0,6060.673442012052,542.6513999991585,19285.340900009032,13844.0
1778883974,200,,Aggregated,3.300000,0.000000,19000,19000,19000,19000,20000,20000,20000,20000,22000,22000,22000,1333,0,4600.0,6638.0955328583195,18.59700001659803,21527.416700002505,7082.432858214554
1778883975,200,GET,GET /api/ -> http://example.com/,0.000000,0.000000,0,0,0,0,0,0,0,0,0,0,0,200,0,3700.0,4735.95024050097,18.59700001659803,12188.26049999916,68.0
1778883975,200,GET,GET /api/ -> https://books.toscrape.com/,1.300000,0.000000,19000,19000,19000,20000,20000,20000,20000,20000,20000,20000,20000,200,0,3500.0,4844.7844509992865,40.837999986251816,19574.9820000201,8223.0
1778883975,200,GET,GET /api/ -> https://docs.docker.com/,2.000000,0.000000,18000,19000,19000,19000,19000,19000,19000,19000,19000,19000,19000,145,0,3500.0,5712.248762756995,678.5702999914065,19470.257900014985,1856.0
1778883975,200,GET,GET /api/ -> https://flask.palletsprojects.com/,1.500000,0.000000,19000,19000,19000,19000,20000,20000,20000,20000,20000,20000,20000,126,0,5900.0,7022.455770635768,1178.4560000232887,19600.48920000554,20936.0
1778883975,200,GET,GET /api/ -> https://github.com/ibnesayeed/linkextractor,8.500000,0.000000,19000,19000,19000,20000,20000,20000,21000,22000,22000,22000,22000,87,0,19000.0,17997.258242529457,2597.40050000255,21527.416700002505,12313.0
1778883975,200,GET,GET /api/ -> https://httpbin.org/,3.000000,0.000000,19000,20000,20000,20000,20000,20000,20000,20000,20000,20000,20000,189,0,2900.0,5401.299835450359,622.0430000103079,19621.439599985024,332.0
1778883975,200,GET,GET /api/ -> https://locust.io/,1.700000,0.000000,19000,19000,19000,19000,20000,20000,20000,20000,20000,20000,20000,105,0,6400.0,7523.258844762763,828.1472999951802,19594.853299990064,5097.0
1778883975,200,GET,GET /api/ -> https://redis.io/,0.800000,0.000000,19000,19000,20000,20000,20000,20000,20000,20000,20000,20000,20000,113,0,6500.0,7277.008104423706,510.0090999912936,19593.861600005766,7780.0
1778883975,200,GET,GET /api/ -> https://training.play-with-docker.com/,0.000000,0.000000,0,0,0,0,0,0,0,0,0,0,0,1,0,4004.7282000014093,4004.7282000014093,4004.7282000014093,4004.7282000014093,1503.0
1778883975,200,GET,GET /api/ -> https://www.python.org/,1.800000,0.000000,14000,19000,19000,19000,19000,19000,19000,19000,19000,19000,19000,171,0,3900.0,6031.781031579094,542.6513999991585,19285.340900009032,13844.0
1778883975,200,,Aggregated,20.600000,0.000000,19000,19000,19000,19000,20000,20000,20000,20000,22000,22000,22000,1337,0,4500.0,6629.426291024763,18.59700001659803,21527.416700002505,7092.286462228871
1778883976,200,GET,GET /api/ -> http://example.com/,0.000000,0.000000,0,0,0,0,0,0,0,0,0,0,0,200,0,3700.0,4735.95024050097,18.59700001659803,12188.26049999916,68.0
1778883976,200,GET,GET /api/ -> https://books.toscrape.com/,1.300000,0.000000,19000,19000,19000,20000,20000,20000,20000,20000,20000,20000,20000,200,0,3500.0,4844.7844509992865,40.837999986251816,19574.9820000201,8223.0
1778883976,200,GET,GET /api/ -> https://docs.docker.com/,2.000000,0.000000,18000,19000,19000,19000,19000,19000,19000,19000,19000,19000,19000,145,0,3500.0,5712.248762756995,678.5702999914065,19470.257900014985,1856.0
1778883976,200,GET,GET /api/ -> https://flask.palletsprojects.com/,1.600000,0.000000,19000,19000,19000,19000,20000,20000,20000,20000,20000,20000,20000,126,0,5900.0,7022.455770635768,1178.4560000232887,19600.48920000554,20936.0
1778883976,200,GET,GET /api/ -> https://github.com/ibnesayeed/linkextractor,8.500000,0.000000,19000,19000,19000,20000,20000,20000,21000,22000,22000,22000,22000,88,0,19000.0,17839.613432955295,2597.40050000255,21527.416700002505,12313.0
1778883976,200,GET,GET /api/ -> https://httpbin.org/,3.200000,0.000000,19000,20000,20000,20000,20000,20000,20000,20000,20000,20000,20000,189,0,2900.0,5401.299835450359,622.0430000103079,19621.439599985024,332.0
1778883976,200,GET,GET /api/ -> https://locust.io/,2.000000,0.000000,19000,19000,19000,19000,19000,20000,20000,20000,20000,20000,20000,106,0,6400.0,7498.1844726423315,828.1472999951802,19594.853299990064,5097.0
1778883976,200,GET,GET /api/ -> https://redis.io/,1.100000,0.000000,19000,19000,20000,20000,20000,20000,20000,20000,20000,20000,20000,113,0,6500.0,7277.008104423706,510.0090999912936,19593.861600005766,7780.0
1778883976,200,GET,GET /api/ -> https://training.play-with-docker.com/,0.000000,0.000000,6700,6700,9600,9600,9600,9600,9600,9600,9600,9600,9600,5,0,6700.0,6656.55575999408,4004.7282000014093,9599.744000006467,1503.0
1778883976,200,GET,GET /api/ -> https://www.python.org/,2.600000,0.000000,5300,19000,19000,19000,19000,19000,19000,19000,19000,19000,19000,172,0,3900.0,6023.118537209379,542.6513999991585,19285.340900009032,13844.0
1778883976,200,,Aggregated,22.300000,0.000000,19000,19000,19000,19000,20000,20000,20000,20000,22000,22000,22000,1344,0,4600.0,6626.750538764929,18.59700001659803,21527.416700002505,7083.075148809524
1778883977,200,GET,GET /api/ -> http://example.com/,0.000000,0.000000,0,0,0,0,0,0,0,0,0,0,0,200,0,3700.0,4735.95024050097,18.59700001659803,12188.26049999916,68.0
1778883977,200,GET,GET /api/ -> https://books.toscrape.com/,1.300000,0.000000,19000,19000,19000,20000,20000,20000,20000,20000,20000,20000,20000,200,0,3500.0,4844.7844509992865,40.837999986251816,19574.9820000201,8223.0
1778883977,200,GET,GET /api/ -> https://docs.docker.com/,2.000000,0.000000,18000,19000,19000,19000,19000,19000,19000,19000,19000,19000,19000,145,0,3500.0,5712.248762756995,678.5702999914065,19470.257900014985,1856.0
1778883977,200,GET,GET /api/ -> https://flask.palletsprojects.com/,1.600000,0.000000,19000,19000,19000,19000,20000,20000,20000,20000,20000,20000,20000,126,0,5900.0,7022.455770635768,1178.4560000232887,19600.48920000554,20936.0
1778883977,200,GET,GET /api/ -> https://github.com/ibnesayeed/linkextractor,8.200000,0.000000,19000,19000,19000,20000,20000,20000,21000,22000,22000,22000,22000,88,0,19000.0,17839.613432955295,2597.40050000255,21527.416700002505,12313.0
1778883977,200,GET,GET /api/ -> https://httpbin.org/,3.200000,0.000000,19000,20000,20000,20000,20000,20000,20000,20000,20000,20000,20000,189,0,2900.0,5401.299835450359,622.0430000103079,19621.439599985024,332.0
1778883977,200,GET,GET /api/ -> https://locust.io/,2.000000,0.000000,19000,19000,19000,19000,19000,20000,20000,20000,20000,20000,20000,106,0,6400.0,7498.1844726423315,828.1472999951802,19594.853299990064,5097.0
1778883977,200,GET,GET /api/ -> https://redis.io/,1.100000,0.000000,19000,19000,20000,20000,20000,20000,20000,20000,20000,20000,20000,113,0,6500.0,7277.008104423706,510.0090999912936,19593.861600005766,7780.0
1778883977,200,GET,GET /api/ -> https://training.play-with-docker.com/,0.100000,0.000000,6700,7100,8000,8000,9600,9600,9600,9600,9600,9600,9600,8,0,6700.0,6728.047412503656,4004.7282000014093,9599.744000006467,1503.0
1778883977,200,GET,GET /api/ -> https://www.python.org/,2.700000,0.000000,5300,19000,19000,19000,19000,19000,19000,19000,19000,19000,19000,172,0,3900.0,6023.118537209379,542.6513999991585,19285.340900009032,13844.0
1778883977,200,,Aggregated,22.200000,0.000000,19000,19000,19000,19000,20000,20000,20000,20000,22000,22000,22000,1347,0,4700.0,6627.241517891703,18.59700001659803,21527.416700002505,7070.647364513734
1778883978,200,GET,GET /api/ -> http://example.com/,0.000000,0.000000,0,0,0,0,0,0,0,0,0,0,0,200,0,3700.0,4735.95024050097,18.59700001659803,12188.26049999916,68.0
1778883978,200,GET,GET /api/ -> https://books.toscrape.com/,1.300000,0.000000,19000,19000,19000,20000,20000,20000,20000,20000,20000,20000,20000,200,0,3500.0,4844.7844509992865,40.837999986251816,19574.9820000201,8223.0
1778883978,200,GET,GET /api/ -> https://docs.docker.com/,2.000000,0.000000,18000,19000,19000,19000,19000,19000,19000,19000,19000,19000,19000,145,0,3500.0,5712.248762756995,678.5702999914065,19470.257900014985,1856.0
1778883978,200,GET,GET /api/ -> https://flask.palletsprojects.com/,1.600000,0.000000,19000,19000,19000,19000,20000,20000,20000,20000,20000,20000,20000,127,0,6000.0,7021.7560858275065,1178.4560000232887,19600.48920000554,20936.0
1778883978,200,GET,GET /api/ -> https://github.com/ibnesayeed/linkextractor,8.300000,0.000000,19000,19000,19000,20000,20000,20000,21000,22000,22000,22000,22000,88,0,19000.0,17839.613432955295,2597.40050000255,21527.416700002505,12313.0
1778883978,200,GET,GET /api/ -> https://httpbin.org/,3.200000,0.000000,19000,20000,20000,20000,20000,20000,20000,20000,20000,20000,20000,189,0,2900.0,5401.299835450359,622.0430000103079,19621.439599985024,332.0
1778883978,200,GET,GET /api/ -> https://locust.io/,2.100000,0.000000,19000,19000,19000,19000,19000,20000,20000,20000,20000,20000,20000,107,0,6400.0,7492.510600000833,828.1472999951802,19594.853299990064,5097.0
1778883978,200,GET,GET /api/ -> https://redis.io/,1.100000,0.000000,19000,19000,20000,20000,20000,20000,20000,20000,20000,20000,20000,114,0,6500.0,7273.7238043850275,510.0090999912936,19593.861600005766,7780.0
1778883978,200,GET,GET /api/ -> https://training.play-with-docker.com/,0.500000,0.000000,7800,8600,9100,9300,13000,14000,16000,16000,16000,16000,16000,46,0,7700.0,8569.155760871186,4004.7282000014093,16223.440100002335,1503.0
1778883978,200,GET,GET /api/ -> https://www.python.org/,2.800000,0.000000,6900,19000,19000,19000,19000,19000,19000,19000,19000,19000,19000,175,0,4000.0,6038.53847142891,542.6513999991585,19285.340900009032,13844.0
1778883978,200,,Aggregated,22.900000,0.000000,19000,19000,19000,19000,20000,20000,20000,20000,22000,22000,22000,1391,0,5300.0,6692.125253918201,18.59700001659803,21527.416700002505,6942.214953271028
1778883979,200,GET,GET /api/ -> http://example.com/,0.000000,0.000000,0,0,0,0,0,0,0,0,0,0,0,200,0,3700.0,4735.95024050097,18.59700001659803,12188.26049999916,68.0
1778883979,200,GET,GET /api/ -> https://books.toscrape.com/,1.300000,0.000000,19000,19000,19000,20000,20000,20000,20000,20000,20000,20000,20000,200,0,3500.0,4844.7844509992865,40.837999986251816,19574.9820000201,8223.0
1778883979,200,GET,GET /api/ -> https://docs.docker.com/,2.000000,0.000000,7400,17000,18000,18000,19000,19000,19000,19000,19000,19000,19000,171,0,3700.0,5876.137336840811,678.5702999914065,19470.257900014985,1856.0
1778883979,200,GET,GET /api/ -> https://flask.palletsprojects.com/,1.600000,0.000000,7400,19000,19000,19000,19000,20000,20000,20000,20000,20000,20000,145,0,6300.0,7050.217477241852,1178.4560000232887,19600.48920000554,20936.0
1778883979,200,GET,GET /api/ -> https://github.com/ibnesayeed/linkextractor,8.100000,0.000000,19000,19000,19000,20000,20000,20000,21000,22000,22000,22000,22000,105,0,19000.0,16111.903752382412,2597.40050000255,21527.416700002505,12313.0
1778883979,200,GET,GET /api/ -> https://httpbin.org/,3.100000,0.000000,19000,19000,20000,20000,20000,20000,20000,20000,20000,20000,20000,200,0,3200.0,5507.431839500496,622.0430000103079,19621.439599985024,332.0
1778883979,200,GET,GET /api/ -> https://locust.io/,2.100000,0.000000,19000,19000,19000,19000,19000,20000,20000,20000,20000,20000,20000,113,0,6400.0,7474.313798230976,828.1472999951802,19594.853299990064,5097.0
1778883979,200,GET,GET /api/ -> https://redis.io/,1.100000,0.000000,7400,7500,19000,19000,20000,20000,20000,20000,20000,20000,20000,126,0,6900.0,7274.118790475306,510.0090999912936,19593.861600005766,7780.0
1778883979,200,GET,GET /api/ -> https://training.play-with-docker.com/,0.700000,0.000000,7400,7600,8100,8600,9300,13000,15000,16000,16000,16000,16000,88,0,7400.0,7928.610612500383,4004.7282000014093,16223.440100002335,1503.0
1778883979,200,GET,GET /api/ -> https://www.python.org/,2.800000,0.000000,7100,7500,18000,19000,19000,19000,19000,19000,19000,19000,19000,189,0,4100.0,6129.914975132105,542.6513999991585,19285.340900009032,13844.0
1778883979,200,,Aggregated,22.800000,0.000000,7600,19000,19000,19000,19000,20000,20000,20000,22000,22000,22000,1537,0,6100.0,6736.429609629245,18.59700001659803,21527.416700002505,6945.726740403383
1778883980,200,GET,GET /api/ -> http://example.com/,0.000000,0.000000,1300,1400,2200,2200,2200,2600,2600,2600,2600,2600,2600,211,0,3600.0,4557.026372512668,18.59700001659803,12188.26049999916,68.0
1778883980,200,GET,GET /api/ -> https://books.toscrape.com/,1.300000,0.000000,19000,19000,19000,19000,19000,19000,19000,19000,19000,19000,19000,203,0,3500.0,4779.9771118219805,40.837999986251816,19574.9820000201,8223.0
1778883980,200,GET,GET /api/ -> https://docs.docker.com/,2.000000,0.000000,6800,7400,7500,18000,19000,19000,19000,19000,19000,19000,19000,192,0,3600.0,5364.0277963528815,275.31850000377744,19470.257900014985,1856.0
1778883980,200,GET,GET /api/ -> https://flask.palletsprojects.com/,1.700000,0.000000,6900,7300,7400,15000,19000,19000,19000,19000,19000,19000,19000,172,0,5800.0,6078.816879651513,276.0524000041187,19600.48920000554,20936.0
1778883980,200,GET,GET /api/ -> https://github.com/ibnesayeed/linkextractor,8.000000,0.000000,7500,18000,19000,19000,19000,19000,19000,19000,19000,19000,19000,116,0,18000.0,14687.586464656211,274.77530000032857,21527.416700002505,12313.0
1778883980,200,GET,GET /api/ -> https://httpbin.org/,3.100000,0.000000,7500,19000,19000,19000,19000,19000,19000,19000,19000,19000,19000,202,0,3200.0,5455.642611881756,275.0028000154998,19621.439599985024,332.0
1778883980,200,GET,GET /api/ -> https://locust.io/,2.200000,0.000000,6900,10000,19000,19000,19000,19000,19000,19000,19000,19000,19000,125,0,6400.0,6835.982808800414,379.40099998377264,19594.853299990064,5097.0
1778883980,200,GET,GET /api/ -> https://redis.io/,1.200000,0.000000,1300,6900,7300,7300,7400,19000,19000,19000,19000,19000,19000,149,0,6500.0,6278.818033556508,264.0282000065781,19593.861600005766,7780.0
1778883980,200,GET,GET /api/ -> https://training.play-with-docker.com/,3.300000,0.000000,7300,7500,7800,8100,9200,11000,14000,15000,16000,16000,16000,108,0,7300.0,6630.957081482511,272.54370000446215,16223.440100002335,1503.0
1778883980,200,GET,GET /api/ -> https://www.python.org/,3.000000,0.000000,6900,7300,7500,19000,19000,19000,19000,19000,19000,19000,19000,199,0,4000.0,5880.744991457089,542.6513999991585,19285.340900009032,13844.0
1778883980,200,,Aggregated,25.800000,0.000000,7100,7500,8800,17000,19000,19000,19000,19000,19000,19000,19000,1677,0,5300.0,6254.961808109802,18.59700001659803,21527.416700002505,7066.16457960644
1778883981,200,GET,GET /api/ -> http://example.com/,0.000000,0.000000,270,310,820,1300,1400,2200,2600,2600,2600,2600,2600,231,0,3400.0,4185.004866667756,18.59700001659803,12188.26049999916,68.0
1778883981,200,GET,GET /api/ -> https://books.toscrape.com/,1.300000,0.000000,310,19000,19000,19000,19000,19000,19000,19000,19000,19000,19000,217,0,3400.0,4488.882185714368,40.837999986251816,19574.9820000201,8223.0
1778883981,200,GET,GET /api/ -> https://docs.docker.com/,3.800000,0.000000,6800,7300,7500,17000,19000,19000,19000,19000,19000,19000,19000,196,0,3600.0,5260.038794896789,249.31610000203364,19470.257900014985,1856.0
1778883981,200,GET,GET /api/ -> https://flask.palletsprojects.com/,3.300000,0.000000,1300,2300,7100,7300,7400,7400,7500,7500,7500,7500,7500,183,0,5500.0,5785.102673224492,239.83320000115782,19600.48920000554,20936.0
1778883981,200,GET,GET /api/ -> https://github.com/ibnesayeed/linkextractor,8.700000,0.000000,6900,12000,18000,19000,19000,19000,19000,19000,19000,19000,19000,138,0,18000.0,12386.485684783269,205.01520001562312,21527.416700002505,12313.0
1778883981,200,GET,GET /api/ -> https://httpbin.org/,4.100000,0.000000,7000,7400,7500,7500,7500,7500,7500,7500,7500,7500,7500,208,0,2900.0,5305.602658654187,214.86509998794645,19621.439599985024,332.0
1778883981,200,GET,GET /api/ -> https://locust.io/,2.500000,0.000000,560,1500,2000,2100,6900,7100,7600,7600,7600,7600,7600,151,0,6100.0,5775.951679471405,219.35080000548624,19594.853299990064,5097.0
1778883981,200,GET,GET /api/ -> https://redis.io/,2.200000,0.000000,1300,1500,2500,7000,7300,7400,7400,7500,7500,7500,7500,165,0,6300.0,5756.459277575116,235.6212000013329,19593.861600005766,7780.0
1778883981,200,GET,GET /api/ -> https://training.play-with-docker.com/,8.000000,0.000000,7300,7500,7600,8000,8800,11000,14000,15000,16000,16000,16000,124,0,7300.0,5823.317997581222,226.6490000183694,16223.440100002335,1503.0
1778883981,200,GET,GET /api/ -> https://www.python.org/,4.300000,0.000000,1400,6900,7000,7100,7500,7500,7500,7500,7500,7500,7500,207,0,3900.0,5670.94318019305,236.57080001430586,19285.340900009032,13844.0
1778883981,200,,Aggregated,38.200000,0.000000,1400,6800,7300,7300,7500,8000,9200,11000,16000,16000,16000,1820,0,4100.0,5802.926639230992,18.59700001659803,21527.416700002505,7070.791208791209
1778883982,200,GET,GET /api/ -> http://example.com/,0.900000,0.000000,270,400,420,450,1300,2200,2600,2600,2600,2600,2600,246,0,3300.0,3950.507022358919,18.59700001659803,12188.26049999916,68.0
1778883982,200,GET,GET /api/ -> https://books.toscrape.com/,1.300000,0.000000,310,2700,2700,19000,19000,19000,19000,19000,19000,19000,19000,231,0,3400.0,4276.4746419916855,40.837999986251816,19574.9820000201,8223.0
1778883982,200,GET,GET /api/ -> https://docs.docker.com/,6.300000,0.000000,2700,6400,6900,7000,7400,7500,7500,7500,7500,7500,7500,201,0,3500.0,5172.933277610889,249.31610000203364,19470.257900014985,1856.0
1778883982,200,GET,GET /api/ -> https://flask.palletsprojects.com/,5.200000,0.000000,1300,2500,7000,7200,7300,7400,7500,7500,7500,7500,7500,192,0,4800.0,5600.29148385441,239.83320000115782,19600.48920000554,20936.0
1778883982,200,GET,GET /api/ -> https://github.com/ibnesayeed/linkextractor,8.700000,0.000000,530,3500,6800,7000,7400,7500,7500,7500,7500,7500,7500,142,0,18000.0,12062.153001409148,205.01520001562312,21527.416700002505,12313.0
1778883982,200,GET,GET /api/ -> https://httpbin.org/,4.000000,0.000000,310,7000,7400,7500,7500,7500,7500,7500,7500,7500,7500,219,0,2800.0,5053.945189954944,214.86509998794645,19621.439599985024,332.0
1778883982,200,GET,GET /api/ -> https://locust.io/,3.400000,0.000000,400,1200,2100,2200,6900,7100,7500,7600,7600,7600,7600,158,0,5800.0,5565.318789874474,219.35080000548624,19594.853299990064,5097.0
1778883982,200,GET,GET /api/ -> https://redis.io/,3.800000,0.000000,900,1300,2500,6900,7300,7400,7400,7500,7500,7500,7500,173,0,6200.0,5506.1935809243405,234.98690000269562,19593.861600005766,7780.0
1778883982,200,GET,GET /api/ -> https://training.play-with-docker.com/,10.200000,0.000000,7300,7400,7500,7800,8800,11000,14000,15000,16000,16000,16000,135,0,7300.0,5442.020409630129,226.6490000183694,16223.440100002335,1503.0
1778883982,200,GET,GET /api/ -> https://www.python.org/,5.400000,0.000000,1300,6900,7100,7300,7500,7500,7500,7500,7500,7500,7500,211,0,3700.0,5569.338462085152,236.57080001430586,19285.340900009032,13844.0
1778883982,200,,Aggregated,49.200000,0.000000,1200,4800,7000,7300,7500,7600,9100,11000,16000,16000,16000,1908,0,3800.0,5574.444798427971,18.59700001659803,21527.416700002505,7025.900419287212
1778883985,200,GET,GET /api/ -> http://example.com/,4.600000,0.000000,2200,5200,5300,5300,5300,5300,5400,5400,5500,5500,5500,310,0,3600.0,4045.5807983883724,18.59700001659803,12188.26049999916,68.0
1778883985,200,GET,GET /api/ -> https://books.toscrape.com/,3.100000,0.000000,310,2400,2600,2700,4700,5000,5300,5300,5300,5300,5300,243,0,3400.0,4249.052667901818,40.837999986251816,19574.9820000201,8223.0
1778883985,200,GET,GET /api/ -> https://docs.docker.com/,5.600000,0.000000,3900,6300,6800,6900,7400,7500,7500,7500,7500,7500,7500,211,0,3500.0,5115.047705686106,249.31610000203364,19470.257900014985,1856.0
1778883985,200,GET,GET /api/ -> https://flask.palletsprojects.com/,6.600000,0.000000,1700,2700,6400,7100,7300,7400,7500,7500,7500,7500,7500,201,0,4800.0,5515.724075124402,239.83320000115782,19600.48920000554,20936.0
1778883985,200,GET,GET /api/ -> https://github.com/ibnesayeed/linkextractor,5.600000,0.000000,1200,5000,6800,6800,7400,7500,7500,7500,7500,7500,7500,154,0,14000.0,11443.877674675889,205.01520001562312,21527.416700002505,12313.0
1778883985,200,GET,GET /api/ -> https://httpbin.org/,3.000000,0.000000,1200,2400,7000,7400,7500,7500,7500,7500,7500,7500,7500,228,0,2500.0,4963.812660526999,214.86509998794645,19621.439599985024,332.0
1778883985,200,GET,GET /api/ -> https://locust.io/,5.300000,0.000000,1000,2400,4700,5200,6900,7000,7500,7600,7600,7600,7600,172,0,5300.0,5455.425210466146,219.35080000548624,19594.853299990064,5097.0
1778883985,200,GET,GET /api/ -> https://redis.io/,6.000000,0.000000,1300,5000,5200,5300,7300,7400,7400,7500,7500,7500,7500,191,0,5800.0,5438.454050784967,234.98690000269562,19593.861600005766,7780.0
1778883985,200,GET,GET /api/ -> https://training.play-with-docker.com/,13.500000,0.000000,7100,7400,7500,7600,8700,11000,14000,15000,16000,16000,16000,145,0,7100.0,5312.756936551987,226.6490000183694,16223.440100002335,1503.0
1778883985,200,GET,GET /api/ -> https://www.python.org/,4.200000,0.000000,1800,6900,7000,7100,7500,7500,7500,7500,7500,7500,7500,218,0,3600.0,5456.321905045733,236.57080001430586,19285.340900009032,13844.0
1778883985,200,,Aggregated,57.500000,0.000000,2200,5200,6400,7000,7400,7500,8700,9300,16000,16000,16000,2073,0,4000.0,5453.737428992125,18.59700001659803,21527.416700002505,6844.915581283164
1778883986,200,GET,GET /api/ -> http://example.com/,4.600000,0.000000,2600,5200,5300,5300,5300,5300,5400,5400,5500,5500,5500,316,0,3700.0,4044.495020570956,18.59700001659803,12188.26049999916,68.0
1778883986,200,GET,GET /api/ -> https://books.toscrape.com/,3.100000,0.000000,780,1000,2400,2700,4700,5000,5200,5300,5300,5300,5300,262,0,3400.0,4046.93338931336,40.837999986251816,19574.9820000201,8223.0
1778883986,200,GET,GET /api/ -> https://docs.docker.com/,5.600000,0.000000,3900,6200,6800,6900,7400,7500,7500,7500,7500,7500,7500,213,0,3500.0,5090.9968690129335,249.31610000203364,19470.257900014985,1856.0
1778883986,200,GET,GET /api/ -> https://flask.palletsprojects.com/,6.600000,0.000000,1700,2700,5300,7000,7300,7400,7500,7500,7500,7500,7500,205,0,4800.0,5461.436603902328,239.83320000115782,19600.48920000554,20936.0
1778883986,200,GET,GET /api/ -> https://github.com/ibnesayeed/linkextractor,5.600000,0.000000,1200,4900,5300,6800,7400,7500,7500,7500,7500,7500,7500,166,0,12000.0,10786.835278916145,205.01520001562312,21527.416700002505,12313.0
1778883986,200,GET,GET /api/ -> https://httpbin.org/,3.000000,0.000000,450,2400,4800,5100,7500,7500,7500,7500,7500,7500,7500,247,0,2400.0,4693.1837708510175,214.86509998794645,19621.439599985024,332.0
1778883986,200,GET,GET /api/ -> https://locust.io/,5.300000,0.000000,1000,2100,2700,5200,5400,7000,7500,7600,7600,7600,7600,180,0,5200.0,5266.645503889757,219.35080000548624,19594.853299990064,5097.0
1778883986,200,GET,GET /api/ -> https://redis.io/,6.000000,0.000000,1300,4800,5200,5300,7300,7300,7400,7500,7500,7500,7500,196,0,5300.0,5360.633815305512,234.98690000269562,19593.861600005766,7780.0
1778883986,200,GET,GET /api/ -> https://training.play-with-docker.com/,13.500000,0.000000,6900,7400,7500,7600,8700,9300,14000,15000,16000,16000,16000,156,0,6800.0,4970.207034615809,226.6490000183694,16223.440100002335,1503.0
1778883986,200,GET,GET /api/ -> https://www.python.org/,4.200000,0.000000,1300,2500,6900,7000,7400,7500,7500,7500,7500,7500,7500,231,0,3500.0,5229.590055411424,236.57080001430586,19285.340900009032,13844.0
1778883986,200,,Aggregated,57.500000,0.000000,1400,5000,5300,6900,7400,7500,8600,9200,16000,16000,16000,2172,0,3800.0,5282.795984254461,18.59700001659803,21527.416700002505,6843.395948434622
1778883988,200,GET,GET /api/ -> http://example.com/,5.900000,0.000000,2700,4700,5200,5300,5300,5300,5400,5400,5500,5500,5500,337,0,3500.0,3940.8676780428486,18.59700001659803,12188.26049999916,68.0
1778883988,200,GET,GET /api/ -> https://books.toscrape.com/,3.800000,0.000000,400,800,1000,2400,4700,5000,5200,5300,5300,5300,5300,280,0,3300.0,3809.6499385714455,40.837999986251816,19574.9820000201,8223.0
1778883988,200,GET,GET /api/ -> https://docs.docker.com/,5.900000,0.000000,1300,2700,4600,5000,6900,7000,7100,7100,7100,7100,7100,223,0,3500.0,4903.091384303749,249.31610000203364,19470.257900014985,1856.0
1778883988,200,GET,GET /api/ -> https://flask.palletsprojects.com/,7.000000,0.000000,1200,1700,2400,2500,5200,5300,7200,7300,7300,7300,7300,213,0,4300.0,5280.877590609989,239.83320000115782,19600.48920000554,20936.0
1778883988,200,GET,GET /api/ -> https://github.com/ibnesayeed/linkextractor,5.900000,0.000000,530,2400,3300,4800,5300,6900,7100,7200,7200,7200,7200,174,0,7500.0,10352.57383563252,205.01520001562312,21527.416700002505,12313.0
1778883988,200,GET,GET /api/ -> https://httpbin.org/,3.600000,0.000000,420,1200,3100,4800,7400,7500,7500,7500,7500,7500,7500,266,0,2100.0,4413.459166918012,214.86509998794645,19621.439599985024,332.0
1778883988,200,GET,GET /api/ -> https://locust.io/,6.100000,0.000000,850,2000,2400,2800,5300,5400,6900,7000,7000,7000,7000,184,0,4900.0,5174.29511956589,219.35080000548624,19594.853299990064,5097.0
1778883988,200,GET,GET /api/ -> https://redis.io/,7.100000,0.000000,1100,2100,4700,5000,5300,5300,7000,7300,7300,7300,7300,202,0,5300.0,5223.183281682801,234.98690000269562,19593.861600005766,7780.0
1778883988,200,GET,GET /api/ -> https://training.play-with-docker.com/,13.500000,0.000000,500,1200,1300,2500,5300,7300,7300,7300,7300,7300,7300,162,0,6700.0,4799.071569753312,226.6490000183694,16223.440100002335,1503.0
1778883988,200,GET,GET /api/ -> https://www.python.org/,4.500000,0.000000,410,1200,1300,2300,2900,4900,6900,6900,6900,6900,6900,241,0,3400.0,5036.830390041623,236.57080001430586,19285.340900009032,13844.0
1778883988,200,,Aggregated,63.300000,0.000000,820,2000,2700,4600,5300,5300,7000,7300,7300,7300,7300,2282,0,3500.0,5077.474901314848,18.59700001659803,21527.416700002505,6800.4750219106045
1778883989,200,GET,GET /api/ -> http://example.com/,11.800000,0.000000,2800,4700,5200,5300,5300,5300,5400,5400,5500,5500,5500,349,0,3400.0,3836.873371634575,18.59700001659803,12188.26049999916,68.0
1778883989,200,GET,GET /api/ -> https://books.toscrape.com/,6.200000,0.000000,400,1000,2400,2700,4000,5000,5200,5300,5300,5300,5300,291,0,3400.0,3765.342165979427,40.837999986251816,19574.9820000201,8223.0
1778883989,200,GET,GET /api/ -> https://docs.docker.com/,7.000000,0.000000,350,550,2700,3100,5000,5300,5300,5300,5300,5300,5300,242,0,3400.0,4573.198894626646,249.31610000203364,19470.257900014985,1856.0
1778883989,200,GET,GET /api/ -> https://flask.palletsprojects.com/,8.000000,0.000000,400,1200,2300,2500,4800,5200,5300,5300,5300,5300,5300,228,0,4200.0,4954.432156578518,239.83320000115782,19600.48920000554,20936.0
1778883989,200,GET,GET /api/ -> https://github.com/ibnesayeed/linkextractor,7.900000,0.000000,330,750,2900,3900,5000,5300,5300,5300,5300,5300,5300,185,0,7400.0,9793.871755135164,205.01520001562312,21527.416700002505,12313.0
1778883989,200,GET,GET /api/ -> https://httpbin.org/,5.900000,0.000000,360,450,760,2400,3700,4800,5000,5100,5100,5100,5100,277,0,1800.0,4275.388185560219,214.86509998794645,19621.439599985024,332.0
1778883989,200,GET,GET /api/ -> https://locust.io/,7.500000,0.000000,400,2100,2400,3900,5200,5300,5300,5400,5400,5400,5400,195,0,4000.0,4993.128451795126,219.35080000548624,19594.853299990064,5097.0
1778883989,200,GET,GET /api/ -> https://redis.io/,8.300000,0.000000,370,2100,4000,4900,5200,5300,5300,5300,5300,5300,5300,213,0,5200.0,4986.092683567448,234.98690000269562,19593.861600005766,7780.0
1778883989,200,GET,GET /api/ -> https://training.play-with-docker.com/,15.000000,0.000000,350,400,610,1200,2700,4900,5300,5300,5300,5300,5300,169,0,5500.0,4613.501904733629,226.6490000183694,16223.440100002335,1503.0
1778883989,200,GET,GET /api/ -> https://www.python.org/,6.100000,0.000000,340,380,1200,2300,3400,4800,4900,4900,4900,4900,4900,259,0,3300.0,4746.475584942328,236.57080001430586,19285.340900009032,13844.0
1778883989,200,,Aggregated,83.700000,0.000000,390,1300,2700,3900,5200,5300,5300,5300,5500,5500,5500,2408,0,3400.0,4863.776425000077,18.59700001659803,21527.416700002505,6852.0398671096345
1778883990,200,GET,GET /api/ -> http://example.com/,13.700000,0.000000,2800,4700,5200,5300,5300,5300,5400,5400,5500,5500,5500,354,0,3400.0,3811.4095186454733,18.59700001659803,12188.26049999916,68.0
1778883990,200,GET,GET /api/ -> https://books.toscrape.com/,8.000000,0.000000,1000,4000,4400,4500,4600,4900,5000,5200,5300,5300,5300,323,0,3400.0,3783.595694737378,40.837999986251816,19574.9820000201,8223.0
1778883990,200,GET,GET /api/ -> https://docs.docker.com/,7.800000,0.000000,350,450,2700,3100,5000,5300,5300,5300,5300,5300,5300,248,0,3400.0,4469.151140321159,229.86749999108724,19470.257900014985,1856.0
1778883990,200,GET,GET /api/ -> https://flask.palletsprojects.com/,8.600000,0.000000,390,2400,2700,4300,4900,5200,5300,5300,5300,5300,5300,235,0,4200.0,4883.685490212334,239.83320000115782,19600.48920000554,20936.0
1778883990,200,GET,GET /api/ -> https://github.com/ibnesayeed/linkextractor,8.600000,0.000000,400,2400,4300,4400,5000,5300,5300,5300,5300,5300,5300,202,0,6800.0,9095.514568316521,205.01520001562312,21527.416700002505,12313.0
1778883990,200,GET,GET /api/ -> https://httpbin.org/,7.700000,0.000000,330,420,600,2400,4000,4800,5000,5100,5100,5100,5100,296,0,1500.0,4047.434938176397,214.86509998794645,19621.439599985024,332.0
1778883990,200,GET,GET /api/ -> https://locust.io/,7.700000,0.000000,2100,2800,4000,4300,5200,5300,5300,5400,5400,5400,5400,209,0,4000.0,4797.89598803838,219.35080000548624,19594.853299990064,5097.0
1778883990,200,GET,GET /api/ -> https://redis.io/,8.800000,0.000000,1000,4000,4900,5200,5300,5300,5300,5300,5300,5300,5300,218,0,5200.0,4914.842480274666,225.47239999403246,19593.861600005766,7780.0
1778883990,200,GET,GET /api/ -> https://training.play-with-docker.com/,12.900000,0.000000,350,400,1200,2500,4400,4900,5300,5300,5300,5300,5300,188,0,4400.0,4286.062200531578,226.6490000183694,16223.440100002335,1503.0
1778883990,200,GET,GET /api/ -> https://www.python.org/,6.700000,0.000000,330,360,410,1200,2900,3900,4900,4900,4900,4900,4900,273,0,2900.0,4516.250957875818,216.4185000001453,19285.340900009032,13844.0
1778883990,200,,Aggregated,90.500000,0.000000,400,2500,4000,4500,5200,5300,5300,5300,5500,5500,5500,2546,0,3400.0,4703.693151571212,18.59700001659803,21527.416700002505,6861.404556166536
1778883991,200,GET,GET /api/ -> http://example.com/,14.800000,0.000000,2900,5100,5300,5300,5300,5300,5400,5400,5500,5500,5500,360,0,3400.0,3752.810744445823,18.59700001659803,12188.26049999916,68.0
1778883991,200,GET,GET /api/ -> https://books.toscrape.com/,8.900000,0.000000,2700,4400,4600,4700,5200,5400,5400,5600,5700,5700,5700,342,0,3400.0,3792.9289192992687,40.837999986251816,19574.9820000201,8223.0
1778883991,200,GET,GET /api/ -> https://docs.docker.com/,7.800000,0.000000,320,350,2400,2700,5000,5300,5700,5700,5700,5700,5700,271,0,3100.0,4155.291510700025,229.86749999108724,19470.257900014985,1856.0
1778883991,200,GET,GET /api/ -> https://flask.palletsprojects.com/,8.400000,0.000000,340,390,2400,2700,4900,5200,5300,5700,5700,5700,5700,255,0,4000.0,4545.168667842917,239.83320000115782,19600.48920000554,20936.0
1778883991,200,GET,GET /api/ -> https://github.com/ibnesayeed/linkextractor,8.000000,0.000000,430,2900,4300,4700,5000,5300,5300,5300,5300,5300,5300,207,0,5300.0,8882.662580676004,205.01520001562312,21527.416700002505,12313.0
1778883991,200,GET,GET /api/ -> https://httpbin.org/,7.100000,0.000000,310,390,470,2300,4000,4800,5000,5100,5100,5100,5100,313,0,1300.0,3857.49346357906,214.86509998794645,19621.439599985024,332.0
1778883991,200,GET,GET /api/ -> https://locust.io/,8.300000,0.000000,1000,3900,4300,4700,5300,5300,5400,5700,5700,5700,5700,218,0,3700.0,4657.096019724956,219.35080000548624,19594.853299990064,5097.0
1778883991,200,GET,GET /api/ -> https://redis.io/,8.300000,0.000000,370,4000,4900,5200,5300,5300,5300,5700,5700,5700,5700,230,0,4800.0,4696.464114347295,225.47239999403246,19593.861600005766,7780.0
1778883991,200,GET,GET /api/ -> https://training.play-with-docker.com/,8.800000,0.000000,370,410,1200,2700,4700,5300,5300,5300,5300,5300,5300,192,0,4300.0,4202.947410937061,226.6490000183694,16223.440100002335,1503.0
1778883991,200,GET,GET /api/ -> https://www.python.org/,7.100000,0.000000,320,350,400,560,2900,4800,5200,5700,5700,5700,5700,290,0,2500.0,4304.543478965783,216.4185000001453,19285.340900009032,13844.0
1778883991,200,,Aggregated,87.500000,0.000000,390,2700,4300,4600,5200,5300,5400,5500,5700,5700,5700,2678,0,3300.0,4529.54419970149,18.59700001659803,21527.416700002505,6921.206497386109
1778883992,200,GET,GET /api/ -> http://example.com/,14.300000,0.000000,2800,5100,5200,5300,5300,5300,5400,5400,5500,5500,5500,367,0,3300.0,3686.026047140281,18.59700001659803,12188.26049999916,68.0
1778883992,200,GET,GET /api/ -> https://books.toscrape.com/,11.500000,0.000000,2700,4400,4600,4700,5200,5400,5500,5600,5700,5700,5700,351,0,3400.0,3745.9331068384927,40.837999986251816,19574.9820000201,8223.0
1778883992,200,GET,GET /api/ -> https://docs.docker.com/,5.700000,0.000000,320,360,2700,3900,5300,5300,5700,5700,5700,5700,5700,290,0,3000.0,4037.302319654404,229.86749999108724,19470.257900014985,1856.0
1778883992,200,GET,GET /api/ -> https://flask.palletsprojects.com/,7.300000,0.000000,320,370,1200,2700,5100,5300,5300,5700,5700,5700,5700,275,0,3300.0,4287.277388727208,233.90329998801462,19600.48920000554,20936.0
1778883992,200,GET,GET /api/ -> https://github.com/ibnesayeed/linkextractor,8.700000,0.000000,350,2400,4300,4700,5000,5300,5300,5300,5300,5300,5300,219,0,5000.0,8455.790965752883,205.01520001562312,21527.416700002505,12313.0
1778883992,200,GET,GET /api/ -> https://httpbin.org/,8.400000,0.000000,310,420,760,2400,4800,5100,5400,5500,5500,5500,5500,324,0,1200.0,3815.4893817907714,214.86509998794645,19621.439599985024,332.0
1778883992,200,GET,GET /api/ -> https://locust.io/,8.700000,0.000000,670,3100,4300,4600,5300,5300,5400,5700,5700,5700,5700,227,0,2800.0,4505.683010573153,219.35080000548624,19594.853299990064,5097.0
1778883992,200,GET,GET /api/ -> https://redis.io/,7.700000,0.000000,330,2800,4900,5200,5300,5300,5700,5700,5700,5700,5700,250,0,4000.0,4443.411075199605,225.47239999403246,19593.861600005766,7780.0
1778883992,200,GET,GET /api/ -> https://training.play-with-docker.com/,8.100000,0.000000,350,410,1200,2700,4700,5300,5400,5700,5700,5700,5700,203,0,4000.0,4066.8660113295505,226.6490000183694,16223.440100002335,1503.0
1778883992,200,GET,GET /api/ -> https://www.python.org/,6.500000,0.000000,320,350,410,2300,4900,5400,5400,5500,5700,5700,5700,310,0,2400.0,4161.535641613168,216.4185000001453,19285.340900009032,13844.0
1778883992,200,,Aggregated,86.900000,0.000000,360,2400,4300,4700,5300,5300,5400,5600,5700,5700,5700,2816,0,3100.0,4387.337527343978,18.59700001659803,21527.416700002505,6999.201704545455
1778883993,200,GET,GET /api/ -> http://example.com/,13.800000,0.000000,2900,5100,5200,5300,5300,5300,5400,5400,5500,5500,5500,376,0,3100.0,3642.91378484167,18.59700001659803,12188.26049999916,68.0
1778883993,200,GET,GET /api/ -> https://books.toscrape.com/,12.300000,0.000000,4000,4500,4700,4900,5200,5500,5700,5700,5700,5700,5700,366,0,3400.0,3736.9638598368815,40.837999986251816,19574.9820000201,8223.0
1778883993,200,GET,GET /api/ -> https://docs.docker.com/,7.000000,0.000000,320,360,3400,5000,5300,5300,5500,5700,5700,5700,5700,304,0,3000.0,3958.977358223006,196.56370001030155,19470.257900014985,1856.0
1778883993,200,GET,GET /api/ -> https://flask.palletsprojects.com/,6.700000,0.000000,300,350,1200,4300,5100,5300,5300,5700,5700,5700,5700,290,0,3200.0,4160.6499472414225,219.9593000113964,19600.48920000554,20936.0
1778883993,200,GET,GET /api/ -> https://github.com/ibnesayeed/linkextractor,7.500000,0.000000,330,630,3300,4300,5000,5200,5300,5300,5300,5300,5300,234,0,4700.0,7932.623203845574,194.5447000034619,21527.416700002505,12313.0
1778883993,200,GET,GET /api/ -> https://httpbin.org/,10.000000,0.000000,310,420,1000,2400,4800,5400,5500,5500,5500,5500,5500,341,0,1200.0,3695.949526393583,198.18010000744835,19621.439599985024,332.0
1778883993,200,GET,GET /api/ -> https://locust.io/,6.800000,0.000000,320,2400,4000,4300,5300,5300,5400,5700,5700,5700,5700,246,0,2300.0,4199.379847967894,217.64200000325218,19594.853299990064,5097.0
1778883993,200,GET,GET /api/ -> https://redis.io/,6.300000,0.000000,330,4000,5000,5100,5300,5300,5700,5700,5700,5700,5700,266,0,3200.0,4282.061289473243,218.11250000610016,19593.861600005766,7780.0
1778883993,200,GET,GET /api/ -> https://training.play-with-docker.com/,7.600000,0.000000,320,390,1200,4300,4900,5300,5400,5700,5700,5700,5700,219,0,2400.0,3854.58961598119,197.44570000329986,16223.440100002335,1503.0
1778883993,200,GET,GET /api/ -> https://www.python.org/,8.200000,0.000000,320,350,430,2300,5000,5400,5500,5700,5700,5700,5700,322,0,2300.0,4062.6559173915157,188.97930000093766,19285.340900009032,13844.0
1778883993,200,,Aggregated,86.200000,0.000000,350,2400,4400,4800,5300,5300,5500,5700,5700,5700,5700,2964,0,2800.0,4247.145969129756,18.59700001659803,21527.416700002505,7009.301956815115
1778883994,200,GET,GET /api/ -> http://example.com/,12.400000,0.000000,2800,4700,5100,5200,5300,5300,5400,5400,5500,5500,5500,386,0,3100.0,3593.897568394757,18.59700001659803,12188.26049999916,68.0
1778883994,200,GET,GET /api/ -> https://books.toscrape.com/,12.200000,0.000000,4000,4500,4800,4900,5200,5500,5700,5700,5700,5700,5700,373,0,3400.0,3698.332543968552,40.837999986251816,19574.9820000201,8223.0
1778883994,200,GET,GET /api/ -> https://docs.docker.com/,8.300000,0.000000,320,360,1200,4700,5300,5300,5500,5700,5700,5700,5700,316,0,2700.0,3822.2748227843895,196.56370001030155,19470.257900014985,1856.0
1778883994,200,GET,GET /api/ -> https://flask.palletsprojects.com/,6.800000,0.000000,300,350,390,2800,5000,5300,5300,5700,5700,5700,5700,295,0,2800.0,4111.707063728916,219.9593000113964,19600.48920000554,20936.0
1778883994,200,GET,GET /api/ -> https://github.com/ibnesayeed/linkextractor,7.500000,0.000000,330,450,3900,4300,5000,5200,5300,5300,5300,5300,5300,242,0,4400.0,7738.397919834223,194.5447000034619,21527.416700002505,12313.0
1778883994,200,GET,GET /api/ -> https://httpbin.org/,10.600000,0.000000,310,420,3100,4700,5000,5400,5500,5500,5500,5500,5500,356,0,1200.0,3685.214201404858,198.18010000744835,19621.439599985024,332.0
1778883994,200,GET,GET /api/ -> https://locust.io/,6.700000,0.000000,320,450,4000,4300,4900,5300,5400,5700,5700,5700,5700,260,0,2100.0,4061.8245896155713,217.64200000325218,19594.853299990064,5097.0
1778883994,200,GET,GET /api/ -> https://redis.io/,6.800000,0.000000,310,830,4800,5000,5200,5300,5700,5700,5700,5700,5700,275,0,3400.0,4239.011826544936,218.11250000610016,19593.861600005766,7780.0
1778883994,200,GET,GET /api/ -> https://training.play-with-docker.com/,6.600000,0.000000,340,390,1200,4400,5000,5300,5400,5700,5700,5700,5700,231,0,2400.0,3794.43436147125,197.44570000329986,16223.440100002335,1503.0
1778883994,200,GET,GET /api/ -> https://www.python.org/,9.900000,0.000000,320,350,390,1200,5000,5400,5500,5700,5700,5700,5700,340,0,1900.0,3920.320654117934,188.97930000093766,19285.340900009032,13844.0
1778883994,200,,Aggregated,87.800000,0.000000,340,1000,4400,4800,5200,5300,5500,5700,5700,5700,5700,3074,0,2700.0,4165.051882205736,18.59700001659803,21527.416700002505,6985.313597918022
1778883996,200,GET,GET /api/ -> http://example.com/,13.300000,0.000000,350,420,2800,2800,4900,5000,5200,5400,5400,5400,5400,402,0,2800.0,3498.8945644287755,18.59700001659803,12188.26049999916,68.0
1778883996,200,GET,GET /api/ -> https://books.toscrape.com/,13.600000,0.000000,4000,4500,4600,4900,5200,5500,5700,5700,5700,5700,5700,387,0,3400.0,3588.0141935406164,40.837999986251816,19574.9820000201,8223.0
1778883996,200,GET,GET /api/ -> https://docs.docker.com/,10.500000,0.000000,320,350,390,530,5100,5300,5500,5700,5700,5700,5700,332,0,2400.0,3697.3003201801694,196.56370001030155,19470.257900014985,1856.0
1778883996,200,GET,GET /api/ -> https://flask.palletsprojects.com/,9.900000,0.000000,300,340,370,390,4900,5100,5300,5300,5700,5700,5700,310,0,2500.0,3944.962815806596,219.9593000113964,19600.48920000554,20936.0
1778883996,200,GET,GET /api/ -> https://github.com/ibnesayeed/linkextractor,9.400000,0.000000,300,350,370,400,4300,4900,5100,5200,5200,5200,5200,249,0,4300.0,7549.202108433228,194.5447000034619,21527.416700002505,12313.0
1778883996,200,GET,GET /api/ -> https://httpbin.org/,12.600000,0.000000,300,340,3300,4800,5000,5400,5500,5500,5500,5500,5500,369,0,1200.0,3629.5993994582454,198.18010000744835,19621.439599985024,332.0
1778883996,200,GET,GET /api/ -> https://locust.io/,9.300000,0.000000,320,350,400,4000,4700,4900,5400,5700,5700,5700,5700,265,0,2000.0,3991.8337200002807,217.64200000325218,19594.853299990064,5097.0
1778883996,200,GET,GET /api/ -> https://redis.io/,9.500000,0.000000,310,350,410,4300,5200,5200,5700,5700,5700,5700,5700,285,0,3200.0,4119.981275788986,218.11250000610016,19593.861600005766,7780.0
1778883996,200,GET,GET /api/ -> https://training.play-with-docker.com/,8.400000,0.000000,310,340,380,4300,5000,5100,5400,5700,5700,5700,5700,240,0,1300.0,3683.6683862494588,197.44570000329986,16223.440100002335,1503.0
1778883996,200,GET,GET /api/ -> https://www.python.org/,11.600000,0.000000,320,350,380,410,5000,5400,5500,5700,5700,5700,5700,354,0,1400.0,3818.0689562148596,188.97930000093766,19285.340900009032,13844.0
1778883996,200,,Aggregated,108.100000,0.000000,320,370,2800,4300,5000,5300,5500,5700,5700,5700,5700,3193,0,2500.0,4050.2161644222656,18.59700001659803,21527.416700002505,6994.655496398372
1778883997,200,GET,GET /api/ -> http://example.com/,12.800000,0.000000,320,370,420,690,4900,5100,5400,5700,5700,5700,5700,412,0,2800.0,3436.2306514572215,18.59700001659803,12188.26049999916,68.0
1778883997,200,GET,GET /api/ -> https://books.toscrape.com/,13.600000,0.000000,4000,4500,4900,4900,5400,5600,5700,5700,6200,6200,6200,399,0,3400.0,3505.1804616548243,40.837999986251816,19574.9820000201,8223.0
1778883997,200,GET,GET /api/ -> https://docs.docker.com/,11.400000,0.000000,310,350,390,620,5100,5300,5500,5700,5700,5700,5700,348,0,1600.0,3544.7449508616023,196.56370001030155,19470.257900014985,1856.0
1778883997,200,GET,GET /api/ -> https://flask.palletsprojects.com/,10.200000,0.000000,300,330,360,370,4900,5100,5300,5600,5700,5700,5700,324,0,2300.0,3802.7781345679414,204.10589998937212,19600.48920000554,20936.0
1778883997,200,GET,GET /api/ -> https://github.com/ibnesayeed/linkextractor,9.800000,0.000000,290,320,360,390,4400,5000,5200,6000,6000,6000,6000,264,0,3300.0,7159.148814772131,194.5447000034619,21527.416700002505,12313.0
1778883997,200,GET,GET /api/ -> https://httpbin.org/,13.100000,0.000000,290,330,4700,4900,5100,5400,5500,5600,5800,5800,5800,381,0,1000.0,3553.822295013186,198.18010000744835,19621.439599985024,332.0
1778883997,200,GET,GET /api/ -> https://locust.io/,9.600000,0.000000,310,340,580,3900,4800,5300,5800,6200,6200,6200,6200,283,0,1700.0,3800.072202120427,203.66930001182482,19594.853299990064,5097.0
1778883997,200,GET,GET /api/ -> https://redis.io/,9.100000,0.000000,290,350,450,4300,5200,5500,5700,5800,5800,5800,5800,302,0,2500.0,3941.2639413901297,198.60220002010465,19593.861600005766,7780.0
1778883997,200,GET,GET /api/ -> https://training.play-with-docker.com/,9.500000,0.000000,300,330,360,4300,5000,5100,5400,5700,5700,5700,5700,251,0,1200.0,3534.7928003979887,197.44570000329986,16223.440100002335,1503.0
1778883997,200,GET,GET /api/ -> https://www.python.org/,12.400000,0.000000,310,350,380,640,5000,5400,5500,5700,5700,5700,5700,372,0,1400.0,3652.499565591482,188.97930000093766,19285.340900009032,13844.0
1778883997,200,,Aggregated,111.500000,0.000000,310,360,630,4300,5000,5400,5600,5700,6200,6200,6200,3336,0,2200.0,3907.563533393347,18.59700001659803,21527.416700002505,7024.73051558753
1778883998,200,GET,GET /api/ -> http://example.com/,9.200000,0.000000,320,370,4700,4900,6000,6300,6600,6600,6600,6600,6600,429,0,2800.0,3437.0471522150838,18.59700001659803,12188.26049999916,68.0
1778883998,200,GET,GET /api/ -> https://books.toscrape.com/,13.600000,0.000000,4300,4600,4900,5000,5400,5700,6200,6500,6700,6700,6700,406,0,3400.0,3480.5619576361673,40.837999986251816,19574.9820000201,8223.0
1778883998,200,GET,GET /api/ -> https://docs.docker.com/,12.100000,0.000000,310,380,670,5000,5400,6600,6600,6600,6600,6600,6600,363,0,1700.0,3565.341210192404,196.56370001030155,19470.257900014985,1856.0
1778883998,200,GET,GET /api/ -> https://flask.palletsprojects.com/,10.700000,0.000000,300,330,380,4300,5100,6400,6500,6500,6700,6700,6700,342,0,2100.0,3742.56699035097,204.10589998937212,19600.48920000554,20936.0
1778883998,200,GET,GET /api/ -> https://github.com/ibnesayeed/linkextractor,9.300000,0.000000,280,300,360,370,4700,5100,6000,6600,6600,6600,6600,280,0,2400.0,6807.180257499567,194.5447000034619,21527.416700002505,12313.0
1778883998,200,GET,GET /api/ -> https://httpbin.org/,13.900000,0.000000,290,330,4700,4900,5200,5500,5600,5800,6400,6400,6400,388,0,1000.0,3510.6982262887614,198.18010000744835,19621.439599985024,332.0
1778883998,200,GET,GET /api/ -> https://locust.io/,8.900000,0.000000,300,330,400,4300,5400,5900,6500,6500,6600,6600,6600,303,0,1600.0,3705.471096040044,203.66930001182482,19594.853299990064,5097.0
1778883998,200,GET,GET /api/ -> https://redis.io/,9.000000,0.000000,290,350,790,5000,5500,6500,6500,6500,6600,6600,6600,320,0,2400.0,3870.852847811966,198.60220002010465,19593.861600005766,7780.0
1778883998,200,GET,GET /api/ -> https://training.play-with-docker.com/,9.500000,0.000000,280,320,350,4300,5000,5400,6500,6600,6600,6600,6600,271,0,980.0,3362.926438744966,197.44570000329986,16223.440100002335,1503.0
1778883998,200,GET,GET /api/ -> https://www.python.org/,13.500000,0.000000,310,350,410,760,5400,5500,5900,6600,6600,6600,6600,376,0,1400.0,3664.892975531984,188.97930000093766,19285.340900009032,13844.0
1778883998,200,,Aggregated,109.700000,0.000000,300,360,760,4700,5300,5800,6500,6600,6700,6700,6700,3478,0,2000.0,3847.246410034571,18.59700001659803,21527.416700002505,7022.6147211040825
1778883999,200,GET,GET /api/ -> http://example.com/,9.200000,0.000000,320,370,4700,4900,6000,6300,6600,6600,6600,6600,6600,435,0,2800.0,3406.394438851148,18.59700001659803,12188.26049999916,68.0
1778883999,200,GET,GET /api/ -> https://books.toscrape.com/,13.500000,0.000000,330,4600,4900,5200,5600,6000,6200,6500,6700,6700,6700,425,0,3300.0,3377.935276706566,40.837999986251816,19574.9820000201,8223.0
1778883999,200,GET,GET /api/ -> https://docs.docker.com/,12.700000,0.000000,300,380,710,5000,5700,6600,6600,6600,6600,6600,6600,381,0,1400.0,3469.175827033525,196.56370001030155,19470.257900014985,1856.0
1778883999,200,GET,GET /api/ -> https://flask.palletsprojects.com/,11.200000,0.000000,290,320,360,410,5300,6200,6500,6500,6700,6700,6700,357,0,1700.0,3627.5677039215916,204.10589998937212,19600.48920000554,20936.0
1778883999,200,GET,GET /api/ -> https://github.com/ibnesayeed/linkextractor,8.800000,0.000000,280,300,360,380,5000,5900,6100,6600,6600,6600,6600,295,0,1300.0,6551.894501016487,194.5447000034619,21527.416700002505,12313.0
1778883999,200,GET,GET /api/ -> https://httpbin.org/,12.900000,0.000000,290,330,4800,4900,5200,5500,5800,6000,6400,6400,6400,400,0,970.0,3426.6638750000857,198.18010000744835,19621.439599985024,332.0
1778883999,200,GET,GET /api/ -> https://locust.io/,9.200000,0.000000,290,320,380,620,5800,6100,6500,6500,6600,6600,6600,316,0,1500.0,3599.5026294307236,203.66930001182482,19594.853299990064,5097.0
1778883999,200,GET,GET /api/ -> https://redis.io/,9.800000,0.000000,290,340,4900,5100,5800,6400,6500,6500,6600,6600,6600,340,0,1600.0,3743.169217940286,198.60220002010465,19593.861600005766,7780.0
1778883999,200,GET,GET /api/ -> https://training.play-with-docker.com/,8.600000,0.000000,270,320,350,4700,5400,5900,6500,6600,6600,6600,6600,287,0,700.0,3268.0404222993634,197.44570000329986,16223.440100002335,1503.0
1778883999,200,GET,GET /api/ -> https://www.python.org/,13.000000,0.000000,300,350,410,770,5400,5700,6100,6600,6600,6600,6600,393,0,1300.0,3560.7421882951935,188.97930000093766,19285.340900009032,13844.0
1778883999,200,,Aggregated,108.900000,0.000000,290,340,620,4900,5400,6000,6500,6600,6700,6700,6700,3629,0,1600.0,3743.4818980159744,18.59700001659803,21527.416700002505,7053.9220170845965
1778884000,200,GET,GET /api/ -> http://example.com/,7.900000,0.000000,290,340,680,4900,6000,6300,6600,6600,6600,6600,6600,454,0,2700.0,3286.0656572693147,18.59700001659803,12188.26049999916,68.0
1778884000,200,GET,GET /api/ -> https://books.toscrape.com/,12.200000,0.000000,300,440,5000,5400,5700,6200,6400,6500,6700,6700,6700,435,0,3300.0,3346.8704064375984,40.837999986251816,19574.9820000201,8223.0
1778884000,200,GET,GET /api/ -> https://docs.docker.com/,13.100000,0.000000,300,420,5000,5200,6100,6600,6600,6600,6600,6600,6600,392,0,1400.0,3438.9616390301167,196.56370001030155,19470.257900014985,1856.0
1778884000,200,GET,GET /api/ -> https://flask.palletsprojects.com/,11.800000,0.000000,280,330,410,5000,6200,6300,6500,6500,6700,6700,6700,374,0,1600.0,3585.1658975936934,196.42629998270422,19600.48920000554,20936.0
1778884000,200,GET,GET /api/ -> https://github.com/ibnesayeed/linkextractor,9.900000,0.000000,280,300,360,390,5900,6100,6200,6400,6600,6600,6600,320,0,750.0,6188.811312499456,194.5447000034619,21527.416700002505,12313.0
1778884000,200,GET,GET /api/ -> https://httpbin.org/,11.900000,0.000000,290,350,4900,5100,5500,6200,6300,6400,6400,6400,6400,415,0,960.0,3397.62966867483,198.18010000744835,19621.439599985024,332.0
1778884000,200,GET,GET /api/ -> https://locust.io/,10.500000,0.000000,280,300,350,400,5800,6100,6500,6500,6600,6600,6600,335,0,1100.0,3444.2959262687996,203.30389999435283,19594.853299990064,5097.0
1778884000,200,GET,GET /api/ -> https://redis.io/,11.100000,0.000000,280,340,4900,5100,6100,6400,6500,6500,6600,6600,6600,358,0,1400.0,3634.9376715076164,191.1880999978166,19593.861600005766,7780.0
1778884000,200,GET,GET /api/ -> https://training.play-with-docker.com/,9.700000,0.000000,270,300,340,370,5400,5900,6500,6600,6600,6600,6600,307,0,390.0,3090.080642670864,197.44570000329986,16223.440100002335,1503.0
1778884000,200,GET,GET /api/ -> https://www.python.org/,13.100000,0.000000,320,380,700,5000,5400,6000,6300,6600,6600,6600,6600,399,0,1300.0,3540.229589473672,188.97930000093766,19285.340900009032,13844.0
1778884000,200,,Aggregated,111.200000,0.000000,290,340,620,5000,5900,6200,6500,6600,6700,6700,6700,3789,0,1400.0,3653.59634761153,18.59700001659803,21527.416700002505,7052.347585114806
1778884001,200,GET,GET /api/ -> http://example.com/,8.300000,0.000000,270,340,680,4900,6000,6300,6500,6600,6600,6600,6600,462,0,2700.0,3257.4164854984747,18.59700001659803,12188.26049999916,68.0
1778884001,200,GET,GET /api/ -> https://books.toscrape.com/,13.000000,0.000000,280,340,650,4900,6000,6200,6400,6500,6700,6700,6700,450,0,2700.0,3283.4381937784688,40.837999986251816,19574.9820000201,8223.0
1778884001,200,GET,GET /api/ -> https://docs.docker.com/,12.500000,0.000000,290,370,670,5000,6100,6600,6600,6600,6600,6600,6600,406,0,1300.0,3342.414835713597,196.56370001030155,19470.257900014985,1856.0
1778884001,200,GET,GET /api/ -> https://flask.palletsprojects.com/,11.700000,0.000000,270,330,450,5000,6200,6300,6500,6500,6700,6700,6700,385,0,1400.0,3535.082566493732,196.42629998270422,19600.48920000554,20936.0
1778884001,200,GET,GET /api/ -> https://github.com/ibnesayeed/linkextractor,10.600000,0.000000,270,300,350,370,5900,6100,6200,6400,6600,6600,6600,333,0,530.0,5957.3379414410065,194.5447000034619,21527.416700002505,12313.0
1778884001,200,GET,GET /api/ -> https://httpbin.org/,12.100000,0.000000,280,350,4900,5000,6000,6200,6300,6400,6400,6400,6400,432,0,930.0,3342.034724768719,198.18010000744835,19621.439599985024,332.0
1778884001,200,GET,GET /api/ -> https://locust.io/,11.000000,0.000000,280,300,340,400,5900,6100,6500,6500,6600,6600,6600,351,0,940.0,3347.8052880346513,203.30389999435283,19594.853299990064,5097.0
1778884001,200,GET,GET /api/ -> https://redis.io/,12.000000,0.000000,280,320,560,5000,6200,6400,6500,6500,6600,6600,6600,376,0,1400.0,3522.1348648929247,191.1880999978166,19593.861600005766,7780.0
1778884001,200,GET,GET /api/ -> https://training.play-with-docker.com/,10.800000,0.000000,260,290,330,340,5000,5900,6500,6600,6600,6600,6600,315,0,380.0,3018.292044126983,197.44570000329986,16223.440100002335,1503.0
1778884001,200,GET,GET /api/ -> https://www.python.org/,12.200000,0.000000,290,350,400,700,5100,6000,6300,6600,6600,6600,6600,417,0,1200.0,3412.9342966425043,188.97930000093766,19285.340900009032,13844.0
1778884001,200,,Aggregated,114.200000,0.000000,280,330,390,4900,6000,6200,6500,6600,6700,6700,6700,3927,0,1300.0,3565.421775248332,18.59700001659803,21527.416700002505,7066.471861471861
1778884003,200,GET,GET /api/ -> http://example.com/,8.500000,0.000000,270,370,5000,5500,6000,6300,6600,6600,6600,6600,6600,480,0,2700.0,3252.4344927088046,18.59700001659803,12188.26049999916,68.0
1778884003,200,GET,GET /api/ -> https://books.toscrape.com/,11.100000,0.000000,260,300,320,410,6100,6200,6500,6700,6700,6700,6700,459,0,2500.0,3223.50849869343,40.837999986251816,19574.9820000201,8223.0
1778884003,200,GET,GET /api/ -> https://docs.docker.com/,13.800000,0.000000,280,350,710,5500,6300,6600,6600,6600,6600,6600,6600,413,0,1300.0,3302.861489829823,196.56370001030155,19470.257900014985,1856.0
1778884003,200,GET,GET /api/ -> https://flask.palletsprojects.com/,12.600000,0.000000,270,320,4800,5600,6200,6500,6500,6700,6700,6700,6700,394,0,1300.0,3498.20867284298,196.42629998270422,19600.48920000554,20936.0
1778884003,200,GET,GET /api/ -> https://github.com/ibnesayeed/linkextractor,9.800000,0.000000,260,280,300,390,6000,6200,6400,6600,6600,6600,6600,340,0,430.0,5855.611894705576,194.5447000034619,21527.416700002505,12313.0
1778884003,200,GET,GET /api/ -> https://httpbin.org/,11.800000,0.000000,280,350,4900,5600,6200,6300,6400,6400,6400,6400,6400,437,0,950.0,3344.2548203662473,198.18010000744835,19621.439599985024,332.0
1778884003,200,GET,GET /api/ -> https://locust.io/,11.500000,0.000000,270,290,350,620,6100,6300,6500,6600,6600,6600,6600,357,0,940.0,3323.538359944449,203.30389999435283,19594.853299990064,5097.0
1778884003,200,GET,GET /api/ -> https://redis.io/,12.600000,0.000000,290,320,450,5600,6300,6500,6500,6500,6600,6600,6600,381,0,1400.0,3506.5910664035355,191.1880999978166,19593.861600005766,7780.0
1778884003,200,GET,GET /api/ -> https://training.play-with-docker.com/,10.600000,0.000000,250,270,280,320,4900,6000,6600,6600,6600,6600,6600,324,0,370.0,2955.3862941356333,197.44570000329986,16223.440100002335,1503.0
1778884003,200,GET,GET /api/ -> https://www.python.org/,12.900000,0.000000,270,320,400,660,5900,6100,6600,6600,6600,6600,6600,424,0,1200.0,3371.41939056576,188.97930000093766,19285.340900009032,13844.0
1778884003,200,,Aggregated,115.200000,0.000000,270,310,400,4800,6100,6300,6500,6600,6700,6700,6700,4009,0,1300.0,3528.317221800967,18.59700001659803,21527.416700002505,7057.732601646296
1778884005,200,GET,GET /api/ -> http://example.com/,11.200000,0.000000,270,4400,5200,5600,6000,6300,6600,6600,6600,6600,6600,492,0,2700.0,3267.1449766264814,18.59700001659803,12188.26049999916,68.0
1778884005,200,GET,GET /api/ -> https://books.toscrape.com/,10.500000,0.000000,280,390,2000,5200,6200,6400,6700,6900,6900,6900,6900,473,0,2700.0,3254.7438606771448,40.837999986251816,19574.9820000201,8223.0
1778884005,200,GET,GET /api/ -> https://docs.docker.com/,12.000000,0.000000,280,670,5500,6000,6500,6600,6600,6600,6600,6600,6600,422,0,1300.0,3325.6590618475802,196.56370001030155,19470.257900014985,1856.0
1778884005,200,GET,GET /api/ -> https://flask.palletsprojects.com/,11.800000,0.000000,270,4600,5900,6200,6500,6500,6700,6900,6900,6900,6900,408,0,1700.0,3554.8402024511483,196.42629998270422,19600.48920000554,20936.0
1778884005,200,GET,GET /api/ -> https://github.com/ibnesayeed/linkextractor,11.800000,0.000000,270,300,4700,5600,6200,6500,6600,6600,6900,6900,6900,355,0,730.0,5834.741731830643,194.5447000034619,21527.416700002505,12313.0
1778884005,200,GET,GET /api/ -> https://httpbin.org/,10.700000,0.000000,310,4600,5800,6000,6300,6400,6700,6900,6900,6900,6900,459,0,1000.0,3402.223821568875,198.18010000744835,19621.439599985024,332.0
1778884005,200,GET,GET /api/ -> https://locust.io/,11.800000,0.000000,280,2000,5500,5900,6500,6600,6900,6900,6900,6900,6900,378,0,1400.0,3440.8610116406444,203.30389999435283,19594.853299990064,5097.0
1778884005,200,GET,GET /api/ -> https://redis.io/,12.500000,0.000000,290,320,5100,5900,6300,6500,6500,6600,6700,6700,6700,390,0,1400.0,3528.017686409592,191.1880999978166,19593.861600005766,7780.0
1778884005,200,GET,GET /api/ -> https://training.play-with-docker.com/,11.800000,0.000000,260,280,330,4700,5900,6300,6600,6700,6700,6700,6700,336,0,390.0,3043.113434523721,197.44570000329986,16223.440100002335,1503.0
1778884005,200,GET,GET /api/ -> https://www.python.org/,11.100000,0.000000,270,450,1900,5000,6000,6500,6800,6900,6900,6900,6900,435,0,1300.0,3412.2072248272034,188.97930000093766,19285.340900009032,13844.0
1778884005,200,,Aggregated,115.200000,0.000000,270,630,5100,5700,6300,6500,6600,6800,6900,6900,6900,4148,0,1500.0,3572.0961347878483,18.59700001659803,21527.416700002505,7053.898746383799
1778884007,200,GET,GET /api/ -> http://example.com/,9.600000,0.000000,2000,3900,4900,5100,5800,6200,6300,6600,6600,6600,6600,522,0,2700.0,3250.210725479439,18.59700001659803,12188.26049999916,68.0
1778884007,200,GET,GET /api/ -> https://books.toscrape.com/,9.200000,0.000000,310,2000,4000,5100,6100,6400,6600,6900,6900,6900,6900,488,0,2600.0,3235.8898665989414,40.837999986251816,19574.9820000201,8223.0
1778884007,200,GET,GET /api/ -> https://docs.docker.com/,10.000000,0.000000,320,2100,5700,6000,6500,6600,6600,6600,6600,6600,6600,431,0,1400.0,3305.5286116000907,196.56370001030155,19470.257900014985,1856.0
1778884007,200,GET,GET /api/ -> https://flask.palletsprojects.com/,10.600000,0.000000,1200,4400,5900,6200,6400,6500,6700,6900,6900,6900,6900,421,0,1900.0,3527.5438809978214,196.42629998270422,19600.48920000554,20936.0
1778884007,200,GET,GET /api/ -> https://github.com/ibnesayeed/linkextractor,10.500000,0.000000,290,2100,5100,5900,6200,6500,6600,6900,6900,6900,6900,368,0,1200.0,5704.6807448364825,194.5447000034619,21527.416700002505,12313.0
1778884007,200,GET,GET /api/ -> https://httpbin.org/,9.100000,0.000000,1900,4600,5700,6000,6300,6300,6700,6900,6900,6900,6900,471,0,1200.0,3357.3614609344454,198.18010000744835,19621.439599985024,332.0
1778884007,200,GET,GET /api/ -> https://locust.io/,10.500000,0.000000,290,4300,5500,5900,6500,6700,6900,6900,6900,6900,6900,388,0,1500.0,3416.477555155165,203.30389999435283,19594.853299990064,5097.0
1778884007,200,GET,GET /api/ -> https://redis.io/,11.100000,0.000000,300,2000,4100,5100,6200,6300,6500,6700,6700,6700,6700,404,0,1600.0,3495.3704262369874,191.1880999978166,19593.861600005766,7780.0
1778884007,200,GET,GET /api/ -> https://training.play-with-docker.com/,9.400000,0.000000,270,1900,4000,4700,5900,6300,6600,6700,6700,6700,6700,352,0,500.0,3015.3810690341993,197.44570000329986,16223.440100002335,1503.0
1778884007,200,GET,GET /api/ -> https://www.python.org/,8.900000,0.000000,290,2100,4700,5200,6100,6600,6800,6900,6900,6900,6900,450,0,1300.0,3372.4594779996874,188.97930000093766,19285.340900009032,13844.0
1778884007,200,,Aggregated,98.900000,0.000000,310,2100,4900,5500,6200,6500,6600,6800,6900,6900,6900,4295,0,1700.0,3535.0143576950168,18.59700001659803,21527.416700002505,7038.295692665891
1778884008,200,GET,GET /api/ -> http://example.com/,9.300000,0.000000,2000,3000,4500,4600,5300,5700,5800,6200,6200,6200,6200,530,0,2600.0,3213.2292673590305,18.59700001659803,12188.26049999916,68.0
1778884008,200,GET,GET /api/ -> https://books.toscrape.com/,8.800000,0.000000,710,2300,4100,5100,6100,6400,6600,6900,6900,6900,6900,499,0,2400.0,3184.29585551166,40.837999986251816,19574.9820000201,8223.0
1778884008,200,GET,GET /api/ -> https://docs.docker.com/,9.000000,0.000000,280,2000,2400,4600,6000,6200,6300,6500,6500,6500,6500,444,0,1300.0,3232.3955887378515,196.56370001030155,19470.257900014985,1856.0
1778884008,200,GET,GET /api/ -> https://flask.palletsprojects.com/,10.000000,0.000000,300,2300,4800,5600,6200,6500,6700,6900,6900,6900,6900,431,0,1700.0,3456.972092111582,196.42629998270422,19600.48920000554,20936.0
1778884008,200,GET,GET /api/ -> https://github.com/ibnesayeed/linkextractor,10.600000,0.000000,310,2200,2500,5100,6200,6500,6600,6900,6900,6900,6900,386,0,1200.0,5500.5333038857325,194.5447000034619,21527.416700002505,12313.0
1778884008,200,GET,GET /api/ -> https://httpbin.org/,9.000000,0.000000,1900,2400,5700,6000,6300,6300,6700,6900,6900,6900,6900,480,0,1000.0,3308.4026135418753,198.18010000744835,19621.439599985024,332.0
1778884008,200,GET,GET /api/ -> https://locust.io/,11.400000,0.000000,280,2100,5000,5500,6300,6700,6900,6900,6900,6900,6900,399,0,1400.0,3342.6425877199504,203.30389999435283,19594.853299990064,5097.0
1778884008,200,GET,GET /api/ -> https://redis.io/,10.800000,0.000000,300,2000,4000,5000,6200,6300,6500,6700,6700,6700,6700,415,0,1500.0,3420.1902727705165,191.1880999978166,19593.861600005766,7780.0
1778884008,200,GET,GET /api/ -> https://training.play-with-docker.com/,9.600000,0.000000,270,1600,2100,4100,5200,6000,6300,6700,6700,6700,6700,362,0,400.0,2945.715773204526,197.44570000329986,16223.440100002335,1503.0
1778884008,200,GET,GET /api/ -> https://www.python.org/,8.300000,0.000000,300,2000,2300,2400,5300,6200,6800,6900,6900,6900,6900,469,0,1300.0,3278.1359855006676,188.97930000093766,19285.340900009032,13844.0
1778884008,200,,Aggregated,96.800000,0.000000,310,2100,4200,5000,6100,6300,6600,6800,6900,6900,6900,4415,0,1600.0,3462.1157665459127,18.59700001659803,21527.416700002505,7066.43261608154
1778884009,200,GET,GET /api/ -> http://example.com/,11.200000,0.000000,2000,2300,3900,4600,5200,5600,5700,5800,6200,6200,6200,548,0,2500.0,3117.42014032898,18.59700001659803,12188.26049999916,68.0
1778884009,200,GET,GET /api/ -> https://books.toscrape.com/,9.000000,0.000000,810,2700,3000,4000,5400,6200,6600,6900,6900,6900,6900,519,0,2400.0,3126.6094830449265,40.837999986251816,19574.9820000201,8223.0
1778884009,200,GET,GET /api/ -> https://docs.docker.com/,8.900000,0.000000,300,2000,2400,2800,5700,6200,6300,6500,6500,6500,6500,454,0,1300.0,3179.118006166439,196.56370001030155,19470.257900014985,1856.0
1778884009,200,GET,GET /api/ -> https://flask.palletsprojects.com/,10.300000,0.000000,1200,4000,4800,5600,6200,6500,6700,6900,6900,6900,6900,442,0,1600.0,3391.5141294118384,196.42629998270422,19600.48920000554,20936.0
1778884009,200,GET,GET /api/ -> https://github.com/ibnesayeed/linkextractor,11.300000,0.000000,430,2300,3000,4700,6200,6500,6600,6900,6900,6900,6900,395,0,1200.0,5402.623588860452,194.5447000034619,21527.416700002505,12313.0
1778884009,200,GET,GET /api/ -> https://httpbin.org/,9.400000,0.000000,1700,2300,5000,5900,6300,6300,6700,6900,6900,6900,6900,497,0,990.0,3219.261598390559,198.18010000744835,19621.439599985024,332.0
1778884009,200,GET,GET /api/ -> https://locust.io/,11.400000,0.000000,440,2600,5000,5500,6300,6700,6900,6900,6900,6900,6900,407,0,1300.0,3289.021971007893,203.30389999435283,19594.853299990064,5097.0
1778884009,200,GET,GET /api/ -> https://redis.io/,11.000000,0.000000,340,2000,2800,4000,6100,6300,6500,6700,6700,6700,6700,426,0,1400.0,3365.2605845065086,191.1880999978166,19593.861600005766,7780.0
1778884009,200,GET,GET /api/ -> https://training.play-with-docker.com/,10.900000,0.000000,320,1900,2400,4100,5200,5300,6300,6700,6700,6700,6700,373,0,400.0,2883.3192404825863,197.44570000329986,16223.440100002335,1503.0
1778884009,200,GET,GET /api/ -> https://www.python.org/,8.700000,0.000000,350,2100,2300,2400,5300,6200,6800,6900,6900,6900,6900,481,0,1200.0,3214.626953637725,188.97930000093766,19285.340900009032,13844.0
1778884009,200,,Aggregated,102.100000,0.000000,420,2100,3900,4600,6100,6300,6600,6800,6900,6900,6900,4542,0,1400.0,3390.880956230722,18.59700001659803,21527.416700002505,7053.79084103919
1778884010,200,GET,GET /api/ -> http://example.com/,11.400000,0.000000,2000,2300,4400,4600,5200,5600,5700,5700,5800,5800,5800,557,0,2400.0,3072.325834470861,18.59700001659803,12188.26049999916,68.0
1778884010,200,GET,GET /api/ -> https://books.toscrape.com/,9.700000,0.000000,2000,2800,3600,4000,5100,6000,6600,6900,6900,6900,6900,534,0,2500.0,3104.0587629219262,40.837999986251816,19574.9820000201,8223.0
1778884010,200,GET,GET /api/ -> https://docs.docker.com/,9.000000,0.000000,320,1200,2100,2400,4600,5700,6200,6500,6500,6500,6500,466,0,1300.0,3113.192810514048,196.56370001030155,19470.257900014985,1856.0
1778884010,200,GET,GET /api/ -> https://flask.palletsprojects.com/,10.000000,0.000000,1200,2900,4400,4800,6200,6500,6700,6900,6900,6900,6900,447,0,1500.0,3364.5678272931023,196.42629998270422,19600.48920000554,20936.0
1778884010,200,GET,GET /api/ -> https://github.com/ibnesayeed/linkextractor,11.100000,0.000000,1200,2300,2500,3300,5400,6500,6600,6900,6900,6900,6900,402,0,770.0,5321.2401855718,184.20309998327866,21527.416700002505,12313.0
1778884010,200,GET,GET /api/ -> https://httpbin.org/,9.400000,0.000000,1600,2100,3400,4700,6200,6300,6700,6900,6900,6900,6900,511,0,960.0,3163.9959618397725,198.18010000744835,19621.439599985024,332.0
1778884010,200,GET,GET /api/ -> https://locust.io/,11.000000,0.000000,2000,3400,5000,5500,6500,6800,6900,6900,6900,6900,6900,415,0,1400.0,3267.7510884342887,203.30389999435283,19594.853299990064,5097.0
1778884010,200,GET,GET /api/ -> https://redis.io/,10.100000,0.000000,1800,2100,3200,4000,5300,6300,6500,6700,6700,6700,6700,433,0,1400.0,3336.963859352799,191.1880999978166,19593.861600005766,7780.0
1778884010,200,GET,GET /api/ -> https://training.play-with-docker.com/,10.300000,0.000000,550,2000,3400,4300,5200,5300,6300,6700,6700,6700,6700,382,0,410.0,2848.9925340313985,197.44570000329986,16223.440100002335,1503.0
1778884010,200,GET,GET /api/ -> https://www.python.org/,9.700000,0.000000,350,2100,2300,2400,4800,5400,6800,6900,6900,6900,6900,494,0,1200.0,3151.1601408902175,188.97930000093766,19285.340900009032,13844.0
1778884010,200,,Aggregated,101.700000,0.000000,710,2300,3300,4300,5500,6300,6600,6800,6900,6900,6900,4641,0,1400.0,3345.2948371471475,18.59700001659803,21527.416700002505,7039.172807584572
1778884011,200,GET,GET /api/ -> http://example.com/,11.100000,0.000000,2000,2100,3900,4500,5100,5500,5600,5700,5700,5700,5700,565,0,2200.0,3032.5985435402613,18.59700001659803,12188.26049999916,68.0
1778884011,200,GET,GET /api/ -> https://books.toscrape.com/,9.300000,0.000000,2000,3200,4000,4000,4200,5200,5800,6600,6900,6900,6900,551,0,2500.0,3080.630801089529,40.837999986251816,19574.9820000201,8223.0
1778884011,200,GET,GET /api/ -> https://docs.docker.com/,8.800000,0.000000,440,2000,2500,4200,4700,5700,6200,6500,6500,6500,6500,486,0,1300.0,3059.701012961764,196.56370001030155,19470.257900014985,1856.0
1778884011,200,GET,GET /api/ -> https://flask.palletsprojects.com/,9.400000,0.000000,520,2100,4200,4400,6100,6500,6700,6900,6900,6900,6900,462,0,1300.0,3292.640591774968,196.42629998270422,19600.48920000554,20936.0
1778884011,200,GET,GET /api/ -> https://github.com/ibnesayeed/linkextractor,10.400000,0.000000,2100,2400,4100,4500,5600,6500,6600,6900,6900,6900,6900,409,0,780.0,5275.887111246711,184.20309998327866,21527.416700002505,12313.0
1778884011,200,GET,GET /api/ -> https://httpbin.org/,10.000000,0.000000,590,2000,2700,4600,5700,6300,6700,6900,6900,6900,6900,529,0,910.0,3083.686159924608,198.18010000744835,19621.439599985024,332.0
1778884011,200,GET,GET /api/ -> https://locust.io/,10.300000,0.000000,2000,4100,4800,5300,6500,6800,6900,6900,6900,6900,6900,424,0,1100.0,3226.105112028786,203.30389999435283,19594.853299990064,5097.0
1778884011,200,GET,GET /api/ -> https://redis.io/,9.500000,0.000000,1900,2200,3200,4000,5000,5300,6500,6700,6700,6700,6700,445,0,1400.0,3281.8551829208363,191.1880999978166,19593.861600005766,7780.0
1778884011,200,GET,GET /api/ -> https://training.play-with-docker.com/,9.600000,0.000000,1600,2800,4300,4600,5200,5300,6300,6700,6700,6700,6700,393,0,430.0,2842.672438422513,197.44570000329986,16223.440100002335,1503.0
1778884011,200,GET,GET /api/ -> https://www.python.org/,9.600000,0.000000,360,2100,2300,2600,4800,5300,6800,6900,6900,6900,6900,509,0,1200.0,3091.3032420427394,188.97930000093766,19285.340900009032,13844.0
1778884011,200,,Aggregated,98.000000,0.000000,1300,2300,3900,4200,5200,6200,6600,6800,6900,6900,6900,4773,0,1300.0,3295.0148635449123,18.59700001659803,21527.416700002505,7042.926670856903
1778884012,200,GET,GET /api/ -> http://example.com/,11.800000,0.000000,2000,2300,4400,4600,5100,5500,5600,5700,5700,5700,5700,576,0,2200.0,3019.257953299075,18.59700001659803,12188.26049999916,68.0
1778884012,200,GET,GET /api/ -> https://books.toscrape.com/,10.300000,0.000000,2000,3200,4000,4100,4700,5200,5800,6600,6900,6900,6900,556,0,2500.0,3072.104537590558,40.837999986251816,19574.9820000201,8223.0
1778884012,200,GET,GET /api/ -> https://docs.docker.com/,7.800000,0.000000,440,2100,4300,4700,4900,4900,5700,6200,6500,6500,6500,511,0,1300.0,3038.9958929539102,196.56370001030155,19470.257900014985,1856.0
1778884012,200,GET,GET /api/ -> https://flask.palletsprojects.com/,8.400000,0.000000,360,2000,4000,4300,5000,6500,6500,6700,6900,6900,6900,487,0,1300.0,3173.3333377825675,196.42629998270422,19600.48920000554,20936.0
1778884012,200,GET,GET /api/ -> https://github.com/ibnesayeed/linkextractor,10.200000,0.000000,2000,2400,4200,4600,5400,6500,6600,6900,6900,6900,6900,419,0,770.0,5199.04237971323,184.20309998327866,21527.416700002505,12313.0
1778884012,200,GET,GET /api/ -> https://httpbin.org/,10.600000,0.000000,710,2100,3400,4600,5700,6300,6500,6700,6900,6900,6900,538,0,910.0,3086.23354776963,198.18010000744835,19621.439599985024,332.0
1778884012,200,GET,GET /api/ -> https://locust.io/,9.300000,0.000000,2000,4100,4800,5000,6300,6700,6900,6900,6900,6900,6900,440,0,1000.0,3180.7024575004602,203.30389999435283,19594.853299990064,5097.0
1778884012,200,GET,GET /api/ -> https://redis.io/,8.900000,0.000000,440,2100,3200,4100,4900,5300,6500,6700,6700,6700,6700,465,0,1300.0,3199.5578645155842,191.1880999978166,19593.861600005766,7780.0
1778884012,200,GET,GET /api/ -> https://training.play-with-docker.com/,8.900000,0.000000,1600,3400,4400,4800,5200,5300,6300,6700,6700,6700,6700,405,0,430.0,2834.0691706173575,197.44570000329986,16223.440100002335,1503.0
1778884012,200,GET,GET /api/ -> https://www.python.org/,9.900000,0.000000,350,2100,2300,3400,4800,5300,6500,6800,6900,6900,6900,525,0,1100.0,3046.233785713779,188.97930000093766,19285.340900009032,13844.0
1778884012,200,,Aggregated,96.100000,0.000000,700,2400,4100,4500,5000,5700,6500,6800,6900,6900,6900,4922,0,1300.0,3254.508245936572,18.59700001659803,21527.416700002505,7076.465258025193
1778884013,200,GET,GET /api/ -> http://example.com/,11.000000,0.000000,360,2000,2300,3900,4600,4900,5100,5200,5300,5300,5300,589,0,2000.0,2958.7036149410974,18.59700001659803,12188.26049999916,68.0
1778884013,200,GET,GET /api/ -> https://books.toscrape.com/,11.100000,0.000000,2300,3500,4000,4100,4700,5200,5800,6600,6900,6900,6900,565,0,2400.0,3049.169864956407,40.837999986251816,19574.9820000201,8223.0
1778884013,200,GET,GET /api/ -> https://docs.docker.com/,8.300000,0.000000,400,2100,4300,4700,4800,4900,5700,6200,6500,6500,6500,521,0,1200.0,2993.9874468320213,196.56370001030155,19470.257900014985,1856.0
1778884013,200,GET,GET /api/ -> https://flask.palletsprojects.com/,8.000000,0.000000,340,1900,4000,4200,4800,6500,6500,6700,6900,6900,6900,500,0,1200.0,3129.6934730003704,196.42629998270422,19600.48920000554,20936.0
1778884013,200,GET,GET /api/ -> https://github.com/ibnesayeed/linkextractor,8.400000,0.000000,1900,2400,4100,4400,5300,6500,6600,6900,6900,6900,6900,433,0,630.0,5058.051575288405,184.20309998327866,21527.416700002505,12313.0
1778884013,200,GET,GET /api/ -> https://httpbin.org/,10.300000,0.000000,590,2100,3300,4600,5000,6300,6500,6700,6900,6900,6900,546,0,910.0,3067.3355906594106,198.18010000744835,19621.439599985024,332.0
1778884013,200,GET,GET /api/ -> https://locust.io/,8.300000,0.000000,1900,3400,4700,4800,6200,6700,6900,6900,6900,6900,6900,455,0,940.0,3121.8509575828607,203.30389999435283,19594.853299990064,5097.0
1778884013,200,GET,GET /api/ -> https://redis.io/,8.000000,0.000000,340,2000,2800,3300,4500,5100,6500,6700,6700,6700,6700,479,0,1200.0,3123.3931703543794,191.1880999978166,19593.861600005766,7780.0
1778884013,200,GET,GET /api/ -> https://training.play-with-docker.com/,7.900000,0.000000,1600,4000,4400,4600,5000,5300,6300,6700,6700,6700,6700,421,0,410.0,2786.009949643672,197.44570000329986,16223.440100002335,1503.0
1778884013,200,GET,GET /api/ -> https://www.python.org/,9.900000,0.000000,350,2100,2300,3600,4800,5300,6500,6800,6900,6900,6900,533,0,1100.0,3020.2067245774697,188.97930000093766,19285.340900009032,13844.0
1778884013,200,,Aggregated,91.200000,0.000000,500,2300,4000,4300,4900,5500,6500,6700,6900,6900,6900,5042,0,1300.0,3203.947054958352,18.59700001659803,21527.416700002505,7078.777072590242
1778884015,200,GET,GET /api/ -> http://example.com/,10.100000,0.000000,320,550,2000,2000,3900,4600,4800,4900,5000,5000,5000,596,0,2000.0,2928.6609875844383,18.59700001659803,12188.26049999916,68.0
1778884015,200,GET,GET /api/ -> https://books.toscrape.com/,10.100000,0.000000,1900,3400,4000,4100,4300,4900,5000,5000,5000,5000,5000,581,0,2400.0,3031.254481756158,40.837999986251816,19574.9820000201,8223.0
1778884015,200,GET,GET /api/ -> https://docs.docker.com/,10.500000,0.000000,400,1600,4200,4700,4800,4900,5000,5000,5100,5100,5100,534,0,1200.0,2973.9716887632767,196.56370001030155,19470.257900014985,1856.0
1778884015,200,GET,GET /api/ -> https://flask.palletsprojects.com/,9.700000,0.000000,330,450,2000,2900,4300,4600,4800,5000,5100,5100,5100,511,0,1200.0,3088.9844886502165,196.42629998270422,19600.48920000554,20936.0
1778884015,200,GET,GET /api/ -> https://github.com/ibnesayeed/linkextractor,8.600000,0.000000,450,2100,2300,3000,4400,4800,4900,5000,5000,5000,5000,445,0,540.0,4963.085620898789,184.20309998327866,21527.416700002505,12313.0
1778884015,200,GET,GET /api/ -> https://httpbin.org/,10.400000,0.000000,390,1600,2300,3300,4700,4900,5000,5000,5000,5000,5000,559,0,900.0,3045.2497556349736,198.18010000744835,19621.439599985024,332.0
1778884015,200,GET,GET /api/ -> https://locust.io/,8.700000,0.000000,410,2100,3300,4100,4800,4900,5000,5000,5000,5000,5000,466,0,880.0,3097.5701648073323,203.30389999435283,19594.853299990064,5097.0
1778884015,200,GET,GET /api/ -> https://redis.io/,8.800000,0.000000,330,1900,2400,3200,4300,4900,4900,5000,5000,5000,5000,486,0,1200.0,3112.0396430036817,191.1880999978166,19593.861600005766,7780.0
1778884015,200,GET,GET /api/ -> https://training.play-with-docker.com/,8.600000,0.000000,460,2000,3200,4200,4600,4900,5000,5100,5100,5100,5100,433,0,410.0,2731.4605427251654,197.44570000329986,16223.440100002335,1503.0
1778884015,200,GET,GET /api/ -> https://www.python.org/,10.300000,0.000000,340,1200,2100,2300,4200,4800,4900,5000,5000,5000,5000,547,0,980.0,2978.342973491527,188.97930000093766,19285.340900009032,13844.0
1778884015,200,,Aggregated,95.800000,0.000000,390,2000,2500,3400,4600,4800,5000,5000,5100,5100,5100,5158,0,1200.0,3170.1968703955604,18.59700001659803,21527.416700002505,7086.489530825902
1778884016,200,GET,GET /api/ -> http://example.com/,10.900000,0.000000,290,330,380,400,550,4800,4900,5000,5000,5000,5000,601,0,2000.0,2907.8988943433683,18.59700001659803,12188.26049999916,68.0
1778884016,200,GET,GET /api/ -> https://books.toscrape.com/,10.800000,0.000000,500,3000,3700,4100,4700,5000,5000,5000,5000,5000,5000,587,0,2400.0,3012.2101734247767,40.837999986251816,19574.9820000201,8223.0
1778884016,200,GET,GET /api/ -> https://docs.docker.com/,10.800000,0.000000,360,500,2800,4400,4800,4900,5000,5000,5100,5100,5100,547,0,1200.0,2913.527441315542,196.56370001030155,19470.257900014985,1856.0
1778884016,200,GET,GET /api/ -> https://flask.palletsprojects.com/,10.800000,0.000000,330,400,500,630,4400,4800,5100,5100,5300,5300,5300,522,0,1200.0,3060.251320498617,196.42629998270422,19600.48920000554,20936.0
1778884016,200,GET,GET /api/ -> https://github.com/ibnesayeed/linkextractor,9.300000,0.000000,370,540,2300,2700,4400,4800,4900,5000,5000,5000,5000,449,0,480.0,4922.406623385191,184.20309998327866,21527.416700002505,12313.0
1778884016,200,GET,GET /api/ -> https://httpbin.org/,10.900000,0.000000,390,570,3300,4500,4900,5100,5400,5600,5600,5600,5600,572,0,910.0,3054.090160839166,198.18010000744835,19621.439599985024,332.0
1778884016,200,GET,GET /api/ -> https://locust.io/,10.000000,0.000000,370,540,3300,4100,4800,5000,5100,5500,5500,5500,5500,477,0,850.0,3056.0952415097377,203.30389999435283,19594.853299990064,5097.0
1778884016,200,GET,GET /api/ -> https://redis.io/,9.800000,0.000000,320,440,2200,3200,4500,4900,5100,5600,5600,5600,5600,496,0,1100.0,3078.8713239915287,191.1880999978166,19593.861600005766,7780.0
1778884016,200,GET,GET /api/ -> https://training.play-with-docker.com/,9.800000,0.000000,400,550,3200,4200,4800,4900,5000,5100,5100,5100,5100,436,0,410.0,2715.403515825645,197.44570000329986,16223.440100002335,1503.0
1778884016,200,GET,GET /api/ -> https://www.python.org/,11.000000,0.000000,340,430,510,2300,4400,4800,5000,5000,5300,5300,5300,559,0,960.0,2940.3381259389384,188.97930000093766,19285.340900009032,13844.0
1778884016,200,,Aggregated,104.100000,0.000000,350,480,2400,3300,4800,4900,5000,5100,5600,5600,5600,5246,0,1200.0,3140.775448932585,18.59700001659803,21527.416700002505,7093.840449866565
1778884017,200,GET,GET /api/ -> http://example.com/,11.200000,0.000000,300,380,420,460,650,4800,6300,6400,6400,6400,6400,612,0,2000.0,2883.464433007141,18.59700001659803,12188.26049999916,68.0
1778884017,200,GET,GET /api/ -> https://books.toscrape.com/,11.400000,0.000000,500,3200,4000,4100,4700,5000,5000,5000,5000,5000,5000,592,0,2300.0,2990.5194687505937,40.837999986251816,19574.9820000201,8223.0
1778884017,200,GET,GET /api/ -> https://docs.docker.com/,11.400000,0.000000,410,520,3300,4700,4800,4900,5000,5000,5100,5100,5100,551,0,1200.0,2896.4451023585802,196.56370001030155,19470.257900014985,1856.0
1778884017,200,GET,GET /api/ -> https://flask.palletsprojects.com/,10.400000,0.000000,370,520,640,4200,5000,5900,6100,6100,6100,6100,6100,535,0,1200.0,3061.4977629912396,196.42629998270422,19600.48920000554,20936.0
1778884017,200,GET,GET /api/ -> https://github.com/ibnesayeed/linkextractor,9.400000,0.000000,410,520,2700,4100,4800,4900,5900,6000,6000,6000,6000,457,0,530.0,4870.094316411249,184.20309998327866,21527.416700002505,12313.0
1778884017,200,GET,GET /api/ -> https://httpbin.org/,11.200000,0.000000,400,570,3400,4600,5000,5200,5600,5600,5600,5600,5600,577,0,880.0,3031.9430204505825,198.18010000744835,19621.439599985024,332.0
1778884017,200,GET,GET /api/ -> https://locust.io/,9.900000,0.000000,410,580,3400,4600,4900,5100,6100,6100,6100,6100,6100,487,0,780.0,3038.5390669406843,203.30389999435283,19594.853299990064,5097.0
1778884017,200,GET,GET /api/ -> https://redis.io/,10.000000,0.000000,360,530,3200,3300,4900,6000,6100,6200,6200,6200,6200,510,0,910.0,3062.908716077914,191.1880999978166,19593.861600005766,7780.0
1778884017,200,GET,GET /api/ -> https://training.play-with-docker.com/,10.500000,0.000000,450,590,4200,4400,4900,5100,6000,6100,6100,6100,6100,442,0,430.0,2723.6767081447406,197.44570000329986,16223.440100002335,1503.0
1778884017,200,GET,GET /api/ -> https://www.python.org/,11.500000,0.000000,350,440,680,2900,4800,5000,6000,6100,6100,6100,6100,565,0,880.0,2935.234075397989,188.97930000093766,19285.340900009032,13844.0
1778884017,200,,Aggregated,106.900000,0.000000,390,530,3000,4100,4800,5000,6000,6100,6400,6400,6400,5328,0,1100.0,3124.6431807245194,18.59700001659803,21527.416700002505,7111.088213213213
1778884018,200,GET,GET /api/ -> http://example.com/,10.600000,0.000000,310,390,460,500,670,4900,6300,6400,6400,6400,6400,616,0,2000.0,2867.8746116889056,18.59700001659803,12188.26049999916,68.0
1778884018,200,GET,GET /api/ -> https://books.toscrape.com/,11.200000,0.000000,490,3600,4100,4200,5000,5000,6300,6300,6300,6300,6300,597,0,2400.0,2998.2266805700315,40.837999986251816,19574.9820000201,8223.0
1778884018,200,GET,GET /api/ -> https://docs.docker.com/,12.000000,0.000000,420,520,4700,4700,4900,5000,6000,6100,6200,6200,6200,557,0,1200.0,2900.811099819703,196.56370001030155,19470.257900014985,1856.0
1778884018,200,GET,GET /api/ -> https://flask.palletsprojects.com/,10.900000,0.000000,380,550,3300,4300,5100,6100,6100,6200,6500,6500,6500,542,0,1200.0,3060.3456902219436,196.42629998270422,19600.48920000554,20936.0
1778884018,200,GET,GET /api/ -> https://github.com/ibnesayeed/linkextractor,9.300000,0.000000,450,540,3300,4200,4900,6100,6300,6300,6300,6300,6300,468,0,520.0,4815.598028845807,184.20309998327866,21527.416700002505,12313.0
1778884018,200,GET,GET /api/ -> https://httpbin.org/,10.900000,0.000000,420,590,4500,4700,5000,5300,5600,6400,6400,6400,6400,582,0,860.0,3020.421128178674,198.18010000744835,19621.439599985024,332.0
1778884018,200,GET,GET /api/ -> https://locust.io/,9.500000,0.000000,480,740,4500,4800,5100,6100,6300,6500,6500,6500,6500,499,0,770.0,3034.9965398800596,203.30389999435283,19594.853299990064,5097.0
1778884018,200,GET,GET /api/ -> https://redis.io/,10.400000,0.000000,390,580,3300,4500,6000,6100,6400,6500,6500,6500,6500,519,0,1000.0,3073.4004094408397,191.1880999978166,19593.861600005766,7780.0
1778884018,200,GET,GET /api/ -> https://training.play-with-docker.com/,9.800000,0.000000,500,690,4400,4600,5000,6000,6300,6500,6500,6500,6500,452,0,440.0,2712.595254203549,197.44570000329986,16223.440100002335,1503.0
1778884018,200,GET,GET /api/ -> https://www.python.org/,12.200000,0.000000,350,470,680,4200,4800,5300,6200,6400,6400,6400,6400,569,0,880.0,2938.8466251316163,188.97930000093766,19285.340900009032,13844.0
1778884018,200,,Aggregated,106.800000,0.000000,410,560,4000,4400,5000,6000,6200,6300,6500,6500,6500,5401,0,1100.0,3119.876148935422,18.59700001659803,21527.416700002505,7114.542862432882
1778884019,200,GET,GET /api/ -> http://example.com/,8.400000,0.000000,380,460,510,550,4800,5800,6300,6400,6400,6400,6400,622,0,2000.0,2863.280581833418,18.59700001659803,12188.26049999916,68.0
1778884019,200,GET,GET /api/ -> https://books.toscrape.com/,10.100000,0.000000,550,4100,4700,5000,6300,6700,6800,7200,7200,7200,7200,610,0,2400.0,3028.0721855742504,40.837999986251816,19574.9820000201,8223.0
1778884019,200,GET,GET /api/ -> https://docs.docker.com/,11.900000,0.000000,480,680,4700,4800,4900,5100,6100,6200,6700,6700,6700,565,0,1100.0,2889.3510368133925,196.56370001030155,19470.257900014985,1856.0
1778884019,200,GET,GET /api/ -> https://flask.palletsprojects.com/,10.600000,0.000000,430,630,4300,4800,6100,6500,6700,6800,6800,6800,6800,549,0,1200.0,3085.306871949588,196.42629998270422,19600.48920000554,20936.0
1778884019,200,GET,GET /api/ -> https://github.com/ibnesayeed/linkextractor,8.600000,0.000000,520,4100,4800,5700,6100,6600,6800,6900,6900,6900,6900,484,0,590.0,4805.977495660863,184.20309998327866,21527.416700002505,12313.0
1778884019,200,GET,GET /api/ -> https://httpbin.org/,10.300000,0.000000,530,4300,4800,4900,5600,5800,6700,6800,6800,6800,6800,594,0,870.0,3029.3701818182585,198.18010000744835,19621.439599985024,332.0
1778884019,200,GET,GET /api/ -> https://locust.io/,9.300000,0.000000,530,780,4800,4900,6200,6600,6700,6800,6800,6800,6800,515,0,770.0,3031.3422079614556,203.30389999435283,19594.853299990064,5097.0
1778884019,200,GET,GET /api/ -> https://redis.io/,9.700000,0.000000,480,620,4500,4900,6100,6400,6700,6800,6800,6800,6800,535,0,910.0,3075.2885108407277,191.1880999978166,19593.861600005766,7780.0
1778884019,200,GET,GET /api/ -> https://training.play-with-docker.com/,8.600000,0.000000,540,750,4400,4600,5000,6000,6500,6600,6600,6600,6600,461,0,470.0,2685.4285468548637,197.44570000329986,16223.440100002335,1503.0
1778884019,200,GET,GET /api/ -> https://www.python.org/,11.200000,0.000000,430,550,4200,4400,5000,6000,6400,6600,6600,6600,6600,575,0,790.0,2933.34881582596,188.97930000093766,19285.340900009032,13844.0
1778884019,200,,Aggregated,98.700000,0.000000,480,730,4500,4800,5900,6300,6700,6800,7200,7200,7200,5510,0,1100.0,3123.596929056341,18.59700001659803,21527.416700002505,7113.968784029038
1778884020,200,GET,GET /api/ -> http://example.com/,8.200000,0.000000,400,460,500,530,4500,5800,6300,6400,6400,6400,6400,630,0,1900.0,2832.1768744450915,18.59700001659803,12188.26049999916,68.0
1778884020,200,GET,GET /api/ -> https://books.toscrape.com/,9.600000,0.000000,470,4300,5000,5000,6600,6700,6800,7200,7200,7200,7200,615,0,2300.0,3007.0597486183374,40.837999986251816,19574.9820000201,8223.0
1778884020,200,GET,GET /api/ -> https://docs.docker.com/,11.200000,0.000000,470,570,870,4800,5000,6000,6200,6700,6700,6700,6700,573,0,1100.0,2855.152316927629,196.56370001030155,19470.257900014985,1856.0
1778884020,200,GET,GET /api/ -> https://flask.palletsprojects.com/,10.600000,0.000000,450,690,4800,5300,6300,6700,6800,6800,6800,6800,6800,559,0,1200.0,3069.8656676214146,196.42629998270422,19600.48920000554,20936.0
1778884020,200,GET,GET /api/ -> https://github.com/ibnesayeed/linkextractor,7.900000,0.000000,490,720,5700,5900,6600,6800,6800,6900,6900,6900,6900,496,0,580.0,4736.812152822353,184.20309998327866,21527.416700002505,12313.0
1778884020,200,GET,GET /api/ -> https://httpbin.org/,9.900000,0.000000,590,4600,5000,5200,5800,6400,6700,6800,6800,6800,6800,599,0,870.0,3026.7209854758835,198.18010000744835,19621.439599985024,332.0
1778884020,200,GET,GET /api/ -> https://locust.io/,9.300000,0.000000,500,740,4200,4900,6200,6600,6800,6800,6800,6800,6800,526,0,740.0,2988.6888471486695,203.30389999435283,19594.853299990064,5097.0
1778884020,200,GET,GET /api/ -> https://redis.io/,10.100000,0.000000,450,600,4500,5100,6100,6500,6800,6800,6800,6800,6800,541,0,850.0,3045.49707837295,191.1880999978166,19593.861600005766,7780.0
1778884020,200,GET,GET /api/ -> https://training.play-with-docker.com/,8.300000,0.000000,460,590,4200,4400,6000,6500,6600,6700,6700,6700,6700,474,0,440.0,2649.3984139243184,197.44570000329986,16223.440100002335,1503.0
1778884020,200,GET,GET /api/ -> https://www.python.org/,9.700000,0.000000,440,580,4300,4500,5900,6200,6600,6700,6700,6700,6700,585,0,730.0,2901.091960683698,188.97930000093766,19285.340900009032,13844.0
1778884020,200,,Aggregated,94.800000,0.000000,460,670,4500,4900,6100,6600,6700,6800,7200,7200,7200,5598,0,980.0,3094.0966342266147,18.59700001659803,21527.416700002505,7122.8969274740975
1778884022,200,GET,GET /api/ -> http://example.com/,6.900000,0.000000,440,500,530,830,7100,7100,7200,7300,7300,7300,7300,643,0,1900.0,2855.5511227067223,18.59700001659803,12188.26049999916,68.0
1778884022,200,GET,GET /api/ -> https://books.toscrape.com/,8.100000,0.000000,430,670,5000,5000,6700,6800,7200,7300,7300,7300,7300,630,0,2200.0,2964.698776667097,40.837999986251816,19574.9820000201,8223.0
1778884022,200,GET,GET /api/ -> https://docs.docker.com/,10.400000,0.000000,460,560,750,4700,6100,7000,7100,7200,7200,7200,7200,586,0,1000.0,2845.3504655281927,196.56370001030155,19470.257900014985,1856.0
1778884022,200,GET,GET /api/ -> https://flask.palletsprojects.com/,10.400000,0.000000,480,690,5100,6000,6300,6700,6800,6800,6800,6800,6800,568,0,720.0,3026.3831029935805,196.42629998270422,19600.48920000554,20936.0
1778884022,200,GET,GET /api/ -> https://github.com/ibnesayeed/linkextractor,8.700000,0.000000,480,670,5700,5900,6600,6800,6900,7100,7100,7100,7100,509,0,520.0,4637.19817249498,184.20309998327866,21527.416700002505,12313.0
1778884022,200,GET,GET /api/ -> https://httpbin.org/,8.800000,0.000000,550,4700,5100,5400,6300,6700,7100,7300,7300,7300,7300,609,0,810.0,3004.942331363075,198.18010000744835,19621.439599985024,332.0
1778884022,200,GET,GET /api/ -> https://locust.io/,10.000000,0.000000,500,690,4200,5000,6300,6600,6800,7100,7100,7100,7100,538,0,590.0,2941.810173606407,203.30389999435283,19594.853299990064,5097.0
1778884022,200,GET,GET /api/ -> https://redis.io/,10.300000,0.000000,480,600,4900,5800,6200,6600,6800,7000,7000,7000,7000,554,0,720.0,2993.81452274323,191.1880999978166,19593.861600005766,7780.0
1778884022,200,GET,GET /api/ -> https://training.play-with-docker.com/,8.500000,0.000000,430,530,580,750,6000,6500,6600,6700,6700,6700,6700,488,0,430.0,2582.950179508413,197.44570000329986,16223.440100002335,1503.0
1778884022,200,GET,GET /api/ -> https://www.python.org/,8.500000,0.000000,440,500,680,4400,6000,6400,6700,7000,7000,7000,7000,594,0,680.0,2873.115714477933,188.97930000093766,19285.340900009032,13844.0
1778884022,200,,Aggregated,90.600000,0.000000,450,580,4400,5000,6300,6700,7100,7100,7300,7300,7300,5719,0,850.0,3058.0454392552233,18.59700001659803,21527.416700002505,7113.49694002448
1778884023,200,GET,GET /api/ -> http://example.com/,6.600000,0.000000,500,730,6300,6700,7100,7300,7500,7500,7500,7500,7500,661,0,1900.0,2896.8563335860513,18.59700001659803,12188.26049999916,68.0
1778884023,200,GET,GET /api/ -> https://books.toscrape.com/,6.600000,0.000000,460,4800,5800,6300,6700,7000,7300,7300,7300,7300,7300,638,0,2200.0,2978.7206612856726,40.837999986251816,19574.9820000201,8223.0
1778884023,200,GET,GET /api/ -> https://docs.docker.com/,9.800000,0.000000,480,580,4700,5100,6200,7000,7100,7200,7200,7200,7200,590,0,1000.0,2866.3336977957533,196.56370001030155,19470.257900014985,1856.0
1778884023,200,GET,GET /api/ -> https://flask.palletsprojects.com/,10.400000,0.000000,550,5100,6000,6100,6700,6800,7300,7600,7600,7600,7600,580,0,840.0,3045.5281420695646,196.42629998270422,19600.48920000554,20936.0
1778884023,200,GET,GET /api/ -> https://github.com/ibnesayeed/linkextractor,9.100000,0.000000,580,5300,6000,6100,6600,6800,7100,7100,7100,7100,7100,525,0,590.0,4653.032826476157,184.20309998327866,21527.416700002505,12313.0
1778884023,200,GET,GET /api/ -> https://httpbin.org/,8.100000,0.000000,570,4700,5300,5600,6400,6800,7300,7300,7300,7300,7300,626,0,790.0,3000.05492028763,198.18010000744835,19621.439599985024,332.0
1778884023,200,GET,GET /api/ -> https://locust.io/,10.800000,0.000000,560,4900,5800,5900,6500,6700,7100,7300,7300,7300,7300,549,0,740.0,2991.3650976325057,203.30389999435283,19594.853299990064,5097.0
1778884023,200,GET,GET /api/ -> https://redis.io/,10.100000,0.000000,560,4900,6000,6100,6400,6800,7000,7300,7300,7300,7300,570,0,750.0,3026.706522455686,191.1880999978166,19593.861600005766,7780.0
1778884023,200,GET,GET /api/ -> https://training.play-with-docker.com/,8.700000,0.000000,470,570,790,5700,6300,6600,7300,7300,7300,7300,7300,504,0,440.0,2630.5156714287086,197.44570000329986,16223.440100002335,1503.0
1778884023,200,GET,GET /api/ -> https://www.python.org/,8.300000,0.000000,450,580,5000,5300,6200,6700,7000,7400,7400,7400,7400,606,0,680.0,2882.2100024750853,188.97930000093766,19285.340900009032,13844.0
1778884023,200,,Aggregated,88.500000,0.000000,520,850,5700,6000,6600,6800,7300,7300,7600,7600,7600,5849,0,930.0,3083.184638878525,18.59700001659803,21527.416700002505,7109.100359035732
1778884025,200,GET,GET /api/ -> http://example.com/,7.200000,0.000000,650,5600,6700,6800,7100,7300,7500,7500,7500,7500,7500,665,0,1900.0,2895.7151431585066,18.59700001659803,12188.26049999916,68.0
1778884025,200,GET,GET /api/ -> https://books.toscrape.com/,7.400000,0.000000,670,4100,6100,6300,6700,7000,7300,7300,7300,7300,7300,649,0,2200.0,2972.6924110942655,40.837999986251816,19574.9820000201,8223.0
1778884025,200,GET,GET /api/ -> https://docs.docker.com/,6.800000,0.000000,510,840,5300,6000,6200,7100,7100,7200,7200,7200,7200,593,0,1100.0,2862.1494300160116,196.56370001030155,19470.257900014985,1856.0
1778884025,200,GET,GET /api/ -> https://flask.palletsprojects.com/,8.500000,0.000000,610,5700,6100,6200,6700,6800,7300,7600,7600,7600,7600,583,0,970.0,3048.066267239007,196.42629998270422,19600.48920000554,20936.0
1778884025,200,GET,GET /api/ -> https://github.com/ibnesayeed/linkextractor,8.700000,0.000000,880,5700,6000,6100,6600,6800,7100,7100,7100,7100,7100,532,0,630.0,4640.294510714223,184.20309998327866,21527.416700002505,12313.0
1778884025,200,GET,GET /api/ -> https://httpbin.org/,7.900000,0.000000,590,4600,5600,5800,6600,6800,7300,7300,7300,7300,7300,630,0,850.0,3005.520508095339,198.18010000744835,19621.439599985024,332.0
1778884025,200,GET,GET /api/ -> https://locust.io/,9.600000,0.000000,740,4300,5900,6100,6500,6700,7100,7300,7300,7300,7300,558,0,760.0,2974.984148925174,203.30389999435283,19594.853299990064,5097.0
1778884025,200,GET,GET /api/ -> https://redis.io/,9.400000,0.000000,570,5800,6000,6200,6600,6800,7000,7300,7300,7300,7300,573,0,790.0,3024.2959392665607,191.1880999978166,19593.861600005766,7780.0
1778884025,200,GET,GET /api/ -> https://training.play-with-docker.com/,8.700000,0.000000,540,790,4700,6000,6400,6700,7300,7300,7300,7300,7300,511,0,460.0,2643.7063919767143,197.44570000329986,16223.440100002335,1503.0
1778884025,200,GET,GET /api/ -> https://www.python.org/,7.500000,0.000000,550,1000,5300,5900,6400,6800,7000,7400,7400,7400,7400,612,0,700.0,2879.668818954135,188.97930000093766,19285.340900009032,13844.0
1778884025,200,,Aggregated,81.700000,0.000000,580,4400,5900,6100,6700,7000,7300,7300,7600,7600,7600,5906,0,980.0,3081.201117914066,18.59700001659803,21527.416700002505,7109.811378259397
