Timestamp,User Count,Type,Name,Requests/s,Failures/s,50%,66%,75%,80%,90%,95%,98%,99%,99.9%,99.99%,100%,Total Request Count,Total Failure Count,Total Median Response Time,Total Average Response Time,Total Min Response Time,Total Max Response Time,Total Average Content Size
1778884616,0,,Aggregated,0.000000,0.000000,N/A,N/A,N/A,N/A,N/A,N/A,N/A,N/A,N/A,N/A,N/A,0,0,0,0.0,0,0,0
1778884617,5,GET,GET /api/ -> http://example.com/,0.000000,0.000000,0,0,0,0,0,0,0,0,0,0,0,5,0,800.0,795.539540000027,769.3799999833573,821.5498000208754,65.0
1778884617,5,,Aggregated,0.000000,0.000000,0,0,0,0,0,0,0,0,0,0,0,5,0,800.0,795.539540000027,769.3799999833573,821.5498000208754,65.0
1778884618,10,GET,GET /api/ -> http://example.com/,0.000000,0.000000,0,0,0,0,0,0,0,0,0,0,0,10,0,370.0,567.3660900007235,326.64070001919754,821.5498000208754,65.0
1778884618,10,,Aggregated,0.000000,0.000000,770,780,800,810,820,820,820,820,820,820,820,10,0,370.0,567.3660900007235,326.64070001919754,821.5498000208754,65.0
1778884619,20,GET,GET /api/ -> http://example.com/,0.000000,0.000000,150,200,200,220,220,220,220,220,220,220,220,15,0,330.0,434.48905333255726,136.5996999957133,821.5498000208754,65.0
1778884619,20,GET,GET /api/ -> https://books.toscrape.com/,0.000000,0.000000,0,0,0,0,0,0,0,0,0,0,0,14,0,1300.0,972.1079928588422,23.845599993364885,1839.2394999973476,7848.0
1778884619,20,GET,GET /api/ -> https://httpbin.org/,0.000000,0.000000,0,0,0,0,0,0,0,0,0,0,0,10,0,150.0,297.65713000088,67.3306000244338,745.8259999984875,313.0
1778884619,20,,Aggregated,0.000000,0.000000,330,770,820,1300,1400,1700,1800,1800,1800,1800,1800,39,0,330.0,592.3953589748961,23.845599993364885,1839.2394999973476,2922.4871794871797
1778884620,25,GET,GET /api/ -> http://example.com/,0.000000,0.000000,150,200,200,220,220,220,220,220,220,220,220,15,0,330.0,434.48905333255726,136.5996999957133,821.5498000208754,65.0
1778884620,25,GET,GET /api/ -> https://books.toscrape.com/,0.000000,0.000000,1400,1400,1400,1400,1400,1400,1400,1400,1400,1400,1400,14,0,1300.0,972.1079928588422,23.845599993364885,1839.2394999973476,7848.0
1778884620,25,GET,GET /api/ -> https://httpbin.org/,0.000000,0.000000,0,0,0,0,0,0,0,0,0,0,0,12,0,220.0,341.5999999997439,67.3306000244338,815.7079000084195,313.0
1778884620,25,,Aggregated,0.000000,0.000000,330,780,820,1200,1400,1400,1800,1800,1800,1800,1800,41,0,330.0,590.8792121953434,23.845599993364885,1839.2394999973476,2795.1951219512193
1778884621,30,GET,GET /api/ -> http://example.com/,0.000000,0.000000,150,200,200,220,220,220,220,220,220,220,220,15,0,330.0,434.48905333255726,136.5996999957133,821.5498000208754,65.0
1778884621,30,GET,GET /api/ -> https://books.toscrape.com/,0.000000,0.000000,1400,1400,1400,1400,1400,1400,1400,1400,1400,1400,1400,14,0,1300.0,972.1079928588422,23.845599993364885,1839.2394999973476,7848.0
1778884621,30,GET,GET /api/ -> https://httpbin.org/,0.000000,0.000000,310,370,680,680,750,820,820,820,820,820,820,12,0,220.0,341.5999999997439,67.3306000244338,815.7079000084195,313.0
1778884621,30,,Aggregated,0.000000,0.000000,330,780,820,1200,1400,1400,1800,1800,1800,1800,1800,41,0,330.0,590.8792121953434,23.845599993364885,1839.2394999973476,2795.1951219512193
1778884622,35,GET,GET /api/ -> http://example.com/,3.750000,0.000000,980,2300,2400,2400,2700,3000,3000,3000,3000,3000,3000,22,0,660.0,954.8828136387535,136.5996999957133,2971.326800005045,65.0
1778884622,35,GET,GET /api/ -> https://books.toscrape.com/,3.500000,0.000000,1400,1400,1400,1400,1400,1400,1400,1400,1400,1400,1400,15,0,1300.0,933.4769533345631,23.845599993364885,1839.2394999973476,7848.0
1778884622,35,GET,GET /api/ -> https://httpbin.org/,3.000000,0.000000,310,430,680,750,820,2900,2900,2900,2900,2900,2900,13,0,310.0,537.6409923080175,67.3306000244338,2890.132900007302,313.0
1778884622,35,GET,GET /api/ -> https://www.python.org/,0.000000,0.000000,0,0,0,0,0,0,0,0,0,0,0,5,0,3000.0,3070.785499998601,2955.7084999978542,3230.3270999982487,12980.0
1778884622,35,,Aggregated,10.250000,0.000000,750,1300,1400,2300,3000,3000,3100,3200,3200,3200,3200,55,0,750.0,1042.7788472739683,23.845599993364885,3230.3270999982487,3420.3454545454547
1778884623,40,GET,GET /api/ -> http://example.com/,3.000000,0.000000,1000,2200,2300,2400,2500,2700,3000,3000,3000,3000,3000,34,0,770.0,1027.7877911772948,122.71500000497326,2971.326800005045,65.0
1778884623,40,GET,GET /api/ -> https://books.toscrape.com/,2.800000,0.000000,450,940,1300,1300,1400,1400,1400,1400,1400,1400,1400,29,0,440.0,689.5082827571154,23.845599993364885,1839.2394999973476,7848.0
1778884623,40,GET,GET /api/ -> https://docs.docker.com/,0.000000,0.000000,0,0,0,0,0,0,0,0,0,0,0,10,0,230.0,397.0271600061096,34.46090000215918,1343.3114000072237,1741.0
1778884623,40,GET,GET /api/ -> https://httpbin.org/,2.400000,0.000000,290,430,680,750,930,2900,4000,4000,4000,4000,4000,21,0,290.0,633.0266809534459,64.61250002030283,3991.264400014188,313.0
1778884623,40,GET,GET /api/ -> https://www.python.org/,0.000000,0.000000,0,0,0,0,0,0,0,0,0,0,0,18,0,3000.0,2391.117955553151,138.379400013946,3972.081400017487,12980.0
1778884623,40,,Aggregated,8.200000,0.000000,460,960,1400,2200,3000,3600,3700,4000,4000,4000,4000,112,0,450.0,1028.9685732145049,23.845599993364885,3991.264400014188,4352.008928571428
1778884624,45,GET,GET /api/ -> http://example.com/,3.000000,0.000000,760,1400,2300,2300,2500,2700,3000,3000,3000,3000,3000,37,0,760.0,996.679189190193,122.71500000497326,2971.326800005045,65.0
1778884624,45,GET,GET /api/ -> https://books.toscrape.com/,2.333333,0.000000,550,960,1300,1300,1400,1400,2200,2200,2200,2200,2200,33,0,530.0,762.4436939376844,23.845599993364885,2181.559799995739,7848.0
1778884624,45,GET,GET /api/ -> https://docs.docker.com/,0.000000,0.000000,1100,1300,1300,1300,1300,1300,1300,1300,1300,1300,1300,14,0,460.0,603.2422428626368,34.46090000215918,1343.3114000072237,1741.0
1778884624,45,GET,GET /api/ -> https://flask.palletsprojects.com/,0.000000,0.000000,0,0,0,0,0,0,0,0,0,0,0,4,0,1100.0,1027.1739500021795,617.2853999887593,1278.773199999705,19667.0
1778884624,45,GET,GET /api/ -> https://httpbin.org/,2.166667,0.000000,370,680,820,930,1100,2900,4000,4000,4000,4000,4000,24,0,310.0,675.2796500016606,64.61250002030283,3991.264400014188,313.0
1778884624,45,GET,GET /api/ -> https://www.python.org/,0.000000,0.000000,260,1100,1600,1600,4000,4000,4000,4000,4000,4000,4000,21,0,3000.0,2184.312266663515,138.379400013946,3972.081400017487,12980.0
1778884624,45,,Aggregated,7.500000,0.000000,680,1100,1300,1600,3000,3400,3700,4000,4000,4000,4000,133,0,680.0,1027.5874308273687,23.845599993364885,3991.264400014188,4846.037593984963
1778884625,50,GET,GET /api/ -> http://example.com/,4.714286,0.000000,980,1500,2300,2300,2500,3000,4200,4200,4200,4200,4200,42,0,770.0,1072.0212952382142,122.71500000497326,4205.982299987227,65.0
1778884625,50,GET,GET /api/ -> https://books.toscrape.com/,3.714286,0.000000,530,940,1200,1300,1400,1400,2200,2200,2200,2200,2200,36,0,450.0,736.7501277759503,23.845599993364885,2181.559799995739,7848.0
1778884625,50,GET,GET /api/ -> https://docs.docker.com/,0.857143,0.000000,1100,1300,1300,1300,1400,2100,2100,2100,2100,2100,2100,19,0,490.0,713.9713052678608,34.46090000215918,2061.2819000089075,1741.0
1778884625,50,GET,GET /api/ -> https://flask.palletsprojects.com/,0.000000,0.000000,1500,1600,1900,2000,2200,2200,2200,2200,2200,2200,2200,11,0,1300.0,1349.6977000005163,535.607700003311,2194.501499994658,19667.0
1778884625,50,GET,GET /api/ -> https://httpbin.org/,2.571429,0.000000,440,820,1000,1700,2700,2900,4000,4000,4000,4000,4000,29,0,440.0,851.9905965538406,64.61250002030283,3991.264400014188,313.0
1778884625,50,GET,GET /api/ -> https://www.python.org/,1.857143,0.000000,770,1100,1600,1600,1900,4000,4000,4000,4000,4000,4000,25,0,1900.0,2016.3116759969853,138.379400013946,3972.081400017487,12980.0
1778884625,50,,Aggregated,13.714286,0.000000,790,1200,1500,1800,2700,3300,3700,4000,4200,4200,4200,162,0,780.0,1080.7132574075324,23.845599993364885,4205.982299987227,5359.574074074074
1778884626,55,GET,GET /api/ -> http://example.com/,4.375000,0.000000,900,1400,2200,2300,2500,3000,4200,4200,4200,4200,4200,48,0,760.0,1014.7507979163493,122.71500000497326,4205.982299987227,65.0
1778884626,55,GET,GET /api/ -> https://books.toscrape.com/,3.875000,0.000000,790,1100,1300,1300,1400,2200,2700,2700,2700,2700,2700,41,0,550.0,800.6516292672775,22.061399999074638,2742.0865000167396,7848.0
1778884626,55,GET,GET /api/ -> https://docs.docker.com/,1.500000,0.000000,1200,1300,1400,1500,2400,4000,4000,4000,4000,4000,4000,24,0,630.0,942.5762416722137,34.46090000215918,4025.201200012816,1741.0
1778884626,55,GET,GET /api/ -> https://flask.palletsprojects.com/,0.125000,0.000000,1300,1900,2000,2200,2700,3000,3000,3000,3000,3000,3000,18,0,1200.0,1446.440411110719,191.73520000185817,2974.9480999889784,19667.0
1778884626,55,GET,GET /api/ -> https://httpbin.org/,2.875000,0.000000,580,930,1500,1800,2600,2900,4000,4000,4000,4000,4000,34,0,440.0,932.6151441192077,64.61250002030283,3991.264400014188,313.0
1778884626,55,GET,GET /api/ -> https://redis.io/,0.000000,0.000000,0,0,0,0,0,0,0,0,0,0,0,1,0,2273.6302000121213,2273.6302000121213,2273.6302000121213,2273.6302000121213,7221.0
1778884626,55,GET,GET /api/ -> https://www.python.org/,2.250000,0.000000,670,790,1600,1600,1900,4000,4000,4000,4000,4000,4000,31,0,1600.0,1773.9552096754778,138.379400013946,3972.081400017487,12980.0
1778884626,55,,Aggregated,15.000000,0.000000,800,1300,1500,1900,2700,3300,4000,4000,4200,4200,4200,197,0,800.0,1112.5262380714425,22.061399999074638,4205.982299987227,5791.477157360406
1778884627,60,GET,GET /api/ -> http://example.com/,4.444444,0.000000,760,1100,1500,2200,2400,2700,4200,4200,4200,4200,4200,53,0,760.0,988.025598113759,122.71500000497326,4205.982299987227,65.0
1778884627,60,GET,GET /api/ -> https://books.toscrape.com/,3.888889,0.000000,810,1200,1300,1400,1500,2200,2700,2700,2700,2700,2700,47,0,790.0,839.7447382981711,22.061399999074638,2742.0865000167396,7848.0
1778884627,60,GET,GET /api/ -> https://docs.docker.com/,1.888889,0.000000,1100,1300,1400,1500,2200,2400,4000,4000,4000,4000,4000,31,0,910.0,1007.8761129078621,34.46090000215918,4025.201200012816,1741.0
1778884627,60,GET,GET /api/ -> https://flask.palletsprojects.com/,0.777778,0.000000,1400,1900,2200,2200,2700,3000,3000,3000,3000,3000,3000,21,0,1300.0,1472.1735095247693,191.73520000185817,2974.9480999889784,19667.0
1778884627,60,GET,GET /api/ -> https://httpbin.org/,3.000000,0.000000,680,1100,1700,1900,2700,3300,4000,4000,4000,4000,4000,40,0,630.0,1038.8869625006919,64.61250002030283,3991.264400014188,313.0
1778884627,60,GET,GET /api/ -> https://redis.io/,0.000000,0.000000,0,0,0,0,0,0,0,0,0,0,0,9,0,2000.0,1942.8423777733567,598.4070000122301,3249.9569000210613,7221.0
1778884627,60,GET,GET /api/ -> https://www.python.org/,2.444444,0.000000,670,790,1600,1600,1900,4000,4000,4000,4000,4000,4000,33,0,1400.0,1698.0655636350893,138.379400013946,3972.081400017487,12980.0
1778884627,60,,Aggregated,16.444444,0.000000,940,1300,1700,2000,2700,3200,3700,4000,4200,4200,4200,234,0,890.0,1149.8734448724485,22.061399999074638,4205.982299987227,5748.410256410257
1778884628,65,GET,GET /api/ -> http://example.com/,4.700000,0.000000,760,1100,1500,2300,2700,3700,5000,5000,5000,5000,5000,60,0,750.0,1039.2929383335286,120.68819999694824,5013.481600006344,65.0
1778884628,65,GET,GET /api/ -> https://books.toscrape.com/,3.900000,0.000000,810,1200,1300,1400,1500,1900,2700,2700,2700,2700,2700,53,0,790.0,853.9573018865239,22.061399999074638,2742.0865000167396,7848.0
1778884628,65,GET,GET /api/ -> https://docs.docker.com/,2.200000,0.000000,1100,1300,1300,1500,2200,2400,4000,4000,4000,4000,4000,35,0,890.0,961.7146000033244,34.46090000215918,4025.201200012816,1741.0
1778884628,65,GET,GET /api/ -> https://flask.palletsprojects.com/,1.400000,0.000000,1300,1600,2200,2200,2500,2700,3000,3000,3000,3000,3000,29,0,1300.0,1471.8335137937363,191.73520000185817,2974.9480999889784,19667.0
1778884628,65,GET,GET /api/ -> https://github.com/ibnesayeed/linkextractor,0.000000,0.000000,0,0,0,0,0,0,0,0,0,0,0,1,0,73.38579997303896,73.38579997303896,73.38579997303896,73.38579997303896,11810.0
1778884628,65,GET,GET /api/ -> https://httpbin.org/,3.400000,0.000000,640,1100,1700,1800,2700,2900,4000,4000,4000,4000,4000,48,0,630.0,1033.830256251046,64.61250002030283,3991.264400014188,313.0
1778884628,65,GET,GET /api/ -> https://locust.io/,0.000000,0.000000,0,0,0,0,0,0,0,0,0,0,0,13,0,320.0,578.2424769221017,34.29320000577718,1331.0100999951828,4762.0
1778884628,65,GET,GET /api/ -> https://redis.io/,0.000000,0.000000,2000,2500,3000,3000,3200,3700,3700,3700,3700,3700,3700,25,0,2000.0,1809.7224319982342,33.788699976867065,3718.1918999995105,7221.0
1778884628,65,GET,GET /api/ -> https://www.python.org/,2.800000,0.000000,670,1000,1300,1600,1900,3300,4000,4000,4000,4000,4000,39,0,1100.0,1588.589184613785,41.14080002182163,3972.081400017487,12980.0
1778884628,65,,Aggregated,18.400000,0.000000,960,1300,1700,2100,2900,3300,3700,4000,5000,5000,5000,303,0,880.0,1149.7456287129908,22.061399999074638,5013.481600006344,6028.40594059406
1778884629,70,GET,GET /api/ -> http://example.com/,4.900000,0.000000,750,1000,1500,2200,2500,3700,4200,5000,5000,5000,5000,69,0,640.0,953.1270797099527,94.9968000059016,5013.481600006344,65.0
1778884629,70,GET,GET /api/ -> https://books.toscrape.com/,4.300000,0.000000,790,1100,1300,1300,1400,1900,2200,2700,2700,2700,2700,60,0,780.0,824.92864333326,22.061399999074638,2742.0865000167396,7848.0
1778884629,70,GET,GET /api/ -> https://docs.docker.com/,2.700000,0.000000,800,1100,1300,1300,1600,2200,4000,4000,4000,4000,4000,47,0,630.0,858.3152170219964,34.46090000215918,4025.201200012816,1741.0
1778884629,70,GET,GET /api/ -> https://flask.palletsprojects.com/,2.100000,0.000000,1200,1400,1900,2000,2500,2700,3000,3000,3000,3000,3000,41,0,1200.0,1196.0396512195741,11.503999994602054,2974.9480999889784,19667.0
1778884629,70,GET,GET /api/ -> https://github.com/ibnesayeed/linkextractor,0.000000,0.000000,0,0,0,0,0,0,0,0,0,0,0,15,0,540.0,664.1049466600331,24.60639999480918,1480.416200007312,11810.0
1778884629,70,GET,GET /api/ -> https://httpbin.org/,3.700000,0.000000,680,1100,1600,1800,2600,2900,3300,4000,4000,4000,4000,55,0,680.0,1030.1812072739597,64.61250002030283,3991.264400014188,313.0
1778884629,70,GET,GET /api/ -> https://locust.io/,0.000000,0.000000,810,990,1200,1300,1700,1700,2000,2000,2000,2000,2000,29,0,810.0,776.4720482749719,34.29320000577718,2040.1361999975052,4762.0
1778884629,70,GET,GET /api/ -> https://redis.io/,0.300000,0.000000,1100,2100,2600,2700,3200,3700,3700,3700,3700,3700,3700,35,0,1100.0,1486.4258057146799,33.788699976867065,3718.1918999995105,7221.0
1778884629,70,GET,GET /api/ -> https://training.play-with-docker.com/,0.000000,0.000000,0,0,0,0,0,0,0,0,0,0,0,6,0,230.0,280.90854999512277,63.32699998165481,452.37579999957234,1424.0
1778884629,70,GET,GET /api/ -> https://www.python.org/,3.100000,0.000000,570,1000,1500,1600,3100,3400,4000,4000,4000,4000,4000,50,0,970.0,1502.293809998664,22.259999997913837,3972.081400017487,12980.0
1778884629,70,,Aggregated,21.100000,0.000000,790,1200,1400,1700,2600,3200,3700,4000,5000,5000,5000,407,0,770.0,1038.3395651102676,11.503999994602054,5013.481600006344,6403.638820638821
1778884630,75,GET,GET /api/ -> http://example.com/,4.700000,0.000000,680,1000,1500,2200,2500,3700,4200,5000,5000,5000,5000,70,0,630.0,942.2704871427933,94.9968000059016,5013.481600006344,65.0
1778884630,75,GET,GET /api/ -> https://books.toscrape.com/,5.000000,0.000000,730,990,1100,1200,1800,2000,2200,2700,2700,2700,2700,69,0,780.0,828.6998623191629,22.061399999074638,2742.0865000167396,7848.0
1778884630,75,GET,GET /api/ -> https://docs.docker.com/,3.100000,0.000000,730,1100,1200,1300,1600,2200,4000,4000,4000,4000,4000,53,0,530.0,803.7544773591744,34.46090000215918,4025.201200012816,1741.0
1778884630,75,GET,GET /api/ -> https://flask.palletsprojects.com/,2.400000,0.000000,1100,1300,1600,1900,2200,2500,3000,3000,3000,3000,3000,49,0,1100.0,1095.9171959185944,11.503999994602054,2974.9480999889784,19667.0
1778884630,75,GET,GET /api/ -> https://github.com/ibnesayeed/linkextractor,0.000000,0.000000,440,900,1100,1100,1300,1500,1500,1500,1500,1500,1500,33,0,490.0,652.6517787830071,24.60639999480918,1545.5924999841955,11810.0
1778884630,75,GET,GET /api/ -> https://httpbin.org/,4.300000,0.000000,730,1300,1700,1800,2600,2900,3300,4000,4000,4000,4000,63,0,630.0,968.6034809532835,64.61250002030283,3991.264400014188,313.0
1778884630,75,GET,GET /api/ -> https://locust.io/,0.300000,0.000000,450,880,990,1200,1400,1700,2000,2000,2000,2000,2000,37,0,450.0,695.8750135129998,34.29320000577718,2040.1361999975052,4762.0
1778884630,75,GET,GET /api/ -> https://redis.io/,1.600000,0.000000,800,1600,2100,2500,3000,3200,3700,3700,3700,3700,3700,44,0,800.0,1312.6207863639468,33.788699976867065,3718.1918999995105,7221.0
1778884630,75,GET,GET /api/ -> https://training.play-with-docker.com/,0.000000,0.000000,320,370,430,720,770,770,900,900,900,900,900,26,0,320.0,397.8029346136072,63.32699998165481,897.2024999966379,1424.0
1778884630,75,GET,GET /api/ -> https://www.python.org/,3.400000,0.000000,490,770,1100,1600,2000,3300,4000,4000,4000,4000,4000,58,0,700.0,1354.1324224126333,22.259999997913837,3972.081400017487,12980.0
1778884630,75,,Aggregated,24.800000,0.000000,670,1100,1300,1500,2300,3000,3700,4000,5000,5000,5000,502,0,630.0,944.9859151391282,11.503999994602054,5013.481600006344,6564.241035856574
1778884631,80,GET,GET /api/ -> http://example.com/,4.700000,0.000000,660,980,1400,1500,2500,3700,4200,5000,5000,5000,5000,70,0,630.0,942.2704871427933,94.9968000059016,5013.481600006344,65.0
1778884631,80,GET,GET /api/ -> https://books.toscrape.com/,5.000000,0.000000,730,990,1100,1200,1800,2000,2200,2700,2700,2700,2700,69,0,780.0,828.6998623191629,22.061399999074638,2742.0865000167396,7848.0
1778884631,80,GET,GET /api/ -> https://docs.docker.com/,3.100000,0.000000,730,1100,1200,1300,1600,2200,4000,4000,4000,4000,4000,53,0,530.0,803.7544773591744,34.46090000215918,4025.201200012816,1741.0
1778884631,80,GET,GET /api/ -> https://flask.palletsprojects.com/,2.400000,0.000000,1100,1300,1600,1900,2200,2500,3000,3000,3000,3000,3000,49,0,1100.0,1095.9171959185944,11.503999994602054,2974.9480999889784,19667.0
1778884631,80,GET,GET /api/ -> https://github.com/ibnesayeed/linkextractor,0.000000,0.000000,440,900,1100,1100,1300,1500,1500,1500,1500,1500,1500,33,0,490.0,652.6517787830071,24.60639999480918,1545.5924999841955,11810.0
1778884631,80,GET,GET /api/ -> https://httpbin.org/,4.300000,0.000000,730,1300,1600,1800,2600,2700,4000,4000,4000,4000,4000,63,0,630.0,968.6034809532835,64.61250002030283,3991.264400014188,313.0
1778884631,80,GET,GET /api/ -> https://locust.io/,0.300000,0.000000,450,880,990,1200,1400,1700,2000,2000,2000,2000,2000,37,0,450.0,695.8750135129998,34.29320000577718,2040.1361999975052,4762.0
1778884631,80,GET,GET /api/ -> https://redis.io/,1.600000,0.000000,800,1600,2100,2500,3000,3200,3700,3700,3700,3700,3700,44,0,800.0,1312.6207863639468,33.788699976867065,3718.1918999995105,7221.0
1778884631,80,GET,GET /api/ -> https://training.play-with-docker.com/,0.000000,0.000000,320,370,430,720,770,770,900,900,900,900,900,26,0,320.0,397.8029346136072,63.32699998165481,897.2024999966379,1424.0
1778884631,80,GET,GET /api/ -> https://www.python.org/,3.400000,0.000000,490,770,1100,1600,2000,3300,4000,4000,4000,4000,4000,58,0,700.0,1354.1324224126333,22.259999997913837,3972.081400017487,12980.0
1778884631,80,,Aggregated,24.800000,0.000000,640,1000,1300,1500,2300,3000,3700,4000,5000,5000,5000,502,0,630.0,944.9859151391282,11.503999994602054,5013.481600006344,6564.241035856574
1778884632,85,GET,GET /api/ -> http://example.com/,5.500000,0.000000,640,920,1100,1300,1800,2200,4200,5000,5000,5000,5000,100,0,680.0,928.6376879995805,29.74629998789169,5013.481600006344,65.0
1778884632,85,GET,GET /api/ -> https://books.toscrape.com/,5.500000,0.000000,560,940,1100,1200,1500,1900,2200,2700,2700,2700,2700,89,0,530.0,732.932541573033,22.061399999074638,2742.0865000167396,7848.0
1778884632,85,GET,GET /api/ -> https://docs.docker.com/,5.200000,0.000000,800,1100,1300,1500,2300,2700,2900,4000,4000,4000,4000,62,0,630.0,922.7866532263204,34.46090000215918,4025.201200012816,1741.0
1778884632,85,GET,GET /api/ -> https://flask.palletsprojects.com/,4.900000,0.000000,1100,1400,1900,2000,2500,2700,2800,3000,3000,3000,3000,57,0,1100.0,1159.335056141125,11.503999994602054,2974.9480999889784,19667.0
1778884632,85,GET,GET /api/ -> https://github.com/ibnesayeed/linkextractor,3.100000,0.000000,510,1000,1100,1300,1800,2300,2400,2400,2400,2400,2400,43,0,540.0,773.0691534843361,24.60639999480918,2394.3666999985,11810.0
1778884632,85,GET,GET /api/ -> https://httpbin.org/,4.900000,0.000000,820,1500,1800,2200,2700,3000,3000,3300,3300,3300,3300,77,0,710.0,1065.9111714294459,64.61250002030283,3991.264400014188,313.0
1778884632,85,GET,GET /api/ -> https://locust.io/,3.700000,0.000000,580,990,1300,1700,2000,2500,2800,2800,2800,2800,2800,46,0,580.0,892.3666282612628,34.29320000577718,2786.9548000162467,4762.0
1778884632,85,GET,GET /api/ -> https://redis.io/,4.200000,0.000000,930,1800,2300,2600,3000,3200,3700,3700,3700,3700,3700,52,0,930.0,1377.5422173085435,33.788699976867065,3718.1918999995105,7221.0
1778884632,85,GET,GET /api/ -> https://training.play-with-docker.com/,2.200000,0.000000,430,750,900,1200,2500,2900,3100,3100,3100,3100,3100,38,0,430.0,829.0712973662027,63.32699998165481,3116.780199983623,1424.0
1778884632,85,GET,GET /api/ -> https://www.python.org/,5.700000,0.000000,570,970,1600,1700,2800,3300,3400,4000,4000,4000,4000,66,0,770.0,1398.514677272143,22.259999997913837,3972.081400017487,12980.0
1778884632,85,,Aggregated,44.900000,0.000000,720,1100,1400,1600,2300,2800,3200,3700,5000,5000,5000,630,0,710.0,1005.0706471426464,11.503999994602054,5013.481600006344,6303.492063492064
1778884633,90,GET,GET /api/ -> http://example.com/,5.500000,0.000000,570,860,1000,1200,1800,2600,4200,5000,5000,5000,5000,113,0,640.0,891.4562026538424,20.65479999873787,5013.481600006344,65.0
1778884633,90,GET,GET /api/ -> https://books.toscrape.com/,5.500000,0.000000,520,760,890,1000,1400,1800,2000,2700,2700,2700,2700,108,0,490.0,683.1986435184566,22.061399999074638,2742.0865000167396,7848.0
1778884633,90,GET,GET /api/ -> https://docs.docker.com/,5.300000,0.000000,510,910,1200,1300,2200,2400,2900,4000,4000,4000,4000,78,0,480.0,799.4676756415851,15.564900008030236,4025.201200012816,1741.0
1778884633,90,GET,GET /api/ -> https://flask.palletsprojects.com/,4.900000,0.000000,670,1200,1500,1900,2400,2500,2800,3000,3000,3000,3000,71,0,670.0,1022.0899816900065,11.503999994602054,2974.9480999889784,19667.0
1778884633,90,GET,GET /api/ -> https://github.com/ibnesayeed/linkextractor,3.300000,0.000000,440,730,1100,1100,1500,2200,2400,2400,2400,2400,2400,54,0,440.0,697.33091481127,24.60639999480918,2394.3666999985,11810.0
1778884633,90,GET,GET /api/ -> https://httpbin.org/,5.100000,0.000000,680,1000,1600,1700,2600,2900,3000,3300,3300,3300,3300,99,0,620.0,945.2770848492762,64.61250002030283,3991.264400014188,313.0
1778884633,90,GET,GET /api/ -> https://locust.io/,3.700000,0.000000,450,880,1200,1400,2000,2600,2800,3200,3200,3200,3200,58,0,450.0,837.3033327586419,34.29320000577718,3194.5486000040546,4762.0
1778884633,90,GET,GET /api/ -> https://redis.io/,4.400000,0.000000,670,1200,2000,2300,3000,3200,3700,3700,3700,3700,3700,64,0,670.0,1185.099171876118,33.788699976867065,3718.1918999995105,7221.0
1778884633,90,GET,GET /api/ -> https://training.play-with-docker.com/,2.600000,0.000000,410,680,770,900,2400,2500,3100,3100,3100,3100,3100,49,0,410.0,740.5271102022142,63.32699998165481,3116.780199983623,1424.0
1778884633,90,GET,GET /api/ -> https://www.python.org/,5.800000,0.000000,460,770,970,1500,2300,2900,3300,3400,3400,3400,3400,88,0,540.0,1142.9535420449445,22.259999997913837,3972.081400017487,12980.0
1778884633,90,,Aggregated,46.100000,0.000000,560,860,1100,1400,2200,2700,3100,3400,5000,5000,5000,782,0,560.0,897.6481496160293,11.503999994602054,5013.481600006344,6401.748081841432
1778884635,95,GET,GET /api/ -> http://example.com/,6.700000,0.000000,520,710,940,1000,1800,2200,3700,5000,5000,5000,5000,123,0,550.0,841.0883154462156,20.65479999873787,5013.481600006344,65.0
1778884635,95,GET,GET /api/ -> https://books.toscrape.com/,6.300000,0.000000,490,730,780,970,1200,1500,1900,2000,2000,2000,2000,121,0,490.0,661.226601653284,22.061399999074638,2742.0865000167396,7848.0
1778884635,95,GET,GET /api/ -> https://docs.docker.com/,5.600000,0.000000,480,750,1000,1100,1600,2300,2900,4000,4000,4000,4000,101,0,510.0,775.3101257419463,15.564900008030236,4025.201200012816,1741.0
1778884635,95,GET,GET /api/ -> https://flask.palletsprojects.com/,5.700000,0.000000,550,740,1200,1300,2100,2500,2800,3000,3000,3000,3000,92,0,620.0,914.7464565214012,11.503999994602054,2974.9480999889784,19667.0
1778884635,95,GET,GET /api/ -> https://github.com/ibnesayeed/linkextractor,4.300000,0.000000,440,580,900,1000,1300,1800,2300,2400,2400,2400,2400,68,0,440.0,652.766507351343,24.60639999480918,2394.3666999985,11810.0
1778884635,95,GET,GET /api/ -> https://httpbin.org/,6.000000,0.000000,620,820,1000,1300,2200,2700,3000,3300,3300,3300,3300,119,0,580.0,902.8480478988945,64.61250002030283,3991.264400014188,313.0
1778884635,95,GET,GET /api/ -> https://locust.io/,4.600000,0.000000,500,690,940,1100,1900,2500,2800,3200,3200,3200,3200,77,0,500.0,765.0848948064128,34.29320000577718,3194.5486000040546,4762.0
1778884635,95,GET,GET /api/ -> https://redis.io/,5.200000,0.000000,620,930,1300,2000,2800,3200,3700,3700,3700,3700,3700,83,0,620.0,1037.5578891579203,33.788699976867065,3718.1918999995105,7221.0
1778884635,95,GET,GET /api/ -> https://training.play-with-docker.com/,3.800000,0.000000,410,720,770,840,1900,2500,2900,3100,3100,3100,3100,62,0,410.0,691.6969580634031,63.32699998165481,3116.780199983623,1424.0
1778884635,95,GET,GET /api/ -> https://www.python.org/,5.300000,0.000000,490,700,830,1000,1700,2800,3300,3400,3400,3400,3400,112,0,540.0,1038.714224999889,22.259999997913837,3972.081400017487,12980.0
1778884635,95,,Aggregated,53.500000,0.000000,520,730,960,1100,1800,2500,3000,3300,5000,5000,5000,958,0,540.0,837.1632200415625,11.503999994602054,5013.481600006344,6567.014613778706
1778884636,100,GET,GET /api/ -> http://example.com/,7.800000,0.000000,500,710,890,970,1400,1900,3700,5000,5000,5000,5000,142,0,550.0,814.8815704214069,20.65479999873787,5013.481600006344,65.0
1778884636,100,GET,GET /api/ -> https://books.toscrape.com/,7.700000,0.000000,430,560,730,780,1100,1400,1900,2000,2000,2000,2000,136,0,440.0,626.4924191183287,22.061399999074638,2742.0865000167396,7848.0
1778884636,100,GET,GET /api/ -> https://docs.docker.com/,6.600000,0.000000,480,680,820,990,1300,2200,2700,2900,2900,2900,2900,118,0,490.0,732.5200745759441,15.564900008030236,4025.201200012816,1741.0
1778884636,100,GET,GET /api/ -> https://flask.palletsprojects.com/,7.000000,0.000000,510,630,740,920,1400,2200,2500,2800,2800,2800,2800,115,0,540.0,823.4665521747007,11.503999994602054,2974.9480999889784,19667.0
1778884636,100,GET,GET /api/ -> https://github.com/ibnesayeed/linkextractor,5.400000,0.000000,440,580,820,900,1200,1500,2300,2400,2400,2400,2400,88,0,440.0,608.9121295448091,24.60639999480918,2394.3666999985,11810.0
1778884636,100,GET,GET /api/ -> https://httpbin.org/,7.600000,0.000000,560,750,990,1100,2000,2700,3000,3300,3300,3300,3300,128,0,560.0,865.8631273442552,64.61250002030283,3991.264400014188,313.0
1778884636,100,GET,GET /api/ -> https://locust.io/,5.800000,0.000000,440,610,810,940,1700,2300,2800,3200,3200,3200,3200,95,0,440.0,695.2167242115952,34.29320000577718,3194.5486000040546,4762.0
1778884636,100,GET,GET /api/ -> https://redis.io/,6.400000,0.000000,520,670,970,1200,2500,3000,3200,3700,3700,3700,3700,108,0,540.0,893.3818583340056,33.788699976867065,3718.1918999995105,7221.0
1778884636,100,GET,GET /api/ -> https://training.play-with-docker.com/,4.900000,0.000000,430,650,770,820,1200,2500,2900,3100,3100,3100,3100,77,0,430.0,654.2796220769501,63.32699998165481,3116.780199983623,1424.0
1778884636,100,GET,GET /api/ -> https://www.python.org/,7.000000,0.000000,480,700,830,970,1500,2800,3300,3400,3400,3400,3400,122,0,530.0,998.307086884943,22.259999997913837,3972.081400017487,12980.0
1778884636,100,,Aggregated,66.200000,0.000000,490,650,820,970,1500,2300,2900,3200,5000,5000,5000,1129,0,510.0,780.4878184234319,11.503999994602054,5013.481600006344,6686.015057573073
1778884637,100,GET,GET /api/ -> http://example.com/,8.200000,0.000000,450,560,750,930,1300,1800,2600,3700,5000,5000,5000,160,0,470.0,750.6189324991283,17.471800005296245,5013.481600006344,65.0
1778884637,100,GET,GET /api/ -> https://books.toscrape.com/,8.400000,0.000000,370,490,590,710,940,1100,1400,1800,2000,2000,2000,158,0,400.0,573.3405025318542,14.377300016349182,2742.0865000167396,7848.0
1778884637,100,GET,GET /api/ -> https://docs.docker.com/,7.500000,0.000000,440,530,680,750,1200,1600,2300,2700,2900,2900,2900,139,0,470.0,660.6793165468215,15.564900008030236,4025.201200012816,1741.0
1778884637,100,GET,GET /api/ -> https://flask.palletsprojects.com/,7.600000,0.000000,470,540,650,800,1300,2000,2400,2500,2800,2800,2800,133,0,510.0,746.4480721809695,11.503999994602054,2974.9480999889784,19667.0
1778884637,100,GET,GET /api/ -> https://github.com/ibnesayeed/linkextractor,6.200000,0.000000,380,510,580,760,1100,1500,2200,2300,2400,2400,2400,114,0,380.0,527.255824560518,19.660200021462515,2394.3666999985,11810.0
1778884637,100,GET,GET /api/ -> https://httpbin.org/,8.500000,0.000000,520,660,790,940,1600,2200,2900,3000,3000,3000,3000,152,0,520.0,789.0910532899541,60.16540000564419,3991.264400014188,313.0
1778884637,100,GET,GET /api/ -> https://locust.io/,6.700000,0.000000,430,530,650,810,1300,2000,2600,2800,3200,3200,3200,121,0,430.0,611.2713768591427,34.29320000577718,3194.5486000040546,4762.0
1778884637,100,GET,GET /api/ -> https://redis.io/,7.600000,0.000000,420,540,660,720,1300,2700,3000,3200,3700,3700,3700,129,0,480.0,789.9047023257558,33.788699976867065,3718.1918999995105,7221.0
1778884637,100,GET,GET /api/ -> https://training.play-with-docker.com/,5.800000,0.000000,370,540,640,740,920,2100,2500,2900,3100,3100,3100,111,0,370.0,557.416078377083,59.37490001088008,3116.780199983623,1424.0
1778884637,100,GET,GET /api/ -> https://www.python.org/,7.900000,0.000000,410,530,740,830,1400,2500,3100,3300,3400,3400,3400,149,0,450.0,861.5884114097454,22.259999997913837,3972.081400017487,12980.0
1778884637,100,,Aggregated,74.400000,0.000000,420,550,680,790,1200,2000,2700,3000,3700,5000,5000,1366,0,450.0,693.9672419471667,11.503999994602054,5013.481600006344,6663.107613469985
1778884638,100,GET,GET /api/ -> http://example.com/,8.700000,0.000000,410,530,710,800,1200,1800,1900,2200,2600,2600,2600,173,0,450.0,704.3075826583629,16.228899999987334,5013.481600006344,65.0
1778884638,100,GET,GET /api/ -> https://books.toscrape.com/,8.600000,0.000000,310,430,510,560,780,1000,1200,1800,2000,2000,2000,171,0,380.0,544.8289397661098,14.377300016349182,2742.0865000167396,7848.0
1778884638,100,GET,GET /api/ -> https://docs.docker.com/,9.000000,0.000000,370,480,560,680,1000,1400,2300,2700,2900,2900,2900,163,0,420.0,598.539892023792,15.564900008030236,4025.201200012816,1741.0
1778884638,100,GET,GET /api/ -> https://flask.palletsprojects.com/,8.700000,0.000000,410,500,550,630,870,1300,2400,2500,2800,2800,2800,159,0,480.0,672.5678867931366,11.503999994602054,2974.9480999889784,19667.0
1778884638,100,GET,GET /api/ -> https://github.com/ibnesayeed/linkextractor,7.600000,0.000000,350,440,570,590,990,1300,2200,2300,2400,2400,2400,141,0,350.0,473.2857319144103,19.660200021462515,2394.3666999985,11810.0
1778884638,100,GET,GET /api/ -> https://httpbin.org/,8.600000,0.000000,430,560,720,790,1200,2200,2900,3000,3000,3000,3000,169,0,490.0,739.0719402372043,60.16540000564419,3991.264400014188,313.0
1778884638,100,GET,GET /api/ -> https://locust.io/,8.400000,0.000000,380,470,560,610,1100,2000,2600,2800,3200,3200,3200,149,0,380.0,544.7546100668178,24.280799989355728,3194.5486000040546,4762.0
1778884638,100,GET,GET /api/ -> https://redis.io/,9.100000,0.000000,360,480,550,650,830,1300,2300,2800,3000,3000,3000,158,0,420.0,698.053844303852,33.788699976867065,3718.1918999995105,7221.0
1778884638,100,GET,GET /api/ -> https://training.play-with-docker.com/,6.700000,0.000000,340,430,610,640,850,1900,2500,2900,3100,3100,3100,137,0,340.0,495.8534270058043,59.37490001088008,3116.780199983623,1424.0
1778884638,100,GET,GET /api/ -> https://www.python.org/,8.900000,0.000000,340,490,590,740,1000,2000,2800,2900,3400,3400,3400,165,0,410.0,796.2409351514934,22.259999997913837,3972.081400017487,12980.0
1778884638,100,,Aggregated,84.300000,0.000000,370,490,570,660,970,1500,2400,2800,3200,3400,3400,1585,0,400.0,632.1263855518384,11.503999994602054,5013.481600006344,6731.507886435331
1778884639,100,GET,GET /api/ -> http://example.com/,10.600000,0.000000,320,470,560,710,1000,1300,1900,2200,2600,2600,2600,209,0,390.0,617.6333215309621,11.173999984748662,5013.481600006344,65.0
1778884639,100,GET,GET /api/ -> https://books.toscrape.com/,10.800000,0.000000,290,390,490,530,760,1000,1800,2000,22000,22000,22000,202,0,350.0,605.9238396037201,14.377300016349182,22392.36759999767,7848.0
1778884639,100,GET,GET /api/ -> https://docs.docker.com/,10.000000,0.000000,320,460,540,580,1000,1300,2300,2700,2900,2900,2900,179,0,390.0,564.0521474856058,14.405900001293048,4025.201200012816,1741.0
1778884639,100,GET,GET /api/ -> https://flask.palletsprojects.com/,10.000000,0.000000,400,480,530,590,840,1300,2400,2500,2800,2800,2800,171,0,460.0,643.3204023396577,11.503999994602054,2974.9480999889784,19667.0
1778884639,100,GET,GET /api/ -> https://github.com/ibnesayeed/linkextractor,10.200000,0.000000,300,390,440,530,730,910,2200,2300,2400,2400,2400,160,0,320.0,443.3664981243055,19.660200021462515,2394.3666999985,11810.0
1778884639,100,GET,GET /api/ -> https://httpbin.org/,10.000000,0.000000,380,520,570,680,990,1700,2900,3000,3000,3000,3000,194,0,410.0,669.8905381446971,53.7940000067465,3991.264400014188,313.0
1778884639,100,GET,GET /api/ -> https://locust.io/,11.300000,0.000000,370,440,520,590,940,1900,2600,2800,3200,3200,3200,163,0,370.0,520.9954349689066,24.280799989355728,3194.5486000040546,4762.0
1778884639,100,GET,GET /api/ -> https://redis.io/,11.500000,0.000000,350,440,520,580,740,1100,2300,2800,3000,3000,3000,167,0,400.0,676.382444311675,25.571500009391457,3718.1918999995105,7221.0
1778884639,100,GET,GET /api/ -> https://training.play-with-docker.com/,9.600000,0.000000,350,470,610,640,850,1900,2500,2900,3100,3100,3100,156,0,340.0,478.80587051156164,45.58399997767992,3116.780199983623,1424.0
1778884639,100,GET,GET /api/ -> https://www.python.org/,10.200000,0.000000,280,410,530,630,940,1400,2500,2800,2900,2900,2900,185,0,380.0,734.912391351945,22.259999997913837,3972.081400017487,12980.0
1778884639,100,,Aggregated,104.200000,0.000000,330,440,530,580,840,1300,2400,2800,3200,22000,22000,1786,0,370.0,600.1585326986465,11.173999984748662,22392.36759999767,6623.435610302352
1778884640,100,GET,GET /api/ -> http://example.com/,11.100000,0.000000,260,420,510,590,940,1300,1800,2200,2600,2600,2600,235,0,330.0,564.460518723106,11.173999984748662,5013.481600006344,65.0
1778884640,100,GET,GET /api/ -> https://books.toscrape.com/,11.500000,0.000000,280,380,480,510,710,790,940,1200,22000,22000,22000,228,0,330.0,576.1562267538178,9.192800003802404,22392.36759999767,7848.0
1778884640,100,GET,GET /api/ -> https://docs.docker.com/,12.400000,0.000000,320,460,540,570,820,1300,2300,2700,2900,2900,2900,201,0,380.0,537.1304935318434,14.405900001293048,4025.201200012816,1741.0
1778884640,100,GET,GET /api/ -> https://flask.palletsprojects.com/,12.600000,0.000000,360,470,510,550,800,930,2400,2500,2800,2800,2800,191,0,430.0,604.8419104713194,11.503999994602054,2974.9480999889784,19667.0
1778884640,100,GET,GET /api/ -> https://github.com/ibnesayeed/linkextractor,13.100000,0.000000,300,390,510,560,730,910,2200,2300,2400,2400,2400,173,0,320.0,440.870715028134,19.660200021462515,2394.3666999985,11810.0
1778884640,100,GET,GET /api/ -> https://httpbin.org/,11.800000,0.000000,360,490,560,640,940,1600,2700,3000,3000,3000,3000,219,0,390.0,629.1792872147879,53.7940000067465,3991.264400014188,313.0
1778884640,100,GET,GET /api/ -> https://locust.io/,13.200000,0.000000,320,430,500,580,750,1100,2600,2800,3200,3200,3200,180,0,350.0,504.13218166633874,24.280799989355728,3194.5486000040546,4762.0
1778884640,100,GET,GET /api/ -> https://redis.io/,12.500000,0.000000,330,430,520,550,770,1100,2300,2800,3000,3000,3000,188,0,380.0,635.8009622338787,25.571500009391457,3718.1918999995105,7221.0
1778884640,100,GET,GET /api/ -> https://training.play-with-docker.com/,12.600000,0.000000,340,470,590,640,850,1900,2500,2900,3100,3100,3100,165,0,340.0,476.0260466653783,45.58399997767992,3116.780199983623,1424.0
1778884640,100,GET,GET /api/ -> https://www.python.org/,12.500000,0.000000,270,400,520,570,860,1100,2300,2800,2900,2900,2900,211,0,320.0,679.0683611382464,22.259999997913837,3972.081400017487,12980.0
1778884640,100,,Aggregated,123.300000,0.000000,310,430,520,570,800,1100,2300,2700,3200,22000,22000,1991,0,360.0,569.393706077095,9.192800003802404,22392.36759999767,6635.400301356102
1778884641,100,GET,GET /api/ -> http://example.com/,12.700000,0.000000,240,400,500,560,880,1300,1800,2200,2600,2600,2600,248,0,320.0,546.7257733866826,11.173999984748662,5013.481600006344,65.0
1778884641,100,GET,GET /api/ -> https://books.toscrape.com/,12.200000,0.000000,280,380,480,510,680,780,940,1200,22000,22000,22000,244,0,310.0,556.9897159828125,9.192800003802404,22392.36759999767,7848.0
1778884641,100,GET,GET /api/ -> https://docs.docker.com/,12.800000,0.000000,310,410,510,550,790,1200,2300,2700,2900,2900,2900,231,0,340.0,504.53312424196986,14.405900001293048,4025.201200012816,1741.0
1778884641,100,GET,GET /api/ -> https://flask.palletsprojects.com/,13.000000,0.000000,350,450,500,550,720,1000,1300,2500,2800,2800,2800,224,0,390.0,568.6722325893113,11.503999994602054,2974.9480999889784,19667.0
1778884641,100,GET,GET /api/ -> https://github.com/ibnesayeed/linkextractor,14.800000,0.000000,290,380,480,550,640,860,950,2300,2400,2400,2400,196,0,300.0,424.3242494884893,19.660200021462515,2394.3666999985,11810.0
1778884641,100,GET,GET /api/ -> https://httpbin.org/,12.200000,0.000000,350,490,560,620,850,1200,2700,3000,3000,3000,3000,242,0,380.0,606.9814483471569,27.90879999520257,3991.264400014188,313.0
1778884641,100,GET,GET /api/ -> https://locust.io/,13.800000,0.000000,300,430,500,540,690,970,2500,2800,3200,3200,3200,209,0,320.0,473.52175310972086,11.018399993190542,3194.5486000040546,4762.0
1778884641,100,GET,GET /api/ -> https://redis.io/,13.600000,0.000000,290,430,480,540,700,940,1300,2800,3000,3000,3000,217,0,360.0,589.6688230408942,10.59640001039952,3718.1918999995105,7221.0
1778884641,100,GET,GET /api/ -> https://training.play-with-docker.com/,14.300000,0.000000,340,430,540,630,840,1100,2500,2900,3100,3100,3100,185,0,340.0,463.7479854039722,45.58399997767992,3116.780199983623,1424.0
1778884641,100,GET,GET /api/ -> https://www.python.org/,12.300000,0.000000,270,390,490,550,820,1100,2300,2800,2900,2900,2900,238,0,310.0,638.1625470590627,22.259999997913837,3972.081400017487,12980.0
1778884641,100,,Aggregated,131.700000,0.000000,300,420,500,550,750,990,2200,2600,3200,22000,22000,2234,0,340.0,541.6654083254062,9.192800003802404,22392.36759999767,6734.114592658908
1778884642,100,GET,GET /api/ -> http://example.com/,15.200000,0.000000,200,310,400,430,580,740,1000,1300,2600,2600,2600,270,0,300.0,518.7408425924972,11.173999984748662,5013.481600006344,65.0
1778884642,100,GET,GET /api/ -> https://books.toscrape.com/,14.400000,0.000000,270,370,470,510,630,780,1100,1300,22000,22000,22000,264,0,310.0,544.5176359841726,9.192800003802404,22392.36759999767,7848.0
1778884642,100,GET,GET /api/ -> https://docs.docker.com/,13.800000,0.000000,300,390,470,540,710,920,1200,1300,1400,1400,1400,245,0,340.0,498.7452122444591,14.405900001293048,4025.201200012816,1741.0
1778884642,100,GET,GET /api/ -> https://flask.palletsprojects.com/,13.000000,0.000000,340,430,490,530,690,870,1200,1300,1300,1300,1300,244,0,400.0,557.0495852459361,11.503999994602054,2974.9480999889784,19667.0
1778884642,100,GET,GET /api/ -> https://github.com/ibnesayeed/linkextractor,13.200000,0.000000,300,390,500,560,660,860,910,950,1500,1500,1500,221,0,320.0,431.82712669547004,19.076299999142066,2394.3666999985,11810.0
1778884642,100,GET,GET /api/ -> https://httpbin.org/,14.400000,0.000000,330,420,520,550,720,930,1100,1400,1700,1700,1700,256,0,380.0,590.0572519531124,27.90879999520257,3991.264400014188,313.0
1778884642,100,GET,GET /api/ -> https://locust.io/,13.100000,0.000000,280,400,490,520,650,760,1100,1200,3200,3200,3200,227,0,310.0,463.950789426756,11.018399993190542,3194.5486000040546,4762.0
1778884642,100,GET,GET /api/ -> https://redis.io/,13.200000,0.000000,290,420,480,520,680,770,1000,1100,1300,1300,1300,235,0,360.0,578.3552361694362,10.59640001039952,3718.1918999995105,7221.0
1778884642,100,GET,GET /api/ -> https://training.play-with-docker.com/,13.900000,0.000000,330,410,540,630,740,860,1100,1200,1500,1500,1500,213,0,340.0,472.2692281676745,45.58399997767992,3116.780199983623,1424.0
1778884642,100,GET,GET /api/ -> https://www.python.org/,14.300000,0.000000,270,380,480,530,710,920,1100,1400,1500,1500,1500,249,0,320.0,628.7374734940722,22.259999997913837,3972.081400017487,12980.0
1778884642,100,,Aggregated,138.500000,0.000000,290,400,480,530,680,850,1100,1300,3200,22000,22000,2424,0,340.0,530.8552379945636,9.192800003802404,22392.36759999767,6731.88696369637
1778884643,100,GET,GET /api/ -> http://example.com/,17.300000,0.000000,190,290,350,400,500,710,930,1200,1300,1300,1300,283,0,290.0,502.16149823314777,11.173999984748662,5013.481600006344,65.0
1778884643,100,GET,GET /api/ -> https://books.toscrape.com/,16.600000,0.000000,270,350,440,490,570,770,1100,1300,22000,22000,22000,279,0,310.0,535.3301476694912,9.192800003802404,22392.36759999767,7848.0
1778884643,100,GET,GET /api/ -> https://docs.docker.com/,16.200000,0.000000,290,390,470,530,710,920,1200,1300,1400,1400,1400,266,0,330.0,480.4592620298228,14.405900001293048,4025.201200012816,1741.0
1778884643,100,GET,GET /api/ -> https://flask.palletsprojects.com/,15.600000,0.000000,290,410,480,510,680,870,1200,1300,1300,1300,1300,263,0,360.0,533.5141254755838,11.503999994602054,2974.9480999889784,19667.0
1778884643,100,GET,GET /api/ -> https://github.com/ibnesayeed/linkextractor,14.700000,0.000000,280,390,500,550,640,820,910,1300,1500,1500,1500,247,0,320.0,423.30273036335535,19.076299999142066,2394.3666999985,11810.0
1778884643,100,GET,GET /api/ -> https://httpbin.org/,16.400000,0.000000,300,380,470,520,650,850,1100,1400,1700,1700,1700,272,0,370.0,571.2317275736175,27.90879999520257,3991.264400014188,313.0
1778884643,100,GET,GET /api/ -> https://locust.io/,14.800000,0.000000,280,390,470,500,610,750,1100,1100,1200,1200,1200,248,0,300.0,450.0836717732806,11.018399993190542,3194.5486000040546,4762.0
1778884643,100,GET,GET /api/ -> https://redis.io/,14.900000,0.000000,280,420,480,530,700,840,1000,1100,1300,1300,1300,257,0,350.0,555.5862424115365,10.59640001039952,3718.1918999995105,7221.0
1778884643,100,GET,GET /api/ -> https://training.play-with-docker.com/,14.600000,0.000000,310,390,500,570,730,850,1100,1200,1500,1500,1500,240,0,330.0,450.89042416536057,45.58399997767992,3116.780199983623,1424.0
1778884643,100,GET,GET /api/ -> https://www.python.org/,16.300000,0.000000,260,370,480,530,700,940,1100,1400,1500,1500,1500,268,0,310.0,607.9261541044481,22.259999997913837,3972.081400017487,12980.0
1778884643,100,,Aggregated,157.400000,0.000000,270,380,460,510,660,830,1100,1200,1700,22000,22000,2623,0,330.0,512.7946337013992,9.192800003802404,22392.36759999767,6749.101410598551
1778884644,100,GET,GET /api/ -> http://example.com/,17.700000,0.000000,160,220,250,290,410,440,710,730,740,740,740,305,0,270.0,484.4253724587883,11.173999984748662,5013.481600006344,65.0
1778884644,100,GET,GET /api/ -> https://books.toscrape.com/,17.600000,0.000000,260,330,440,490,550,720,850,1300,22000,22000,22000,299,0,310.0,519.2018989959294,9.192800003802404,22392.36759999767,7848.0
1778884644,100,GET,GET /api/ -> https://docs.docker.com/,18.100000,0.000000,240,340,390,430,560,690,880,920,950,950,950,275,0,340.0,478.7444367272441,14.405900001293048,4025.201200012816,1741.0
1778884644,100,GET,GET /api/ -> https://flask.palletsprojects.com/,17.700000,0.000000,240,330,410,440,610,690,1100,1200,1300,1300,1300,269,0,360.0,526.9714107810083,11.503999994602054,2974.9480999889784,19667.0
1778884644,100,GET,GET /api/ -> https://github.com/ibnesayeed/linkextractor,16.900000,0.000000,250,380,460,530,640,770,900,1300,1500,1500,1500,260,0,320.0,419.0215384605556,19.076299999142066,2394.3666999985,11810.0
1778884644,100,GET,GET /api/ -> https://httpbin.org/,18.000000,0.000000,270,360,400,470,560,660,740,850,950,950,950,296,0,360.0,551.3814097976137,27.90879999520257,3991.264400014188,313.0
1778884644,100,GET,GET /api/ -> https://locust.io/,17.300000,0.000000,230,320,410,490,600,750,920,1100,1200,1200,1200,268,0,310.0,444.51799104392006,11.018399993190542,3194.5486000040546,4762.0
1778884644,100,GET,GET /api/ -> https://redis.io/,17.400000,0.000000,230,350,420,440,640,770,930,1000,1000,1000,1000,269,0,340.0,541.3223907056561,10.59640001039952,3718.1918999995105,7221.0
1778884644,100,GET,GET /api/ -> https://training.play-with-docker.com/,16.000000,0.000000,300,360,410,470,700,850,920,1200,1500,1500,1500,254,0,330.0,444.87417716414694,45.58399997767992,3116.780199983623,1424.0
1778884644,100,GET,GET /api/ -> https://www.python.org/,18.000000,0.000000,230,300,380,460,570,660,860,930,1400,1400,1400,286,0,310.0,591.8818034963939,22.259999997913837,3972.081400017487,12980.0
1778884644,100,,Aggregated,174.700000,0.000000,240,330,400,440,580,710,900,1000,1500,22000,22000,2781,0,330.0,501.826111038795,9.192800003802404,22392.36759999767,6685.172240201367
1778884647,100,GET,GET /api/ -> http://example.com/,18.300000,0.000000,230,380,500,560,750,2100,2300,2500,2500,2500,2500,351,0,330.0,561.6656527067621,11.173999984748662,5013.481600006344,65.0
1778884647,100,GET,GET /api/ -> https://books.toscrape.com/,18.000000,0.000000,310,430,480,500,640,850,2200,2600,22000,22000,22000,328,0,360.0,543.8846878044765,9.192800003802404,22392.36759999767,7848.0
1778884647,100,GET,GET /api/ -> https://docs.docker.com/,18.300000,0.000000,310,420,480,530,830,2000,2300,2300,2500,2500,2500,296,0,370.0,540.2815310811314,14.405900001293048,4025.201200012816,1741.0
1778884647,100,GET,GET /api/ -> https://flask.palletsprojects.com/,18.600000,0.000000,280,410,460,550,690,1300,2100,2100,2200,2200,2200,285,0,380.0,557.3602512285825,11.503999994602054,2974.9480999889784,19667.0
1778884647,100,GET,GET /api/ -> https://github.com/ibnesayeed/linkextractor,19.800000,0.000000,300,430,540,580,790,2000,2300,2400,2400,2400,2400,269,0,330.0,471.44546431119704,19.076299999142066,2442.7284999983385,11810.0
1778884647,100,GET,GET /api/ -> https://httpbin.org/,18.400000,0.000000,280,370,430,470,600,690,2100,2200,2300,2300,2300,305,0,370.0,565.2282724594965,27.90879999520257,3991.264400014188,313.0
1778884647,100,GET,GET /api/ -> https://locust.io/,20.100000,0.000000,260,350,460,510,620,760,1100,1200,2200,2200,2200,270,0,310.0,450.1215140733014,11.018399993190542,3194.5486000040546,4762.0
1778884647,100,GET,GET /api/ -> https://redis.io/,19.300000,0.000000,260,390,440,450,680,830,940,1000,1000,1000,1000,276,0,340.0,537.5899840575479,10.59640001039952,3718.1918999995105,7221.0
1778884647,100,GET,GET /api/ -> https://training.play-with-docker.com/,19.600000,0.000000,330,410,510,590,840,1500,2000,2200,2500,2500,2500,264,0,340.0,482.90510871083825,45.58399997767992,3116.780199983623,1424.0
1778884647,100,GET,GET /api/ -> https://www.python.org/,18.500000,0.000000,270,380,480,560,860,2000,2100,2200,2300,2300,2300,298,0,330.0,640.3081342282013,22.259999997913837,3972.081400017487,12980.0
1778884647,100,,Aggregated,188.900000,0.000000,280,400,470,530,710,1200,2100,2300,2600,22000,22000,2942,0,350.0,537.6375583274306,9.192800003802404,22392.36759999767,6632.37831407206
1778884648,100,GET,GET /api/ -> http://example.com/,17.100000,0.000000,270,420,520,600,850,2100,2300,2500,2500,2500,2500,356,0,330.0,561.8073800562363,11.173999984748662,5013.481600006344,65.0
1778884648,100,GET,GET /api/ -> https://books.toscrape.com/,17.400000,0.000000,400,480,520,540,790,1600,2200,2600,22000,22000,22000,354,0,370.0,554.5521096041456,9.192800003802404,22392.36759999767,7848.0
1778884648,100,GET,GET /api/ -> https://docs.docker.com/,16.300000,0.000000,360,460,550,640,950,2000,2200,2300,2500,2500,2500,320,0,390.0,543.0804656245527,14.405900001293048,4025.201200012816,1741.0
1778884648,100,GET,GET /api/ -> https://flask.palletsprojects.com/,16.800000,0.000000,330,440,550,600,860,1300,2100,2100,2200,2200,2200,301,0,410.0,560.6297803991451,11.503999994602054,2974.9480999889784,19667.0
1778884648,100,GET,GET /api/ -> https://github.com/ibnesayeed/linkextractor,18.400000,0.000000,390,550,620,660,910,2000,2300,2400,2400,2400,2400,282,0,340.0,479.9911195022369,19.076299999142066,2442.7284999983385,11810.0
1778884648,100,GET,GET /api/ -> https://httpbin.org/,17.600000,0.000000,330,430,510,560,800,1100,1300,2200,2300,2300,2300,349,0,380.0,569.9977194846182,27.90879999520257,3991.264400014188,313.0
1778884648,100,GET,GET /api/ -> https://locust.io/,18.400000,0.000000,290,400,520,530,710,810,970,1200,2200,2200,2200,288,0,310.0,451.86899097158556,11.018399993190542,3194.5486000040546,4762.0
1778884648,100,GET,GET /api/ -> https://redis.io/,17.800000,0.000000,280,430,480,610,790,930,1000,1000,1100,1100,1100,296,0,360.0,540.4443456078494,10.59640001039952,3718.1918999995105,7221.0
1778884648,100,GET,GET /api/ -> https://training.play-with-docker.com/,18.700000,0.000000,360,510,590,650,890,1500,2000,2200,2500,2500,2500,273,0,340.0,489.7643443209378,45.58399997767992,3116.780199983623,1424.0
1778884648,100,GET,GET /api/ -> https://www.python.org/,16.900000,0.000000,300,450,530,570,710,1900,2100,2200,2300,2300,2300,332,0,340.0,616.5450900600745,19.78669999516569,3972.081400017487,12980.0
1778884648,100,,Aggregated,175.400000,0.000000,320,450,540,600,810,1300,2100,2300,2600,22000,22000,3151,0,360.0,540.0334238016346,9.192800003802404,22392.36759999767,6640.704538241828
1778884649,100,GET,GET /api/ -> http://example.com/,17.400000,0.000000,310,450,590,630,1300,2200,2500,2500,2500,2500,2500,365,0,340.0,558.8749315068986,11.173999984748662,5013.481600006344,65.0
1778884649,100,GET,GET /api/ -> https://books.toscrape.com/,15.200000,0.000000,420,480,530,590,820,1600,2200,2300,2600,2600,2600,361,0,380.0,551.4092371186179,9.192800003802404,22392.36759999767,7848.0
1778884649,100,GET,GET /api/ -> https://docs.docker.com/,15.700000,0.000000,430,520,560,670,950,2000,2200,2300,2500,2500,2500,347,0,410.0,540.6276282415892,14.405900001293048,4025.201200012816,1741.0
1778884649,100,GET,GET /api/ -> https://flask.palletsprojects.com/,15.500000,0.000000,400,480,550,580,770,1100,2100,2100,2200,2200,2200,340,0,410.0,545.6410273535499,11.503999994602054,2974.9480999889784,19667.0
1778884649,100,GET,GET /api/ -> https://github.com/ibnesayeed/linkextractor,16.400000,0.000000,410,530,590,640,900,2000,2300,2400,2400,2400,2400,298,0,350.0,477.6048395962801,19.076299999142066,2442.7284999983385,11810.0
1778884649,100,GET,GET /api/ -> https://httpbin.org/,16.100000,0.000000,380,490,550,610,830,1100,1300,2200,2300,2300,2300,357,0,390.0,568.7496190479303,27.90879999520257,3991.264400014188,313.0
1778884649,100,GET,GET /api/ -> https://locust.io/,15.600000,0.000000,300,440,520,530,710,780,950,1200,2200,2200,2200,312,0,330.0,448.19159262755045,11.018399993190542,3194.5486000040546,4762.0
1778884649,100,GET,GET /api/ -> https://redis.io/,15.300000,0.000000,370,470,540,610,790,870,1000,1000,1100,1100,1100,324,0,380.0,534.400876851488,10.59640001039952,3718.1918999995105,7221.0
1778884649,100,GET,GET /api/ -> https://training.play-with-docker.com/,16.300000,0.000000,390,480,570,640,890,1500,2000,2200,2500,2500,2500,291,0,350.0,486.30998556540567,45.58399997767992,3116.780199983623,1424.0
1778884649,100,GET,GET /api/ -> https://www.python.org/,16.200000,0.000000,390,480,550,610,790,2000,2100,2200,2300,2300,2300,355,0,370.0,605.7912104223645,19.78669999516569,3972.081400017487,12980.0
1778884649,100,,Aggregated,159.700000,0.000000,390,480,550,610,810,1300,2100,2300,2500,2600,2600,3350,0,370.0,534.6529622683075,9.192800003802404,22392.36759999767,6754.182985074627
1778884650,100,GET,GET /api/ -> http://example.com/,18.500000,0.000000,400,520,610,710,2000,2200,2500,2500,2500,2500,2500,367,0,340.0,559.2491501363055,11.173999984748662,5013.481600006344,65.0
1778884650,100,GET,GET /api/ -> https://books.toscrape.com/,18.200000,0.000000,440,510,550,600,850,1600,2200,2300,2600,2600,2600,367,0,380.0,553.6594705716282,9.192800003802404,22392.36759999767,7848.0
1778884650,100,GET,GET /api/ -> https://docs.docker.com/,14.500000,0.000000,460,530,640,760,1100,2000,2300,2300,2500,2500,2500,357,0,410.0,545.9834893550548,14.405900001293048,4025.201200012816,1741.0
1778884650,100,GET,GET /api/ -> https://flask.palletsprojects.com/,14.600000,0.000000,420,520,560,600,950,1300,2100,2100,2200,2200,2200,352,0,420.0,552.2453710231771,11.503999994602054,2974.9480999889784,19667.0
1778884650,100,GET,GET /api/ -> https://github.com/ibnesayeed/linkextractor,14.000000,0.000000,430,530,590,720,1100,2000,2300,2400,2400,2400,2400,321,0,370.0,486.87351214869176,19.076299999142066,2442.7284999983385,11810.0
1778884650,100,GET,GET /api/ -> https://httpbin.org/,16.900000,0.000000,410,510,580,620,950,1200,2100,2200,2300,2300,2300,364,0,390.0,569.5782049453036,27.90879999520257,3991.264400014188,313.0
1778884650,100,GET,GET /api/ -> https://locust.io/,14.400000,0.000000,380,500,520,560,730,870,950,1200,2200,2200,2200,337,0,370.0,458.4430424326054,11.018399993190542,3194.5486000040546,4762.0
1778884650,100,GET,GET /api/ -> https://redis.io/,14.400000,0.000000,410,500,540,630,820,900,990,1000,1100,1100,1100,346,0,390.0,538.094909537336,10.59640001039952,3718.1918999995105,7221.0
1778884650,100,GET,GET /api/ -> https://training.play-with-docker.com/,14.200000,0.000000,430,520,580,650,910,1500,2000,2200,2500,2500,2500,307,0,360.0,492.3941009754356,45.58399997767992,3116.780199983623,1424.0
1778884650,100,GET,GET /api/ -> https://www.python.org/,15.400000,0.000000,420,490,550,630,920,2000,2100,2200,2300,2300,2300,359,0,380.0,607.1962256266341,19.78669999516569,3972.081400017487,12980.0
1778884650,100,,Aggregated,155.100000,0.000000,420,510,570,630,890,1500,2100,2300,2500,2600,2600,3477,0,390.0,538.1597302555858,9.192800003802404,22392.36759999767,6774.110440034512
1778884652,100,GET,GET /api/ -> http://example.com/,14.400000,0.000000,440,550,640,730,2000,2200,2500,2500,2500,2500,2500,385,0,350.0,551.7284911686809,11.173999984748662,5013.481600006344,65.0
1778884652,100,GET,GET /api/ -> https://books.toscrape.com/,15.000000,0.000000,440,510,560,600,890,2000,2200,2300,2600,2600,2600,382,0,380.0,545.3860963346876,9.192800003802404,22392.36759999767,7848.0
1778884652,100,GET,GET /api/ -> https://docs.docker.com/,15.800000,0.000000,470,530,650,800,1100,2100,2300,2300,2500,2500,2500,369,0,410.0,540.0491092133375,14.405900001293048,4025.201200012816,1741.0
1778884652,100,GET,GET /api/ -> https://flask.palletsprojects.com/,16.200000,0.000000,430,520,560,580,950,1800,2100,2100,2200,2200,2200,366,0,420.0,544.6236715850845,11.503999994602054,2974.9480999889784,19667.0
1778884652,100,GET,GET /api/ -> https://github.com/ibnesayeed/linkextractor,13.600000,0.000000,440,520,570,620,1100,2000,2300,2400,2400,2400,2400,357,0,370.0,478.12274229608107,19.076299999142066,2442.7284999983385,11810.0
1778884652,100,GET,GET /api/ -> https://httpbin.org/,15.300000,0.000000,430,520,580,620,1000,1200,2100,2200,2300,2300,2300,376,0,390.0,562.1393013300784,27.90879999520257,3991.264400014188,313.0
1778884652,100,GET,GET /api/ -> https://locust.io/,14.400000,0.000000,400,500,530,580,780,870,950,1000,2200,2200,2200,360,0,360.0,453.52221333289185,11.018399993190542,3194.5486000040546,4762.0
1778884652,100,GET,GET /api/ -> https://redis.io/,15.300000,0.000000,430,500,540,630,820,870,970,990,1100,1100,1100,362,0,390.0,529.754311878148,10.59640001039952,3718.1918999995105,7221.0
1778884652,100,GET,GET /api/ -> https://training.play-with-docker.com/,13.000000,0.000000,440,510,570,610,890,1100,2000,2200,2500,2500,2500,350,0,370.0,487.4649837128319,45.58399997767992,3116.780199983623,1424.0
1778884652,100,GET,GET /api/ -> https://www.python.org/,15.500000,0.000000,430,520,560,640,930,2000,2100,2200,2300,2300,2300,372,0,380.0,600.9748365589379,19.78669999516569,3972.081400017487,12980.0
1778884652,100,,Aggregated,148.500000,0.000000,440,520,570,630,930,1900,2200,2300,2500,2600,2600,3679,0,380.0,530.2071161996772,9.192800003802404,22392.36759999767,6755.273715683609
1778884653,100,GET,GET /api/ -> http://example.com/,12.500000,0.000000,440,550,640,710,2000,2200,2500,2500,2500,2500,2500,417,0,330.0,531.4468685852345,11.173999984748662,5013.481600006344,65.0
1778884653,100,GET,GET /api/ -> https://books.toscrape.com/,13.200000,0.000000,420,480,530,560,850,1600,2200,2300,2600,2600,2600,407,0,370.0,528.2328968056185,9.192800003802404,22392.36759999767,7848.0
1778884653,100,GET,GET /api/ -> https://docs.docker.com/,14.300000,0.000000,470,540,670,800,1200,2100,2300,2300,2500,2500,2500,384,0,390.0,528.4918710929105,14.405900001293048,4025.201200012816,1741.0
1778884653,100,GET,GET /api/ -> https://flask.palletsprojects.com/,14.700000,0.000000,440,520,560,580,950,2000,2100,2100,2200,2200,2200,381,0,410.0,532.9682343833306,11.503999994602054,2974.9480999889784,19667.0
1778884653,100,GET,GET /api/ -> https://github.com/ibnesayeed/linkextractor,14.200000,0.000000,450,520,580,680,1100,2000,2300,2400,2400,2400,2400,366,0,370.0,473.1813284143541,19.076299999142066,2442.7284999983385,11810.0
1778884653,100,GET,GET /api/ -> https://httpbin.org/,13.700000,0.000000,430,510,540,620,1000,1200,2100,2200,2300,2300,2300,396,0,380.0,546.982717929679,27.90879999520257,3991.264400014188,313.0
1778884653,100,GET,GET /api/ -> https://locust.io/,15.300000,0.000000,430,500,530,580,780,870,950,1000,2200,2200,2200,373,0,350.0,446.2070825734287,11.018399993190542,3194.5486000040546,4762.0
1778884653,100,GET,GET /api/ -> https://redis.io/,15.500000,0.000000,430,510,540,630,820,900,970,990,1100,1100,1100,379,0,380.0,520.8633029020218,10.59640001039952,3718.1918999995105,7221.0
1778884653,100,GET,GET /api/ -> https://training.play-with-docker.com/,13.700000,0.000000,460,520,580,620,890,1100,2000,2200,2500,2500,2500,366,0,360.0,479.59128661046844,45.58399997767992,3116.780199983623,1424.0
1778884653,100,GET,GET /api/ -> https://www.python.org/,13.900000,0.000000,420,480,550,640,920,2000,2100,2200,2300,2300,2300,389,0,370.0,585.3520704369428,19.78669999516569,3972.081400017487,12980.0
1778884653,100,,Aggregated,141.000000,0.000000,430,520,570,630,930,1900,2200,2300,2500,2600,2600,3858,0,370.0,518.2660008809279,9.192800003802404,22392.36759999767,6716.617159149819
1778884654,100,GET,GET /api/ -> http://example.com/,12.800000,0.000000,440,520,610,640,1300,2200,2300,2500,2500,2500,2500,444,0,350.0,525.9236639641123,11.173999984748662,5013.481600006344,65.0
1778884654,100,GET,GET /api/ -> https://books.toscrape.com/,12.900000,0.000000,420,480,530,560,820,1600,2100,2300,2600,2600,2600,434,0,370.0,520.0525405527037,9.192800003802404,22392.36759999767,7848.0
1778884654,100,GET,GET /api/ -> https://docs.docker.com/,13.300000,0.000000,460,530,640,690,1100,2000,2300,2300,2500,2500,2500,413,0,400.0,522.4858869240505,14.405900001293048,4025.201200012816,1741.0
1778884654,100,GET,GET /api/ -> https://flask.palletsprojects.com/,13.600000,0.000000,430,510,550,570,880,1800,2100,2100,2200,2200,2200,401,0,410.0,526.617307481565,11.503999994602054,2974.9480999889784,19667.0
1778884654,100,GET,GET /api/ -> https://github.com/ibnesayeed/linkextractor,14.600000,0.000000,430,520,560,620,1100,2000,2300,2400,2400,2400,2400,383,0,370.0,469.13432924219165,19.076299999142066,2442.7284999983385,11810.0
1778884654,100,GET,GET /api/ -> https://httpbin.org/,13.100000,0.000000,380,490,530,590,900,1100,2100,2200,2300,2300,2300,422,0,370.0,535.3583829386118,27.90879999520257,3991.264400014188,313.0
1778884654,100,GET,GET /api/ -> https://locust.io/,14.500000,0.000000,400,500,520,560,760,870,950,1000,2200,2200,2200,386,0,350.0,442.9126810877363,11.018399993190542,3194.5486000040546,4762.0
1778884654,100,GET,GET /api/ -> https://redis.io/,14.000000,0.000000,430,500,540,590,810,870,970,990,1100,1100,1100,395,0,380.0,515.7093562022931,10.59640001039952,3718.1918999995105,7221.0
1778884654,100,GET,GET /api/ -> https://training.play-with-docker.com/,15.400000,0.000000,460,520,580,610,890,1100,2000,2200,2500,2500,2500,381,0,360.0,479.4356309696653,45.58399997767992,3116.780199983623,1424.0
1778884654,100,GET,GET /api/ -> https://www.python.org/,13.000000,0.000000,430,480,550,610,860,2000,2100,2200,2300,2300,2300,417,0,380.0,577.5357340528111,19.78669999516569,3972.081400017487,12980.0
1778884654,100,,Aggregated,137.200000,0.000000,430,510,550,610,860,1400,2100,2300,2500,2600,2600,4076,0,370.0,512.7428051518082,9.192800003802404,22392.36759999767,6707.884936211973
1778884655,100,GET,GET /api/ -> http://example.com/,12.800000,0.000000,440,520,600,630,1100,2100,2300,2500,2500,2500,2500,466,0,340.0,510.7565487125042,11.173999984748662,5013.481600006344,65.0
1778884655,100,GET,GET /api/ -> https://books.toscrape.com/,12.700000,0.000000,410,480,530,560,810,1600,2100,2300,2600,2600,2600,461,0,360.0,510.3452190886976,9.192800003802404,22392.36759999767,7848.0
1778884655,100,GET,GET /api/ -> https://docs.docker.com/,13.100000,0.000000,460,530,610,690,1000,2000,2200,2300,2500,2500,2500,430,0,390.0,513.7769062782037,14.405900001293048,4025.201200012816,1741.0
1778884655,100,GET,GET /api/ -> https://flask.palletsprojects.com/,13.300000,0.000000,430,500,540,570,810,1200,2100,2100,2200,2200,2200,422,0,410.0,519.4078111375287,11.503999994602054,2974.9480999889784,19667.0
1778884655,100,GET,GET /api/ -> https://github.com/ibnesayeed/linkextractor,13.900000,0.000000,420,520,560,620,1100,2000,2300,2400,2400,2400,2400,395,0,370.0,464.6696372146282,18.060400005197152,2442.7284999983385,11810.0
1778884655,100,GET,GET /api/ -> https://httpbin.org/,12.800000,0.000000,380,480,530,610,880,1100,1300,2200,2300,2300,2300,450,0,370.0,523.4286477780875,27.90879999520257,3991.264400014188,313.0
1778884655,100,GET,GET /api/ -> https://locust.io/,13.400000,0.000000,400,480,520,560,780,870,950,1000,2200,2200,2200,404,0,350.0,439.4144418314105,11.018399993190542,3194.5486000040546,4762.0
1778884655,100,GET,GET /api/ -> https://redis.io/,13.000000,0.000000,430,510,540,590,810,870,990,1100,1100,1100,1100,414,0,380.0,510.55206521723534,10.59640001039952,3718.1918999995105,7221.0
1778884655,100,GET,GET /api/ -> https://training.play-with-docker.com/,14.300000,0.000000,460,520,580,610,890,1100,2000,2200,2500,2500,2500,390,0,360.0,475.74333333199877,45.58399997767992,3116.780199983623,1424.0
1778884655,100,GET,GET /api/ -> https://www.python.org/,12.800000,0.000000,430,490,550,620,880,2000,2100,2200,2300,2300,2300,436,0,370.0,566.5994738533008,10.556099994573742,3972.081400017487,12980.0
1778884655,100,,Aggregated,132.100000,0.000000,430,510,550,610,850,1300,2100,2300,2500,2600,2600,4268,0,370.0,504.6749114336556,9.192800003802404,22392.36759999767,6708.0843486410495
1778884657,100,GET,GET /api/ -> http://example.com/,14.200000,0.000000,360,440,470,520,600,640,1100,1300,1300,1300,1300,477,0,350.0,510.8131094339896,11.173999984748662,5013.481600006344,65.0
1778884657,100,GET,GET /api/ -> https://books.toscrape.com/,13.700000,0.000000,330,440,530,560,760,1100,1600,1600,1600,1600,1600,471,0,370.0,514.2004740975141,9.192800003802404,22392.36759999767,7848.0
1778884657,100,GET,GET /api/ -> https://docs.docker.com/,13.900000,0.000000,470,550,600,650,800,1000,1100,1200,1300,1300,1300,455,0,410.0,519.7963885704547,14.405900001293048,4025.201200012816,1741.0
1778884657,100,GET,GET /api/ -> https://flask.palletsprojects.com/,13.500000,0.000000,430,510,530,550,680,950,1200,1200,1800,1800,1800,443,0,410.0,519.8422295712019,11.503999994602054,2974.9480999889784,19667.0
1778884657,100,GET,GET /api/ -> https://github.com/ibnesayeed/linkextractor,12.400000,0.000000,430,520,560,590,760,1100,1100,1300,1600,1600,1600,417,0,380.0,469.8311470018206,18.060400005197152,2442.7284999983385,11810.0
1778884657,100,GET,GET /api/ -> https://httpbin.org/,13.300000,0.000000,380,510,570,640,900,1100,1200,1300,1300,1300,1300,468,0,370.0,527.2802570516977,27.90879999520257,3991.264400014188,313.0
1778884657,100,GET,GET /api/ -> https://locust.io/,12.100000,0.000000,430,510,560,610,810,890,1000,1100,1500,1500,1500,426,0,360.0,450.1211164315464,11.018399993190542,3194.5486000040546,4762.0
1778884657,100,GET,GET /api/ -> https://redis.io/,12.800000,0.000000,470,530,590,650,830,900,1100,1200,1400,1400,1400,433,0,390.0,516.5258383370456,10.59640001039952,3718.1918999995105,7221.0
1778884657,100,GET,GET /api/ -> https://training.play-with-docker.com/,12.900000,0.000000,490,540,590,610,720,910,1000,1100,1100,1100,1100,412,0,390.0,483.5757499988653,45.58399997767992,3116.780199983623,1424.0
1778884657,100,GET,GET /api/ -> https://www.python.org/,13.300000,0.000000,440,520,560,610,730,890,1000,1000,1100,1100,1100,462,0,380.0,568.0699781384934,10.556099994573742,3972.081400017487,12980.0
1778884657,100,,Aggregated,132.100000,0.000000,430,520,560,600,760,940,1100,1300,1600,1800,1800,4464,0,380.0,509.0545053984757,9.192800003802404,22392.36759999767,6729.851254480287
1778884658,100,GET,GET /api/ -> http://example.com/,16.100000,0.000000,350,440,460,520,590,630,670,1100,1300,1300,1300,491,0,350.0,506.50884928718796,11.173999984748662,5013.481600006344,65.0
1778884658,100,GET,GET /api/ -> https://books.toscrape.com/,16.200000,0.000000,320,440,520,560,650,840,1100,1100,1400,1400,1400,485,0,360.0,508.3607597936655,9.192800003802404,22392.36759999767,7848.0
1778884658,100,GET,GET /api/ -> https://docs.docker.com/,15.500000,0.000000,460,530,560,610,760,840,1100,1100,1300,1300,1300,468,0,420.0,518.5716367512866,14.405900001293048,4025.201200012816,1741.0
1778884658,100,GET,GET /api/ -> https://flask.palletsprojects.com/,15.400000,0.000000,410,490,520,550,630,810,1200,1200,1800,1800,1800,463,0,410.0,514.8236967602364,11.503999994602054,2974.9480999889784,19667.0
1778884658,100,GET,GET /api/ -> https://github.com/ibnesayeed/linkextractor,13.500000,0.000000,410,510,530,550,680,890,1100,1300,1600,1600,1600,437,0,380.0,466.1280704799798,18.060400005197152,2442.7284999983385,11810.0
1778884658,100,GET,GET /api/ -> https://httpbin.org/,15.500000,0.000000,360,450,510,530,650,780,950,1000,1300,1300,1300,479,0,380.0,524.1689359086166,27.90879999520257,3991.264400014188,313.0
1778884658,100,GET,GET /api/ -> https://locust.io/,13.900000,0.000000,410,500,540,560,710,880,950,1100,1500,1500,1500,450,0,360.0,446.17117777731943,11.018399993190542,3194.5486000040546,4762.0
1778884658,100,GET,GET /api/ -> https://redis.io/,14.500000,0.000000,440,520,550,580,740,850,930,1200,1400,1400,1400,461,0,380.0,508.1453752710783,10.59640001039952,3718.1918999995105,7221.0
1778884658,100,GET,GET /api/ -> https://training.play-with-docker.com/,13.600000,0.000000,450,520,560,590,690,890,940,1000,1100,1100,1100,432,0,390.0,479.02591157307376,45.58399997767992,3116.780199983623,1424.0
1778884658,100,GET,GET /api/ -> https://www.python.org/,15.000000,0.000000,440,510,560,600,710,920,1000,1000,1100,1100,1100,474,0,380.0,563.7711613922983,10.556099994573742,3972.081400017487,12980.0
1778884658,100,,Aggregated,149.200000,0.000000,410,500,530,560,670,840,1000,1100,1600,1800,1800,4640,0,380.0,504.37055398680866,9.192800003802404,22392.36759999767,6747.665948275862
1778884659,100,GET,GET /api/ -> http://example.com/,14.200000,0.000000,350,420,460,480,590,640,700,1100,1300,1300,1300,505,0,340.0,498.1838342574042,11.173999984748662,5013.481600006344,65.0
1778884659,100,GET,GET /api/ -> https://books.toscrape.com/,16.600000,0.000000,320,430,520,550,650,760,1100,1100,1400,1400,1400,503,0,360.0,503.23929900600194,9.192800003802404,22392.36759999767,7848.0
1778884659,100,GET,GET /api/ -> https://docs.docker.com/,16.300000,0.000000,400,510,550,580,690,840,1100,1100,1300,1300,1300,490,0,400.0,505.9779655094477,14.405900001293048,4025.201200012816,1741.0
1778884659,100,GET,GET /api/ -> https://flask.palletsprojects.com/,15.800000,0.000000,360,470,520,540,620,810,1200,1200,1800,1800,1800,484,0,410.0,503.0961378099525,11.503999994602054,2974.9480999889784,19667.0
1778884659,100,GET,GET /api/ -> https://github.com/ibnesayeed/linkextractor,14.900000,0.000000,380,480,530,550,680,890,1100,1300,1600,1600,1600,472,0,370.0,454.8869190674218,13.446900004055351,2442.7284999983385,11810.0
1778884659,100,GET,GET /api/ -> https://httpbin.org/,16.500000,0.000000,330,440,500,520,640,780,950,1000,1300,1300,1300,495,0,370.0,518.644543434846,27.90879999520257,3991.264400014188,313.0
1778884659,100,GET,GET /api/ -> https://locust.io/,15.100000,0.000000,360,480,530,560,710,870,950,1100,1500,1500,1500,478,0,350.0,436.43706443485274,11.018399993190542,3194.5486000040546,4762.0
1778884659,100,GET,GET /api/ -> https://redis.io/,15.800000,0.000000,370,490,540,570,680,850,930,1200,1400,1400,1400,480,0,370.0,497.0648137498453,10.59640001039952,3718.1918999995105,7221.0
1778884659,100,GET,GET /api/ -> https://training.play-with-docker.com/,14.300000,0.000000,410,510,560,580,690,890,940,1000,1100,1100,1100,466,0,370.0,466.7457583682764,45.58399997767992,3116.780199983623,1424.0
1778884659,100,GET,GET /api/ -> https://www.python.org/,16.400000,0.000000,400,500,550,590,700,920,1000,1000,1100,1100,1100,491,0,380.0,552.2528806515892,10.556099994573742,3972.081400017487,12980.0
1778884659,100,,Aggregated,155.900000,0.000000,360,480,530,560,660,830,1000,1100,1600,1800,1800,4864,0,370.0,494.12897358122217,9.192800003802404,22392.36759999767,6755.8844572368425
1778884660,100,GET,GET /api/ -> http://example.com/,13.000000,0.000000,310,380,440,460,540,620,670,700,1300,1300,1300,529,0,330.0,481.6278304348701,11.173999984748662,5013.481600006344,65.0
1778884660,100,GET,GET /api/ -> https://books.toscrape.com/,13.300000,0.000000,300,390,470,520,600,720,840,1100,1400,1400,1400,522,0,350.0,493.2819402300404,9.192800003802404,22392.36759999767,7848.0
1778884660,100,GET,GET /api/ -> https://docs.docker.com/,16.400000,0.000000,360,460,530,550,650,730,840,940,1300,1300,1300,508,0,390.0,495.59159704640336,8.967900008428842,4025.201200012816,1741.0
1778884660,100,GET,GET /api/ -> https://flask.palletsprojects.com/,16.500000,0.000000,320,420,470,520,570,680,810,970,1200,1200,1200,505,0,390.0,488.93318297024496,11.503999994602054,2974.9480999889784,19667.0
1778884660,100,GET,GET /api/ -> https://github.com/ibnesayeed/linkextractor,16.000000,0.000000,340,430,520,530,610,700,910,1100,1100,1100,1100,493,0,360.0,443.987361865572,13.446900004055351,2442.7284999983385,11810.0
1778884660,100,GET,GET /api/ -> https://httpbin.org/,14.300000,0.000000,330,410,480,500,620,740,810,950,1300,1300,1300,516,0,370.0,509.0311077524242,27.90879999520257,3991.264400014188,313.0
1778884660,100,GET,GET /api/ -> https://locust.io/,15.800000,0.000000,320,400,480,520,660,790,950,1100,1500,1500,1500,497,0,350.0,426.3579215289546,11.018399993190542,3194.5486000040546,4762.0
1778884660,100,GET,GET /api/ -> https://redis.io/,16.700000,0.000000,320,440,500,540,620,690,850,1200,1400,1400,1400,501,0,360.0,486.0110628740916,10.59640001039952,3718.1918999995105,7221.0
1778884660,100,GET,GET /api/ -> https://training.play-with-docker.com/,15.500000,0.000000,360,470,530,560,630,770,930,1000,1100,1100,1100,487,0,360.0,457.60648911620456,45.58399997767992,3116.780199983623,1424.0
1778884660,100,GET,GET /api/ -> https://www.python.org/,15.600000,0.000000,340,460,520,560,650,800,930,1000,1100,1100,1100,512,0,350.0,535.664792773332,9.002000006148592,3972.081400017487,12980.0
1778884660,100,,Aggregated,153.100000,0.000000,330,430,490,530,610,700,890,1100,1400,1500,1500,5070,0,360.0,482.248139723669,8.967900008428842,22392.36759999767,6756.37573964497
1778884661,100,GET,GET /api/ -> http://example.com/,14.400000,0.000000,260,350,420,450,530,610,670,700,1300,1300,1300,558,0,310.0,464.13644175635613,11.173999984748662,5013.481600006344,65.0
1778884661,100,GET,GET /api/ -> https://books.toscrape.com/,13.800000,0.000000,300,380,440,520,600,670,840,1100,1400,1400,1400,550,0,340.0,481.3968287273416,9.192800003802404,22392.36759999767,7848.0
1778884661,100,GET,GET /api/ -> https://docs.docker.com/,15.400000,0.000000,320,450,520,550,620,730,840,1200,1300,1300,1300,528,0,390.0,487.974204923596,8.967900008428842,4025.201200012816,1741.0
1778884661,100,GET,GET /api/ -> https://flask.palletsprojects.com/,16.500000,0.000000,310,400,470,510,580,690,830,1000,1200,1200,1200,522,0,370.0,482.3754490421745,9.327100007794797,2974.9480999889784,19667.0
1778884661,100,GET,GET /api/ -> https://github.com/ibnesayeed/linkextractor,18.000000,0.000000,320,400,480,520,620,700,910,1100,1100,1100,1100,510,0,350.0,437.62084686205327,13.446900004055351,2442.7284999983385,11810.0
1778884661,100,GET,GET /api/ -> https://httpbin.org/,14.000000,0.000000,320,380,440,480,620,670,810,950,1300,1300,1300,538,0,360.0,498.7148934948002,27.90879999520257,3991.264400014188,313.0
1778884661,100,GET,GET /api/ -> https://locust.io/,17.700000,0.000000,310,400,460,510,640,730,940,1100,1500,1500,1500,514,0,340.0,421.42914416313084,11.018399993190542,3194.5486000040546,4762.0
1778884661,100,GET,GET /api/ -> https://redis.io/,17.500000,0.000000,310,400,500,540,620,690,850,1200,1400,1400,1400,517,0,360.0,479.68824526112223,10.59640001039952,3718.1918999995105,7221.0
1778884661,100,GET,GET /api/ -> https://training.play-with-docker.com/,17.500000,0.000000,340,440,520,560,620,720,890,1000,1000,1000,1000,504,0,360.0,451.85614107062327,45.58399997767992,3116.780199983623,1424.0
1778884661,100,GET,GET /api/ -> https://www.python.org/,14.500000,0.000000,310,420,490,530,640,730,930,1000,1100,1100,1100,536,0,340.0,521.9910154853245,9.002000006148592,3972.081400017487,12980.0
1778884661,100,,Aggregated,159.300000,0.000000,310,400,480,520,610,700,890,1000,1400,1500,1500,5277,0,350.0,473.15483831707263,8.967900008428842,22392.36759999767,6743.507106310403
1778884662,100,GET,GET /api/ -> http://example.com/,15.600000,0.000000,260,350,420,450,530,610,670,700,860,860,860,583,0,300.0,457.3974507718265,11.173999984748662,5013.481600006344,65.0
1778884662,100,GET,GET /api/ -> https://books.toscrape.com/,15.200000,0.000000,290,380,440,520,600,670,980,1100,1400,1400,1400,573,0,340.0,474.5443933685558,9.192800003802404,22392.36759999767,7848.0
1778884662,100,GET,GET /api/ -> https://docs.docker.com/,15.600000,0.000000,330,470,540,560,660,790,1000,1200,1300,1300,1300,543,0,390.0,487.44596740259647,8.967900008428842,4025.201200012816,1741.0
1778884662,100,GET,GET /api/ -> https://flask.palletsprojects.com/,15.800000,0.000000,310,420,480,520,590,700,970,1000,1200,1200,1200,536,0,370.0,480.06162929118204,9.327100007794797,2974.9480999889784,19667.0
1778884662,100,GET,GET /api/ -> https://github.com/ibnesayeed/linkextractor,18.700000,0.000000,310,400,480,520,620,680,790,940,1100,1100,1100,517,0,350.0,436.6891582199121,13.446900004055351,2442.7284999983385,11810.0
1778884662,100,GET,GET /api/ -> https://httpbin.org/,15.300000,0.000000,320,380,450,500,640,750,810,950,1300,1300,1300,565,0,360.0,492.9119099118537,27.90879999520257,3991.264400014188,313.0
1778884662,100,GET,GET /api/ -> https://locust.io/,17.900000,0.000000,310,410,480,520,660,810,950,1100,1500,1500,1500,524,0,340.0,420.0166870226936,11.018399993190542,3194.5486000040546,4762.0
1778884662,100,GET,GET /api/ -> https://redis.io/,16.700000,0.000000,310,450,520,550,630,690,920,1200,1400,1400,1400,533,0,360.0,477.75528405261826,10.59640001039952,3718.1918999995105,7221.0
1778884662,100,GET,GET /api/ -> https://training.play-with-docker.com/,19.200000,0.000000,340,450,520,560,630,720,850,930,1000,1000,1000,513,0,360.0,450.9777302136549,45.58399997767992,3116.780199983623,1424.0
1778884662,100,GET,GET /api/ -> https://www.python.org/,15.400000,0.000000,310,440,510,550,650,730,930,1000,1100,1100,1100,551,0,340.0,518.0024773143075,9.002000006148592,3972.081400017487,12980.0
1778884662,100,,Aggregated,165.400000,0.000000,310,420,480,530,620,700,910,1000,1400,1500,1500,5438,0,350.0,470.0881978115971,8.967900008428842,22392.36759999767,6717.701728576682
1778884663,100,GET,GET /api/ -> http://example.com/,17.800000,0.000000,250,370,430,460,540,620,700,940,1200,1200,1200,597,0,310.0,456.80497252939847,11.173999984748662,5013.481600006344,65.0
1778884663,100,GET,GET /api/ -> https://books.toscrape.com/,17.200000,0.000000,320,430,520,570,650,820,1100,1300,1400,1400,1400,590,0,350.0,478.16788610194266,9.192800003802404,22392.36759999767,7848.0
1778884663,100,GET,GET /api/ -> https://docs.docker.com/,16.100000,0.000000,360,480,550,570,690,840,1100,1200,1300,1300,1300,570,0,390.0,485.04332298185193,8.967900008428842,4025.201200012816,1741.0
1778884663,100,GET,GET /api/ -> https://flask.palletsprojects.com/,16.200000,0.000000,310,420,510,530,630,810,990,1200,1400,1400,1400,551,0,370.0,481.02654228695775,9.327100007794797,2974.9480999889784,19667.0
1778884663,100,GET,GET /api/ -> https://github.com/ibnesayeed/linkextractor,17.800000,0.000000,330,430,520,550,670,910,990,1500,1700,1700,1700,532,0,370.0,443.3262501873362,13.446900004055351,2442.7284999983385,11810.0
1778884663,100,GET,GET /api/ -> https://httpbin.org/,16.900000,0.000000,340,440,500,540,670,780,950,1200,1300,1300,1300,583,0,360.0,494.5275790741392,27.90879999520257,3991.264400014188,313.0
1778884663,100,GET,GET /api/ -> https://locust.io/,16.700000,0.000000,330,440,510,560,710,910,1100,1200,1500,1500,1500,537,0,350.0,425.6478703909339,11.018399993190542,3194.5486000040546,4762.0
1778884663,100,GET,GET /api/ -> https://redis.io/,16.300000,0.000000,320,460,520,560,650,780,920,1200,1400,1400,1400,543,0,360.0,477.4519046041218,10.59640001039952,3718.1918999995105,7221.0
1778884663,100,GET,GET /api/ -> https://training.play-with-docker.com/,18.800000,0.000000,350,450,530,560,630,750,890,930,1000,1000,1000,524,0,360.0,449.98449789994896,45.58399997767992,3116.780199983623,1424.0
1778884663,100,GET,GET /api/ -> https://www.python.org/,16.800000,0.000000,340,480,530,580,680,800,1000,1000,1100,1100,1100,574,0,350.0,517.6707067947615,9.002000006148592,3972.081400017487,12980.0
1778884663,100,,Aggregated,170.600000,0.000000,330,440,510,550,650,790,980,1100,1500,1700,1700,5601,0,360.0,471.5720830565248,8.967900008428842,22392.36759999767,6719.925727548652
1778884664,100,GET,GET /api/ -> http://example.com/,18.800000,0.000000,230,350,400,460,540,670,910,1200,1200,1200,1200,609,0,310.0,458.7310008210614,11.173999984748662,5013.481600006344,65.0
1778884664,100,GET,GET /api/ -> https://books.toscrape.com/,18.600000,0.000000,300,420,520,580,670,840,1100,1300,1400,1400,1400,606,0,350.0,475.65003234348274,9.192800003802404,22392.36759999767,7848.0
1778884664,100,GET,GET /api/ -> https://docs.docker.com/,17.000000,0.000000,330,460,530,560,680,840,1100,1200,1300,1300,1300,589,0,390.0,480.08012410798005,8.967900008428842,4025.201200012816,1741.0
1778884664,100,GET,GET /api/ -> https://flask.palletsprojects.com/,16.900000,0.000000,310,430,530,560,750,920,1200,1200,1400,1400,1400,583,0,370.0,481.6032813036875,9.327100007794797,2974.9480999889784,19667.0
1778884664,100,GET,GET /api/ -> https://github.com/ibnesayeed/linkextractor,16.300000,0.000000,320,430,520,550,680,800,990,1500,1700,1700,1700,549,0,360.0,441.3539253182468,13.446900004055351,2442.7284999983385,11810.0
1778884664,100,GET,GET /api/ -> https://httpbin.org/,18.000000,0.000000,340,440,500,540,700,810,960,1200,1300,1300,1300,603,0,360.0,491.29659801036786,27.90879999520257,3991.264400014188,313.0
1778884664,100,GET,GET /api/ -> https://locust.io/,15.900000,0.000000,330,430,510,560,700,900,1100,1200,1500,1500,1500,560,0,340.0,421.62035642863236,11.018399993190542,3194.5486000040546,4762.0
1778884664,100,GET,GET /api/ -> https://redis.io/,16.200000,0.000000,320,470,550,580,660,850,1100,1200,1400,1400,1400,572,0,360.0,475.45815489514996,10.59640001039952,3718.1918999995105,7221.0
1778884664,100,GET,GET /api/ -> https://training.play-with-docker.com/,16.900000,0.000000,320,420,510,540,690,850,930,1000,1100,1100,1100,542,0,350.0,447.4682691873793,45.58399997767992,3116.780199983623,1424.0
1778884664,100,GET,GET /api/ -> https://www.python.org/,17.300000,0.000000,320,470,530,570,710,800,1000,1000,1100,1100,1100,595,0,350.0,513.87645193315,9.002000006148592,3972.081400017487,12980.0
1778884664,100,,Aggregated,171.900000,0.000000,320,430,520,550,680,840,1000,1200,1500,1700,1700,5808,0,350.0,469.3632771693607,8.967900008428842,22392.36759999767,6758.13567493113
1778884665,100,GET,GET /api/ -> http://example.com/,18.800000,0.000000,220,330,400,480,590,700,940,1200,1200,1200,1200,610,0,310.0,458.46819311483443,11.173999984748662,5013.481600006344,65.0
1778884665,100,GET,GET /api/ -> https://books.toscrape.com/,18.600000,0.000000,320,400,490,540,630,820,980,1000,1300,1300,1300,607,0,350.0,475.4026612852619,9.192800003802404,22392.36759999767,7848.0
1778884665,100,GET,GET /api/ -> https://docs.docker.com/,17.000000,0.000000,320,430,480,530,660,790,1100,1100,1200,1200,1200,593,0,390.0,479.27705666042857,8.967900008428842,4025.201200012816,1741.0
1778884665,100,GET,GET /api/ -> https://flask.palletsprojects.com/,16.900000,0.000000,310,400,510,550,710,900,1000,1200,1400,1400,1400,586,0,370.0,480.5654527304802,9.327100007794797,2974.9480999889784,19667.0
1778884665,100,GET,GET /api/ -> https://github.com/ibnesayeed/linkextractor,16.300000,0.000000,290,400,460,520,620,730,990,1500,1700,1700,1700,556,0,360.0,438.6645784167524,13.446900004055351,2442.7284999983385,11810.0
1778884665,100,GET,GET /api/ -> https://httpbin.org/,18.000000,0.000000,340,420,480,510,640,750,960,1200,1200,1200,1200,604,0,360.0,490.9913995037617,27.90879999520257,3991.264400014188,313.0
1778884665,100,GET,GET /api/ -> https://locust.io/,15.900000,0.000000,310,400,460,510,660,820,970,1100,1200,1200,1200,569,0,350.0,421.1330880493422,11.018399993190542,3194.5486000040546,4762.0
1778884665,100,GET,GET /api/ -> https://redis.io/,16.200000,0.000000,310,380,500,560,650,750,910,920,1200,1200,1200,579,0,360.0,473.35781588949766,10.59640001039952,3718.1918999995105,7221.0
1778884665,100,GET,GET /api/ -> https://training.play-with-docker.com/,16.900000,0.000000,310,390,460,510,600,750,900,1000,1100,1100,1100,544,0,350.0,446.49859080800525,45.58399997767992,3116.780199983623,1424.0
1778884665,100,GET,GET /api/ -> https://www.python.org/,17.300000,0.000000,280,370,490,530,680,730,900,930,1000,1000,1000,599,0,350.0,512.3157367282835,9.002000006148592,3972.081400017487,12980.0
1778884665,100,,Aggregated,171.900000,0.000000,300,390,470,520,650,780,960,1100,1500,1700,1700,5847,0,350.0,468.27180369416516,8.967900008428842,22392.36759999767,6765.2276381050115
1778884667,100,GET,GET /api/ -> http://example.com/,16.300000,0.000000,220,340,400,480,910,1600,2200,2700,2800,2800,2800,641,0,320.0,478.6670815911817,11.173999984748662,5013.481600006344,65.0
1778884667,100,GET,GET /api/ -> https://books.toscrape.com/,17.100000,0.000000,320,410,500,570,700,930,1300,2500,2500,2500,2500,631,0,350.0,484.1172637087854,9.192800003802404,22392.36759999767,7848.0
1778884667,100,GET,GET /api/ -> https://docs.docker.com/,17.900000,0.000000,300,390,470,520,780,1200,2800,2900,3200,3200,3200,604,0,390.0,498.4262812908585,8.967900008428842,4025.201200012816,1741.0
1778884667,100,GET,GET /api/ -> https://flask.palletsprojects.com/,18.200000,0.000000,300,390,510,600,920,1900,3000,3000,3100,3100,3100,597,0,370.0,504.43712864332434,9.327100007794797,3113.936999987345,19667.0
1778884667,100,GET,GET /api/ -> https://github.com/ibnesayeed/linkextractor,17.200000,0.000000,290,400,480,570,990,2300,2600,2700,2800,2800,2800,579,0,370.0,478.16018410978455,13.446900004055351,2836.390099982964,11810.0
1778884667,100,GET,GET /api/ -> https://httpbin.org/,17.500000,0.000000,320,380,470,500,690,840,2300,2500,3000,3000,3000,621,0,360.0,497.29121288291407,27.90879999520257,3991.264400014188,313.0
1778884667,100,GET,GET /api/ -> https://locust.io/,18.000000,0.000000,310,390,460,540,870,2100,2400,2600,2800,2800,2800,588,0,350.0,450.2206095238434,11.018399993190542,3194.5486000040546,4762.0
1778884667,100,GET,GET /api/ -> https://redis.io/,18.200000,0.000000,310,390,480,560,780,2300,2500,2500,2700,2700,2700,591,0,360.0,496.1180438240478,10.59640001039952,3718.1918999995105,7221.0
1778884667,100,GET,GET /api/ -> https://training.play-with-docker.com/,16.100000,0.000000,310,400,470,540,900,2500,2700,3000,3100,3100,3100,568,0,360.0,490.15582552740045,45.58399997767992,3116.780199983623,1424.0
1778884667,100,GET,GET /api/ -> https://www.python.org/,18.000000,0.000000,280,370,460,530,720,900,2200,2400,3000,3000,3000,609,0,350.0,523.2330049265865,9.002000006148592,3972.081400017487,12980.0
1778884667,100,,Aggregated,174.500000,0.000000,300,390,470,530,790,1500,2500,2700,3100,3200,3200,6029,0,360.0,490.1588179465388,8.967900008428842,22392.36759999767,6734.151268867142
1778884668,100,GET,GET /api/ -> http://example.com/,14.400000,0.000000,210,350,450,530,940,1600,2400,2700,2800,2800,2800,648,0,320.0,477.9458703702897,11.173999984748662,5013.481600006344,65.0
1778884668,100,GET,GET /api/ -> https://books.toscrape.com/,14.600000,0.000000,340,430,560,600,830,980,1300,2500,2500,2500,2500,646,0,350.0,486.73584427277814,9.192800003802404,22392.36759999767,7848.0
1778884668,100,GET,GET /api/ -> https://docs.docker.com/,16.300000,0.000000,300,370,460,530,780,1200,2800,2900,3200,3200,3200,630,0,380.0,492.4864730153728,8.967900008428842,4025.201200012816,1741.0
1778884668,100,GET,GET /api/ -> https://flask.palletsprojects.com/,16.300000,0.000000,290,380,490,600,900,1400,3000,3000,3100,3100,3100,623,0,370.0,494.91719438212874,9.327100007794797,3113.936999987345,19667.0
1778884668,100,GET,GET /api/ -> https://github.com/ibnesayeed/linkextractor,16.100000,0.000000,290,400,470,590,1700,2500,2700,2800,3300,3300,3300,604,0,360.0,475.13299950273995,13.446900004055351,3264.834300003713,11810.0
1778884668,100,GET,GET /api/ -> https://httpbin.org/,15.300000,0.000000,320,410,440,480,700,850,1200,2500,3000,3000,3000,643,0,360.0,494.8619363922644,27.90879999520257,3991.264400014188,313.0
1778884668,100,GET,GET /api/ -> https://locust.io/,16.200000,0.000000,270,410,490,600,940,2400,2600,2800,3400,3400,3400,607,0,350.0,450.086910379013,11.018399993190542,3405.2497999800835,4762.0
1778884668,100,GET,GET /api/ -> https://redis.io/,16.500000,0.000000,320,450,500,570,780,1200,2500,2500,2700,2700,2700,614,0,360.0,489.66865993491854,10.59640001039952,3718.1918999995105,7221.0
1778884668,100,GET,GET /api/ -> https://training.play-with-docker.com/,15.400000,0.000000,330,410,500,590,910,2500,2700,3000,3100,3100,3100,596,0,360.0,484.8402055362165,45.58399997767992,3116.780199983623,1424.0
1778884668,100,GET,GET /api/ -> https://www.python.org/,16.300000,0.000000,280,390,460,550,720,900,2200,3000,3300,3300,3300,640,0,350.0,519.4021176567276,9.002000006148592,3972.081400017487,12980.0
1778884668,100,,Aggregated,157.400000,0.000000,300,400,480,570,840,1800,2500,2800,3300,3400,3400,6251,0,350.0,486.8274125579583,8.967900008428842,22392.36759999767,6763.066709326507
1778884669,100,GET,GET /api/ -> http://example.com/,16.100000,0.000000,230,370,470,540,940,1600,2400,2700,2800,2800,2800,664,0,310.0,471.8856314758746,11.173999984748662,5013.481600006344,65.0
1778884669,100,GET,GET /api/ -> https://books.toscrape.com/,14.400000,0.000000,360,490,590,620,860,1000,2300,2500,2500,2500,2500,661,0,360.0,485.5135298035891,9.192800003802404,22392.36759999767,7848.0
1778884669,100,GET,GET /api/ -> https://docs.docker.com/,14.900000,0.000000,340,430,530,590,800,1200,2800,2900,3200,3200,3200,649,0,380.0,491.1890448377258,8.967900008428842,4025.201200012816,1741.0
1778884669,100,GET,GET /api/ -> https://flask.palletsprojects.com/,15.500000,0.000000,310,410,540,600,900,1400,3000,3000,3100,3100,3100,645,0,360.0,490.01866031010354,9.327100007794797,3113.936999987345,19667.0
1778884669,100,GET,GET /api/ -> https://github.com/ibnesayeed/linkextractor,14.800000,0.000000,330,440,500,590,1500,2400,2700,2800,3300,3300,3300,632,0,350.0,468.5720870248024,13.446900004055351,3264.834300003713,11810.0
1778884669,100,GET,GET /api/ -> https://httpbin.org/,14.200000,0.000000,320,410,440,510,750,900,2300,2500,3000,3000,3000,654,0,360.0,491.4608443428589,27.90879999520257,3991.264400014188,313.0
1778884669,100,GET,GET /api/ -> https://locust.io/,15.400000,0.000000,300,420,530,610,910,2300,2600,2800,3400,3400,3400,638,0,330.0,443.16430282137657,11.018399993190542,3405.2497999800835,4762.0
1778884669,100,GET,GET /api/ -> https://redis.io/,15.400000,0.000000,320,450,500,570,780,1200,2500,2500,2700,2700,2700,638,0,360.0,482.8125283700581,10.59640001039952,3718.1918999995105,7221.0
1778884669,100,GET,GET /api/ -> https://training.play-with-docker.com/,14.600000,0.000000,370,470,550,650,1100,2600,2700,3000,3100,3100,3100,622,0,360.0,482.7683345650804,40.73959999368526,3116.780199983623,1424.0
1778884669,100,GET,GET /api/ -> https://www.python.org/,14.300000,0.000000,310,410,490,570,720,900,2400,3000,3300,3300,3300,652,0,340.0,514.9532044482717,9.002000006148592,3972.081400017487,12980.0
1778884669,100,,Aggregated,149.600000,0.000000,320,420,520,590,860,1800,2500,2800,3300,3400,3400,6455,0,350.0,482.33273298213214,8.967900008428842,22392.36759999767,6771.227885360186
1778884670,100,GET,GET /api/ -> http://example.com/,16.100000,0.000000,240,370,460,570,940,1600,2200,2700,2800,2800,2800,699,0,300.0,460.2289804005469,11.173999984748662,5013.481600006344,65.0
1778884670,100,GET,GET /api/ -> https://books.toscrape.com/,16.100000,0.000000,350,490,560,620,850,1000,1300,2500,2500,2500,2500,692,0,350.0,474.32635014474147,9.192800003802404,22392.36759999767,7848.0
1778884670,100,GET,GET /api/ -> https://docs.docker.com/,14.500000,0.000000,340,430,540,610,820,1200,2800,2900,3200,3200,3200,664,0,380.0,486.5613060236168,8.967900008428842,4025.201200012816,1741.0
1778884670,100,GET,GET /api/ -> https://flask.palletsprojects.com/,14.400000,0.000000,310,420,540,610,890,1400,3000,3000,3100,3100,3100,658,0,360.0,485.7488062311375,9.327100007794797,3113.936999987345,19667.0
1778884670,100,GET,GET /api/ -> https://github.com/ibnesayeed/linkextractor,15.700000,0.000000,330,460,530,610,1500,2400,2700,2800,3300,3300,3300,643,0,360.0,467.0395590974167,13.446900004055351,3264.834300003713,11810.0
1778884670,100,GET,GET /api/ -> https://httpbin.org/,15.800000,0.000000,330,410,450,510,750,900,2300,2500,3000,3000,3000,676,0,350.0,484.0393835801312,27.90879999520257,3991.264400014188,313.0
1778884670,100,GET,GET /api/ -> https://locust.io/,15.400000,0.000000,320,430,560,620,910,2300,2600,2800,3400,3400,3400,648,0,330.0,441.40791373461576,11.018399993190542,3405.2497999800835,4762.0
1778884670,100,GET,GET /api/ -> https://redis.io/,14.500000,0.000000,330,450,500,570,820,2300,2500,2500,2700,2700,2700,652,0,360.0,478.73022699394005,10.59640001039952,3718.1918999995105,7221.0
1778884670,100,GET,GET /api/ -> https://training.play-with-docker.com/,15.600000,0.000000,380,490,590,660,1200,2600,2700,3000,3100,3100,3100,639,0,360.0,479.60910813674167,40.73959999368526,3116.780199983623,1424.0
1778884670,100,GET,GET /api/ -> https://www.python.org/,15.200000,0.000000,310,410,510,590,730,930,2400,3000,3300,3300,3300,671,0,340.0,505.0920839049738,9.002000006148592,3972.081400017487,12980.0
1778884670,100,,Aggregated,153.300000,0.000000,330,440,540,610,900,2000,2600,2800,3300,3400,3400,6642,0,350.0,476.31764793728297,8.967900008428842,22392.36759999767,6743.7463113520025
1778884672,100,GET,GET /api/ -> http://example.com/,14.200000,0.000000,260,380,470,590,1200,1800,2400,2700,2800,2800,2800,709,0,300.0,456.27107686883335,11.173999984748662,5013.481600006344,65.0
1778884672,100,GET,GET /api/ -> https://books.toscrape.com/,14.600000,0.000000,390,520,620,700,910,1100,2300,2500,2500,2500,2500,709,0,350.0,474.7258792667862,9.192800003802404,22392.36759999767,7848.0
1778884672,100,GET,GET /api/ -> https://docs.docker.com/,14.500000,0.000000,340,420,540,610,820,1300,2800,2900,3200,3200,3200,692,0,370.0,482.75717846755504,8.967900008428842,4025.201200012816,1741.0
1778884672,100,GET,GET /api/ -> https://flask.palletsprojects.com/,14.600000,0.000000,310,440,560,610,890,1400,3000,3000,3100,3100,3100,682,0,360.0,479.5994829914609,9.327100007794797,3113.936999987345,19667.0
1778884672,100,GET,GET /api/ -> https://github.com/ibnesayeed/linkextractor,14.600000,0.000000,330,450,500,590,1500,2400,2700,2800,3300,3300,3300,661,0,350.0,462.54280196600905,13.446900004055351,3264.834300003713,11810.0
1778884672,100,GET,GET /api/ -> https://httpbin.org/,14.300000,0.000000,330,400,440,500,730,980,2300,2500,3000,3000,3000,705,0,350.0,479.73357177333713,27.90879999520257,3991.264400014188,313.0
1778884672,100,GET,GET /api/ -> https://locust.io/,14.700000,0.000000,330,430,540,590,820,2400,2600,2800,3400,3400,3400,664,0,330.0,438.07150903621624,11.018399993190542,3405.2497999800835,4762.0
1778884672,100,GET,GET /api/ -> https://redis.io/,14.400000,0.000000,330,450,480,570,780,2300,2500,2500,2700,2700,2700,670,0,360.0,477.1744600001987,10.59640001039952,3718.1918999995105,7221.0
1778884672,100,GET,GET /api/ -> https://training.play-with-docker.com/,13.900000,0.000000,380,470,550,610,1100,2600,2700,3000,3100,3100,3100,655,0,360.0,476.37474259454046,40.73959999368526,3116.780199983623,1424.0
1778884672,100,GET,GET /api/ -> https://www.python.org/,14.300000,0.000000,300,380,440,550,700,750,2400,3000,3300,3300,3300,701,0,330.0,497.4156557778282,9.002000006148592,3972.081400017487,12980.0
1778884672,100,,Aggregated,144.100000,0.000000,330,430,530,590,870,1900,2600,2800,3300,3400,3400,6848,0,350.0,472.6175260367254,8.967900008428842,22392.36759999767,6759.169976635514
1778884673,100,GET,GET /api/ -> http://example.com/,15.300000,0.000000,260,380,470,570,1100,1800,2400,2700,2800,2800,2800,734,0,300.0,454.9896701635797,11.173999984748662,5013.481600006344,65.0
1778884673,100,GET,GET /api/ -> https://books.toscrape.com/,15.300000,0.000000,380,510,590,680,880,1000,2300,2500,2500,2500,2500,722,0,350.0,474.39987520795154,9.192800003802404,22392.36759999767,7848.0
1778884673,100,GET,GET /api/ -> https://docs.docker.com/,14.500000,0.000000,350,450,550,620,800,1300,2800,2900,3200,3200,3200,704,0,380.0,483.670996022118,8.967900008428842,4025.201200012816,1741.0
1778884673,100,GET,GET /api/ -> https://flask.palletsprojects.com/,14.400000,0.000000,300,440,540,600,780,1900,3000,3000,3100,3100,3100,703,0,370.0,480.4510761025129,9.327100007794797,3113.936999987345,19667.0
1778884673,100,GET,GET /api/ -> https://github.com/ibnesayeed/linkextractor,14.300000,0.000000,330,420,470,530,750,2400,2700,2800,3300,3300,3300,680,0,360.0,460.9020879405708,13.446900004055351,3264.834300003713,11810.0
1778884673,100,GET,GET /api/ -> https://httpbin.org/,14.300000,0.000000,320,380,430,480,730,980,2300,2500,3000,3000,3000,711,0,350.0,479.70852770774826,27.90879999520257,3991.264400014188,313.0
1778884673,100,GET,GET /api/ -> https://locust.io/,14.300000,0.000000,310,420,510,560,720,2300,2600,2800,3400,3400,3400,685,0,340.0,436.44084905110213,11.018399993190542,3405.2497999800835,4762.0
1778884673,100,GET,GET /api/ -> https://redis.io/,14.100000,0.000000,340,450,490,570,770,1200,2500,2500,2700,2700,2700,697,0,360.0,476.7331393114328,10.59640001039952,3718.1918999995105,7221.0
1778884673,100,GET,GET /api/ -> https://training.play-with-docker.com/,14.200000,0.000000,390,490,580,650,1100,2600,2700,3000,3100,3100,3100,673,0,360.0,474.98551574943036,40.73959999368526,3116.780199983623,1424.0
1778884673,100,GET,GET /api/ -> https://www.python.org/,14.300000,0.000000,280,380,420,460,650,1100,2400,3000,3300,3300,3300,709,0,340.0,498.4341368127788,9.002000006148592,3972.081400017487,12980.0
1778884673,100,,Aggregated,145.000000,0.000000,330,430,510,580,810,2000,2600,2800,3300,3400,3400,7018,0,350.0,472.14688419768606,8.967900008428842,22392.36759999767,6764.755343402679
1778884674,100,GET,GET /api/ -> http://example.com/,13.900000,0.000000,260,380,470,570,940,1600,2200,2700,2800,2800,2800,756,0,300.0,450.2097128307762,11.173999984748662,5013.481600006344,65.0
1778884674,100,GET,GET /api/ -> https://books.toscrape.com/,14.600000,0.000000,360,480,530,630,870,960,1200,2500,2500,2500,2500,749,0,350.0,469.0107425902653,9.192800003802404,22392.36759999767,7848.0
1778884674,100,GET,GET /api/ -> https://docs.docker.com/,15.500000,0.000000,340,430,530,590,790,1300,2800,2900,3200,3200,3200,722,0,380.0,479.6881138499381,8.967900008428842,4025.201200012816,1741.0
1778884674,100,GET,GET /api/ -> https://flask.palletsprojects.com/,14.900000,0.000000,300,430,510,560,730,1200,2600,3000,3100,3100,3100,717,0,360.0,475.8202358438163,9.327100007794797,3113.936999987345,19667.0
1778884674,100,GET,GET /api/ -> https://github.com/ibnesayeed/linkextractor,14.800000,0.000000,320,410,470,520,730,2300,2600,2800,3300,3300,3300,701,0,350.0,454.2824482163212,13.446900004055351,3264.834300003713,11810.0
1778884674,100,GET,GET /api/ -> https://httpbin.org/,15.100000,0.000000,330,390,440,480,670,900,1200,2500,3000,3000,3000,743,0,350.0,475.38169421296953,27.90879999520257,3991.264400014188,313.0
1778884674,100,GET,GET /api/ -> https://locust.io/,14.700000,0.000000,330,420,510,560,720,2100,2500,2800,3400,3400,3400,706,0,340.0,435.54391699719275,11.018399993190542,3405.2497999800835,4762.0
1778884674,100,GET,GET /api/ -> https://redis.io/,14.800000,0.000000,340,450,480,560,750,1200,2500,2500,2700,2700,2700,711,0,350.0,473.0663443039156,10.59640001039952,3718.1918999995105,7221.0
1778884674,100,GET,GET /api/ -> https://training.play-with-docker.com/,14.500000,0.000000,380,470,560,620,940,2400,2700,3000,3100,3100,3100,698,0,360.0,469.87333051482733,40.73959999368526,3116.780199983623,1424.0
1778884674,100,GET,GET /api/ -> https://www.python.org/,15.900000,0.000000,280,380,410,460,640,720,2400,3000,3300,3300,3300,732,0,340.0,490.6821077872978,9.002000006148592,3972.081400017487,12980.0
1778884674,100,,Aggregated,148.700000,0.000000,330,420,490,560,760,1300,2500,2800,3300,3400,3400,7235,0,350.0,467.42241536966065,8.967900008428842,22392.36759999767,6743.3748445058745
1778884675,100,GET,GET /api/ -> http://example.com/,13.500000,0.000000,230,360,430,510,850,1600,2200,2700,2800,2800,2800,769,0,290.0,444.6417594279171,11.173999984748662,5013.481600006344,65.0
1778884675,100,GET,GET /api/ -> https://books.toscrape.com/,13.400000,0.000000,350,480,530,610,870,960,1200,2500,2500,2500,2500,767,0,350.0,464.6232803130958,9.192800003802404,22392.36759999767,7848.0
1778884675,100,GET,GET /api/ -> https://docs.docker.com/,15.600000,0.000000,320,410,470,550,750,1100,2200,2900,3200,3200,3200,759,0,360.0,466.6883450588003,8.967900008428842,4025.201200012816,1741.0
1778884675,100,GET,GET /api/ -> https://flask.palletsprojects.com/,15.800000,0.000000,270,400,450,500,610,1100,2600,3000,3100,3100,3100,756,0,350.0,462.5841784392987,9.327100007794797,3113.936999987345,19667.0
1778884675,100,GET,GET /api/ -> https://github.com/ibnesayeed/linkextractor,15.300000,0.000000,290,390,470,490,670,2300,2600,2800,3300,3300,3300,734,0,340.0,442.74420231550283,13.446900004055351,3264.834300003713,11810.0
1778884675,100,GET,GET /api/ -> https://httpbin.org/,13.900000,0.000000,340,400,460,500,690,780,1200,2500,3000,3000,3000,763,0,350.0,472.843108650321,27.90879999520257,3991.264400014188,313.0
1778884675,100,GET,GET /api/ -> https://locust.io/,15.200000,0.000000,280,400,440,540,690,2100,2500,2800,3400,3400,3400,742,0,330.0,423.7725870618914,11.018399993190542,3405.2497999800835,4762.0
1778884675,100,GET,GET /api/ -> https://redis.io/,14.900000,0.000000,310,380,460,480,650,1200,2500,2500,2700,2700,2700,751,0,340.0,458.92302023978397,8.26150001375936,3718.1918999995105,7221.0
1778884675,100,GET,GET /api/ -> https://training.play-with-docker.com/,14.500000,0.000000,370,460,540,590,900,2400,2700,3000,3100,3100,3100,722,0,350.0,463.113538780399,40.73959999368526,3116.780199983623,1424.0
1778884675,100,GET,GET /api/ -> https://www.python.org/,14.200000,0.000000,250,360,410,430,630,720,2200,3000,3300,3300,3300,761,0,320.0,479.107872405213,9.002000006148592,3972.081400017487,12980.0
1778884675,100,,Aggregated,146.300000,0.000000,300,400,470,530,720,1200,2500,2700,3300,3400,3400,7524,0,340.0,458.00620838643806,8.26150001375936,22392.36759999767,6782.125730994152
1778884676,100,GET,GET /api/ -> http://example.com/,15.100000,0.000000,190,260,370,420,610,840,1300,2700,2800,2800,2800,795,0,280.0,432.128198868002,10.497499984921888,5013.481600006344,65.0
1778884676,100,GET,GET /api/ -> https://books.toscrape.com/,15.000000,0.000000,320,410,500,530,790,930,1100,1200,2300,2300,2300,793,0,330.0,452.5266609080579,9.192800003802404,22392.36759999767,7848.0
1778884676,100,GET,GET /api/ -> https://docs.docker.com/,14.000000,0.000000,280,370,440,480,680,820,1300,2900,3200,3200,3200,784,0,350.0,454.89009719350014,8.683499996550381,4025.201200012816,1741.0
1778884676,100,GET,GET /api/ -> https://flask.palletsprojects.com/,14.300000,0.000000,240,370,430,460,590,660,2400,3000,3100,3100,3100,780,0,340.0,451.14796435914167,9.327100007794797,3113.936999987345,19667.0
1778884676,100,GET,GET /api/ -> https://github.com/ibnesayeed/linkextractor,15.900000,0.000000,220,330,410,460,540,730,2600,2700,3300,3300,3300,779,0,320.0,425.1442306796588,13.446900004055351,3264.834300003713,11810.0
1778884676,100,GET,GET /api/ -> https://httpbin.org/,13.900000,0.000000,310,380,430,470,640,740,980,2500,3000,3000,3000,790,0,350.0,462.35118367107987,27.90879999520257,3991.264400014188,313.0
1778884676,100,GET,GET /api/ -> https://locust.io/,15.600000,0.000000,230,330,410,420,610,720,2300,2500,3400,3400,3400,780,0,310.0,408.5191341024116,9.581099991919473,3405.2497999800835,4762.0
1778884676,100,GET,GET /api/ -> https://redis.io/,15.400000,0.000000,270,340,410,460,570,780,2500,2500,2700,2700,2700,780,0,330.0,446.50948217951316,8.26150001375936,3718.1918999995105,7221.0
1778884676,100,GET,GET /api/ -> https://training.play-with-docker.com/,15.300000,0.000000,270,390,460,500,660,910,2600,2700,3100,3100,3100,774,0,340.0,442.9979714461123,40.73959999368526,3116.780199983623,1424.0
1778884676,100,GET,GET /api/ -> https://www.python.org/,13.900000,0.000000,230,300,380,410,560,670,1100,3000,3300,3300,3300,788,0,310.0,464.8836225891787,8.632399985799566,3972.081400017487,12980.0
1778884676,100,,Aggregated,148.400000,0.000000,250,350,420,470,620,790,2300,2700,3300,3400,3400,7843,0,330.0,444.1541048832173,8.26150001375936,22392.36759999767,6770.97526456713
1778884677,100,GET,GET /api/ -> http://example.com/,15.400000,0.000000,130,210,280,340,480,630,850,1100,1100,1100,1100,828,0,260.0,418.0438362317444,9.893700014799833,5013.481600006344,65.0
1778884677,100,GET,GET /api/ -> https://books.toscrape.com/,15.300000,0.000000,190,320,380,470,560,720,940,1000,1100,1100,1100,826,0,320.0,438.1159226393601,9.192800003802404,22392.36759999767,7848.0
1778884677,100,GET,GET /api/ -> https://docs.docker.com/,15.900000,0.000000,210,320,400,450,610,750,910,1100,1300,1300,1300,814,0,330.0,441.3484555279195,8.683499996550381,4025.201200012816,1741.0
1778884677,100,GET,GET /api/ -> https://flask.palletsprojects.com/,15.900000,0.000000,190,260,380,410,540,610,730,780,1200,1200,1200,812,0,320.0,436.7452172414882,9.327100007794797,3113.936999987345,19667.0
1778884677,100,GET,GET /api/ -> https://github.com/ibnesayeed/linkextractor,16.200000,0.000000,180,270,350,390,480,570,670,740,900,900,900,801,0,310.0,415.6191253426183,10.294400010025129,3264.834300003713,11810.0
1778884677,100,GET,GET /api/ -> https://httpbin.org/,15.400000,0.000000,260,340,400,420,580,710,780,940,1200,1200,1200,823,0,330.0,449.4439809236781,27.90879999520257,3991.264400014188,313.0
1778884677,100,GET,GET /api/ -> https://locust.io/,15.300000,0.000000,180,280,350,410,540,610,720,830,960,960,960,806,0,300.0,398.92954962776116,9.581099991919473,3405.2497999800835,4762.0
1778884677,100,GET,GET /api/ -> https://redis.io/,15.200000,0.000000,220,310,360,390,490,650,800,1100,1200,1200,1200,807,0,320.0,433.97227521691343,8.26150001375936,3718.1918999995105,7221.0
1778884677,100,GET,GET /api/ -> https://training.play-with-docker.com/,16.900000,0.000000,200,310,390,450,570,660,900,940,1200,1200,1200,798,0,330.0,433.2813577684396,40.73959999368526,3116.780199983623,1424.0
1778884677,100,GET,GET /api/ -> https://www.python.org/,15.500000,0.000000,160,230,310,370,470,590,710,1100,1200,1200,1200,820,0,300.0,449.35235219554005,8.632399985799566,3972.081400017487,12980.0
1778884677,100,,Aggregated,157.000000,0.000000,190,290,360,410,540,650,800,940,1200,1300,1300,8135,0,320.0,431.55530655181667,8.26150001375936,22392.36759999767,6771.472157344806
1778884678,100,GET,GET /api/ -> http://example.com/,17.200000,0.000000,110,200,240,290,430,610,840,940,1100,1100,1100,864,0,240.0,404.09002719890714,9.893700014799833,5013.481600006344,65.0
1778884678,100,GET,GET /api/ -> https://books.toscrape.com/,17.400000,0.000000,170,250,360,420,530,700,880,960,1100,1100,1100,862,0,310.0,425.2576238978878,8.341799984918907,22392.36759999767,7848.0
1778884678,100,GET,GET /api/ -> https://docs.docker.com/,18.400000,0.000000,170,270,350,390,550,750,910,1100,1300,1300,1300,845,0,320.0,430.4706629583359,8.683499996550381,4025.201200012816,1741.0
1778884678,100,GET,GET /api/ -> https://flask.palletsprojects.com/,18.500000,0.000000,160,240,350,410,530,600,730,780,1200,1200,1200,836,0,310.0,427.9408148326201,9.327100007794797,3113.936999987345,19667.0
1778884678,100,GET,GET /api/ -> https://github.com/ibnesayeed/linkextractor,20.700000,0.000000,180,260,320,360,480,570,670,740,900,900,900,825,0,300.0,407.697232241573,10.294400010025129,3264.834300003713,11810.0
1778884678,100,GET,GET /api/ -> https://httpbin.org/,17.400000,0.000000,220,310,350,390,560,680,740,900,1200,1200,1200,855,0,330.0,440.12420771930135,27.90879999520257,3991.264400014188,313.0
1778884678,100,GET,GET /api/ -> https://locust.io/,19.800000,0.000000,160,250,340,390,510,610,720,830,960,960,960,828,0,300.0,391.3122003623225,9.581099991919473,3405.2497999800835,4762.0
1778884678,100,GET,GET /api/ -> https://redis.io/,18.900000,0.000000,180,290,320,370,480,650,800,1100,1200,1200,1200,834,0,310.0,423.87142925663085,8.26150001375936,3718.1918999995105,7221.0
1778884678,100,GET,GET /api/ -> https://training.play-with-docker.com/,21.400000,0.000000,180,300,390,450,570,660,900,940,1200,1200,1200,821,0,320.0,426.2778361744971,40.73959999368526,3116.780199983623,1424.0
1778884678,100,GET,GET /api/ -> https://www.python.org/,17.800000,0.000000,110,210,250,310,420,580,700,750,1200,1200,1200,850,0,290.0,437.568677059094,8.632399985799566,3972.081400017487,12980.0
1778884678,100,,Aggregated,187.500000,0.000000,170,250,330,380,510,650,800,940,1200,1300,1300,8420,0,310.0,421.531027767047,8.26150001375936,22392.36759999767,6759.158194774347
1778884679,100,GET,GET /api/ -> http://example.com/,18.700000,0.000000,110,180,230,260,410,600,840,940,1100,1100,1100,892,0,230.0,395.2876873316143,9.893700014799833,5013.481600006344,65.0
1778884679,100,GET,GET /api/ -> https://books.toscrape.com/,20.000000,0.000000,170,250,320,360,490,640,870,940,1100,1100,1100,886,0,300.0,419.33045135441756,8.341799984918907,22392.36759999767,7848.0
1778884679,100,GET,GET /api/ -> https://docs.docker.com/,20.500000,0.000000,160,240,320,360,470,690,910,1100,1300,1300,1300,870,0,320.0,423.8079288503056,8.683499996550381,4025.201200012816,1741.0
1778884679,100,GET,GET /api/ -> https://flask.palletsprojects.com/,20.800000,0.000000,160,240,300,390,490,580,650,730,1200,1200,1200,864,0,310.0,421.7094853009392,9.327100007794797,3113.936999987345,19667.0
1778884679,100,GET,GET /api/ -> https://github.com/ibnesayeed/linkextractor,22.900000,0.000000,160,230,300,340,450,530,650,730,900,900,900,847,0,300.0,402.2311445091889,10.294400010025129,3264.834300003713,11810.0
1778884679,100,GET,GET /api/ -> https://httpbin.org/,20.200000,0.000000,220,290,350,370,510,660,730,780,1200,1200,1200,880,0,320.0,434.1467315908548,27.90879999520257,3991.264400014188,313.0
1778884679,100,GET,GET /api/ -> https://locust.io/,22.000000,0.000000,160,250,330,380,440,580,720,830,960,960,960,855,0,300.0,386.76496795317354,9.581099991919473,3405.2497999800835,4762.0
1778884679,100,GET,GET /api/ -> https://redis.io/,21.300000,0.000000,160,260,310,340,470,590,770,1100,1200,1200,1200,860,0,300.0,416.4963601164853,8.26150001375936,3718.1918999995105,7221.0
1778884679,100,GET,GET /api/ -> https://training.play-with-docker.com/,24.200000,0.000000,170,250,330,380,490,590,800,900,1000,1000,1000,839,0,320.0,421.49939260930347,40.73959999368526,3116.780199983623,1424.0
1778884679,100,GET,GET /api/ -> https://www.python.org/,20.100000,0.000000,110,200,250,310,410,560,700,750,1200,1200,1200,876,0,280.0,429.7697768268161,8.632399985799566,3972.081400017487,12980.0
1778884679,100,,Aggregated,210.700000,0.000000,160,240,310,350,470,600,740,910,1200,1300,1300,8669,0,300.0,415.14816308668566,8.26150001375936,22392.36759999767,6764.743569039105
1778884680,100,GET,GET /api/ -> http://example.com/,21.000000,0.000000,90,160,210,230,380,560,650,840,1100,1100,1100,916,0,230.0,387.5514959604972,9.893700014799833,5013.481600006344,65.0
1778884680,100,GET,GET /api/ -> https://books.toscrape.com/,20.700000,0.000000,160,240,310,340,480,640,870,940,1100,1100,1100,914,0,300.0,412.14847385125995,8.341799984918907,22392.36759999767,7848.0
1778884680,100,GET,GET /api/ -> https://docs.docker.com/,22.000000,0.000000,160,240,310,360,470,680,910,1100,1300,1300,1300,899,0,310.0,417.908720800686,8.683499996550381,4025.201200012816,1741.0
1778884680,100,GET,GET /api/ -> https://flask.palletsprojects.com/,22.000000,0.000000,160,230,290,350,470,570,640,730,1200,1200,1200,894,0,300.0,413.7472297538695,9.327100007794797,3113.936999987345,19667.0
1778884680,100,GET,GET /api/ -> https://github.com/ibnesayeed/linkextractor,22.800000,0.000000,150,220,290,320,410,530,650,650,900,900,900,876,0,300.0,396.0757956612982,10.139499994693324,3264.834300003713,11810.0
1778884680,100,GET,GET /api/ -> https://httpbin.org/,21.000000,0.000000,220,280,340,370,500,640,730,780,1200,1200,1200,908,0,320.0,427.8822230176227,27.90879999520257,3991.264400014188,313.0
1778884680,100,GET,GET /api/ -> https://locust.io/,23.100000,0.000000,160,240,300,360,440,580,750,830,960,960,960,883,0,290.0,381.5749790486516,9.581099991919473,3405.2497999800835,4762.0
1778884680,100,GET,GET /api/ -> https://redis.io/,22.700000,0.000000,150,240,310,340,470,620,800,1100,1200,1200,1200,888,0,300.0,409.7459094596202,8.26150001375936,3718.1918999995105,7221.0
1778884680,100,GET,GET /api/ -> https://training.play-with-docker.com/,23.300000,0.000000,170,230,310,350,470,590,800,900,1000,1000,1000,871,0,320.0,414.9712517785176,40.73959999368526,3116.780199983623,1424.0
1778884680,100,GET,GET /api/ -> https://www.python.org/,21.300000,0.000000,110,180,240,310,410,560,700,750,1200,1200,1200,904,0,270.0,421.2452174781588,8.632399985799566,3972.081400017487,12980.0
1778884680,100,,Aggregated,219.900000,0.000000,160,230,290,340,460,580,730,900,1200,1300,1300,8953,0,300.0,408.3325148328384,8.26150001375936,22392.36759999767,6768.809449346588
1778884681,100,GET,GET /api/ -> http://example.com/,22.900000,0.000000,87,140,190,210,350,510,650,840,1100,1100,1100,947,0,220.0,377.4125131994408,8.765000005951151,5013.481600006344,65.0
1778884681,100,GET,GET /api/ -> https://books.toscrape.com/,22.800000,0.000000,140,220,260,310,410,500,690,720,880,880,880,942,0,290.0,403.76654915081417,8.341799984918907,22392.36759999767,7848.0
1778884681,100,GET,GET /api/ -> https://docs.docker.com/,22.400000,0.000000,150,200,270,300,420,510,720,750,1100,1100,1100,933,0,300.0,408.1677082527503,6.988000008277595,4025.201200012816,1741.0
1778884681,100,GET,GET /api/ -> https://flask.palletsprojects.com/,22.400000,0.000000,150,210,280,310,430,560,630,650,1200,1200,1200,924,0,290.0,406.52106233768654,9.327100007794797,3113.936999987345,19667.0
1778884681,100,GET,GET /api/ -> https://github.com/ibnesayeed/linkextractor,23.000000,0.000000,140,200,260,300,390,480,540,650,650,650,650,910,0,290.0,386.8026854938272,8.044000016525388,3264.834300003713,11810.0
1778884681,100,GET,GET /api/ -> https://httpbin.org/,22.200000,0.000000,210,260,300,330,430,570,690,730,940,940,940,937,0,310.0,421.12501312691813,27.90879999520257,3991.264400014188,313.0
1778884681,100,GET,GET /api/ -> https://locust.io/,22.800000,0.000000,150,220,270,330,420,560,750,830,960,960,960,913,0,290.0,374.2564014238963,9.581099991919473,3405.2497999800835,4762.0
1778884681,100,GET,GET /api/ -> https://redis.io/,22.800000,0.000000,140,220,270,310,420,510,730,1000,1200,1200,1200,917,0,300.0,401.95180556177405,8.26150001375936,3718.1918999995105,7221.0
1778884681,100,GET,GET /api/ -> https://training.play-with-docker.com/,23.100000,0.000000,170,220,280,330,450,570,800,900,1000,1000,1000,904,0,310.0,407.49805674677515,40.73959999368526,3116.780199983623,1424.0
1778884681,100,GET,GET /api/ -> https://www.python.org/,22.300000,0.000000,100,170,220,270,370,470,670,750,1200,1200,1200,936,0,270.0,412.1034692311346,8.424700004979968,3972.081400017487,12980.0
1778884681,100,,Aggregated,226.700000,0.000000,150,210,260,300,410,520,670,750,1200,1200,1200,9263,0,290.0,399.9979752238675,6.988000008277595,22392.36759999767,6768.579509878009
1778884682,100,GET,GET /api/ -> http://example.com/,24.400000,0.000000,69,120,150,180,240,380,610,650,1100,1100,1100,979,0,210.0,366.93580715012246,7.707400014624,5013.481600006344,65.0
1778884682,100,GET,GET /api/ -> https://books.toscrape.com/,24.200000,0.000000,130,210,250,290,380,490,640,720,880,880,880,975,0,280.0,394.94079866673417,7.951300009153783,22392.36759999767,7848.0
1778884682,100,GET,GET /api/ -> https://docs.docker.com/,23.400000,0.000000,140,180,230,270,360,450,600,720,1100,1100,1100,959,0,300.0,400.6078321165264,6.988000008277595,4025.201200012816,1741.0
1778884682,100,GET,GET /api/ -> https://flask.palletsprojects.com/,23.600000,0.000000,130,200,230,280,390,470,580,630,1200,1200,1200,955,0,290.0,397.86336795821256,9.327100007794797,3113.936999987345,19667.0
1778884682,100,GET,GET /api/ -> https://github.com/ibnesayeed/linkextractor,23.100000,0.000000,140,190,240,270,350,440,530,540,650,650,650,940,0,280.0,379.6035322333448,7.915800000773743,3264.834300003713,11810.0
1778884682,100,GET,GET /api/ -> https://httpbin.org/,24.200000,0.000000,200,250,280,320,400,510,640,730,940,940,940,966,0,310.0,414.2136855071288,27.90879999520257,3991.264400014188,313.0
1778884682,100,GET,GET /api/ -> https://locust.io/,22.900000,0.000000,140,200,250,280,400,470,650,760,960,960,960,944,0,280.0,367.101334851722,8.838000008836389,3405.2497999800835,4762.0
1778884682,100,GET,GET /api/ -> https://redis.io/,23.500000,0.000000,130,200,240,270,350,470,650,1000,1200,1200,1200,953,0,290.0,392.62429506847525,7.117300003301352,3718.1918999995105,7221.0
1778884682,100,GET,GET /api/ -> https://training.play-with-docker.com/,23.600000,0.000000,170,220,250,310,400,520,650,800,940,940,940,936,0,310.0,400.70287222133476,40.73959999368526,3116.780199983623,1424.0
1778884682,100,GET,GET /api/ -> https://www.python.org/,23.900000,0.000000,93,150,210,240,360,450,640,750,1200,1200,1200,962,0,260.0,404.00808128923893,8.424700004979968,3972.081400017487,12980.0
1778884682,100,,Aggregated,236.800000,0.000000,140,200,240,270,370,470,620,720,1200,1200,1200,9569,0,280.0,391.87228317471175,6.988000008277595,22392.36759999767,6768.45668303898
1778884683,100,GET,GET /api/ -> http://example.com/,23.500000,0.000000,57,89,120,140,190,220,280,380,600,600,600,1011,0,200.0,356.7760946588882,7.707400014624,5013.481600006344,65.0
1778884683,100,GET,GET /api/ -> https://books.toscrape.com/,23.600000,0.000000,120,170,210,240,310,400,500,700,880,880,880,1003,0,270.0,387.80085842477035,7.344999990891665,22392.36759999767,7848.0
1778884683,100,GET,GET /api/ -> https://docs.docker.com/,24.700000,0.000000,130,180,210,240,320,450,600,720,1100,1100,1100,992,0,290.0,391.59038316501534,6.988000008277595,4025.201200012816,1741.0
1778884683,100,GET,GET /api/ -> https://flask.palletsprojects.com/,25.100000,0.000000,120,170,210,230,320,430,560,590,630,630,630,986,0,280.0,388.68602565927154,7.384399999864399,3113.936999987345,19667.0
1778884683,100,GET,GET /api/ -> https://github.com/ibnesayeed/linkextractor,25.100000,0.000000,120,170,210,240,300,390,490,540,650,650,650,980,0,270.0,368.4825139789609,7.915800000773743,3264.834300003713,11810.0
1778884683,100,GET,GET /api/ -> https://httpbin.org/,24.500000,0.000000,190,240,270,290,370,470,640,730,940,940,940,995,0,300.0,407.9593284420339,27.90879999520257,3991.264400014188,313.0
1778884683,100,GET,GET /api/ -> https://locust.io/,24.900000,0.000000,130,180,230,260,350,440,580,760,960,960,960,980,0,270.0,359.6276414287229,8.204000012483448,3405.2497999800835,4762.0
1778884683,100,GET,GET /api/ -> https://redis.io/,25.000000,0.000000,120,160,210,230,300,390,480,540,1000,1000,1000,981,0,280.0,384.9799434253488,7.117300003301352,3718.1918999995105,7221.0
1778884683,100,GET,GET /api/ -> https://training.play-with-docker.com/,24.800000,0.000000,160,190,230,250,350,460,620,800,940,940,940,972,0,300.0,390.97618271515046,40.73959999368526,3116.780199983623,1424.0
1778884683,100,GET,GET /api/ -> https://www.python.org/,24.600000,0.000000,83,140,180,220,310,380,530,670,750,750,750,995,0,260.0,393.8256954776601,8.424700004979968,3972.081400017487,12980.0
1778884683,100,,Aggregated,245.800000,0.000000,130,180,210,240,320,420,540,640,960,1100,1100,9895,0,270.0,383.06065682657345,6.988000008277595,22392.36759999767,6770.188681152097
1778884684,100,GET,GET /api/ -> http://example.com/,24.900000,0.000000,57,89,120,140,190,220,250,300,380,380,380,1034,0,200.0,350.8257903289547,7.707400014624,5013.481600006344,65.0
1778884684,100,GET,GET /api/ -> https://books.toscrape.com/,24.700000,0.000000,110,160,200,220,270,330,440,500,560,560,560,1032,0,260.0,380.2474033915315,7.344999990891665,22392.36759999767,7848.0
1778884684,100,GET,GET /api/ -> https://docs.docker.com/,24.800000,0.000000,120,170,190,210,270,360,470,610,740,740,740,1025,0,280.0,383.1952704387581,6.988000008277595,4025.201200012816,1741.0
1778884684,100,GET,GET /api/ -> https://flask.palletsprojects.com/,25.800000,0.000000,120,160,200,220,290,390,520,570,630,630,630,1023,0,270.0,379.74981446729976,7.384399999864399,3113.936999987345,19667.0
1778884684,100,GET,GET /api/ -> https://github.com/ibnesayeed/linkextractor,26.200000,0.000000,120,170,190,220,280,340,440,530,570,570,570,1007,0,260.0,361.48773723880413,7.915800000773743,3264.834300003713,11810.0
1778884684,100,GET,GET /api/ -> https://httpbin.org/,24.500000,0.000000,180,220,250,260,330,370,470,520,730,730,730,1028,0,300.0,400.8320858947521,27.90879999520257,3991.264400014188,313.0
1778884684,100,GET,GET /api/ -> https://locust.io/,26.700000,0.000000,120,170,210,230,300,400,490,580,760,760,760,1015,0,260.0,351.56136975389114,8.204000012483448,3405.2497999800835,4762.0
1778884684,100,GET,GET /api/ -> https://redis.io/,26.600000,0.000000,120,150,200,220,280,380,470,540,1000,1000,1000,1019,0,270.0,374.7642878315334,7.117300003301352,3718.1918999995105,7221.0
1778884684,100,GET,GET /api/ -> https://training.play-with-docker.com/,26.200000,0.000000,150,180,220,240,320,400,470,590,620,620,620,1003,0,290.0,383.5723216341962,40.73959999368526,3116.780199983623,1424.0
1778884684,100,GET,GET /api/ -> https://www.python.org/,24.500000,0.000000,80,120,160,180,270,340,400,480,680,680,680,1028,0,250.0,384.408922471075,8.424700004979968,3972.081400017487,12980.0
1778884684,100,,Aggregated,254.900000,0.000000,120,160,200,220,280,350,460,530,740,1000,1000,10214,0,260.0,375.0848782160921,6.988000008277595,22392.36759999767,6779.712845114549
1778884685,100,GET,GET /api/ -> http://example.com/,24.900000,0.000000,59,94,120,140,180,220,270,300,380,380,380,1036,0,200.0,350.29674343642637,7.707400014624,5013.481600006344,65.0
1778884685,100,GET,GET /api/ -> https://books.toscrape.com/,24.700000,0.000000,110,170,210,230,290,370,490,500,560,560,560,1032,0,260.0,380.2474033915315,7.344999990891665,22392.36759999767,7848.0
1778884685,100,GET,GET /api/ -> https://docs.docker.com/,24.800000,0.000000,130,170,200,220,270,360,500,610,740,740,740,1026,0,280.0,382.9885173486759,6.988000008277595,4025.201200012816,1741.0
1778884685,100,GET,GET /api/ -> https://flask.palletsprojects.com/,25.800000,0.000000,130,170,210,230,300,410,560,570,630,630,630,1023,0,270.0,379.74981446729976,7.384399999864399,3113.936999987345,19667.0
1778884685,100,GET,GET /api/ -> https://github.com/ibnesayeed/linkextractor,26.200000,0.000000,120,170,210,240,290,350,430,450,530,530,530,1012,0,260.0,360.23837450544096,7.915800000773743,3264.834300003713,11810.0
1778884685,100,GET,GET /api/ -> https://httpbin.org/,24.500000,0.000000,190,220,250,270,330,360,430,470,580,580,580,1030,0,300.0,400.27995932021054,27.90879999520257,3991.264400014188,313.0
1778884685,100,GET,GET /api/ -> https://locust.io/,26.700000,0.000000,130,190,220,250,320,420,500,580,760,760,760,1017,0,260.0,350.97233638172645,8.204000012483448,3405.2497999800835,4762.0
1778884685,100,GET,GET /api/ -> https://redis.io/,26.600000,0.000000,120,150,190,210,260,340,460,510,1000,1000,1000,1019,0,270.0,374.7642878315334,7.117300003301352,3718.1918999995105,7221.0
1778884685,100,GET,GET /api/ -> https://training.play-with-docker.com/,26.200000,0.000000,160,210,230,250,340,430,470,590,620,620,620,1005,0,290.0,383.01427124287653,40.73959999368526,3116.780199983623,1424.0
1778884685,100,GET,GET /api/ -> https://www.python.org/,24.500000,0.000000,87,140,170,200,290,350,400,480,680,680,680,1028,0,250.0,384.408922471075,8.424700004979968,3972.081400017487,12980.0
1778884685,100,,Aggregated,254.900000,0.000000,130,170,210,230,290,360,460,530,740,1000,1000,10228,0,260.0,374.70942597763286,6.988000008277595,22392.36759999767,6777.659953070004
1778884687,100,GET,GET /api/ -> http://example.com/,27.200000,0.000000,99,170,250,360,1700,1900,2100,2200,2300,2300,2300,1105,0,210.0,404.1650304979038,7.707400014624,5013.481600006344,65.0
1778884687,100,GET,GET /api/ -> https://books.toscrape.com/,27.200000,0.000000,140,200,250,280,370,490,680,2200,2700,2700,2700,1102,0,260.0,378.24498194187646,7.344999990891665,22392.36759999767,7848.0
1778884687,100,GET,GET /api/ -> https://docs.docker.com/,27.400000,0.000000,140,180,210,230,300,400,610,740,2300,2300,2300,1053,0,270.0,381.50832241188033,6.534300016937777,4025.201200012816,1741.0
1778884687,100,GET,GET /api/ -> https://flask.palletsprojects.com/,27.800000,0.000000,140,180,220,250,310,450,590,2100,2700,2700,2700,1042,0,270.0,381.98807840701414,7.384399999864399,3113.936999987345,19667.0
1778884687,100,GET,GET /api/ -> https://github.com/ibnesayeed/linkextractor,29.400000,0.000000,140,180,220,260,320,410,2200,2300,2700,2700,2700,1025,0,260.0,368.27308175568584,7.915800000773743,3264.834300003713,11810.0
1778884687,100,GET,GET /api/ -> https://httpbin.org/,27.200000,0.000000,190,230,260,280,360,430,580,600,2600,2600,2600,1089,0,290.0,395.25441974284416,27.90879999520257,3991.264400014188,313.0
1778884687,100,GET,GET /api/ -> https://locust.io/,29.500000,0.000000,140,200,240,260,350,440,580,760,2400,2400,2400,1030,0,260.0,353.0307544661783,8.204000012483448,3405.2497999800835,4762.0
1778884687,100,GET,GET /api/ -> https://redis.io/,28.800000,0.000000,120,160,200,220,290,420,1000,2400,2600,2600,2600,1038,0,270.0,379.729196821201,7.117300003301352,3718.1918999995105,7221.0
1778884687,100,GET,GET /api/ -> https://training.play-with-docker.com/,29.200000,0.000000,170,220,250,280,370,480,2300,2500,2600,2600,2600,1022,0,290.0,395.31355939246555,40.73959999368526,3116.780199983623,1424.0
1778884687,100,GET,GET /api/ -> https://www.python.org/,27.400000,0.000000,93,150,190,220,310,380,480,680,2100,2100,2100,1070,0,240.0,378.42304028062557,6.637199985561892,3972.081400017487,12980.0
1778884687,100,,Aggregated,281.100000,0.000000,140,190,230,260,360,500,1800,2300,2700,2700,2700,10576,0,260.0,381.7893188445007,6.534300016937777,22392.36759999767,6735.713029500756
1778884688,100,GET,GET /api/ -> http://example.com/,25.400000,0.000000,98,170,280,680,1700,1900,2200,2200,2300,2300,2300,1108,0,210.0,403.37600776192727,7.707400014624,5013.481600006344,65.0
1778884688,100,GET,GET /api/ -> https://books.toscrape.com/,25.100000,0.000000,140,200,250,280,390,560,800,2200,2700,2700,2700,1107,0,260.0,378.2800212285055,7.344999990891665,22392.36759999767,7848.0
1778884688,100,GET,GET /api/ -> https://docs.docker.com/,24.900000,0.000000,160,200,240,260,340,480,610,740,2300,2300,2300,1103,0,270.0,375.7746622844174,6.534300016937777,4025.201200012816,1741.0
1778884688,100,GET,GET /api/ -> https://flask.palletsprojects.com/,25.200000,0.000000,150,200,250,270,380,490,660,2100,2700,2700,2700,1098,0,260.0,374.8516078324251,7.384399999864399,3113.936999987345,19667.0
1778884688,100,GET,GET /api/ -> https://github.com/ibnesayeed/linkextractor,24.900000,0.000000,140,180,230,260,330,440,2200,2300,2700,2700,2700,1058,0,260.0,363.08220642684745,7.915800000773743,3264.834300003713,11810.0
1778884688,100,GET,GET /api/ -> https://httpbin.org/,25.200000,0.000000,200,240,270,300,400,580,790,1100,2600,2600,2600,1106,0,290.0,396.6498627486533,27.90879999520257,3991.264400014188,313.0
1778884688,100,GET,GET /api/ -> https://locust.io/,25.000000,0.000000,150,220,240,270,350,470,590,760,2400,2400,2400,1075,0,250.0,347.377336837465,8.204000012483448,3405.2497999800835,4762.0
1778884688,100,GET,GET /api/ -> https://redis.io/,25.100000,0.000000,140,180,230,240,370,460,1000,2400,2600,2600,2600,1092,0,260.0,371.6086043042952,7.117300003301352,3718.1918999995105,7221.0
1778884688,100,GET,GET /api/ -> https://training.play-with-docker.com/,24.700000,0.000000,180,230,250,290,390,600,2300,2500,2600,2600,2600,1047,0,290.0,392.01498252057576,40.73959999368526,3116.780199983623,1424.0
1778884688,100,GET,GET /api/ -> https://www.python.org/,25.100000,0.000000,110,180,220,280,360,430,680,700,2100,2100,2100,1106,0,240.0,375.2925602172004,6.637199985561892,3972.081400017487,12980.0
1778884688,100,,Aggregated,250.600000,0.000000,150,210,250,270,390,560,1800,2200,2700,2700,2700,10900,0,260.0,377.9210396237936,6.534300016937777,22392.36759999767,6785.953486238532
1778884689,100,GET,GET /api/ -> http://example.com/,27.600000,0.000000,84,170,310,1200,1700,1900,2200,2200,2300,2300,2300,1121,0,210.0,398.97432346142045,3.860299999359995,5013.481600006344,65.0
1778884689,100,GET,GET /api/ -> https://books.toscrape.com/,25.300000,0.000000,130,190,240,280,390,560,800,2200,2700,2700,2700,1121,0,260.0,374.35903398752197,4.266500007361174,22392.36759999767,7848.0
1778884689,100,GET,GET /api/ -> https://docs.docker.com/,23.000000,0.000000,140,180,230,250,330,480,560,610,2300,2300,2300,1119,0,260.0,371.4536432526855,4.520999995293096,4025.201200012816,1741.0
1778884689,100,GET,GET /api/ -> https://flask.palletsprojects.com/,22.900000,0.000000,140,180,230,260,360,470,710,2100,2700,2700,2700,1119,0,260.0,369.9320539767301,5.1460000104270875,3113.936999987345,19667.0
1778884689,100,GET,GET /api/ -> https://github.com/ibnesayeed/linkextractor,22.700000,0.000000,110,160,210,230,290,420,590,2300,2700,2700,2700,1118,0,240.0,350.6189365829599,4.719099990325049,3264.834300003713,11810.0
1778884689,100,GET,GET /api/ -> https://httpbin.org/,23.000000,0.000000,190,230,270,290,400,580,790,1100,2600,2600,2600,1119,0,290.0,393.0482616622537,27.90879999520257,3991.264400014188,313.0
1778884689,100,GET,GET /api/ -> https://locust.io/,22.700000,0.000000,140,210,240,260,320,440,500,660,2400,2400,2400,1118,0,250.0,340.1499565296943,4.305699985707179,3405.2497999800835,4762.0
1778884689,100,GET,GET /api/ -> https://redis.io/,22.800000,0.000000,130,170,230,240,370,480,1000,2400,2600,2600,2600,1119,0,250.0,365.7575222522666,4.65230000554584,3718.1918999995105,7221.0
1778884689,100,GET,GET /api/ -> https://training.play-with-docker.com/,22.100000,0.000000,160,210,230,250,350,480,2300,2500,2600,2600,2600,1118,0,270.0,376.5412513407723,40.73959999368526,3116.780199983623,1424.0
1778884689,100,GET,GET /api/ -> https://www.python.org/,22.900000,0.000000,100,170,210,260,360,430,680,700,2100,2100,2100,1119,0,240.0,371.21913905295133,4.757800023071468,3972.081400017487,12980.0
1778884689,100,,Aggregated,235.000000,0.000000,140,190,230,260,370,560,1800,2200,2700,2700,2700,11191,0,250.0,371.21507632915115,3.860299999359995,22392.36759999767,6782.299973192744
1778884690,100,GET,GET /api/ -> http://example.com/,25.200000,0.000000,68,150,250,440,1700,1900,2200,2200,2300,2300,2300,1165,0,200.0,385.9035041203968,3.860299999359995,5013.481600006344,65.0
1778884690,100,GET,GET /api/ -> https://books.toscrape.com/,25.700000,0.000000,110,160,210,250,370,500,800,2200,2700,2700,2700,1161,0,250.0,363.23771791561313,4.266500007361174,22392.36759999767,7848.0
1778884690,100,GET,GET /api/ -> https://docs.docker.com/,25.100000,0.000000,120,170,210,240,330,420,500,560,2300,2300,2300,1149,0,260.0,363.09797040880756,4.520999995293096,4025.201200012816,1741.0
1778884690,100,GET,GET /api/ -> https://flask.palletsprojects.com/,23.600000,0.000000,120,170,210,240,330,410,710,2100,2700,2700,2700,1147,0,250.0,362.0737911944301,5.1460000104270875,3113.936999987345,19667.0
1778884690,100,GET,GET /api/ -> https://github.com/ibnesayeed/linkextractor,22.200000,0.000000,98,150,180,220,280,400,2200,2300,2700,2700,2700,1142,0,230.0,344.1123820487785,4.719099990325049,3264.834300003713,11810.0
1778884690,100,GET,GET /api/ -> https://httpbin.org/,25.900000,0.000000,170,220,250,270,360,580,790,1100,2600,2600,2600,1154,0,280.0,384.20420017342997,27.90879999520257,3991.264400014188,313.0
1778884690,100,GET,GET /api/ -> https://locust.io/,21.800000,0.000000,130,180,230,250,320,390,560,660,2400,2400,2400,1145,0,240.0,333.55215170324624,4.305699985707179,3405.2497999800835,4762.0
1778884690,100,GET,GET /api/ -> https://redis.io/,22.200000,0.000000,110,160,200,230,320,450,820,2400,2600,2600,2600,1146,0,240.0,358.28149677159786,4.65230000554584,3718.1918999995105,7221.0
1778884690,100,GET,GET /api/ -> https://training.play-with-docker.com/,21.500000,0.000000,150,190,220,240,340,450,2300,2500,2600,2600,2600,1140,0,260.0,371.012093244772,40.73959999368526,3116.780199983623,1424.0
1778884690,100,GET,GET /api/ -> https://www.python.org/,25.900000,0.000000,83,130,180,220,340,380,540,700,2100,2100,2100,1150,0,230.0,362.1537451306358,4.757800023071468,3972.081400017487,12980.0
1778884690,100,,Aggregated,239.100000,0.000000,120,170,220,240,350,530,1800,2200,2700,2700,2700,11499,0,250.0,362.821216523143,3.860299999359995,22392.36759999767,6772.071397512827
1778884691,100,GET,GET /api/ -> http://example.com/,23.100000,0.000000,64,130,230,330,1700,1900,2100,2200,2300,2300,2300,1214,0,190.0,373.38922306446665,3.860299999359995,5013.481600006344,65.0
1778884691,100,GET,GET /api/ -> https://books.toscrape.com/,23.400000,0.000000,110,160,210,250,370,470,800,2200,2700,2700,2700,1205,0,240.0,355.3804610788975,4.266500007361174,22392.36759999767,7848.0
1778884691,100,GET,GET /api/ -> https://docs.docker.com/,24.400000,0.000000,120,180,220,240,330,420,500,560,2300,2300,2300,1179,0,250.0,357.64456615742097,4.520999995293096,4025.201200012816,1741.0
1778884691,100,GET,GET /api/ -> https://flask.palletsprojects.com/,25.200000,0.000000,110,170,190,240,330,410,710,2100,2700,2700,2700,1170,0,250.0,357.8900968375851,5.1460000104270875,3113.936999987345,19667.0
1778884691,100,GET,GET /api/ -> https://github.com/ibnesayeed/linkextractor,25.700000,0.000000,100,150,200,230,290,430,2200,2300,2700,2700,2700,1158,0,230.0,341.9067477545518,4.719099990325049,3264.834300003713,11810.0
1778884691,100,GET,GET /api/ -> https://httpbin.org/,24.000000,0.000000,160,210,250,270,370,530,790,1100,2600,2600,2600,1191,0,280.0,377.70137422342077,27.90879999520257,3991.264400014188,313.0
1778884691,100,GET,GET /api/ -> https://locust.io/,26.100000,0.000000,120,190,230,260,320,390,560,660,2400,2400,2400,1161,0,240.0,331.14865099060955,4.305699985707179,3405.2497999800835,4762.0
1778884691,100,GET,GET /api/ -> https://redis.io/,25.500000,0.000000,110,150,180,230,320,460,820,2400,2600,2600,2600,1165,0,240.0,354.7283484122832,4.65230000554584,3718.1918999995105,7221.0
1778884691,100,GET,GET /api/ -> https://training.play-with-docker.com/,24.000000,0.000000,130,180,210,230,360,540,2300,2500,2600,2600,2600,1153,0,260.0,368.97941578411013,40.73959999368526,3116.780199983623,1424.0
1778884691,100,GET,GET /api/ -> https://www.python.org/,24.200000,0.000000,86,130,190,220,330,380,540,700,2100,2100,2100,1186,0,230.0,355.4209643341487,4.757800023071468,3972.081400017487,12980.0
1778884691,100,,Aggregated,245.600000,0.000000,110,170,210,240,350,530,1800,2200,2700,2700,2700,11782,0,240.0,357.5265081989118,3.860299999359995,22392.36759999767,6758.176964861654
1778884692,100,GET,GET /api/ -> http://example.com/,22.200000,0.000000,80,160,250,440,1700,1900,2200,2200,2300,2300,2300,1238,0,180.0,369.2382634898083,3.860299999359995,5013.481600006344,65.0
1778884692,100,GET,GET /api/ -> https://books.toscrape.com/,22.700000,0.000000,110,160,210,250,370,560,800,2200,2700,2700,2700,1234,0,240.0,351.82471547817386,4.266500007361174,22392.36759999767,7848.0
1778884692,100,GET,GET /api/ -> https://docs.docker.com/,24.000000,0.000000,140,200,250,280,340,430,500,820,2300,2300,2300,1221,0,250.0,352.66331285796986,4.520999995293096,4025.201200012816,1741.0
1778884692,100,GET,GET /api/ -> https://flask.palletsprojects.com/,24.000000,0.000000,140,190,260,300,380,500,740,2100,2700,2700,2700,1212,0,250.0,354.29390082519524,5.1460000104270875,3113.936999987345,19667.0
1778884692,100,GET,GET /api/ -> https://github.com/ibnesayeed/linkextractor,25.700000,0.000000,110,160,220,230,370,450,2200,2300,2700,2700,2700,1185,0,230.0,339.86981426147577,4.719099990325049,3264.834300003713,11810.0
1778884692,100,GET,GET /api/ -> https://httpbin.org/,23.300000,0.000000,170,220,270,310,430,590,850,1100,2600,2600,2600,1228,0,270.0,374.3489472313675,27.90879999520257,3991.264400014188,313.0
1778884692,100,GET,GET /api/ -> https://locust.io/,25.300000,0.000000,120,190,230,260,340,440,590,660,2400,2400,2400,1191,0,230.0,327.6861687657323,4.305699985707179,3405.2497999800835,4762.0
1778884692,100,GET,GET /api/ -> https://redis.io/,24.800000,0.000000,120,170,220,230,350,470,820,2400,2600,2600,2600,1203,0,230.0,350.7023776395075,4.65230000554584,3718.1918999995105,7221.0
1778884692,100,GET,GET /api/ -> https://training.play-with-docker.com/,26.100000,0.000000,130,180,210,240,360,560,2300,2500,2600,2600,2600,1171,0,250.0,365.9692738677119,40.73959999368526,3116.780199983623,1424.0
1778884692,100,GET,GET /api/ -> https://www.python.org/,23.600000,0.000000,110,170,210,250,350,410,690,860,2100,2100,2100,1225,0,220.0,350.7420035920638,4.757800023071468,3972.081400017487,12980.0
1778884692,100,,Aggregated,241.700000,0.000000,120,180,230,270,380,560,1800,2200,2700,2700,2700,12108,0,240.0,353.8238503799006,3.860299999359995,22392.36759999767,6775.081764122894
1778884693,100,GET,GET /api/ -> http://example.com/,24.000000,0.000000,79,170,300,670,1700,1900,2200,2200,2300,2300,2300,1259,0,180.0,364.1433499605899,3.860299999359995,5013.481600006344,65.0
1778884693,100,GET,GET /api/ -> https://books.toscrape.com/,23.800000,0.000000,120,160,220,270,390,560,800,2200,2700,2700,2700,1257,0,230.0,348.08730023871226,4.266500007361174,22392.36759999767,7848.0
1778884693,100,GET,GET /api/ -> https://docs.docker.com/,23.800000,0.000000,140,200,250,280,340,430,500,820,2300,2300,2300,1247,0,240.0,347.97458997563984,4.520999995293096,4025.201200012816,1741.0
1778884693,100,GET,GET /api/ -> https://flask.palletsprojects.com/,24.000000,0.000000,140,200,260,310,410,500,740,2100,2700,2700,2700,1244,0,240.0,350.05641583618774,5.1460000104270875,3113.936999987345,19667.0
1778884693,100,GET,GET /api/ -> https://github.com/ibnesayeed/linkextractor,25.000000,0.000000,110,180,230,250,370,450,2200,2300,2700,2700,2700,1235,0,230.0,332.43661578933177,4.719099990325049,3264.834300003713,11810.0
1778884693,100,GET,GET /api/ -> https://httpbin.org/,23.800000,0.000000,170,230,280,320,440,600,850,1100,2600,2600,2600,1253,0,270.0,371.25932019165714,27.90879999520257,3991.264400014188,313.0
1778884693,100,GET,GET /api/ -> https://locust.io/,25.000000,0.000000,130,190,230,260,340,400,590,660,2400,2400,2400,1238,0,230.0,320.86785969305885,4.305699985707179,3405.2497999800835,4762.0
1778884693,100,GET,GET /api/ -> https://redis.io/,24.500000,0.000000,120,180,230,250,390,470,820,2400,2600,2600,2600,1240,0,230.0,345.23543024214075,4.65230000554584,3718.1918999995105,7221.0
1778884693,100,GET,GET /api/ -> https://training.play-with-docker.com/,25.400000,0.000000,150,190,230,260,370,540,2300,2500,2600,2600,2600,1226,0,250.0,358.9878401298239,40.73959999368526,3116.780199983623,1424.0
1778884693,100,GET,GET /api/ -> https://www.python.org/,23.700000,0.000000,110,180,230,260,360,430,690,860,2100,2100,2100,1252,0,220.0,345.9381441695998,4.757800023071468,3972.081400017487,12980.0
1778884693,100,,Aggregated,243.000000,0.000000,130,190,240,280,400,570,1800,2200,2700,2700,2700,12451,0,230.0,348.5425949722948,3.860299999359995,22392.36759999767,6779.155489518914
1778884694,100,GET,GET /api/ -> http://example.com/,25.800000,0.000000,63,150,250,370,1700,1800,2100,2200,2300,2300,2300,1283,0,170.0,357.59416781016535,3.860299999359995,5013.481600006344,65.0
1778884694,100,GET,GET /api/ -> https://books.toscrape.com/,25.500000,0.000000,110,150,210,250,370,500,730,2200,2700,2700,2700,1283,0,230.0,341.6164624318281,3.9243999926839024,22392.36759999767,7848.0
1778884694,100,GET,GET /api/ -> https://docs.docker.com/,24.100000,0.000000,110,180,240,260,330,420,500,820,2300,2300,2300,1280,0,230.0,340.10255749967655,4.217499983496964,4025.201200012816,1741.0
1778884694,100,GET,GET /api/ -> https://flask.palletsprojects.com/,23.500000,0.000000,120,180,250,280,380,500,710,2100,2700,2700,2700,1277,0,230.0,342.2972890369956,3.8409999979194254,3113.936999987345,19667.0
1778884694,100,GET,GET /api/ -> https://github.com/ibnesayeed/linkextractor,23.500000,0.000000,100,160,210,230,360,440,590,2300,2700,2700,2700,1273,0,220.0,324.19472175955923,4.013099998701364,3264.834300003713,11810.0
1778884694,100,GET,GET /api/ -> https://httpbin.org/,24.700000,0.000000,150,220,260,300,410,530,790,1100,2600,2600,2600,1282,0,270.0,364.71005585045987,27.90879999520257,3991.264400014188,313.0
1778884694,100,GET,GET /api/ -> https://locust.io/,23.300000,0.000000,100,170,210,240,320,400,560,660,2400,2400,2400,1274,0,220.0,313.0516394032935,3.6709999840240926,3405.2497999800835,4762.0
1778884694,100,GET,GET /api/ -> https://redis.io/,23.100000,0.000000,110,160,220,230,350,460,740,2400,2600,2600,2600,1276,0,230.0,336.86333714758007,4.073299991432577,3718.1918999995105,7221.0
1778884694,100,GET,GET /api/ -> https://training.play-with-docker.com/,23.900000,0.000000,130,180,210,240,340,470,2300,2500,2600,2600,2600,1273,0,240.0,349.073059857829,40.73959999368526,3116.780199983623,1424.0
1778884694,100,GET,GET /api/ -> https://www.python.org/,24.300000,0.000000,92,160,210,240,340,410,540,860,2100,2100,2100,1281,0,220.0,338.74599976608874,3.8653999799862504,3972.081400017487,12980.0
1778884694,100,,Aggregated,241.700000,0.000000,110,170,230,260,370,530,1700,2200,2700,2700,2700,12782,0,230.0,340.85114695665897,3.6709999840240926,22392.36759999767,6779.215302769519
1778884695,100,GET,GET /api/ -> http://example.com/,25.000000,0.000000,52,120,210,300,1600,1800,2100,2200,2300,2300,2300,1328,0,160.0,346.9519403617202,3.860299999359995,5013.481600006344,65.0
1778884695,100,GET,GET /api/ -> https://books.toscrape.com/,24.900000,0.000000,92,140,180,230,350,470,730,2200,2700,2700,2700,1320,0,210.0,333.50580500008425,3.9243999926839024,22392.36759999767,7848.0
1778884695,100,GET,GET /api/ -> https://docs.docker.com/,24.700000,0.000000,98,170,230,260,330,420,500,820,2300,2300,2300,1310,0,230.0,333.7243722897478,4.217499983496964,4025.201200012816,1741.0
1778884695,100,GET,GET /api/ -> https://flask.palletsprojects.com/,24.400000,0.000000,100,170,230,270,370,490,710,2100,2700,2700,2700,1307,0,230.0,335.90962142328084,3.8409999979194254,3113.936999987345,19667.0
1778884695,100,GET,GET /api/ -> https://github.com/ibnesayeed/linkextractor,22.800000,0.000000,95,150,210,230,360,440,590,2300,2700,2700,2700,1294,0,210.0,319.6643215609839,4.013099998701364,3264.834300003713,11810.0
1778884695,100,GET,GET /api/ -> https://httpbin.org/,25.000000,0.000000,130,210,250,280,400,530,790,1100,2600,2600,2600,1315,0,260.0,358.08207536153424,27.90879999520257,3991.264400014188,313.0
1778884695,100,GET,GET /api/ -> https://locust.io/,23.300000,0.000000,95,170,210,230,320,400,560,660,2400,2400,2400,1296,0,220.0,308.5102115738765,3.6709999840240926,3405.2497999800835,4762.0
1778884695,100,GET,GET /api/ -> https://redis.io/,24.200000,0.000000,99,160,220,230,350,460,740,2400,2600,2600,2600,1301,0,220.0,331.4550923907286,4.073299991432577,3718.1918999995105,7221.0
1778884695,100,GET,GET /api/ -> https://training.play-with-docker.com/,22.200000,0.000000,130,180,210,240,340,470,2300,2500,2600,2600,2600,1291,0,240.0,345.3783957389747,40.73959999368526,3116.780199983623,1424.0
1778884695,100,GET,GET /api/ -> https://www.python.org/,24.700000,0.000000,89,150,210,230,330,380,540,860,2100,2100,2100,1312,0,210.0,332.35598140267604,3.8653999799862504,3972.081400017487,12980.0
1778884695,100,,Aggregated,241.200000,0.000000,99,160,220,250,370,500,1700,2200,2700,2700,2700,13074,0,220.0,334.6109124521978,3.6709999840240926,22392.36759999767,6773.681428789965
1778884696,100,GET,GET /api/ -> http://example.com/,23.700000,0.000000,33,63,88,99,170,250,420,620,890,890,890,1367,0,150.0,340.53028756430274,3.860299999359995,5013.481600006344,65.0
1778884696,100,GET,GET /api/ -> https://books.toscrape.com/,23.800000,0.000000,87,120,150,180,270,350,450,610,740,740,740,1358,0,210.0,330.2568058911159,3.9243999926839024,22392.36759999767,7848.0
1778884696,100,GET,GET /api/ -> https://docs.docker.com/,24.500000,0.000000,84,150,200,240,320,430,500,540,820,820,820,1331,0,220.0,331.198205709668,4.217499983496964,4025.201200012816,1741.0
1778884696,100,GET,GET /api/ -> https://flask.palletsprojects.com/,24.500000,0.000000,95,170,230,260,370,490,680,740,1100,1100,1100,1324,0,230.0,334.74198398807664,3.8409999979194254,3113.936999987345,19667.0
1778884696,100,GET,GET /api/ -> https://github.com/ibnesayeed/linkextractor,25.000000,0.000000,96,160,210,230,350,430,470,570,590,590,590,1308,0,220.0,319.25262270632095,4.013099998701364,3264.834300003713,11810.0
1778884696,100,GET,GET /api/ -> https://httpbin.org/,24.100000,0.000000,120,170,230,260,350,440,530,620,880,880,880,1346,0,260.0,354.55181003009545,27.90879999520257,3991.264400014188,313.0
1778884696,100,GET,GET /api/ -> https://locust.io/,25.000000,0.000000,95,160,210,230,310,390,500,560,660,660,660,1312,0,220.0,307.7163918442682,3.6709999840240926,3405.2497999800835,4762.0
1778884696,100,GET,GET /api/ -> https://redis.io/,24.900000,0.000000,99,160,230,230,340,440,560,680,820,820,820,1317,0,220.0,330.75942900563496,4.073299991432577,3718.1918999995105,7221.0
1778884696,100,GET,GET /api/ -> https://training.play-with-docker.com/,24.800000,0.000000,120,170,200,230,290,390,540,600,760,760,760,1305,0,230.0,344.00459770037406,40.73959999368526,3116.780199983623,1424.0
1778884696,100,GET,GET /api/ -> https://www.python.org/,24.200000,0.000000,86,150,180,220,300,370,420,590,860,860,860,1339,0,210.0,330.1401368188105,3.8653999799862504,3972.081400017487,12980.0
1778884696,100,,Aggregated,244.500000,0.000000,92,150,190,230,320,410,530,620,880,1100,1100,13307,0,220.0,332.39225431729045,3.6709999840240926,22392.36759999767,6760.948147591494
1778884698,100,GET,GET /api/ -> http://example.com/,29.300000,0.000000,35,70,94,120,210,260,510,620,890,890,890,1386,0,150.0,338.2185558444902,3.860299999359995,5013.481600006344,65.0
1778884698,100,GET,GET /api/ -> https://books.toscrape.com/,28.800000,0.000000,93,130,170,220,310,410,550,610,740,740,740,1381,0,210.0,329.7640743665313,3.9243999926839024,22392.36759999767,7848.0
1778884698,100,GET,GET /api/ -> https://docs.docker.com/,28.400000,0.000000,84,150,200,240,330,430,540,730,890,890,890,1358,0,220.0,331.2274139172482,4.217499983496964,4025.201200012816,1741.0
1778884698,100,GET,GET /api/ -> https://flask.palletsprojects.com/,28.400000,0.000000,87,160,230,260,370,490,640,710,1100,1100,1100,1346,0,230.0,334.7034183507965,3.8409999979194254,3113.936999987345,19667.0
1778884698,100,GET,GET /api/ -> https://github.com/ibnesayeed/linkextractor,28.200000,0.000000,95,150,210,230,360,410,470,500,580,580,580,1328,0,220.0,318.0224463101541,4.013099998701364,3264.834300003713,11810.0
1778884698,100,GET,GET /api/ -> https://httpbin.org/,28.500000,0.000000,130,180,240,270,370,440,640,770,880,880,880,1374,0,260.0,354.0066958518315,27.90879999520257,3991.264400014188,313.0
1778884698,100,GET,GET /api/ -> https://locust.io/,28.000000,0.000000,81,130,170,200,310,400,540,610,750,750,750,1335,0,220.0,306.322203070943,3.6709999840240926,3405.2497999800835,4762.0
1778884698,100,GET,GET /api/ -> https://redis.io/,28.400000,0.000000,99,170,210,230,340,440,570,680,730,730,730,1342,0,220.0,329.75732868881,4.073299991432577,3718.1918999995105,7221.0
1778884698,100,GET,GET /api/ -> https://training.play-with-docker.com/,28.600000,0.000000,110,160,190,240,300,420,530,540,690,690,690,1317,0,240.0,344.2351085033921,40.73959999368526,3116.780199983623,1424.0
1778884698,100,GET,GET /api/ -> https://www.python.org/,28.400000,0.000000,89,150,190,230,330,450,590,770,980,980,980,1368,0,210.0,330.01360380146855,3.8653999799862504,3972.081400017487,12980.0
1778884698,100,,Aggregated,285.000000,0.000000,89,140,190,230,330,430,550,640,890,1100,1100,13535,0,220.0,331.6972639231787,3.6709999840240926,22392.36759999767,6764.527521241226
1778884699,100,GET,GET /api/ -> http://example.com/,27.200000,0.000000,38,79,99,120,210,290,510,620,890,890,890,1405,0,150.0,335.12241380816175,3.860299999359995,5013.481600006344,65.0
1778884699,100,GET,GET /api/ -> https://books.toscrape.com/,29.200000,0.000000,110,150,200,240,330,450,550,730,920,920,920,1404,0,210.0,328.1597281340841,3.9243999926839024,22392.36759999767,7848.0
1778884699,100,GET,GET /api/ -> https://docs.docker.com/,30.000000,0.000000,100,160,230,280,360,500,610,770,890,890,890,1392,0,220.0,329.1907461922562,4.217499983496964,4025.201200012816,1741.0
1778884699,100,GET,GET /api/ -> https://flask.palletsprojects.com/,29.800000,0.000000,110,200,260,290,410,500,640,710,1100,1100,1100,1384,0,230.0,331.8299363441323,3.8409999979194254,3113.936999987345,19667.0
1778884699,100,GET,GET /api/ -> https://github.com/ibnesayeed/linkextractor,28.900000,0.000000,110,180,230,290,390,430,560,650,720,720,720,1368,0,210.0,315.56697748541865,4.013099998701364,3264.834300003713,11810.0
1778884699,100,GET,GET /api/ -> https://httpbin.org/,30.900000,0.000000,140,220,260,300,390,460,760,790,960,960,960,1402,0,260.0,353.12048052814583,27.90879999520257,3991.264400014188,313.0
1778884699,100,GET,GET /api/ -> https://locust.io/,29.100000,0.000000,97,160,200,230,330,440,550,630,1100,1100,1100,1373,0,220.0,304.2216584120461,3.6709999840240926,3405.2497999800835,4762.0
1778884699,100,GET,GET /api/ -> https://redis.io/,29.300000,0.000000,110,190,230,250,350,440,570,680,730,730,730,1380,0,220.0,326.4805497828554,4.073299991432577,3718.1918999995105,7221.0
1778884699,100,GET,GET /api/ -> https://training.play-with-docker.com/,29.400000,0.000000,130,190,250,290,410,510,670,690,1100,1100,1100,1354,0,240.0,343.83083552353315,40.73959999368526,3116.780199983623,1424.0
1778884699,100,GET,GET /api/ -> https://www.python.org/,30.700000,0.000000,110,170,230,250,370,500,590,770,980,980,980,1398,0,210.0,327.9555469960539,3.8653999799862504,3972.081400017487,12980.0
1778884699,100,,Aggregated,294.500000,0.000000,110,170,220,260,360,460,600,710,1100,1100,1100,13860,0,220.0,329.58933917031635,3.6709999840240926,22392.36759999767,6776.678571428572
1778884700,100,GET,GET /api/ -> http://example.com/,27.900000,0.000000,38,82,100,140,220,320,530,620,890,890,890,1417,0,150.0,332.7495997885448,3.860299999359995,5013.481600006344,65.0
1778884700,100,GET,GET /api/ -> https://books.toscrape.com/,27.600000,0.000000,120,160,230,250,340,450,550,730,920,920,920,1417,0,210.0,325.78961390280364,3.9243999926839024,22392.36759999767,7848.0
1778884700,100,GET,GET /api/ -> https://docs.docker.com/,27.700000,0.000000,120,170,250,280,380,510,610,770,890,890,890,1415,0,220.0,325.76158416935476,3.9690999838057905,4025.201200012816,1741.0
1778884700,100,GET,GET /api/ -> https://flask.palletsprojects.com/,28.500000,0.000000,130,210,270,300,410,500,640,710,1100,1100,1100,1415,0,220.0,327.3066780920298,3.8409999979194254,3113.936999987345,19667.0
1778884700,100,GET,GET /api/ -> https://github.com/ibnesayeed/linkextractor,29.000000,0.000000,110,180,240,280,380,430,540,650,720,720,720,1415,0,210.0,308.5235477031485,4.013099998701364,3264.834300003713,11810.0
1778884700,100,GET,GET /api/ -> https://httpbin.org/,27.400000,0.000000,150,230,270,310,400,470,760,790,960,960,960,1416,0,250.0,350.6557581218083,27.90879999520257,3991.264400014188,313.0
1778884700,100,GET,GET /api/ -> https://locust.io/,29.500000,0.000000,110,160,200,230,330,410,550,630,1100,1100,1100,1415,0,210.0,297.9986216252597,3.6709999840240926,3405.2497999800835,4762.0
1778884700,100,GET,GET /api/ -> https://redis.io/,29.600000,0.000000,120,190,230,250,350,430,570,680,730,730,730,1415,0,220.0,320.62640113095,4.073299991432577,3718.1918999995105,7221.0
1778884700,100,GET,GET /api/ -> https://training.play-with-docker.com/,29.000000,0.000000,140,190,250,280,380,490,640,690,1100,1100,1100,1413,0,230.0,335.43084663766473,40.73959999368526,3116.780199983623,1424.0
1778884700,100,GET,GET /api/ -> https://www.python.org/,27.500000,0.000000,110,190,240,260,400,500,590,770,980,980,980,1416,0,210.0,324.911872387328,3.8653999799862504,3972.081400017487,12980.0
1778884700,100,,Aggregated,283.700000,0.000000,120,180,230,260,370,470,600,710,1100,1100,1100,14154,0,220.0,324.97699838918163,3.6709999840240926,22392.36759999767,6783.039140878904
1778884701,100,GET,GET /api/ -> http://example.com/,29.500000,0.000000,24,50,90,120,220,320,530,620,890,890,890,1455,0,140.0,324.56459333364853,3.860299999359995,5013.481600006344,65.0
1778884701,100,GET,GET /api/ -> https://books.toscrape.com/,29.500000,0.000000,91,140,180,240,330,410,550,730,920,920,920,1453,0,210.0,318.4028877496126,3.7768000038340688,22392.36759999767,7848.0
1778884701,100,GET,GET /api/ -> https://docs.docker.com/,28.300000,0.000000,93,150,210,270,360,510,610,770,890,890,890,1444,0,210.0,319.737312949983,3.6982999881729484,4025.201200012816,1741.0
1778884701,100,GET,GET /api/ -> https://flask.palletsprojects.com/,27.500000,0.000000,100,170,250,280,410,490,640,710,1100,1100,1100,1441,0,220.0,321.8052938238296,3.8409999979194254,3113.936999987345,19667.0
1778884701,100,GET,GET /api/ -> https://github.com/ibnesayeed/linkextractor,27.100000,0.000000,97,160,230,260,370,430,540,650,720,720,720,1437,0,200.0,304.05636854551113,4.013099998701364,3264.834300003713,11810.0
1778884701,100,GET,GET /api/ -> https://httpbin.org/,29.300000,0.000000,130,210,260,280,390,470,760,790,960,960,960,1449,0,250.0,344.0668598346914,27.90879999520257,3991.264400014188,313.0
1778884701,100,GET,GET /api/ -> https://locust.io/,26.900000,0.000000,90,150,200,210,320,410,550,630,1100,1100,1100,1438,0,210.0,293.5209575102343,3.6709999840240926,3405.2497999800835,4762.0
1778884701,100,GET,GET /api/ -> https://redis.io/,27.300000,0.000000,100,180,220,240,340,410,570,680,730,730,730,1440,0,210.0,315.4247293752026,4.073299991432577,3718.1918999995105,7221.0
1778884701,100,GET,GET /api/ -> https://training.play-with-docker.com/,28.100000,0.000000,130,180,240,270,360,480,640,690,1100,1100,1100,1435,0,230.0,331.2008788146789,40.73959999368526,3116.780199983623,1424.0
1778884701,100,GET,GET /api/ -> https://www.python.org/,29.000000,0.000000,94,160,220,240,400,500,590,650,980,980,980,1448,0,200.0,318.078848135647,3.8653999799862504,3972.081400017487,12980.0
1778884701,100,,Aggregated,282.500000,0.000000,96,160,210,250,350,450,590,710,1100,1100,1100,14440,0,210.0,319.1087984349349,3.6709999840240926,22392.36759999767,6777.067382271468
1778884702,100,GET,GET /api/ -> http://example.com/,28.600000,0.000000,30,63,97,120,190,260,410,530,620,620,620,1503,0,140.0,317.1680698606402,3.860299999359995,5013.481600006344,65.0
1778884702,100,GET,GET /api/ -> https://books.toscrape.com/,28.500000,0.000000,88,130,170,230,300,390,540,610,920,920,920,1496,0,200.0,312.8810805482351,3.7768000038340688,22392.36759999767,7848.0
1778884702,100,GET,GET /api/ -> https://docs.docker.com/,29.000000,0.000000,82,140,190,240,360,510,610,730,890,890,890,1474,0,210.0,315.67869118026715,3.6982999881729484,4025.201200012816,1741.0
1778884702,100,GET,GET /api/ -> https://flask.palletsprojects.com/,29.200000,0.000000,91,150,200,250,330,470,610,680,1100,1100,1100,1469,0,210.0,317.66623689584947,3.8409999979194254,3113.936999987345,19667.0
1778884702,100,GET,GET /api/ -> https://github.com/ibnesayeed/linkextractor,29.300000,0.000000,87,130,200,240,360,410,540,650,720,720,720,1455,0,200.0,302.12910109956886,4.013099998701364,3264.834300003713,11810.0
1778884702,100,GET,GET /api/ -> https://httpbin.org/,28.600000,0.000000,120,180,220,250,360,440,680,770,960,960,960,1485,0,240.0,339.66576572431575,27.90879999520257,3991.264400014188,313.0
1778884702,100,GET,GET /api/ -> https://locust.io/,29.300000,0.000000,85,130,180,200,310,410,550,650,1100,1100,1100,1459,0,200.0,291.1696331046697,3.6709999840240926,3405.2497999800835,4762.0
1778884702,100,GET,GET /api/ -> https://redis.io/,29.200000,0.000000,88,140,200,230,330,410,550,680,730,730,730,1465,0,210.0,311.9378928329125,4.073299991432577,3718.1918999995105,7221.0
1778884702,100,GET,GET /api/ -> https://training.play-with-docker.com/,29.400000,0.000000,130,180,240,270,380,480,640,690,1100,1100,1100,1451,0,230.0,329.45165954452256,40.73959999368526,3116.780199983623,1424.0
1778884702,100,GET,GET /api/ -> https://www.python.org/,28.700000,0.000000,83,120,190,230,370,500,590,650,980,980,980,1481,0,190.0,313.21745199217526,3.8653999799862504,3972.081400017487,12980.0
1778884702,100,,Aggregated,289.800000,0.000000,88,140,190,230,320,430,560,680,1100,1100,1100,14738,0,210.0,315.1344968517022,3.6709999840240926,22392.36759999767,6768.88600895644
1778884703,100,GET,GET /api/ -> http://example.com/,27.800000,0.000000,35,84,100,130,210,330,410,530,620,620,620,1535,0,140.0,313.5213799351646,3.860299999359995,5013.481600006344,65.0
1778884703,100,GET,GET /api/ -> https://books.toscrape.com/,28.300000,0.000000,86,140,190,230,320,470,550,650,920,920,920,1532,0,200.0,310.04297500005106,3.7768000038340688,22392.36759999767,7848.0
1778884703,100,GET,GET /api/ -> https://docs.docker.com/,29.200000,0.000000,93,150,200,260,380,510,610,730,890,890,890,1512,0,200.0,312.8139781082701,3.6982999881729484,4025.201200012816,1741.0
1778884703,100,GET,GET /api/ -> https://flask.palletsprojects.com/,28.900000,0.000000,91,160,220,260,330,470,570,690,1100,1100,1100,1505,0,210.0,314.7609759468285,3.8409999979194254,3113.936999987345,19667.0
1778884703,100,GET,GET /api/ -> https://github.com/ibnesayeed/linkextractor,29.300000,0.000000,85,150,220,260,350,410,560,650,720,720,720,1480,0,200.0,300.6504614187941,4.013099998701364,3264.834300003713,11810.0
1778884703,100,GET,GET /api/ -> https://httpbin.org/,28.600000,0.000000,130,200,240,280,390,450,760,770,960,960,960,1524,0,250.0,337.9452156172708,27.90879999520257,3991.264400014188,313.0
1778884703,100,GET,GET /api/ -> https://locust.io/,29.000000,0.000000,85,140,180,200,320,440,590,750,1100,1100,1100,1492,0,200.0,289.0709292894353,3.6709999840240926,3405.2497999800835,4762.0
1778884703,100,GET,GET /api/ -> https://redis.io/,29.000000,0.000000,85,130,190,220,320,400,530,670,730,730,730,1498,0,200.0,308.4122403205218,4.073299991432577,3718.1918999995105,7221.0
1778884703,100,GET,GET /api/ -> https://training.play-with-docker.com/,29.300000,0.000000,120,180,230,260,360,480,640,670,1100,1100,1100,1472,0,230.0,327.4517483010127,40.73959999368526,3116.780199983623,1424.0
1778884703,100,GET,GET /api/ -> https://www.python.org/,29.100000,0.000000,89,150,200,240,370,490,590,750,980,980,980,1520,0,190.0,309.64120750027894,3.8653999799862504,3972.081400017487,12980.0
1778884703,100,,Aggregated,288.500000,0.000000,89,150,200,240,330,450,580,700,1100,1100,1100,15070,0,200.0,312.46724104182556,3.6709999840240926,22392.36759999767,6772.238885202389
1778884704,100,GET,GET /api/ -> http://example.com/,28.300000,0.000000,50,86,120,140,220,330,420,530,620,620,620,1551,0,140.0,311.0834952292183,3.860299999359995,5013.481600006344,65.0
1778884704,100,GET,GET /api/ -> https://books.toscrape.com/,28.000000,0.000000,97,170,210,250,340,470,550,650,920,920,920,1551,0,200.0,308.47308207611775,3.7768000038340688,22392.36759999767,7848.0
1778884704,100,GET,GET /api/ -> https://docs.docker.com/,29.000000,0.000000,120,180,250,280,390,530,640,730,890,890,890,1545,0,200.0,310.16676271824815,3.6982999881729484,4025.201200012816,1741.0
1778884704,100,GET,GET /api/ -> https://flask.palletsprojects.com/,29.300000,0.000000,120,200,250,270,340,450,570,690,1100,1100,1100,1542,0,210.0,311.2111868352538,3.8409999979194254,3113.936999987345,19667.0
1778884704,100,GET,GET /api/ -> https://github.com/ibnesayeed/linkextractor,29.400000,0.000000,120,190,260,290,390,490,580,710,1100,1100,1100,1529,0,200.0,297.98022367550055,4.013099998701364,3264.834300003713,11810.0
1778884704,100,GET,GET /api/ -> https://httpbin.org/,28.200000,0.000000,150,230,260,290,390,510,760,770,960,960,960,1548,0,240.0,336.2113769384338,27.90879999520257,3991.264400014188,313.0
1778884704,100,GET,GET /api/ -> https://locust.io/,29.200000,0.000000,120,160,200,230,340,440,590,750,1100,1100,1100,1532,0,200.0,285.85985992157765,3.6709999840240926,3405.2497999800835,4762.0
1778884704,100,GET,GET /api/ -> https://redis.io/,29.400000,0.000000,110,180,210,240,320,430,530,670,730,730,730,1536,0,200.0,304.9675496746052,4.073299991432577,3718.1918999995105,7221.0
1778884704,100,GET,GET /api/ -> https://training.play-with-docker.com/,29.400000,0.000000,150,210,250,290,370,480,640,670,1100,1100,1100,1518,0,220.0,323.71479104024854,40.73959999368526,3116.780199983623,1424.0
1778884704,100,GET,GET /api/ -> https://www.python.org/,28.500000,0.000000,100,160,210,240,400,500,590,750,980,980,980,1547,0,180.0,306.8027347772525,3.8653999799862504,3972.081400017487,12980.0
1778884704,100,,Aggregated,288.700000,0.000000,110,170,230,260,360,470,590,700,1100,1100,1100,15399,0,200.0,309.6619825053809,3.6709999840240926,22392.36759999767,6783.555295798428
1778884705,100,GET,GET /api/ -> http://example.com/,29.400000,0.000000,49,88,120,150,240,350,450,530,620,620,620,1576,0,130.0,306.52146154855745,3.860299999359995,5013.481600006344,65.0
1778884705,100,GET,GET /api/ -> https://books.toscrape.com/,29.100000,0.000000,110,170,230,260,350,480,550,650,920,920,920,1575,0,200.0,304.163464571475,3.7768000038340688,22392.36759999767,7848.0
1778884705,100,GET,GET /api/ -> https://docs.docker.com/,28.500000,0.000000,120,180,250,280,390,530,640,730,890,890,890,1572,0,200.0,305.4049076970045,3.6982999881729484,4025.201200012816,1741.0
1778884705,100,GET,GET /api/ -> https://flask.palletsprojects.com/,28.400000,0.000000,110,190,250,270,340,450,570,690,1100,1100,1100,1572,0,200.0,306.146868511434,3.819999983534217,3113.936999987345,19667.0
1778884705,100,GET,GET /api/ -> https://github.com/ibnesayeed/linkextractor,28.700000,0.000000,110,180,240,270,380,460,580,710,1100,1100,1100,1571,0,200.0,291.2336199872534,4.013099998701364,3264.834300003713,11810.0
1778884705,100,GET,GET /api/ -> https://httpbin.org/,29.000000,0.000000,160,230,260,290,400,550,760,770,960,960,960,1573,0,240.0,332.1503937067424,27.90879999520257,3991.264400014188,313.0
1778884705,100,GET,GET /api/ -> https://locust.io/,28.800000,0.000000,110,160,200,230,330,440,590,750,1100,1100,1100,1571,0,190.0,280.0624854232076,3.6709999840240926,3405.2497999800835,4762.0
1778884705,100,GET,GET /api/ -> https://redis.io/,28.300000,0.000000,99,170,200,240,320,410,530,670,730,730,730,1571,0,190.0,299.1912541057343,4.073299991432577,3718.1918999995105,7221.0
1778884705,100,GET,GET /api/ -> https://training.play-with-docker.com/,29.400000,0.000000,140,190,250,270,360,480,560,670,1100,1100,1100,1570,0,220.0,316.3623178338819,40.73959999368526,3116.780199983623,1424.0
1778884705,100,GET,GET /api/ -> https://www.python.org/,28.800000,0.000000,98,160,210,240,400,500,590,750,980,980,980,1573,0,180.0,302.18425060421686,3.6954999959561974,3972.081400017487,12980.0
1778884705,100,,Aggregated,288.400000,0.000000,110,170,230,260,360,460,590,700,1100,1100,1100,15724,0,200.0,304.3454304630236,3.6709999840240926,22392.36759999767,6782.03943017044
1778884706,100,GET,GET /api/ -> http://example.com/,29.400000,0.000000,30,72,99,130,200,330,410,450,550,550,550,1599,0,130.0,302.5610763605635,3.860299999359995,5013.481600006344,65.0
1778884706,100,GET,GET /api/ -> https://books.toscrape.com/,29.100000,0.000000,79,140,180,210,330,470,550,570,920,920,920,1595,0,190.0,300.95590376176546,3.7768000038340688,22392.36759999767,7848.0
1778884706,100,GET,GET /api/ -> https://docs.docker.com/,28.500000,0.000000,100,170,230,260,380,530,640,730,890,890,890,1589,0,200.0,302.7187027688454,3.6982999881729484,4025.201200012816,1741.0
1778884706,100,GET,GET /api/ -> https://flask.palletsprojects.com/,28.400000,0.000000,100,170,230,260,330,420,560,610,690,690,690,1587,0,200.0,303.8764657845082,3.819999983534217,3113.936999987345,19667.0
1778884706,100,GET,GET /api/ -> https://github.com/ibnesayeed/linkextractor,28.700000,0.000000,92,160,220,260,370,430,560,710,1100,1100,1100,1579,0,190.0,290.00041583276703,4.013099998701364,3264.834300003713,11810.0
1778884706,100,GET,GET /api/ -> https://httpbin.org/,29.000000,0.000000,140,210,250,280,400,550,760,770,960,960,960,1592,0,240.0,329.3447593597335,27.90879999520257,3991.264400014188,313.0
1778884706,100,GET,GET /api/ -> https://locust.io/,28.800000,0.000000,94,140,190,210,320,410,590,750,1100,1100,1100,1581,0,190.0,278.5224461731996,3.6709999840240926,3405.2497999800835,4762.0
1778884706,100,GET,GET /api/ -> https://redis.io/,28.300000,0.000000,85,140,190,210,320,390,510,670,730,730,730,1585,0,190.0,296.9940062461543,4.073299991432577,3718.1918999995105,7221.0
1778884706,100,GET,GET /api/ -> https://training.play-with-docker.com/,29.400000,0.000000,130,190,240,260,360,450,560,670,1100,1100,1100,1576,0,220.0,315.53642709337595,40.73959999368526,3116.780199983623,1424.0
1778884706,100,GET,GET /api/ -> https://www.python.org/,28.800000,0.000000,78,120,190,230,350,500,590,750,980,980,980,1590,0,180.0,299.2870057864574,3.6954999959561974,3972.081400017487,12980.0
1778884706,100,,Aggregated,288.400000,0.000000,94,150,200,240,340,440,570,690,1100,1100,1100,15873,0,200.0,301.99398642982123,3.6709999840240926,22392.36759999767,6778.944748944749
1778884707,100,GET,GET /api/ -> http://example.com/,28.700000,0.000000,61,130,190,240,650,850,1000,1100,1200,1200,1200,1666,0,140.0,310.6225229895514,3.860299999359995,5013.481600006344,65.0
1778884707,100,GET,GET /api/ -> https://books.toscrape.com/,28.700000,0.000000,88,140,190,220,330,450,700,1200,1400,1400,1400,1663,0,190.0,298.9403725797497,3.7768000038340688,22392.36759999767,7848.0
1778884707,100,GET,GET /api/ -> https://docs.docker.com/,28.700000,0.000000,87,140,190,250,340,440,540,710,1200,1200,1200,1620,0,200.0,300.3100865430171,3.6982999881729484,4025.201200012816,1741.0
1778884707,100,GET,GET /api/ -> https://flask.palletsprojects.com/,28.800000,0.000000,96,160,200,250,320,400,560,690,1500,1500,1500,1602,0,200.0,304.3504842696646,3.819999983534217,3113.936999987345,19667.0
1778884707,100,GET,GET /api/ -> https://github.com/ibnesayeed/linkextractor,29.300000,0.000000,86,150,210,260,370,460,660,1100,1300,1300,1300,1590,0,190.0,290.72462981127484,4.013099998701364,3264.834300003713,11810.0
1778884707,100,GET,GET /api/ -> https://httpbin.org/,28.800000,0.000000,140,220,250,280,390,500,760,1400,1500,1500,1500,1656,0,240.0,327.2695715584254,27.90879999520257,3991.264400014188,313.0
1778884707,100,GET,GET /api/ -> https://locust.io/,29.200000,0.000000,88,140,190,210,320,410,770,1200,1500,1500,1500,1590,0,190.0,280.8234455973663,3.6709999840240926,3405.2497999800835,4762.0
1778884707,100,GET,GET /api/ -> https://redis.io/,29.000000,0.000000,80,130,180,200,300,390,450,670,1300,1300,1300,1595,0,190.0,297.62980495307664,4.073299991432577,3718.1918999995105,7221.0
1778884707,100,GET,GET /api/ -> https://training.play-with-docker.com/,29.300000,0.000000,130,190,240,250,350,410,670,1100,1600,1600,1600,1584,0,220.0,317.20238446914755,40.73959999368526,3116.780199983623,1424.0
1778884707,100,GET,GET /api/ -> https://www.python.org/,28.800000,0.000000,85,130,180,210,310,420,540,750,1400,1400,1400,1642,0,170.0,296.66159677247765,3.6954999959561974,3972.081400017487,12980.0
1778884707,100,,Aggregated,289.300000,0.000000,96,160,200,240,350,450,750,1100,1500,1600,1600,16208,0,200.0,302.54893182999956,3.6709999840240926,22392.36759999767,6752.254874136229
1778884708,100,GET,GET /api/ -> http://example.com/,27.000000,0.000000,63,130,190,280,670,860,1000,1100,1200,1200,1200,1676,0,140.0,310.09249994069364,3.860299999359995,5013.481600006344,65.0
1778884708,100,GET,GET /api/ -> https://books.toscrape.com/,27.500000,0.000000,84,140,190,220,330,520,810,1200,1400,1400,1400,1674,0,190.0,299.4331297491408,3.7768000038340688,22392.36759999767,7848.0
1778884708,100,GET,GET /api/ -> https://docs.docker.com/,27.900000,0.000000,95,180,210,260,350,460,640,720,1200,1200,1200,1668,0,200.0,299.669855515274,3.6982999881729484,4025.201200012816,1741.0
1778884708,100,GET,GET /api/ -> https://flask.palletsprojects.com/,28.000000,0.000000,110,190,250,270,340,460,690,790,1500,1500,1500,1663,0,200.0,303.19964936866506,3.819999983534217,3113.936999987345,19667.0
1778884708,100,GET,GET /api/ -> https://github.com/ibnesayeed/linkextractor,28.500000,0.000000,87,150,210,240,320,400,500,1100,1300,1300,1300,1617,0,190.0,289.08889412483757,4.013099998701364,3264.834300003713,11810.0
1778884708,100,GET,GET /api/ -> https://httpbin.org/,27.700000,0.000000,140,210,250,280,390,510,700,1400,1500,1500,1500,1672,0,240.0,327.8026705746398,27.90879999520257,3991.264400014188,313.0
1778884708,100,GET,GET /api/ -> https://locust.io/,28.400000,0.000000,88,140,190,210,320,410,770,1200,1500,1500,1500,1634,0,190.0,278.90091009774744,3.6709999840240926,3405.2497999800835,4762.0
1778884708,100,GET,GET /api/ -> https://redis.io/,28.200000,0.000000,87,150,190,220,320,450,510,1000,1300,1300,1300,1653,0,190.0,295.83041639452046,4.073299991432577,3718.1918999995105,7221.0
1778884708,100,GET,GET /api/ -> https://training.play-with-docker.com/,28.500000,0.000000,130,190,220,240,300,370,600,1100,1600,1600,1600,1607,0,220.0,316.9414388918067,40.73959999368526,3116.780199983623,1424.0
1778884708,100,GET,GET /api/ -> https://www.python.org/,27.800000,0.000000,86,140,200,230,340,450,580,970,1400,1400,1400,1670,0,180.0,296.710367844608,3.6954999959561974,3972.081400017487,12980.0
1778884708,100,,Aggregated,279.500000,0.000000,97,160,210,250,350,480,760,1100,1500,1600,1600,16534,0,200.0,301.81094738117883,3.6709999840240926,22392.36759999767,6783.548808515786
1778884709,100,GET,GET /api/ -> http://example.com/,28.500000,0.000000,64,140,190,280,670,860,1000,1100,1200,1200,1200,1686,0,130.0,308.4664031438428,3.860299999359995,5013.481600006344,65.0
1778884709,100,GET,GET /api/ -> https://books.toscrape.com/,26.500000,0.000000,82,140,190,210,330,520,810,1200,1400,1400,1400,1686,0,190.0,297.821644128108,3.7768000038340688,22392.36759999767,7848.0
1778884709,100,GET,GET /api/ -> https://docs.docker.com/,25.900000,0.000000,95,180,210,260,340,460,640,720,1200,1200,1200,1685,0,200.0,297.8259105634501,3.6982999881729484,4025.201200012816,1741.0
1778884709,100,GET,GET /api/ -> https://flask.palletsprojects.com/,26.400000,0.000000,110,190,250,280,370,460,700,800,1500,1500,1500,1685,0,200.0,301.351374599465,3.819999983534217,3113.936999987345,19667.0
1778884709,100,GET,GET /api/ -> https://github.com/ibnesayeed/linkextractor,27.400000,0.000000,99,180,220,260,370,430,500,1100,1300,1300,1300,1684,0,190.0,284.37950564125293,3.872200002660975,3264.834300003713,11810.0
1778884709,100,GET,GET /api/ -> https://httpbin.org/,25.400000,0.000000,140,220,250,290,410,510,700,1400,1500,1500,1500,1685,0,240.0,326.37799549010134,27.90879999520257,3991.264400014188,313.0
1778884709,100,GET,GET /api/ -> https://locust.io/,27.100000,0.000000,94,160,210,260,350,490,770,1200,1500,1500,1500,1684,0,190.0,276.11036912099894,3.6709999840240926,3405.2497999800835,4762.0
1778884709,100,GET,GET /api/ -> https://redis.io/,27.000000,0.000000,92,160,200,250,350,460,560,1000,1300,1300,1300,1685,0,190.0,293.5461705045337,4.073299991432577,3718.1918999995105,7221.0
1778884709,100,GET,GET /api/ -> https://training.play-with-docker.com/,27.300000,0.000000,130,190,220,240,310,410,610,1100,1600,1600,1600,1682,0,210.0,309.8866322230286,40.73959999368526,3116.780199983623,1424.0
1778884709,100,GET,GET /api/ -> https://www.python.org/,25.300000,0.000000,82,130,180,220,340,430,580,970,1400,1400,1400,1685,0,170.0,294.63330694391027,3.6954999959561974,3972.081400017487,12980.0
1778884709,100,,Aggregated,266.800000,0.000000,100,170,210,260,370,490,760,1000,1500,1600,1600,16847,0,190.0,299.0407182050377,3.6709999840240926,22392.36759999767,6783.54033359055
1778884710,100,GET,GET /api/ -> http://example.com/,28.800000,0.000000,66,140,190,280,670,860,1000,1100,1200,1200,1200,1718,0,130.0,303.02402147884266,3.860299999359995,5013.481600006344,65.0
1778884710,100,GET,GET /api/ -> https://books.toscrape.com/,28.500000,0.000000,84,140,190,220,330,520,810,1200,1400,1400,1400,1718,0,180.0,292.5628541908929,3.7768000038340688,22392.36759999767,7848.0
1778884710,100,GET,GET /api/ -> https://docs.docker.com/,28.300000,0.000000,94,180,210,260,340,460,640,720,1200,1200,1200,1714,0,190.0,293.00450128324513,3.6982999881729484,4025.201200012816,1741.0
1778884710,100,GET,GET /api/ -> https://flask.palletsprojects.com/,27.800000,0.000000,110,190,250,280,370,460,700,800,1500,1500,1500,1712,0,200.0,296.8506282126089,3.819999983534217,3113.936999987345,19667.0
1778884710,100,GET,GET /api/ -> https://github.com/ibnesayeed/linkextractor,26.500000,0.000000,97,180,220,260,370,430,500,1100,1300,1300,1300,1711,0,190.0,280.0775944476386,3.872200002660975,3264.834300003713,11810.0
1778884710,100,GET,GET /api/ -> https://httpbin.org/,29.100000,0.000000,140,220,250,290,400,510,700,1400,1500,1500,1500,1717,0,230.0,321.3825900411441,27.90879999520257,3991.264400014188,313.0
1778884710,100,GET,GET /api/ -> https://locust.io/,26.400000,0.000000,93,150,200,260,350,490,770,1200,1500,1500,1500,1712,0,190.0,271.8072538550034,3.6709999840240926,3405.2497999800835,4762.0
1778884710,100,GET,GET /api/ -> https://redis.io/,26.400000,0.000000,90,160,200,250,350,460,560,1000,1300,1300,1300,1712,0,190.0,289.1318422898451,4.073299991432577,3718.1918999995105,7221.0
1778884710,100,GET,GET /api/ -> https://training.play-with-docker.com/,27.100000,0.000000,130,190,220,240,300,410,610,1100,1600,1600,1600,1708,0,200.0,306.0301570838279,40.73959999368526,3116.780199983623,1424.0
1778884710,100,GET,GET /api/ -> https://www.python.org/,29.200000,0.000000,83,140,180,220,340,430,580,970,1400,1400,1400,1714,0,170.0,289.8538802220155,3.6954999959561974,3972.081400017487,12980.0
1778884710,100,,Aggregated,278.100000,0.000000,100,170,210,260,360,490,760,1000,1500,1600,1600,17136,0,190.0,294.3802349381626,3.6709999840240926,22392.36759999767,6780.325105042017
1778884711,100,GET,GET /api/ -> http://example.com/,27.300000,0.000000,43,100,180,280,670,860,1000,1100,1200,1200,1200,1766,0,120.0,295.9895741227051,3.860299999359995,5013.481600006344,65.0
1778884711,100,GET,GET /api/ -> https://books.toscrape.com/,27.300000,0.000000,82,140,180,210,330,490,810,1200,1400,1400,1400,1757,0,180.0,287.88340859421965,3.7768000038340688,22392.36759999767,7848.0
1778884711,100,GET,GET /api/ -> https://docs.docker.com/,28.100000,0.000000,88,180,200,250,350,460,640,720,1200,1200,1200,1741,0,190.0,289.6097327969631,3.6982999881729484,4025.201200012816,1741.0
1778884711,100,GET,GET /api/ -> https://flask.palletsprojects.com/,28.700000,0.000000,100,200,250,280,370,460,700,800,1500,1500,1500,1738,0,200.0,293.7437407364956,3.819999983534217,3113.936999987345,19667.0
1778884711,100,GET,GET /api/ -> https://github.com/ibnesayeed/linkextractor,28.000000,0.000000,92,180,220,260,370,430,500,1100,1300,1300,1300,1728,0,180.0,278.1084130207698,3.872200002660975,3264.834300003713,11810.0
1778884711,100,GET,GET /api/ -> https://httpbin.org/,27.600000,0.000000,130,200,240,280,390,500,700,1400,1500,1500,1500,1752,0,230.0,317.34596369903335,27.90879999520257,3991.264400014188,313.0
1778884711,100,GET,GET /api/ -> https://locust.io/,28.800000,0.000000,90,150,200,250,340,490,770,1200,1500,1500,1500,1731,0,180.0,269.5908094164309,3.6709999840240926,3405.2497999800835,4762.0
1778884711,100,GET,GET /api/ -> https://redis.io/,28.800000,0.000000,91,160,200,260,360,460,560,1000,1300,1300,1300,1734,0,190.0,286.5051826990483,4.073299991432577,3718.1918999995105,7221.0
1778884711,100,GET,GET /api/ -> https://training.play-with-docker.com/,27.900000,0.000000,120,180,210,240,300,390,610,1100,1600,1600,1600,1724,0,200.0,304.0697290598389,40.73959999368526,3116.780199983623,1424.0
1778884711,100,GET,GET /api/ -> https://www.python.org/,27.800000,0.000000,66,120,180,210,340,430,580,970,1400,1400,1400,1748,0,170.0,285.2085877004743,3.6954999959561974,3972.081400017487,12980.0
1778884711,100,,Aggregated,280.300000,0.000000,92,160,210,250,360,480,760,1000,1500,1600,1600,17419,0,190.0,290.83471331307754,3.6709999840240926,22392.36759999767,6773.0846202422645
1778884712,100,GET,GET /api/ -> http://example.com/,27.900000,0.000000,45,130,170,230,670,860,1000,1100,1200,1200,1200,1806,0,120.0,292.57652685527717,3.860299999359995,5013.481600006344,65.0
1778884712,100,GET,GET /api/ -> https://books.toscrape.com/,28.000000,0.000000,87,140,200,220,330,450,810,1200,1400,1400,1400,1799,0,180.0,285.669741134027,3.7768000038340688,22392.36759999767,7848.0
1778884712,100,GET,GET /api/ -> https://docs.docker.com/,28.100000,0.000000,88,180,210,250,350,490,700,720,1200,1200,1200,1778,0,190.0,287.8777891448318,3.6982999881729484,4025.201200012816,1741.0
1778884712,100,GET,GET /api/ -> https://flask.palletsprojects.com/,28.100000,0.000000,100,180,250,270,370,460,700,800,1500,1500,1500,1763,0,200.0,292.0125597844148,3.819999983534217,3113.936999987345,19667.0
1778884712,100,GET,GET /api/ -> https://github.com/ibnesayeed/linkextractor,28.000000,0.000000,87,170,210,250,360,430,500,1100,1300,1300,1300,1751,0,180.0,276.4981436892512,3.872200002660975,3264.834300003713,11810.0
1778884712,100,GET,GET /api/ -> https://httpbin.org/,28.000000,0.000000,130,200,230,250,370,490,610,1400,1500,1500,1500,1788,0,230.0,315.40898154397894,27.90879999520257,3991.264400014188,313.0
1778884712,100,GET,GET /api/ -> https://locust.io/,28.100000,0.000000,87,140,200,250,330,440,730,1200,1500,1500,1500,1754,0,180.0,267.9611196691816,3.6709999840240926,3405.2497999800835,4762.0
1778884712,100,GET,GET /api/ -> https://redis.io/,28.100000,0.000000,93,170,210,260,360,460,590,1000,1300,1300,1300,1757,0,190.0,285.31042492891027,4.073299991432577,3718.1918999995105,7221.0
1778884712,100,GET,GET /api/ -> https://training.play-with-docker.com/,28.000000,0.000000,120,180,210,240,330,410,620,1100,1600,1600,1600,1746,0,200.0,303.04729095027733,40.73959999368526,3116.780199983623,1424.0
1778884712,100,GET,GET /api/ -> https://www.python.org/,28.000000,0.000000,67,130,200,220,340,420,580,970,1400,1400,1400,1785,0,170.0,283.201911989081,3.6954999959561974,3972.081400017487,12980.0
1778884712,100,,Aggregated,280.300000,0.000000,96,170,210,250,350,480,770,1000,1500,1600,1600,17727,0,180.0,288.9946203982775,3.6709999840240926,22392.36759999767,6765.880521238788
1778884713,100,GET,GET /api/ -> http://example.com/,27.900000,0.000000,45,130,180,280,670,860,1000,1100,1200,1200,1200,1826,0,120.0,290.8686175250687,3.860299999359995,5013.481600006344,65.0
1778884713,100,GET,GET /api/ -> https://books.toscrape.com/,28.100000,0.000000,88,150,190,230,320,450,810,1200,1400,1400,1400,1824,0,180.0,284.36983333344153,3.7768000038340688,22392.36759999767,7848.0
1778884713,100,GET,GET /api/ -> https://docs.docker.com/,28.200000,0.000000,95,180,230,250,340,440,650,720,1200,1200,1200,1807,0,190.0,286.74958538985334,3.6982999881729484,4025.201200012816,1741.0
1778884713,100,GET,GET /api/ -> https://flask.palletsprojects.com/,28.300000,0.000000,110,170,250,270,390,480,710,930,1500,1500,1500,1807,0,200.0,290.043485611424,3.819999983534217,3113.936999987345,19667.0
1778884713,100,GET,GET /api/ -> https://github.com/ibnesayeed/linkextractor,28.000000,0.000000,83,160,200,220,320,400,500,700,1300,1300,1300,1784,0,180.0,274.8860433295108,3.872200002660975,3264.834300003713,11810.0
1778884713,100,GET,GET /api/ -> https://httpbin.org/,28.300000,0.000000,130,200,240,280,400,520,700,1400,1500,1500,1500,1818,0,230.0,315.08856281663503,27.90879999520257,3991.264400014188,313.0
1778884713,100,GET,GET /api/ -> https://locust.io/,28.100000,0.000000,87,150,200,250,360,460,730,1200,1500,1500,1500,1795,0,180.0,266.40945370459843,3.6709999840240926,3405.2497999800835,4762.0
1778884713,100,GET,GET /api/ -> https://redis.io/,28.200000,0.000000,100,180,250,290,380,480,620,1000,1300,1300,1300,1802,0,190.0,284.43148118759956,4.073299991432577,3718.1918999995105,7221.0
1778884713,100,GET,GET /api/ -> https://training.play-with-docker.com/,28.100000,0.000000,120,180,200,230,310,430,620,1100,1600,1600,1600,1770,0,200.0,301.56854841763436,40.73959999368526,3116.780199983623,1424.0
1778884713,100,GET,GET /api/ -> https://www.python.org/,28.100000,0.000000,64,120,190,220,330,400,580,970,1400,1400,1400,1815,0,160.0,280.5774779066529,3.6954999959561974,3972.081400017487,12980.0
1778884713,100,,Aggregated,281.300000,0.000000,97,170,210,250,360,500,780,1000,1500,1600,1600,18048,0,180.0,287.51575858823173,3.6709999840240926,22392.36759999767,6781.636968085107
1778884714,100,GET,GET /api/ -> http://example.com/,28.200000,0.000000,52,130,180,270,670,850,1000,1100,1200,1200,1200,1851,0,120.0,287.74249243693964,3.860299999359995,5013.481600006344,65.0
1778884714,100,GET,GET /api/ -> https://books.toscrape.com/,28.000000,0.000000,97,150,200,230,330,480,810,1200,1400,1400,1400,1848,0,180.0,282.3664357144295,3.7768000038340688,22392.36759999767,7848.0
1778884714,100,GET,GET /api/ -> https://docs.docker.com/,27.800000,0.000000,120,180,240,250,350,480,650,720,1200,1200,1200,1838,0,190.0,284.620851033456,3.6982999881729484,4025.201200012816,1741.0
1778884714,100,GET,GET /api/ -> https://flask.palletsprojects.com/,27.800000,0.000000,120,180,250,280,400,480,710,930,1500,1500,1500,1838,0,190.0,286.96050397159684,3.819999983534217,3113.936999987345,19667.0
1778884714,100,GET,GET /api/ -> https://github.com/ibnesayeed/linkextractor,28.200000,0.000000,110,180,210,240,330,410,500,700,1300,1300,1300,1830,0,180.0,271.5029974316172,3.872200002660975,3264.834300003713,11810.0
1778884714,100,GET,GET /api/ -> https://httpbin.org/,27.800000,0.000000,140,210,250,290,410,520,700,1400,1500,1500,1500,1843,0,220.0,313.26326717343636,27.90879999520257,3991.264400014188,313.0
1778884714,100,GET,GET /api/ -> https://locust.io/,28.000000,0.000000,110,180,220,260,360,490,730,1200,1500,1500,1500,1833,0,180.0,264.00953584269797,3.6709999840240926,3405.2497999800835,4762.0
1778884714,100,GET,GET /api/ -> https://redis.io/,27.900000,0.000000,120,200,270,290,390,510,620,1000,1300,1300,1300,1835,0,180.0,281.71161547684164,4.073299991432577,3718.1918999995105,7221.0
1778884714,100,GET,GET /api/ -> https://training.play-with-docker.com/,27.700000,0.000000,130,190,220,260,320,450,620,1100,1600,1600,1600,1823,0,200.0,297.78733587445697,40.73959999368526,3116.780199983623,1424.0
1778884714,100,GET,GET /api/ -> https://www.python.org/,28.000000,0.000000,78,130,190,220,340,400,580,970,1400,1400,1400,1840,0,160.0,278.0176365763707,3.6954999959561974,3972.081400017487,12980.0
1778884714,100,,Aggregated,279.400000,0.000000,110,180,220,260,370,510,780,1000,1500,1600,1600,18379,0,180.0,284.80737810001614,3.6709999840240926,22392.36759999767,6780.505740247021
1778884715,100,GET,GET /api/ -> http://example.com/,28.000000,0.000000,30,57,95,110,170,270,430,480,780,780,780,1874,0,120.0,284.4386570975591,3.860299999359995,5013.481600006344,65.0
1778884715,100,GET,GET /api/ -> https://books.toscrape.com/,28.100000,0.000000,74,130,160,190,270,360,430,630,780,780,780,1872,0,170.0,279.2315891561169,3.7768000038340688,22392.36759999767,7848.0
1778884715,100,GET,GET /api/ -> https://docs.docker.com/,27.700000,0.000000,90,170,200,240,320,480,650,720,750,750,750,1870,0,180.0,280.31495106921665,3.6982999881729484,4025.201200012816,1741.0
1778884715,100,GET,GET /api/ -> https://flask.palletsprojects.com/,27.600000,0.000000,88,140,190,240,370,460,610,790,930,930,930,1870,0,190.0,282.63734898383336,3.819999983534217,3113.936999987345,19667.0
1778884715,100,GET,GET /api/ -> https://github.com/ibnesayeed/linkextractor,28.000000,0.000000,91,160,190,220,300,390,480,540,700,700,700,1870,0,180.0,266.6035149196651,3.872200002660975,3264.834300003713,11810.0
1778884715,100,GET,GET /api/ -> https://httpbin.org/,27.700000,0.000000,120,180,210,230,350,460,560,620,820,820,820,1871,0,220.0,309.906054783894,27.90879999520257,3991.264400014188,313.0
1778884715,100,GET,GET /api/ -> https://locust.io/,27.500000,0.000000,87,140,200,240,320,420,580,630,840,840,840,1870,0,170.0,259.4993696789902,3.6709999840240926,3405.2497999800835,4762.0
1778884715,100,GET,GET /api/ -> https://redis.io/,27.500000,0.000000,98,180,250,280,380,470,590,680,1000,1000,1000,1870,0,180.0,277.09230000004084,4.073299991432577,3718.1918999995105,7221.0
1778884715,100,GET,GET /api/ -> https://training.play-with-docker.com/,28.300000,0.000000,110,170,190,220,300,360,570,620,810,810,810,1867,0,190.0,292.72266272045164,40.73959999368526,3116.780199983623,1424.0
1778884715,100,GET,GET /api/ -> https://www.python.org/,27.800000,0.000000,49,88,130,160,240,340,400,590,970,970,970,1871,0,160.0,273.9650293428887,3.6954999959561974,3972.081400017487,12980.0
1778884715,100,,Aggregated,278.200000,0.000000,86,140,190,220,310,410,560,670,930,1000,1000,18705,0,180.0,280.64107908581497,3.6709999840240926,22392.36759999767,6782.6221331194865
1778884718,100,GET,GET /api/ -> http://example.com/,27.500000,0.000000,72,140,180,200,300,370,480,650,1400,1400,1400,1965,0,130.0,282.25032320656663,3.860299999359995,5013.481600006344,65.0
1778884718,100,GET,GET /api/ -> https://books.toscrape.com/,27.700000,0.000000,100,160,210,220,310,410,630,780,1400,1400,1400,1958,0,170.0,277.27706777333213,3.7768000038340688,22392.36759999767,7848.0
1778884718,100,GET,GET /api/ -> https://docs.docker.com/,28.100000,0.000000,84,160,200,230,290,390,620,650,1500,1500,1500,1890,0,180.0,279.8486830156035,3.6982999881729484,4025.201200012816,1741.0
1778884718,100,GET,GET /api/ -> https://flask.palletsprojects.com/,28.300000,0.000000,70,120,130,170,250,370,470,550,930,930,930,1881,0,190.0,281.69788814449714,3.819999983534217,3113.936999987345,19667.0
1778884718,100,GET,GET /api/ -> https://github.com/ibnesayeed/linkextractor,29.100000,0.000000,70,130,160,180,270,360,480,500,680,680,680,1871,0,180.0,266.5261145375514,3.872200002660975,3264.834300003713,11810.0
1778884718,100,GET,GET /api/ -> https://httpbin.org/,27.900000,0.000000,130,190,230,260,360,490,590,700,1500,1500,1500,1940,0,220.0,307.4652804126279,27.90879999520257,3991.264400014188,313.0
1778884718,100,GET,GET /api/ -> https://locust.io/,28.900000,0.000000,69,120,140,180,260,370,460,580,630,630,630,1874,0,170.0,259.2336237458527,3.6709999840240926,3405.2497999800835,4762.0
1778884718,100,GET,GET /api/ -> https://redis.io/,28.500000,0.000000,69,140,180,230,310,400,550,620,750,750,750,1877,0,180.0,276.6434930741093,4.073299991432577,3718.1918999995105,7221.0
1778884718,100,GET,GET /api/ -> https://training.play-with-docker.com/,29.100000,0.000000,110,150,180,210,290,360,610,1500,1500,1500,1500,1870,0,190.0,294.609538876507,40.73959999368526,3116.780199983623,1424.0
1778884718,100,GET,GET /api/ -> https://www.python.org/,28.100000,0.000000,60,100,160,180,240,310,380,570,850,850,850,1914,0,160.0,271.54201133781993,3.6954999959561974,3972.081400017487,12980.0
1778884718,100,,Aggregated,283.200000,0.000000,84,140,180,210,290,380,550,630,1500,1500,1500,19040,0,180.0,279.7891817962262,3.6709999840240926,22392.36759999767,6747.182825630252
1778884719,100,GET,GET /api/ -> http://example.com/,22.200000,0.000000,83,160,180,210,300,370,480,650,1400,1400,1400,1967,0,130.0,282.1793262332901,3.860299999359995,5013.481600006344,65.0
1778884719,100,GET,GET /api/ -> https://books.toscrape.com/,24.900000,0.000000,120,180,220,250,370,550,770,910,1400,1400,1400,1967,0,170.0,278.2149861210907,3.7768000038340688,22392.36759999767,7848.0
1778884719,100,GET,GET /api/ -> https://docs.docker.com/,28.000000,0.000000,130,220,250,290,450,570,750,830,1500,1500,1500,1950,0,190.0,281.99368835879096,3.6982999881729484,4025.201200012816,1741.0
1778884719,100,GET,GET /api/ -> https://flask.palletsprojects.com/,28.200000,0.000000,120,190,240,290,380,480,650,730,930,930,930,1943,0,190.0,282.76257220779945,3.819999983534217,3113.936999987345,19667.0
1778884719,100,GET,GET /api/ -> https://github.com/ibnesayeed/linkextractor,28.800000,0.000000,93,140,180,200,280,390,540,570,680,680,680,1893,0,180.0,265.986082884146,3.872200002660975,3264.834300003713,11810.0
1778884719,100,GET,GET /api/ -> https://httpbin.org/,27.100000,0.000000,150,210,260,280,420,560,700,880,1500,1500,1500,1966,0,220.0,308.32495483238677,27.90879999520257,3991.264400014188,313.0
1778884719,100,GET,GET /api/ -> https://locust.io/,28.700000,0.000000,96,130,180,200,290,420,490,610,720,720,720,1902,0,170.0,258.54754553087224,3.6709999840240926,3405.2497999800835,4762.0
1778884719,100,GET,GET /api/ -> https://redis.io/,28.300000,0.000000,100,180,230,270,350,460,630,720,840,840,840,1921,0,180.0,275.7732715773835,4.073299991432577,3718.1918999995105,7221.0
1778884719,100,GET,GET /api/ -> https://training.play-with-docker.com/,28.900000,0.000000,110,160,200,230,300,400,620,1500,1500,1500,1500,1878,0,190.0,294.3790678376371,40.73959999368526,3116.780199983623,1424.0
1778884719,100,GET,GET /api/ -> https://www.python.org/,27.900000,0.000000,88,160,210,240,350,420,610,670,850,850,850,1962,0,160.0,272.4755194192157,3.6954999959561974,3972.081400017487,12980.0
1778884719,100,,Aggregated,273.000000,0.000000,110,170,220,250,360,480,630,750,1500,1500,1500,19349,0,180.0,280.1296316812298,3.6709999840240926,22392.36759999767,6781.455734146468
1778884720,100,GET,GET /api/ -> http://example.com/,28.500000,0.000000,100,170,200,240,310,400,570,650,1400,1400,1400,1970,0,130.0,281.94905705628844,3.860299999359995,5013.481600006344,65.0
1778884720,100,GET,GET /api/ -> https://books.toscrape.com/,27.900000,0.000000,140,210,230,270,380,560,780,910,1400,1400,1400,1970,0,170.0,278.12144771582615,3.7768000038340688,22392.36759999767,7848.0
1778884720,100,GET,GET /api/ -> https://docs.docker.com/,24.000000,0.000000,170,250,300,360,490,670,1000,1100,1500,1500,1500,1968,0,190.0,284.22967342463915,3.6982999881729484,4025.201200012816,1741.0
1778884720,100,GET,GET /api/ -> https://flask.palletsprojects.com/,25.200000,0.000000,130,230,290,350,450,550,740,930,1000,1000,1000,1968,0,190.0,283.8608051319673,3.819999983534217,3113.936999987345,19667.0
1778884720,100,GET,GET /api/ -> https://github.com/ibnesayeed/linkextractor,27.700000,0.000000,120,180,220,250,390,500,680,750,930,930,930,1960,0,180.0,265.3006918875059,3.872200002660975,3264.834300003713,11810.0
1778884720,100,GET,GET /api/ -> https://httpbin.org/,25.200000,0.000000,170,230,270,310,490,570,820,880,1500,1500,1500,1969,0,220.0,308.3641803455955,27.90879999520257,3991.264400014188,313.0
1778884720,100,GET,GET /api/ -> https://locust.io/,27.300000,0.000000,130,200,250,280,410,490,630,770,930,930,930,1963,0,180.0,259.0576887416112,3.6709999840240926,3405.2497999800835,4762.0
1778884720,100,GET,GET /api/ -> https://redis.io/,26.800000,0.000000,150,220,280,300,420,560,720,760,840,840,840,1966,0,180.0,276.02289369294164,4.073299991432577,3718.1918999995105,7221.0
1778884720,100,GET,GET /api/ -> https://training.play-with-docker.com/,28.200000,0.000000,150,210,270,300,410,590,740,1500,1500,1500,1500,1945,0,190.0,294.302131104939,40.73959999368526,3116.780199983623,1424.0
1778884720,100,GET,GET /api/ -> https://www.python.org/,23.800000,0.000000,120,190,230,260,370,460,670,740,980,980,980,1968,0,160.0,272.8884793701818,3.6954999959561974,3972.081400017487,12980.0
1778884720,100,,Aggregated,264.600000,0.000000,140,210,250,290,410,550,730,840,1500,1500,1500,19647,0,180.0,280.4068207767204,3.6709999840240926,22392.36759999767,6786.89179009518
1778884721,100,GET,GET /api/ -> http://example.com/,28.900000,0.000000,120,180,210,250,340,420,570,650,1400,1400,1400,1982,0,120.0,280.3214658430285,3.609500010497868,5013.481600006344,65.0
1778884721,100,GET,GET /api/ -> https://books.toscrape.com/,29.000000,0.000000,140,210,240,270,400,560,780,910,1400,1400,1400,1982,0,170.0,276.47649646832656,3.1796999974176288,22392.36759999767,7848.0
1778884721,100,GET,GET /api/ -> https://docs.docker.com/,27.200000,0.000000,170,250,320,370,490,680,1000,1100,1500,1500,1500,1981,0,190.0,282.40981776861884,3.276699979323894,4025.201200012816,1741.0
1778884721,100,GET,GET /api/ -> https://flask.palletsprojects.com/,25.400000,0.000000,130,230,300,350,450,560,740,930,1000,1000,1000,1981,0,190.0,282.0491254415509,3.1857999856583774,3113.936999987345,19667.0
1778884721,100,GET,GET /api/ -> https://github.com/ibnesayeed/linkextractor,23.300000,0.000000,110,180,220,250,390,500,680,750,930,930,930,1978,0,180.0,263.2287807884718,3.253300004871562,3264.834300003713,11810.0
1778884721,100,GET,GET /api/ -> https://httpbin.org/,28.600000,0.000000,180,230,280,330,500,580,820,880,1500,1500,1500,1981,0,220.0,306.8494004545489,27.90879999520257,3991.264400014188,313.0
1778884721,100,GET,GET /api/ -> https://locust.io/,22.600000,0.000000,120,200,250,290,410,490,630,770,930,930,930,1979,0,180.0,257.2303070741789,3.180700005032122,3405.2497999800835,4762.0
1778884721,100,GET,GET /api/ -> https://redis.io/,23.300000,0.000000,150,220,280,300,420,560,720,760,840,840,840,1981,0,180.0,274.07065194367175,3.489800001261756,3718.1918999995105,7221.0
1778884721,100,GET,GET /api/ -> https://training.play-with-docker.com/,24.300000,0.000000,140,210,260,290,400,570,740,1500,1500,1500,1500,1977,0,190.0,291.2715710162234,40.73959999368526,3116.780199983623,1424.0
1778884721,100,GET,GET /api/ -> https://www.python.org/,28.300000,0.000000,120,190,240,280,380,490,670,740,980,980,980,1981,0,160.0,271.16177269086126,3.495900018606335,3972.081400017487,12980.0
1778884721,100,,Aggregated,260.900000,0.000000,140,210,260,290,420,560,740,850,1500,1500,1500,19803,0,180.0,278.5088130737988,3.1796999974176288,22392.36759999767,6783.339595010857
1778884722,100,GET,GET /api/ -> http://example.com/,27.400000,0.000000,79,160,190,240,300,380,480,570,1400,1400,1400,2032,0,120.0,274.39990413427216,3.609500010497868,5013.481600006344,65.0
1778884722,100,GET,GET /api/ -> https://books.toscrape.com/,27.300000,0.000000,120,170,220,230,370,560,780,910,1400,1400,1400,2024,0,170.0,272.2747257906556,3.1796999974176288,22392.36759999767,7848.0
1778884722,100,GET,GET /api/ -> https://docs.docker.com/,27.200000,0.000000,140,230,290,360,490,670,1000,1100,1500,1500,1500,2010,0,180.0,279.2765833829403,3.276699979323894,4025.201200012816,1741.0
1778884722,100,GET,GET /api/ -> https://flask.palletsprojects.com/,26.900000,0.000000,120,210,280,350,450,550,740,930,1000,1000,1000,2005,0,190.0,279.43744149613264,3.1857999856583774,3113.936999987345,19667.0
1778884722,100,GET,GET /api/ -> https://github.com/ibnesayeed/linkextractor,23.900000,0.000000,100,160,210,240,390,500,680,750,930,930,930,1998,0,170.0,261.27713223204876,3.253300004871562,3264.834300003713,11810.0
1778884722,100,GET,GET /api/ -> https://httpbin.org/,27.300000,0.000000,140,200,260,300,490,570,820,880,1500,1500,1500,2020,0,220.0,303.1338730200233,27.90879999520257,3991.264400014188,313.0
1778884722,100,GET,GET /api/ -> https://locust.io/,25.500000,0.000000,110,190,240,280,380,490,630,770,930,930,930,1999,0,170.0,255.24169834911123,3.180700005032122,3405.2497999800835,4762.0
1778884722,100,GET,GET /api/ -> https://redis.io/,26.400000,0.000000,120,210,270,290,420,560,700,760,840,840,840,2001,0,180.0,271.94444677684976,3.489800001261756,3718.1918999995105,7221.0
1778884722,100,GET,GET /api/ -> https://training.play-with-docker.com/,21.500000,0.000000,130,190,260,280,400,540,740,1500,1500,1500,1500,1993,0,190.0,289.7340754135005,40.73959999368526,3116.780199983623,1424.0
1778884722,100,GET,GET /api/ -> https://www.python.org/,27.300000,0.000000,96,170,210,250,370,460,610,670,980,980,980,2016,0,160.0,267.3383668158446,3.495900018606335,3972.081400017487,12980.0
1778884722,100,,Aggregated,260.700000,0.000000,120,180,240,280,400,540,720,880,1500,1500,1500,20098,0,180.0,275.421830008006,3.1796999974176288,22392.36759999767,6774.355060204995
1778884723,100,GET,GET /api/ -> http://example.com/,24.200000,0.000000,73,150,180,210,300,360,460,570,1400,1400,1400,2073,0,120.0,270.82377684558594,3.609500010497868,5013.481600006344,65.0
1778884723,100,GET,GET /api/ -> https://books.toscrape.com/,24.300000,0.000000,120,170,210,230,350,500,770,910,1400,1400,1400,2064,0,170.0,270.07304433152956,3.1796999974176288,22392.36759999767,7848.0
1778884723,100,GET,GET /api/ -> https://docs.docker.com/,25.000000,0.000000,120,200,290,350,480,670,1000,1100,1500,1500,1500,2042,0,180.0,277.1478731633699,3.276699979323894,4025.201200012816,1741.0
1778884723,100,GET,GET /api/ -> https://flask.palletsprojects.com/,25.200000,0.000000,120,210,280,320,450,550,730,920,1000,1000,1000,2040,0,190.0,277.86022215672455,3.1857999856583774,3113.936999987345,19667.0
1778884723,100,GET,GET /api/ -> https://github.com/ibnesayeed/linkextractor,25.600000,0.000000,100,150,190,230,380,490,660,750,930,930,930,2024,0,170.0,259.83078656109024,3.253300004871562,3264.834300003713,11810.0
1778884723,100,GET,GET /api/ -> https://httpbin.org/,24.500000,0.000000,140,180,230,270,400,560,750,880,1500,1500,1500,2054,0,220.0,301.1463158717045,27.90879999520257,3991.264400014188,313.0
1778884723,100,GET,GET /api/ -> https://locust.io/,25.500000,0.000000,100,170,210,260,360,470,610,770,930,930,930,2029,0,170.0,253.42521887617883,3.180700005032122,3405.2497999800835,4762.0
1778884723,100,GET,GET /api/ -> https://redis.io/,25.400000,0.000000,100,170,230,270,370,490,700,760,840,840,840,2035,0,180.0,269.93374486514756,3.489800001261756,3718.1918999995105,7221.0
1778884723,100,GET,GET /api/ -> https://training.play-with-docker.com/,25.700000,0.000000,130,180,260,290,400,590,740,1500,1500,1500,1500,2016,0,190.0,288.8402982634366,40.73959999368526,3116.780199983623,1424.0
1778884723,100,GET,GET /api/ -> https://www.python.org/,24.700000,0.000000,90,160,200,230,370,490,610,670,980,980,980,2049,0,150.0,264.88089887790346,3.495900018606335,3972.081400017487,12980.0
1778884723,100,,Aggregated,250.100000,0.000000,110,170,230,260,380,510,700,840,1500,1500,1500,20426,0,170.0,273.4078748115592,3.1796999974176288,22392.36759999767,6774.640066581807
1778884724,100,GET,GET /api/ -> http://example.com/,23.500000,0.000000,79,160,190,220,300,370,460,570,1400,1400,1400,2096,0,110.0,269.0456587790031,3.609500010497868,5013.481600006344,65.0
1778884724,100,GET,GET /api/ -> https://books.toscrape.com/,24.300000,0.000000,130,190,230,270,380,560,780,910,1400,1400,1400,2091,0,170.0,269.9369393592626,3.1796999974176288,22392.36759999767,7848.0
1778884724,100,GET,GET /api/ -> https://docs.docker.com/,24.700000,0.000000,140,230,290,350,480,670,1000,1100,1500,1500,1500,2078,0,180.0,275.22793426351507,3.276699979323894,4025.201200012816,1741.0
1778884724,100,GET,GET /api/ -> https://flask.palletsprojects.com/,25.100000,0.000000,150,240,300,340,450,550,730,920,1000,1000,1000,2070,0,190.0,276.56699772934024,3.1857999856583774,3113.936999987345,19667.0
1778884724,100,GET,GET /api/ -> https://github.com/ibnesayeed/linkextractor,25.500000,0.000000,110,160,220,240,370,500,660,750,930,930,930,2055,0,170.0,258.17937586352303,3.253300004871562,3264.834300003713,11810.0
1778884724,100,GET,GET /api/ -> https://httpbin.org/,24.600000,0.000000,150,200,260,280,420,560,750,880,1500,1500,1500,2084,0,220.0,300.1180520635804,27.90879999520257,3991.264400014188,313.0
1778884724,100,GET,GET /api/ -> https://locust.io/,25.700000,0.000000,110,180,220,280,380,490,610,770,930,930,930,2059,0,170.0,252.00598071873037,3.180700005032122,3405.2497999800835,4762.0
1778884724,100,GET,GET /api/ -> https://redis.io/,25.500000,0.000000,120,190,230,270,380,490,700,760,840,840,840,2064,0,180.0,268.6228807173351,3.489800001261756,3718.1918999995105,7221.0
1778884724,100,GET,GET /api/ -> https://training.play-with-docker.com/,26.100000,0.000000,140,210,280,310,420,640,740,1500,1500,1500,1500,2047,0,190.0,287.9058471417069,40.73959999368526,3116.780199983623,1424.0
1778884724,100,GET,GET /api/ -> https://www.python.org/,24.500000,0.000000,110,180,230,250,380,500,610,670,980,980,980,2080,0,150.0,263.5987395677008,3.495900018606335,3972.081400017487,12980.0
1778884724,100,,Aggregated,249.500000,0.000000,130,190,240,280,400,520,710,840,1500,1500,1500,20724,0,170.0,272.13503180374124,3.1796999974176288,22392.36759999767,6775.678826481374
1778884725,100,GET,GET /api/ -> http://example.com/,24.700000,0.000000,79,160,190,220,300,370,460,640,1400,1400,1400,2119,0,110.0,267.4056186884698,3.609500010497868,5013.481600006344,65.0
1778884725,100,GET,GET /api/ -> https://books.toscrape.com/,23.900000,0.000000,130,180,220,270,380,500,770,910,1400,1400,1400,2116,0,170.0,268.66352088854603,3.1796999974176288,22392.36759999767,7848.0
1778884725,100,GET,GET /api/ -> https://docs.docker.com/,25.000000,0.000000,130,220,260,310,470,670,840,1100,1500,1500,1500,2107,0,180.0,273.55095306104465,3.276699979323894,4025.201200012816,1741.0
1778884725,100,GET,GET /api/ -> https://flask.palletsprojects.com/,25.100000,0.000000,150,220,270,310,420,520,670,920,1000,1000,1000,2104,0,180.0,274.43212637821205,3.1857999856583774,3113.936999987345,19667.0
1778884725,100,GET,GET /api/ -> https://github.com/ibnesayeed/linkextractor,26.100000,0.000000,100,160,220,240,370,490,630,750,930,930,930,2094,0,170.0,256.01825797491995,3.253300004871562,3264.834300003713,11810.0
1778884725,100,GET,GET /api/ -> https://httpbin.org/,24.300000,0.000000,150,210,260,280,400,520,610,880,1500,1500,1500,2113,0,210.0,298.6448790348018,27.90879999520257,3991.264400014188,313.0
1778884725,100,GET,GET /api/ -> https://locust.io/,25.900000,0.000000,120,180,220,270,380,470,590,770,930,930,930,2098,0,170.0,250.68702507143792,3.180700005032122,3405.2497999800835,4762.0
1778884725,100,GET,GET /api/ -> https://redis.io/,25.800000,0.000000,120,180,210,250,360,470,680,760,840,840,840,2101,0,170.0,266.30074726349505,3.489800001261756,3718.1918999995105,7221.0
1778884725,100,GET,GET /api/ -> https://training.play-with-docker.com/,25.200000,0.000000,140,210,280,300,410,610,690,1500,1500,1500,1500,2087,0,190.0,286.1302808812463,40.73959999368526,3116.780199983623,1424.0
1778884725,100,GET,GET /api/ -> https://www.python.org/,24.700000,0.000000,110,170,220,250,370,490,610,670,980,980,980,2110,0,150.0,261.4891310904249,3.495900018606335,3972.081400017487,12980.0
1778884725,100,,Aggregated,250.700000,0.000000,130,190,240,270,380,500,680,830,1500,1500,1500,21049,0,170.0,270.3394765167415,3.1796999974176288,22392.36759999767,6779.65471043755
1778884726,100,GET,GET /api/ -> http://example.com/,25.500000,0.000000,74,140,180,200,300,370,460,640,1400,1400,1400,2150,0,110.0,264.1190387910844,3.609500010497868,5013.481600006344,65.0
1778884726,100,GET,GET /api/ -> https://books.toscrape.com/,25.300000,0.000000,130,180,220,270,380,500,770,910,1400,1400,1400,2148,0,160.0,265.9806760242869,3.1796999974176288,22392.36759999767,7848.0
1778884726,100,GET,GET /api/ -> https://docs.docker.com/,25.300000,0.000000,140,210,260,300,460,600,840,1100,1500,1500,1500,2139,0,180.0,270.7706977090898,3.276699979323894,4025.201200012816,1741.0
1778884726,100,GET,GET /api/ -> https://flask.palletsprojects.com/,24.900000,0.000000,150,210,270,300,420,520,670,920,1000,1000,1000,2138,0,180.0,271.35452170240404,3.1857999856583774,3113.936999987345,19667.0
1778884726,100,GET,GET /api/ -> https://github.com/ibnesayeed/linkextractor,24.900000,0.000000,110,160,220,240,360,470,630,750,930,930,930,2132,0,170.0,252.87669394910074,3.253300004871562,3264.834300003713,11810.0
1778884726,100,GET,GET /api/ -> https://httpbin.org/,25.600000,0.000000,150,210,260,280,390,520,610,880,1500,1500,1500,2145,0,210.0,296.0012537997926,27.90879999520257,3991.264400014188,313.0
1778884726,100,GET,GET /api/ -> https://locust.io/,24.400000,0.000000,120,170,220,260,380,450,590,770,930,930,930,2137,0,160.0,247.55249602242006,3.180700005032122,3405.2497999800835,4762.0
1778884726,100,GET,GET /api/ -> https://redis.io/,24.800000,0.000000,130,190,220,250,360,470,680,760,840,840,840,2137,0,170.0,263.3509886292186,3.489800001261756,3718.1918999995105,7221.0
1778884726,100,GET,GET /api/ -> https://training.play-with-docker.com/,25.400000,0.000000,150,220,280,300,400,590,690,1500,1500,1500,1500,2128,0,190.0,282.98890291309937,40.73959999368526,3116.780199983623,1424.0
1778884726,100,GET,GET /api/ -> https://www.python.org/,25.100000,0.000000,98,160,210,230,370,460,610,670,980,980,980,2144,0,150.0,258.06709356384636,3.495900018606335,3972.081400017487,12980.0
1778884726,100,,Aggregated,251.200000,0.000000,130,190,230,270,380,500,670,830,1500,1500,1500,21398,0,170.0,267.3086128096579,3.1796999974176288,22392.36759999767,6780.384475184596
1778884727,100,GET,GET /api/ -> http://example.com/,25.200000,0.000000,44,68,84,97,160,240,320,440,640,640,640,2185,0,110.0,260.689288604492,3.609500010497868,5013.481600006344,65.0
1778884727,100,GET,GET /api/ -> https://books.toscrape.com/,25.100000,0.000000,93,140,180,220,360,500,710,780,910,910,910,2182,0,160.0,262.6189422548611,3.1796999974176288,22392.36759999767,7848.0
1778884727,100,GET,GET /api/ -> https://docs.docker.com/,24.800000,0.000000,120,180,250,290,450,600,830,1000,1100,1100,1100,2172,0,170.0,267.5318493552879,3.276699979323894,4025.201200012816,1741.0
1778884727,100,GET,GET /api/ -> https://flask.palletsprojects.com/,24.300000,0.000000,130,200,250,290,380,510,670,920,1000,1000,1000,2170,0,180.0,268.19646046066407,3.1857999856583774,3113.936999987345,19667.0
1778884727,100,GET,GET /api/ -> https://github.com/ibnesayeed/linkextractor,24.000000,0.000000,100,140,190,230,330,470,630,750,930,930,930,2167,0,160.0,249.75843793242169,3.253300004871562,3264.834300003713,11810.0
1778884727,100,GET,GET /api/ -> https://httpbin.org/,25.400000,0.000000,150,200,250,270,390,520,590,830,1100,1100,1100,2177,0,210.0,293.191538126143,27.90879999520257,3991.264400014188,313.0
1778884727,100,GET,GET /api/ -> https://locust.io/,24.500000,0.000000,110,150,210,240,360,440,590,770,930,930,930,2168,0,160.0,244.79317283208977,3.180700005032122,3405.2497999800835,4762.0
1778884727,100,GET,GET /api/ -> https://redis.io/,24.900000,0.000000,110,170,210,240,350,440,680,760,840,840,840,2169,0,170.0,260.22016076566337,3.489800001261756,3718.1918999995105,7221.0
1778884727,100,GET,GET /api/ -> https://training.play-with-docker.com/,23.800000,0.000000,130,180,260,290,360,540,650,690,1300,1300,1300,2165,0,180.0,279.8118955653734,40.73959999368526,3116.780199983623,1424.0
1778884727,100,GET,GET /api/ -> https://www.python.org/,25.000000,0.000000,85,140,190,230,370,460,610,670,980,980,980,2175,0,140.0,254.92093733376717,3.495900018606335,3972.081400017487,12980.0
1778884727,100,,Aggregated,247.000000,0.000000,110,160,210,250,360,480,650,770,1100,1300,1300,21730,0,170.0,264.17789034059484,3.1796999974176288,22392.36759999767,6778.633179935573
1778884728,100,GET,GET /api/ -> http://example.com/,26.200000,0.000000,42,65,78,92,140,200,310,430,640,640,640,2221,0,100,257.3287408828915,3.609500010497868,5013.481600006344,65.0
1778884728,100,GET,GET /api/ -> https://books.toscrape.com/,26.400000,0.000000,81,130,150,170,290,340,460,500,810,810,810,2216,0,160.0,259.96816389890773,3.1796999974176288,22392.36759999767,7848.0
1778884728,100,GET,GET /api/ -> https://docs.docker.com/,25.600000,0.000000,96,140,170,190,290,460,800,1000,1100,1100,1100,2210,0,170.0,264.59202321252326,3.276699979323894,4025.201200012816,1741.0
1778884728,100,GET,GET /api/ -> https://flask.palletsprojects.com/,25.500000,0.000000,100,160,190,220,320,420,670,920,1000,1000,1000,2208,0,170.0,265.0571934327936,3.1857999856583774,3113.936999987345,19667.0
1778884728,100,GET,GET /api/ -> https://github.com/ibnesayeed/linkextractor,24.600000,0.000000,92,140,180,220,290,400,570,700,930,930,930,2191,0,160.0,248.0287103146903,3.253300004871562,3264.834300003713,11810.0
1778884728,100,GET,GET /api/ -> https://httpbin.org/,26.100000,0.000000,120,160,190,210,280,370,500,560,830,830,830,2213,0,200.0,290.49116588366036,27.90879999520257,3991.264400014188,313.0
1778884728,100,GET,GET /api/ -> https://locust.io/,25.000000,0.000000,100,140,200,220,330,420,530,720,930,930,930,2195,0,160.0,242.84756906605844,3.180700005032122,3405.2497999800835,4762.0
1778884728,100,GET,GET /api/ -> https://redis.io/,25.100000,0.000000,100,150,190,220,310,420,660,720,840,840,840,2203,0,160.0,257.58453209295675,3.489800001261756,3718.1918999995105,7221.0
1778884728,100,GET,GET /api/ -> https://training.play-with-docker.com/,24.500000,0.000000,130,180,230,270,340,470,640,680,1300,1300,1300,2189,0,180.0,278.19898195479175,40.73959999368526,3116.780199983623,1424.0
1778884728,100,GET,GET /api/ -> https://www.python.org/,26.000000,0.000000,50,87,120,130,210,350,430,550,980,980,980,2211,0,140.0,251.670758978275,3.495900018606335,3972.081400017487,12980.0
1778884728,100,,Aggregated,255.000000,0.000000,93,130,170,200,300,400,570,700,1100,1300,1300,22057,0,160.0,261.5872444757229,3.1796999974176288,22392.36759999767,6780.279593779753
1778884729,100,GET,GET /api/ -> http://example.com/,29.100000,0.000000,46,68,85,98,150,200,310,430,640,640,640,2260,0,100,254.43321743406216,3.609500010497868,5013.481600006344,65.0
1778884729,100,GET,GET /api/ -> https://books.toscrape.com/,29.200000,0.000000,88,130,150,170,280,340,450,500,810,810,810,2254,0,160.0,257.9483854924345,3.1796999974176288,22392.36759999767,7848.0
1778884729,100,GET,GET /api/ -> https://docs.docker.com/,29.100000,0.000000,92,130,150,160,220,260,360,400,460,460,460,2244,0,170.0,262.2018924686502,3.276699979323894,4025.201200012816,1741.0
1778884729,100,GET,GET /api/ -> https://flask.palletsprojects.com/,29.100000,0.000000,88,120,160,180,250,300,370,450,570,570,570,2240,0,170.0,263.1631532587172,3.1857999856583774,3113.936999987345,19667.0
1778884729,100,GET,GET /api/ -> https://github.com/ibnesayeed/linkextractor,28.500000,0.000000,77,130,150,170,260,320,510,630,930,930,930,2221,0,160.0,246.08319756846808,3.253300004871562,3264.834300003713,11810.0
1778884729,100,GET,GET /api/ -> https://httpbin.org/,29.100000,0.000000,120,150,180,200,270,330,400,450,560,560,560,2250,0,200.0,287.7574592447038,27.90879999520257,3991.264400014188,313.0
1778884729,100,GET,GET /api/ -> https://locust.io/,28.700000,0.000000,90,120,140,160,240,310,420,520,590,590,590,2226,0,150.0,241.07871684639568,3.180700005032122,3405.2497999800835,4762.0
1778884729,100,GET,GET /api/ -> https://redis.io/,29.000000,0.000000,83,120,150,170,230,300,380,420,500,500,500,2231,0,160.0,256.0116422683746,3.489800001261756,3718.1918999995105,7221.0
1778884729,100,GET,GET /api/ -> https://training.play-with-docker.com/,28.300000,0.000000,130,170,200,230,300,360,540,610,690,690,690,2217,0,180.0,276.794921154311,40.73959999368526,3116.780199983623,1424.0
1778884729,100,GET,GET /api/ -> https://www.python.org/,29.100000,0.000000,49,84,110,130,190,240,360,500,550,550,550,2247,0,140.0,248.86525131328747,3.495900018606335,3972.081400017487,12980.0
1778884729,100,,Aggregated,289.200000,0.000000,87,120,150,170,240,310,410,490,690,930,930,22390,0,160.0,259.4445763689675,3.1796999974176288,22392.36759999767,6778.23881196963
