Timestamp,User Count,Type,Name,Requests/s,Failures/s,50%,66%,75%,80%,90%,95%,98%,99%,99.9%,99.99%,100%,Total Request Count,Total Failure Count,Total Median Response Time,Total Average Response Time,Total Min Response Time,Total Max Response Time,Total Average Content Size
1778883699,0,,Aggregated,0.000000,0.000000,N/A,N/A,N/A,N/A,N/A,N/A,N/A,N/A,N/A,N/A,N/A,0,0,0,0.0,0,0,0
1778883700,5,GET,GET /api/ -> http://example.com/,0.000000,0.000000,0,0,0,0,0,0,0,0,0,0,0,5,0,550.0,555.4854599991813,548.1687000137754,570.9470000001602,68.0
1778883700,5,,Aggregated,0.000000,0.000000,0,0,0,0,0,0,0,0,0,0,0,5,0,550.0,555.4854599991813,548.1687000137754,570.9470000001602,68.0
1778883701,15,GET,GET /api/ -> http://example.com/,0.000000,0.000000,25,26,26,29,29,29,29,29,29,29,29,10,0,29,289.3484999978682,14.322399976663291,570.9470000001602,68.0
1778883701,15,,Aggregated,0.000000,0.000000,25,26,26,29,29,29,29,29,29,29,29,10,0,29,289.3484999978682,14.322399976663291,570.9470000001602,68.0
1778883702,20,GET,GET /api/ -> http://example.com/,5.000000,0.000000,58,63,76,78,83,83,83,83,83,83,83,15,0,76,216.785986663308,14.322399976663291,570.9470000001602,68.0
1778883702,20,GET,GET /api/ -> https://books.toscrape.com/,0.000000,0.000000,0,0,0,0,0,0,0,0,0,0,0,15,0,1400.0,962.0272733309927,26.541100000031292,1540.8768000197597,8223.0
1778883702,20,GET,GET /api/ -> https://httpbin.org/,0.000000,0.000000,0,0,0,0,0,0,0,0,0,0,0,12,0,660.0,660.7764666696312,591.5854999911971,723.0834000220057,332.0
1778883702,20,,Aggregated,5.000000,0.000000,640,690,1100,1400,1500,1500,1500,1500,1500,1500,1500,42,0,590.0,609.7980119035734,14.322399976663291,1540.8768000197597,3055.9285714285716
1778883703,25,GET,GET /api/ -> http://example.com/,5.000000,0.000000,43,50,63,76,78,83,83,83,83,83,83,20,0,50,172.78457499778597,14.322399976663291,570.9470000001602,68.0
1778883703,25,GET,GET /api/ -> https://books.toscrape.com/,0.000000,0.000000,61,63,63,64,64,64,64,64,64,64,64,20,0,64,736.0898799990537,26.541100000031292,1540.8768000197597,8223.0
1778883703,25,GET,GET /api/ -> https://httpbin.org/,0.000000,0.000000,0,0,0,0,0,0,0,0,0,0,0,20,0,610.0,491.46344999899156,19.319399987580255,723.0834000220057,332.0
1778883703,25,GET,GET /api/ -> https://www.python.org/,0.000000,0.000000,0,0,0,0,0,0,0,0,0,0,0,14,0,1200.0,1060.0333857104747,617.9275000176858,1241.7424999875948,14427.0
1778883703,25,,Aggregated,5.000000,0.000000,610,710,1200,1200,1500,1500,1500,1500,1500,1500,1500,74,0,570.0,579.0165608089632,14.322399976663291,1540.8768000197597,5059.972972972973
1778883704,30,GET,GET /api/ -> http://example.com/,5.000000,0.000000,58,78,280,290,300,330,330,330,330,330,330,25,0,76,198.38354000006802,14.322399976663291,570.9470000001602,68.0
1778883704,30,GET,GET /api/ -> https://books.toscrape.com/,5.000000,0.000000,92,99,120,130,140,140,140,140,140,140,140,25,0,120.0,612.0618199999444,26.541100000031292,1540.8768000197597,8223.0
1778883704,30,GET,GET /api/ -> https://docs.docker.com/,0.000000,0.000000,0,0,0,0,0,0,0,0,0,0,0,6,0,1100.0,1074.0052833328566,972.6696999859996,1236.7239999875892,1856.0
1778883704,30,GET,GET /api/ -> https://httpbin.org/,0.000000,0.000000,91,99,99,190,190,190,190,190,190,190,190,25,0,590.0,414.5127560000401,19.319399987580255,723.0834000220057,332.0
1778883704,30,GET,GET /api/ -> https://www.python.org/,0.000000,0.000000,0,0,0,0,0,0,0,0,0,0,0,24,0,1200.0,991.9747375000346,51.29750000196509,1358.96490002051,14427.0
1778883704,30,,Aggregated,10.000000,0.000000,570,720,1200,1200,1300,1500,1500,1500,1500,1500,1500,105,0,560.0,579.7655076190408,14.322399976663291,1540.8768000197597,5456.752380952381
1778883705,35,GET,GET /api/ -> http://example.com/,5.000000,0.000000,76,290,300,400,420,430,430,430,430,430,430,30,0,83,235.2155300012479,14.322399976663291,570.9470000001602,68.0
1778883705,35,GET,GET /api/ -> https://books.toscrape.com/,5.000000,0.000000,99,120,130,140,150,160,160,160,160,160,160,30,0,120.0,531.6365766659146,26.541100000031292,1540.8768000197597,8223.0
1778883705,35,GET,GET /api/ -> https://docs.docker.com/,0.000000,0.000000,0,0,0,0,0,0,0,0,0,0,0,30,0,1100.0,889.319630000197,69.01040000957437,1580.0380000146106,1856.0
1778883705,35,GET,GET /api/ -> https://flask.palletsprojects.com/,0.000000,0.000000,0,0,0,0,0,0,0,0,0,0,0,6,0,180.0,423.2577166694682,149.69980000751093,969.979899993632,20936.0
1778883705,35,GET,GET /api/ -> https://httpbin.org/,5.000000,0.000000,89,91,99,120,190,190,190,190,190,190,190,30,0,190.0,358.34125666685094,19.319399987580255,723.0834000220057,332.0
1778883705,35,GET,GET /api/ -> https://www.python.org/,0.000000,0.000000,41,320,480,490,580,580,580,580,580,580,580,30,0,1000.0,819.2024666670477,30.477499996777624,1358.96490002051,14427.0
1778883705,35,,Aggregated,15.000000,0.000000,410,710,1100,1200,1400,1500,1500,1500,1600,1600,1600,156,0,430.0,561.2244237182985,14.322399976663291,1580.0380000146106,5594.846153846154
1778883706,40,GET,GET /api/ -> http://example.com/,5.000000,0.000000,83,300,400,410,430,570,630,630,630,630,630,33,0,290.0,260.33627272893983,14.322399976663291,633.9370000059716,68.0
1778883706,40,GET,GET /api/ -> https://books.toscrape.com/,5.000000,0.000000,99,120,130,140,150,160,160,160,160,160,160,30,0,120.0,531.6365766659146,26.541100000031292,1540.8768000197597,8223.0
1778883706,40,GET,GET /api/ -> https://docs.docker.com/,0.000000,0.000000,97,120,120,140,140,140,140,140,140,140,140,30,0,1100.0,889.319630000197,69.01040000957437,1580.0380000146106,1856.0
1778883706,40,GET,GET /api/ -> https://flask.palletsprojects.com/,0.000000,0.000000,0,0,0,0,0,0,0,0,0,0,0,13,0,290.0,710.4716230734574,149.69980000751093,1747.2707999986596,20936.0
1778883706,40,GET,GET /api/ -> https://httpbin.org/,4.800000,0.000000,89,91,99,120,190,190,190,190,190,190,190,30,0,190.0,358.34125666685094,19.319399987580255,723.0834000220057,332.0
1778883706,40,GET,GET /api/ -> https://www.python.org/,4.200000,0.000000,41,320,480,490,580,580,580,580,580,580,580,30,0,1000.0,819.2024666670477,30.477499996777624,1358.96490002051,14427.0
1778883706,40,,Aggregated,19.000000,0.000000,420,720,1100,1200,1400,1500,1500,1600,1700,1700,1700,166,0,430.0,577.001361445845,14.322399976663291,1747.2707999986596,6141.879518072289
1778883707,45,GET,GET /api/ -> http://example.com/,5.000000,0.000000,83,300,400,410,430,570,630,630,630,630,630,33,0,290.0,260.33627272893983,14.322399976663291,633.9370000059716,68.0
1778883707,45,GET,GET /api/ -> https://books.toscrape.com/,5.000000,0.000000,99,120,130,140,150,160,160,160,160,160,160,30,0,120.0,531.6365766659146,26.541100000031292,1540.8768000197597,8223.0
1778883707,45,GET,GET /api/ -> https://docs.docker.com/,0.000000,0.000000,97,120,120,140,140,140,140,140,140,140,140,30,0,1100.0,889.319630000197,69.01040000957437,1580.0380000146106,1856.0
1778883707,45,GET,GET /api/ -> https://flask.palletsprojects.com/,0.000000,0.000000,1700,1700,1700,1700,1700,1700,1700,1700,1700,1700,1700,13,0,290.0,710.4716230734574,149.69980000751093,1747.2707999986596,20936.0
1778883707,45,GET,GET /api/ -> https://httpbin.org/,4.800000,0.000000,89,91,99,120,190,190,190,190,190,190,190,30,0,190.0,358.34125666685094,19.319399987580255,723.0834000220057,332.0
1778883707,45,GET,GET /api/ -> https://www.python.org/,4.200000,0.000000,41,320,480,490,580,580,580,580,580,580,580,30,0,1000.0,819.2024666670477,30.477499996777624,1358.96490002051,14427.0
1778883707,45,,Aggregated,19.000000,0.000000,420,720,1100,1200,1400,1500,1500,1600,1700,1700,1700,166,0,430.0,577.001361445845,14.322399976663291,1747.2707999986596,6141.879518072289
1778883708,50,GET,GET /api/ -> http://example.com/,4.428571,0.000000,330,570,980,990,2000,2600,2700,2700,2700,2700,2700,45,0,410.0,633.5337844444439,14.322399976663291,2724.260699993465,68.0
1778883708,50,GET,GET /api/ -> https://books.toscrape.com/,4.285714,0.000000,130,150,280,400,2300,2500,2500,2500,2500,2500,2500,35,0,140.0,674.5595142844,26.541100000031292,2496.58529998851,8223.0
1778883708,50,GET,GET /api/ -> https://docs.docker.com/,4.285714,0.000000,97,120,120,140,140,140,140,140,140,140,140,30,0,1100.0,889.319630000197,69.01040000957437,1580.0380000146106,1856.0
1778883708,50,GET,GET /api/ -> https://flask.palletsprojects.com/,1.571429,0.000000,3500,3500,3600,3600,3800,3900,3900,3900,3900,3900,3900,30,0,3400.0,2300.062673331316,149.69980000751093,3872.629399993457,20936.0
1778883708,50,GET,GET /api/ -> https://httpbin.org/,4.285714,0.000000,89,91,99,120,190,190,190,190,190,190,190,30,0,190.0,358.34125666685094,19.319399987580255,723.0834000220057,332.0
1778883708,50,GET,GET /api/ -> https://www.python.org/,4.285714,0.000000,41,320,480,490,580,580,580,580,580,580,580,30,0,1000.0,819.2024666670477,30.477499996777624,1358.96490002051,14427.0
1778883708,50,,Aggregated,23.142857,0.000000,620,1100,1300,1400,2500,3500,3600,3800,3900,3900,3900,200,0,610.0,915.6319204995816,14.322399976663291,3872.629399993457,7086.975
1778883709,55,GET,GET /api/ -> http://example.com/,4.125000,0.000000,330,430,970,980,2000,2000,2700,2700,2700,2700,2700,50,0,390.0,604.0814259997569,14.322399976663291,2724.260699993465,68.0
1778883709,55,GET,GET /api/ -> https://books.toscrape.com/,3.750000,0.000000,190,210,250,250,2200,2300,2500,2500,2500,2500,2500,45,0,190.0,572.5552266664131,26.541100000031292,2496.58529998851,8223.0
1778883709,55,GET,GET /api/ -> https://docs.docker.com/,3.750000,0.000000,97,120,120,140,140,140,140,140,140,140,140,30,0,1100.0,889.319630000197,69.01040000957437,1580.0380000146106,1856.0
1778883709,55,GET,GET /api/ -> https://flask.palletsprojects.com/,1.625000,0.000000,3500,3500,3600,3600,3800,3900,3900,3900,3900,3900,3900,30,0,3400.0,2300.062673331316,149.69980000751093,3872.629399993457,20936.0
1778883709,55,GET,GET /api/ -> https://httpbin.org/,3.750000,0.000000,120,230,240,240,580,780,780,780,780,780,780,37,0,240.0,359.18554324323213,19.319399987580255,776.5076000068802,332.0
1778883709,55,GET,GET /api/ -> https://redis.io/,0.000000,0.000000,0,0,0,0,0,0,0,0,0,0,0,1,0,3901.3680000207387,3901.3680000207387,3901.3680000207387,3901.3680000207387,7780.0
1778883709,55,GET,GET /api/ -> https://www.python.org/,3.750000,0.000000,470,480,500,500,560,580,580,580,580,580,580,33,0,890.0,791.1028969701323,30.477499996777624,1358.96490002051,14427.0
1778883709,55,,Aggregated,20.750000,0.000000,520,1000,1200,1400,2200,3500,3600,3800,3900,3900,3900,226,0,550.0,862.6024526546748,14.322399976663291,3901.3680000207387,6873.230088495575
1778883710,60,GET,GET /api/ -> http://example.com/,3.666667,0.000000,410,590,970,980,2000,2000,2700,2700,2700,2700,2700,55,0,410.0,601.9347800005397,14.322399976663291,2724.260699993465,68.0
1778883710,60,GET,GET /api/ -> https://books.toscrape.com/,3.333333,0.000000,190,250,400,1100,1200,2300,2500,2500,2500,2500,2500,50,0,210.0,624.8996619996615,26.541100000031292,2496.58529998851,8223.0
1778883710,60,GET,GET /api/ -> https://docs.docker.com/,3.333333,0.000000,140,950,1000,1000,1000,1000,1000,1000,1000,1000,1000,33,0,1100.0,898.0019060607336,69.01040000957437,1580.0380000146106,1856.0
1778883710,60,GET,GET /api/ -> https://flask.palletsprojects.com/,1.444444,0.000000,3500,3500,3600,3600,3800,3900,3900,3900,3900,3900,3900,30,0,3400.0,2300.062673331316,149.69980000751093,3872.629399993457,20936.0
1778883710,60,GET,GET /api/ -> https://httpbin.org/,3.333333,0.000000,240,780,1000,1100,1100,1200,1200,1200,1200,1200,1200,45,0,580.0,488.0446222229188,19.319399987580255,1177.5807000230998,332.0
1778883710,60,GET,GET /api/ -> https://redis.io/,0.000000,0.000000,4600,4800,4800,4800,4800,4800,4800,4800,4800,4800,4800,6,0,4500.0,4472.310933332968,3901.3680000207387,4815.584299998591,7780.0
1778883710,60,GET,GET /api/ -> https://www.python.org/,3.333333,0.000000,540,590,590,650,870,1200,1200,1200,1200,1200,1200,44,0,650.0,776.1431613656565,30.477499996777624,1358.96490002051,14427.0
1778883710,60,,Aggregated,18.444444,0.000000,620,1100,1200,1400,2500,3500,3900,4600,4800,4800,4800,263,0,590.0,935.1084098862148,14.322399976663291,4815.584299998591,6846.486692015209
1778883711,65,GET,GET /api/ -> http://example.com/,5.000000,0.000000,430,600,980,990,2000,2600,2700,2700,2700,2700,2700,55,0,410.0,601.9347800005397,14.322399976663291,2724.260699993465,68.0
1778883711,65,GET,GET /api/ -> https://books.toscrape.com/,4.500000,0.000000,210,280,1000,1100,1200,2300,2500,2500,2500,2500,2500,54,0,210.0,654.3096055554795,26.541100000031292,2496.58529998851,8223.0
1778883711,65,GET,GET /api/ -> https://docs.docker.com/,3.000000,0.000000,740,770,950,950,1000,1000,1000,1000,1000,1000,1000,37,0,1000.0,885.3916405413828,69.01040000957437,1580.0380000146106,1856.0
1778883711,65,GET,GET /api/ -> https://flask.palletsprojects.com/,3.000000,0.000000,3500,3500,3500,3600,3700,3800,3900,3900,3900,3900,3900,33,0,3200.0,2158.6625515121727,149.69980000751093,3872.629399993457,20936.0
1778883711,65,GET,GET /api/ -> https://httpbin.org/,3.500000,0.000000,580,750,960,1000,1100,1200,1200,1200,1200,1200,1200,50,0,610.0,513.7235360004706,19.319399987580255,1177.5807000230998,332.0
1778883711,65,GET,GET /api/ -> https://redis.io/,0.100000,0.000000,4800,4900,5100,5100,5800,5800,5800,5800,5800,5800,5800,9,0,4800.0,4741.18306666949,3901.3680000207387,5790.336200007005,7780.0
1778883711,65,GET,GET /api/ -> https://www.python.org/,3.000000,0.000000,560,590,650,700,870,1200,1200,1200,1200,1200,1200,45,0,700.0,775.4899400021209,30.477499996777624,1358.96490002051,14427.0
1778883711,65,,Aggregated,22.100000,0.000000,670,1000,1200,1200,3200,3600,4600,4900,5800,5800,5800,283,0,650.0,974.1638098943562,14.322399976663291,5790.336200007005,6866.349823321555
1778883712,70,GET,GET /api/ -> http://example.com/,4.500000,0.000000,560,970,980,1900,2000,2600,2700,2700,2700,2700,2700,55,0,410.0,601.9347800005397,14.322399976663291,2724.260699993465,68.0
1778883712,70,GET,GET /api/ -> https://books.toscrape.com/,5.000000,0.000000,250,940,1100,1100,1600,2300,2500,2500,2500,2500,2500,55,0,250.0,671.8418436363044,26.541100000031292,2496.58529998851,8223.0
1778883712,70,GET,GET /api/ -> https://docs.docker.com/,3.000000,0.000000,920,1000,1700,1900,2100,2200,2200,2200,2200,2200,2200,42,0,1100.0,1016.3107833331673,69.01040000957437,2217.6649999746587,1856.0
1778883712,70,GET,GET /api/ -> https://flask.palletsprojects.com/,3.000000,0.000000,3500,3500,3500,3600,3700,3800,3900,3900,3900,3900,3900,33,0,3200.0,2158.6625515121727,149.69980000751093,3872.629399993457,20936.0
1778883712,70,GET,GET /api/ -> https://httpbin.org/,4.500000,0.000000,580,750,960,1000,1100,1200,1200,1200,1200,1200,1200,50,0,610.0,513.7235360004706,19.319399987580255,1177.5807000230998,332.0
1778883712,70,GET,GET /api/ -> https://redis.io/,0.600000,0.000000,4500,4800,4800,4900,5100,5800,5800,5800,5800,5800,5800,15,0,4300.0,4428.647820003486,3508.392100018682,5790.336200007005,7780.0
1778883712,70,GET,GET /api/ -> https://www.python.org/,3.500000,0.000000,560,590,650,700,870,1200,1200,1200,1200,1200,1200,45,0,700.0,775.4899400021209,30.477499996777624,1358.96490002051,14427.0
1778883712,70,,Aggregated,24.100000,0.000000,870,1200,1400,1700,3500,4000,4800,4900,5800,5800,5800,295,0,690.0,1054.2087213562454,14.322399976663291,5790.336200007005,6804.610169491525
1778883713,75,GET,GET /api/ -> http://example.com/,4.500000,0.000000,630,1900,2000,2400,2600,2700,2800,2800,2800,2800,2800,60,0,430.0,765.0159033335513,14.322399976663291,2843.5987000120804,68.0
1778883713,75,GET,GET /api/ -> https://books.toscrape.com/,5.100000,0.000000,280,1000,1100,1200,2200,2300,2500,2500,2500,2500,2500,55,0,250.0,671.8418436363044,26.541100000031292,2496.58529998851,8223.0
1778883713,75,GET,GET /api/ -> https://docs.docker.com/,3.600000,0.000000,1000,1900,2100,2200,2500,2900,2900,2900,2900,2900,2900,45,0,1100.0,1117.598442221707,69.01040000957437,2881.76679998287,1856.0
1778883713,75,GET,GET /api/ -> https://flask.palletsprojects.com/,3.300000,0.000000,3400,3500,3500,3600,3700,3800,3900,3900,3900,3900,3900,34,0,2800.0,2176.318352938431,149.69980000751093,3872.629399993457,20936.0
1778883713,75,GET,GET /api/ -> https://httpbin.org/,5.000000,0.000000,730,780,1000,1000,1100,1200,1200,1200,1200,1200,1200,50,0,610.0,513.7235360004706,19.319399987580255,1177.5807000230998,332.0
1778883713,75,GET,GET /api/ -> https://locust.io/,0.000000,0.000000,0,0,0,0,0,0,0,0,0,0,0,2,0,2900.0,3121.509549993789,2893.160000006901,3349.8590999806765,5097.0
1778883713,75,GET,GET /api/ -> https://redis.io/,0.800000,0.000000,4600,4800,5000,5100,5200,5800,7000,7000,7000,7000,7000,25,0,4600.0,4659.63062800467,3508.392100018682,6970.665200002259,7780.0
1778883713,75,GET,GET /api/ -> https://www.python.org/,4.500000,0.000000,560,590,650,700,870,1200,1200,1200,1200,1200,1200,45,0,700.0,775.4899400021209,30.477499996777624,1358.96490002051,14427.0
1778883713,75,,Aggregated,26.800000,0.000000,980,1400,2300,2900,3900,4600,5100,5200,7000,7000,7000,316,0,750.0,1235.620311392774,14.322399976663291,6970.665200002259,6715.816455696203
1778883714,80,GET,GET /api/ -> http://example.com/,4.000000,0.000000,1900,2000,2500,2600,2700,2700,2800,2800,2800,2800,2800,70,0,550.0,979.4335614286995,14.322399976663291,2843.5987000120804,68.0
1778883714,80,GET,GET /api/ -> https://books.toscrape.com/,4.000000,0.000000,400,1100,1100,1200,2200,2300,2500,2500,2500,2500,2500,55,0,250.0,671.8418436363044,26.541100000031292,2496.58529998851,8223.0
1778883714,80,GET,GET /api/ -> https://docs.docker.com/,3.800000,0.000000,1000,1900,2100,2200,2500,2900,2900,2900,2900,2900,2900,45,0,1100.0,1117.598442221707,69.01040000957437,2881.76679998287,1856.0
1778883714,80,GET,GET /api/ -> https://flask.palletsprojects.com/,3.300000,0.000000,3400,3500,3500,3500,3600,3800,3900,3900,3900,3900,3900,43,0,2400.0,2219.08396046384,149.69980000751093,3872.629399993457,20936.0
1778883714,80,GET,GET /api/ -> https://httpbin.org/,5.000000,0.000000,760,1000,1100,1200,2900,3100,3100,3100,3100,3100,3100,55,0,640.0,727.8050600006034,19.319399987580255,3124.779900012072,332.0
1778883714,80,GET,GET /api/ -> https://locust.io/,0.000000,0.000000,0,0,0,0,0,0,0,0,0,0,0,14,0,2400.0,2826.6653357131872,1881.5345000184607,4487.280200002715,5097.0
1778883714,80,GET,GET /api/ -> https://redis.io/,1.000000,0.000000,4600,4900,5000,5200,5700,5800,7000,7000,7000,7000,7000,30,0,4500.0,4567.271706671454,3050.4671999951825,6970.665200002259,7780.0
1778883714,80,GET,GET /api/ -> https://www.python.org/,4.500000,0.000000,590,750,1200,3000,3000,3100,3100,3100,3100,3100,3100,50,0,750.0,1000.7664400018984,30.477499996777624,3095.073600008618,14427.0
1778883714,80,,Aggregated,25.600000,0.000000,1700,2500,3000,3400,4300,4800,5200,5700,7000,7000,7000,362,0,990.0,1430.6167323209502,14.322399976663291,6970.665200002259,6865.085635359116
1778883715,85,GET,GET /api/ -> http://example.com/,3.700000,0.000000,1900,2000,2400,2600,2600,2700,2800,2800,2800,2800,2800,75,0,570.0,1041.9449733333506,14.322399976663291,2843.5987000120804,68.0
1778883715,85,GET,GET /api/ -> https://books.toscrape.com/,3.500000,0.000000,1100,1500,1600,2000,2100,2300,2500,2500,2500,2500,2500,65,0,800.0,848.252073846435,26.541100000031292,2496.58529998851,8223.0
1778883715,85,GET,GET /api/ -> https://docs.docker.com/,4.400000,0.000000,1700,1800,1900,2100,2300,2500,2900,2900,2900,2900,2900,50,0,1100.0,1184.228909999365,69.01040000957437,2881.76679998287,1856.0
1778883715,85,GET,GET /api/ -> https://flask.palletsprojects.com/,3.300000,0.000000,3200,3400,3500,3500,3600,3800,3900,3900,3900,3900,3900,45,0,2100.0,2208.9994755541234,149.69980000751093,3872.629399993457,20936.0
1778883715,85,GET,GET /api/ -> https://httpbin.org/,3.000000,0.000000,760,1000,1100,1200,2900,3100,3100,3100,3100,3100,3100,55,0,640.0,727.8050600006034,19.319399987580255,3124.779900012072,332.0
1778883715,85,GET,GET /api/ -> https://locust.io/,0.000000,0.000000,2100,2200,2400,2800,4500,4900,6100,6100,6100,6100,6100,30,0,2100.0,2589.3675633318103,1600.3096000058576,6104.8103000211995,5097.0
1778883715,85,GET,GET /api/ -> https://redis.io/,2.000000,0.000000,4500,4800,5000,5200,5800,9000,9900,9900,9900,9900,9900,38,0,4500.0,4373.504907899156,1531.0097000037786,9909.445700002834,7780.0
1778883715,85,GET,GET /api/ -> https://www.python.org/,4.500000,0.000000,700,1200,1600,1600,3000,3100,3100,3100,3100,3100,3100,55,0,1000.0,1052.1933127289892,30.477499996777624,3095.073600008618,14427.0
1778883715,85,,Aggregated,24.400000,0.000000,1900,2400,3000,3300,4300,4900,5700,7000,9900,9900,9900,413,0,1200.0,1534.3167157389182,14.322399976663291,9909.445700002834,6863.946731234867
1778883716,90,GET,GET /api/ -> http://example.com/,3.500000,0.000000,1800,1900,2000,2400,2600,2700,2700,2800,2800,2800,2800,85,0,570.0,1029.7946905885028,14.322399976663291,2843.5987000120804,68.0
1778883716,90,GET,GET /api/ -> https://books.toscrape.com/,3.000000,0.000000,800,1400,1500,1600,2100,2200,2300,2500,2500,2500,2500,85,0,600.0,815.5142552948639,26.541100000031292,2496.58529998851,8223.0
1778883716,90,GET,GET /api/ -> https://docs.docker.com/,4.500000,0.000000,740,1700,1800,1800,2200,2500,2900,2900,2900,2900,2900,62,0,1000.0,1042.780725805055,69.01040000957437,2881.76679998287,1856.0
1778883716,90,GET,GET /api/ -> https://flask.palletsprojects.com/,3.600000,0.000000,2400,3400,3500,3500,3600,3700,3900,3900,3900,3900,3900,55,0,1900.0,1894.817656363276,149.69980000751093,3872.629399993457,20936.0
1778883716,90,GET,GET /api/ -> https://httpbin.org/,2.600000,0.000000,500,780,960,1000,1200,2900,3100,3100,3100,3100,3100,81,0,500.0,650.4482086435288,19.319399987580255,3124.779900012072,332.0
1778883716,90,GET,GET /api/ -> https://locust.io/,0.300000,0.000000,1700,2000,2100,2200,4300,4500,6100,6100,6100,6100,6100,49,0,1900.0,1761.3604795912338,337.8478999948129,6104.8103000211995,5097.0
1778883716,90,GET,GET /api/ -> https://redis.io/,2.900000,0.000000,4000,4600,4800,5000,5700,7000,9900,9900,9900,9900,9900,51,0,4000.0,3451.493458825223,323.8221999781672,9909.445700002834,7780.0
1778883716,90,GET,GET /api/ -> https://www.python.org/,2.900000,0.000000,470,590,870,1500,3000,3000,3100,3100,3100,3100,3100,74,0,590.0,873.404005407104,30.477499996777624,3095.073600008618,14427.0
1778883716,90,,Aggregated,23.300000,0.000000,1100,1900,2200,2700,3600,4600,5200,6100,9900,9900,9900,542,0,750.0,1301.4200511075426,14.322399976663291,9909.445700002834,6849.280442804428
1778883717,95,GET,GET /api/ -> http://example.com/,4.000000,0.000000,1300,1900,2000,2400,2600,2700,2700,2800,2800,2800,2800,90,0,560.0,989.7580355561028,14.322399976663291,2843.5987000120804,68.0
1778883717,95,GET,GET /api/ -> https://books.toscrape.com/,2.800000,0.000000,630,1200,1500,1600,2100,2200,2300,2500,2500,2500,2500,90,0,430.0,792.5082044459284,26.541100000031292,2496.58529998851,8223.0
1778883717,95,GET,GET /api/ -> https://docs.docker.com/,2.000000,0.000000,480,740,1000,1800,2000,2300,2500,2900,2900,2900,2900,85,0,630.0,868.0933858802103,69.01040000957437,2881.76679998287,1856.0
1778883717,95,GET,GET /api/ -> https://flask.palletsprojects.com/,4.300000,0.000000,580,2000,3100,3400,3500,3600,3800,3900,3900,3900,3900,84,0,580.0,1353.647976191063,149.69980000751093,3872.629399993457,20936.0
1778883717,95,GET,GET /api/ -> https://httpbin.org/,3.000000,0.000000,480,750,870,1000,1200,2900,3100,3100,3100,3100,3100,90,0,440.0,617.9907855581,19.319399987580255,3124.779900012072,332.0
1778883717,95,GET,GET /api/ -> https://locust.io/,1.800000,0.000000,640,1900,2100,2100,2800,4500,4900,6100,6100,6100,6100,60,0,700.0,1498.9591783324915,201.3540999905672,6104.8103000211995,5097.0
1778883717,95,GET,GET /api/ -> https://redis.io/,3.000000,0.000000,1500,4000,4500,4800,5200,5800,9000,9900,9900,9900,9900,75,0,1500.0,2458.391622668132,186.03650000295602,9909.445700002834,7780.0
1778883717,95,GET,GET /api/ -> https://www.python.org/,2.500000,0.000000,390,590,750,1200,1600,3000,3100,3100,3100,3100,3100,85,0,540.0,807.5124247074949,30.477499996777624,3095.073600008618,14427.0
1778883717,95,,Aggregated,23.400000,0.000000,590,1500,1900,2100,3400,4300,5100,5800,9900,9900,9900,659,0,570.0,1132.7359311084606,14.322399976663291,9909.445700002834,7296.007587253414
1778883718,100,GET,GET /api/ -> http://example.com/,4.900000,0.000000,1300,1900,1900,2000,2600,2700,2700,2800,2800,2800,2800,95,0,550.0,953.08854842197,14.322399976663291,2843.5987000120804,68.0
1778883718,100,GET,GET /api/ -> https://books.toscrape.com/,4.000000,0.000000,800,1200,1400,1500,2000,2100,2100,2100,2100,2100,2100,95,0,400.0,768.1965821067264,26.541100000031292,2496.58529998851,8223.0
1778883718,100,GET,GET /api/ -> https://docs.docker.com/,2.000000,0.000000,480,660,1000,1700,2000,2300,2500,2900,2900,2900,2900,90,0,520.0,837.7047066644687,69.01040000957437,2881.76679998287,1856.0
1778883718,100,GET,GET /api/ -> https://flask.palletsprojects.com/,3.400000,0.000000,470,2000,2900,3400,3500,3600,3800,3900,3900,3900,3900,90,0,450.0,1284.2999788890463,149.69980000751093,3872.629399993457,20936.0
1778883718,100,GET,GET /api/ -> https://httpbin.org/,3.000000,0.000000,480,750,870,1000,1200,2900,3100,3100,3100,3100,3100,95,0,420.0,600.7700768443389,19.319399987580255,3124.779900012072,332.0
1778883718,100,GET,GET /api/ -> https://locust.io/,3.100000,0.000000,420,700,1900,2000,2200,4300,4900,6100,6100,6100,6100,84,0,420.0,1154.921336903672,201.3540999905672,6104.8103000211995,5097.0
1778883718,100,GET,GET /api/ -> https://redis.io/,4.300000,0.000000,610,3100,4300,4500,5100,5700,9000,9900,9900,9900,9900,87,0,610.0,2157.519886207609,186.03650000295602,9909.445700002834,7780.0
1778883718,100,GET,GET /api/ -> https://www.python.org/,2.500000,0.000000,380,540,650,870,1600,3000,3100,3100,3100,3100,3100,92,0,490.0,762.5729119574079,30.477499996777624,3095.073600008618,14427.0
1778883718,100,,Aggregated,27.200000,0.000000,480,940,1600,1900,2900,4300,5000,5700,9900,9900,9900,728,0,490.0,1052.8159295333883,14.322399976663291,9909.445700002834,7284.006868131868
1778883719,100,GET,GET /api/ -> http://example.com/,5.200000,0.000000,1300,1900,1900,2400,2600,2700,2800,2800,2800,2800,2800,100,0,530.0,914.4909780009766,14.322399976663291,2843.5987000120804,68.0
1778883719,100,GET,GET /api/ -> https://books.toscrape.com/,5.500000,0.000000,600,1200,1400,1500,2000,2100,2100,2100,2100,2100,2100,100,0,390.0,735.7982940014335,26.541100000031292,2496.58529998851,8223.0
1778883719,100,GET,GET /api/ -> https://docs.docker.com/,3.400000,0.000000,430,540,770,1000,1900,2200,2500,2900,2900,2900,2900,100,0,480.0,772.5867679982912,59.861799993086606,2881.76679998287,1856.0
1778883719,100,GET,GET /api/ -> https://flask.palletsprojects.com/,4.200000,0.000000,350,470,590,750,2100,2800,3100,3100,3100,3100,3100,97,0,440.0,1206.2921010314237,91.39750001486391,3872.629399993457,20936.0
1778883719,100,GET,GET /api/ -> https://httpbin.org/,5.400000,0.000000,400,490,730,750,880,2900,3100,3100,3100,3100,3100,100,0,410.0,574.6422610021546,19.319399987580255,3124.779900012072,332.0
1778883719,100,GET,GET /api/ -> https://locust.io/,4.900000,0.000000,370,610,1700,2000,2200,4300,4900,6100,6100,6100,6100,94,0,380.0,1044.7784893609771,49.201700021512806,6104.8103000211995,5097.0
1778883719,100,GET,GET /api/ -> https://redis.io/,5.300000,0.000000,480,1600,3900,4300,5100,5700,9000,9900,9900,9900,9900,94,0,490.0,2005.2618648946047,54.107600008137524,9909.445700002834,7780.0
1778883719,100,GET,GET /api/ -> https://www.python.org/,4.800000,0.000000,360,390,590,700,1600,3000,3100,3100,3100,3100,3100,100,0,390.0,711.2153300014324,30.477499996777624,3095.073600008618,14427.0
1778883719,100,,Aggregated,38.700000,0.000000,400,630,1500,1800,2600,3900,5000,5700,9900,9900,9900,785,0,440.0,986.7356563063715,14.322399976663291,9909.445700002834,7301.6942675159235
1778883720,100,GET,GET /api/ -> http://example.com/,5.700000,0.000000,1300,1900,1900,2400,2600,2700,2800,2800,2800,2800,2800,100,0,530.0,914.4909780009766,14.322399976663291,2843.5987000120804,68.0
1778883720,100,GET,GET /api/ -> https://books.toscrape.com/,6.000000,0.000000,530,1200,1400,1500,2000,2100,2100,2100,2100,2100,2100,100,0,390.0,735.7982940014335,26.541100000031292,2496.58529998851,8223.0
1778883720,100,GET,GET /api/ -> https://docs.docker.com/,5.500000,0.000000,410,480,640,1700,1900,2200,2500,2900,2900,2900,2900,100,0,480.0,772.5867679982912,59.861799993086606,2881.76679998287,1856.0
1778883720,100,GET,GET /api/ -> https://flask.palletsprojects.com/,7.100000,0.000000,350,460,590,750,2100,2800,3100,3100,3100,3100,3100,100,0,400.0,1180.8609190001152,91.39750001486391,3872.629399993457,20936.0
1778883720,100,GET,GET /api/ -> https://httpbin.org/,6.000000,0.000000,400,490,730,750,880,2900,3100,3100,3100,3100,3100,100,0,410.0,574.6422610021546,19.319399987580255,3124.779900012072,332.0
1778883720,100,GET,GET /api/ -> https://locust.io/,6.200000,0.000000,370,610,1700,2000,2200,4300,4900,6100,6100,6100,6100,97,0,380.0,1022.9829020609782,49.201700021512806,6104.8103000211995,5097.0
1778883720,100,GET,GET /api/ -> https://redis.io/,7.800000,0.000000,400,1500,3100,4000,4900,5700,9000,9900,9900,9900,9900,99,0,480.0,1917.8269949504715,54.107600008137524,9909.445700002834,7780.0
1778883720,100,GET,GET /api/ -> https://www.python.org/,5.800000,0.000000,360,390,590,700,1600,3000,3100,3100,3100,3100,3100,100,0,390.0,711.2153300014324,30.477499996777624,3095.073600008618,14427.0
1778883720,100,,Aggregated,50.100000,0.000000,380,570,1500,1900,2600,3500,4900,5700,9900,9900,9900,796,0,430.0,977.4543580407687,14.322399976663291,9909.445700002834,7347.775125628141
1778883722,100,GET,GET /api/ -> http://example.com/,4.500000,0.000000,1300,1900,1900,1900,2600,2700,2800,2800,2800,2800,2800,100,0,530.0,914.4909780009766,14.322399976663291,2843.5987000120804,68.0
1778883722,100,GET,GET /api/ -> https://books.toscrape.com/,5.000000,0.000000,530,1200,1400,1500,2000,2100,2100,2100,2100,2100,2100,100,0,390.0,735.7982940014335,26.541100000031292,2496.58529998851,8223.0
1778883722,100,GET,GET /api/ -> https://docs.docker.com/,6.000000,0.000000,370,440,480,510,1700,1800,1800,2900,2900,2900,2900,100,0,480.0,772.5867679982912,59.861799993086606,2881.76679998287,1856.0
1778883722,100,GET,GET /api/ -> https://flask.palletsprojects.com/,6.000000,0.000000,350,450,580,590,2100,2800,3100,3100,3100,3100,3100,100,0,400.0,1180.8609190001152,91.39750001486391,3872.629399993457,20936.0
1778883722,100,GET,GET /api/ -> https://httpbin.org/,6.000000,0.000000,400,430,490,630,2500,2900,3100,3100,3100,3100,3100,100,0,410.0,574.6422610021546,19.319399987580255,3124.779900012072,332.0
1778883722,100,GET,GET /api/ -> https://locust.io/,8.400000,0.000000,370,610,1700,2000,2200,4300,4900,6100,6100,6100,6100,98,0,380.0,1021.3631969378853,49.201700021512806,6104.8103000211995,5097.0
1778883722,100,GET,GET /api/ -> https://redis.io/,8.700000,0.000000,370,510,1500,1600,4900,5600,9000,9900,9900,9900,9900,99,0,480.0,1917.8269949504715,54.107600008137524,9909.445700002834,7780.0
1778883722,100,GET,GET /api/ -> https://www.python.org/,6.300000,0.000000,350,360,390,510,1600,3000,3100,3100,3100,3100,3100,100,0,390.0,711.2153300014324,30.477499996777624,3095.073600008618,14427.0
1778883722,100,,Aggregated,50.900000,0.000000,370,490,910,1600,2100,3000,4900,5600,9900,9900,9900,797,0,430.0,977.3123222088454,14.322399976663291,9909.445700002834,7344.951066499372
1778883723,100,GET,GET /api/ -> http://example.com/,4.500000,0.000000,1300,1900,1900,1900,2600,2700,2700,2700,2700,2700,2700,100,0,530.0,914.4909780009766,14.322399976663291,2843.5987000120804,68.0
1778883723,100,GET,GET /api/ -> https://books.toscrape.com/,5.000000,0.000000,430,630,1400,1500,2000,2100,2100,2100,2100,2100,2100,100,0,390.0,735.7982940014335,26.541100000031292,2496.58529998851,8223.0
1778883723,100,GET,GET /api/ -> https://docs.docker.com/,6.000000,0.000000,370,440,480,510,1700,1800,1800,2900,2900,2900,2900,100,0,480.0,772.5867679982912,59.861799993086606,2881.76679998287,1856.0
1778883723,100,GET,GET /api/ -> https://flask.palletsprojects.com/,6.000000,0.000000,340,400,480,580,2000,2100,2400,3100,3100,3100,3100,100,0,400.0,1180.8609190001152,91.39750001486391,3872.629399993457,20936.0
1778883723,100,GET,GET /api/ -> https://httpbin.org/,6.000000,0.000000,400,430,490,630,2500,2900,3100,3100,3100,3100,3100,100,0,410.0,574.6422610021546,19.319399987580255,3124.779900012072,332.0
1778883723,100,GET,GET /api/ -> https://locust.io/,8.400000,0.000000,370,610,1700,2000,2200,4300,4900,6100,6100,6100,6100,98,0,380.0,1021.3631969378853,49.201700021512806,6104.8103000211995,5097.0
1778883723,100,GET,GET /api/ -> https://redis.io/,8.700000,0.000000,350,420,510,910,1600,2000,9000,9900,9900,9900,9900,99,0,480.0,1917.8269949504715,54.107600008137524,9909.445700002834,7780.0
1778883723,100,GET,GET /api/ -> https://www.python.org/,6.300000,0.000000,350,360,390,510,1600,3000,3100,3100,3100,3100,3100,100,0,390.0,711.2153300014324,30.477499996777624,3095.073600008618,14427.0
1778883723,100,,Aggregated,50.900000,0.000000,360,480,620,1300,1900,2200,3100,4900,9900,9900,9900,797,0,430.0,977.3123222088454,14.322399976663291,9909.445700002834,7344.951066499372
1778883724,100,GET,GET /api/ -> http://example.com/,4.500000,0.000000,490,630,1300,1400,1900,1900,1900,1900,1900,1900,1900,100,0,530.0,914.4909780009766,14.322399976663291,2843.5987000120804,68.0
1778883724,100,GET,GET /api/ -> https://books.toscrape.com/,5.000000,0.000000,430,630,1400,1500,2000,2100,2100,2100,2100,2100,2100,100,0,390.0,735.7982940014335,26.541100000031292,2496.58529998851,8223.0
1778883724,100,GET,GET /api/ -> https://docs.docker.com/,6.000000,0.000000,360,440,480,510,660,1800,1800,1800,1800,1800,1800,100,0,480.0,772.5867679982912,59.861799993086606,2881.76679998287,1856.0
1778883724,100,GET,GET /api/ -> https://flask.palletsprojects.com/,6.000000,0.000000,330,360,400,450,580,660,1900,2100,2100,2100,2100,100,0,400.0,1180.8609190001152,91.39750001486391,3872.629399993457,20936.0
1778883724,100,GET,GET /api/ -> https://httpbin.org/,6.000000,0.000000,380,410,430,490,630,820,880,880,880,880,880,100,0,410.0,574.6422610021546,19.319399987580255,3124.779900012072,332.0
1778883724,100,GET,GET /api/ -> https://locust.io/,8.400000,0.000000,340,420,550,630,1700,2100,2200,6100,6100,6100,6100,98,0,380.0,1021.3631969378853,49.201700021512806,6104.8103000211995,5097.0
1778883724,100,GET,GET /api/ -> https://redis.io/,8.700000,0.000000,340,400,510,610,1600,1900,9000,9900,9900,9900,9900,99,0,480.0,1917.8269949504715,54.107600008137524,9909.445700002834,7780.0
1778883724,100,GET,GET /api/ -> https://www.python.org/,6.300000,0.000000,350,360,370,380,1500,1600,1600,1600,1600,1600,1600,100,0,390.0,711.2153300014324,30.477499996777624,3095.073600008618,14427.0
1778883724,100,,Aggregated,50.900000,0.000000,350,410,490,580,1500,1900,2100,2100,9900,9900,9900,797,0,430.0,977.3123222088454,14.322399976663291,9909.445700002834,7344.951066499372
1778883725,100,GET,GET /api/ -> http://example.com/,4.500000,0.000000,300,310,490,490,530,630,630,630,630,630,630,100,0,530.0,914.4909780009766,14.322399976663291,2843.5987000120804,68.0
1778883725,100,GET,GET /api/ -> https://books.toscrape.com/,5.000000,0.000000,370,390,430,530,620,630,630,630,630,630,630,100,0,390.0,735.7982940014335,26.541100000031292,2496.58529998851,8223.0
1778883725,100,GET,GET /api/ -> https://docs.docker.com/,6.000000,0.000000,360,420,460,480,510,630,660,660,660,660,660,100,0,480.0,772.5867679982912,59.861799993086606,2881.76679998287,1856.0
1778883725,100,GET,GET /api/ -> https://flask.palletsprojects.com/,6.000000,0.000000,320,350,370,450,570,590,590,660,660,660,660,100,0,400.0,1180.8609190001152,91.39750001486391,3872.629399993457,20936.0
1778883725,100,GET,GET /api/ -> https://httpbin.org/,6.000000,0.000000,380,400,410,420,490,490,500,500,500,500,500,100,0,410.0,574.6422610021546,19.319399987580255,3124.779900012072,332.0
1778883725,100,GET,GET /api/ -> https://locust.io/,8.400000,0.000000,310,360,400,420,550,630,640,860,860,860,860,98,0,380.0,1021.3631969378853,49.201700021512806,6104.8103000211995,5097.0
1778883725,100,GET,GET /api/ -> https://redis.io/,8.700000,0.000000,290,350,380,390,490,570,580,610,610,610,610,99,0,480.0,1917.8269949504715,54.107600008137524,9909.445700002834,7780.0
1778883725,100,GET,GET /api/ -> https://www.python.org/,6.300000,0.000000,340,350,360,360,380,390,510,510,510,510,510,100,0,390.0,711.2153300014324,30.477499996777624,3095.073600008618,14427.0
1778883725,100,,Aggregated,50.900000,0.000000,340,370,400,420,500,580,630,640,860,860,860,797,0,430.0,977.3123222088454,14.322399976663291,9909.445700002834,7344.951066499372
1778883726,100,GET,GET /api/ -> http://example.com/,4.300000,0.000000,290,300,310,310,310,310,310,310,310,310,310,100,0,530.0,914.4909780009766,14.322399976663291,2843.5987000120804,68.0
1778883726,100,GET,GET /api/ -> https://books.toscrape.com/,4.500000,0.000000,320,350,360,390,400,530,530,530,530,530,530,100,0,390.0,735.7982940014335,26.541100000031292,2496.58529998851,8223.0
1778883726,100,GET,GET /api/ -> https://docs.docker.com/,5.600000,0.000000,350,360,410,420,480,640,660,660,660,660,660,100,0,480.0,772.5867679982912,59.861799993086606,2881.76679998287,1856.0
1778883726,100,GET,GET /api/ -> https://flask.palletsprojects.com/,6.700000,0.000000,310,330,350,360,450,460,660,660,660,660,660,100,0,400.0,1180.8609190001152,91.39750001486391,3872.629399993457,20936.0
1778883726,100,GET,GET /api/ -> https://httpbin.org/,5.000000,0.000000,280,290,300,300,310,440,440,440,440,440,440,100,0,410.0,574.6422610021546,19.319399987580255,3124.779900012072,332.0
1778883726,100,GET,GET /api/ -> https://locust.io/,9.800000,0.000000,260,310,320,360,550,630,5200,5200,5200,5200,5200,99,0,380.0,1063.4409161607941,49.201700021512806,6104.8103000211995,5097.0
1778883726,100,GET,GET /api/ -> https://redis.io/,7.900000,0.000000,270,310,360,370,490,510,580,580,580,580,580,99,0,480.0,1917.8269949504715,54.107600008137524,9909.445700002834,7780.0
1778883726,100,GET,GET /api/ -> https://www.python.org/,5.500000,0.000000,220,280,320,320,380,390,490,490,490,490,490,100,0,390.0,711.2153300014324,30.477499996777624,3095.073600008618,14427.0
1778883726,100,,Aggregated,49.300000,0.000000,290,320,350,360,450,510,640,660,5200,5200,5200,798,0,430.0,982.5876919805208,14.322399976663291,9909.445700002834,7342.134085213032
1778883727,100,GET,GET /api/ -> http://example.com/,4.300000,0.000000,290,290,290,290,300,300,300,300,300,300,300,100,0,530.0,914.4909780009766,14.322399976663291,2843.5987000120804,68.0
1778883727,100,GET,GET /api/ -> https://books.toscrape.com/,4.500000,0.000000,280,310,320,350,390,390,390,390,390,390,390,100,0,390.0,735.7982940014335,26.541100000031292,2496.58529998851,8223.0
1778883727,100,GET,GET /api/ -> https://docs.docker.com/,5.600000,0.000000,220,290,340,350,370,380,380,380,380,380,380,100,0,480.0,772.5867679982912,59.861799993086606,2881.76679998287,1856.0
1778883727,100,GET,GET /api/ -> https://flask.palletsprojects.com/,6.700000,0.000000,320,340,370,370,460,480,480,480,480,480,480,100,0,400.0,1180.8609190001152,91.39750001486391,3872.629399993457,20936.0
1778883727,100,GET,GET /api/ -> https://httpbin.org/,5.000000,0.000000,260,280,300,300,310,310,310,310,310,310,310,100,0,410.0,574.6422610021546,19.319399987580255,3124.779900012072,332.0
1778883727,100,GET,GET /api/ -> https://locust.io/,9.800000,0.000000,250,290,310,320,610,860,5200,5200,5200,5200,5200,99,0,380.0,1063.4409161607941,49.201700021512806,6104.8103000211995,5097.0
1778883727,100,GET,GET /api/ -> https://redis.io/,7.900000,0.000000,240,250,260,260,340,570,580,580,580,580,580,99,0,480.0,1917.8269949504715,54.107600008137524,9909.445700002834,7780.0
1778883727,100,GET,GET /api/ -> https://www.python.org/,5.500000,0.000000,200,200,220,220,230,280,280,280,280,280,280,100,0,390.0,711.2153300014324,30.477499996777624,3095.073600008618,14427.0
1778883727,100,,Aggregated,49.300000,0.000000,240,290,300,320,370,550,630,860,5200,5200,5200,798,0,430.0,982.5876919805208,14.322399976663291,9909.445700002834,7342.134085213032
1778883728,100,GET,GET /api/ -> http://example.com/,4.300000,0.000000,180,190,190,190,190,190,190,190,190,190,190,100,0,530.0,914.4909780009766,14.322399976663291,2843.5987000120804,68.0
1778883728,100,GET,GET /api/ -> https://books.toscrape.com/,4.500000,0.000000,120,120,120,130,130,130,130,130,130,130,130,100,0,390.0,735.7982940014335,26.541100000031292,2496.58529998851,8223.0
1778883728,100,GET,GET /api/ -> https://docs.docker.com/,5.600000,0.000000,200,200,220,340,350,350,350,350,350,350,350,100,0,480.0,772.5867679982912,59.861799993086606,2881.76679998287,1856.0
1778883728,100,GET,GET /api/ -> https://flask.palletsprojects.com/,6.700000,0.000000,310,320,450,460,480,480,480,480,480,480,480,100,0,400.0,1180.8609190001152,91.39750001486391,3872.629399993457,20936.0
1778883728,100,GET,GET /api/ -> https://httpbin.org/,5.000000,0.000000,78,85,85,85,85,85,85,85,85,85,85,100,0,410.0,574.6422610021546,19.319399987580255,3124.779900012072,332.0
1778883728,100,GET,GET /api/ -> https://locust.io/,9.800000,0.000000,140,210,250,630,860,5200,5200,5200,5200,5200,5200,99,0,380.0,1063.4409161607941,49.201700021512806,6104.8103000211995,5097.0
1778883728,100,GET,GET /api/ -> https://redis.io/,7.900000,0.000000,100,200,220,220,340,570,570,570,570,570,570,99,0,480.0,1917.8269949504715,54.107600008137524,9909.445700002834,7780.0
1778883728,100,GET,GET /api/ -> https://www.python.org/,5.500000,0.000000,66,85,200,200,220,220,220,220,220,220,220,100,0,390.0,711.2153300014324,30.477499996777624,3095.073600008618,14427.0
1778883728,100,,Aggregated,49.300000,0.000000,130,190,220,220,450,570,860,5200,5200,5200,5200,798,0,430.0,982.5876919805208,14.322399976663291,9909.445700002834,7342.134085213032
1778883729,100,GET,GET /api/ -> http://example.com/,4.300000,0.000000,180,190,190,190,190,190,190,190,190,190,190,100,0,530.0,914.4909780009766,14.322399976663291,2843.5987000120804,68.0
1778883729,100,GET,GET /api/ -> https://books.toscrape.com/,4.500000,0.000000,120,120,120,130,130,130,130,130,130,130,130,100,0,390.0,735.7982940014335,26.541100000031292,2496.58529998851,8223.0
1778883729,100,GET,GET /api/ -> https://docs.docker.com/,5.600000,0.000000,200,200,220,340,350,350,350,350,350,350,350,100,0,480.0,772.5867679982912,59.861799993086606,2881.76679998287,1856.0
1778883729,100,GET,GET /api/ -> https://flask.palletsprojects.com/,6.700000,0.000000,450,450,450,450,450,450,450,450,450,450,450,100,0,400.0,1180.8609190001152,91.39750001486391,3872.629399993457,20936.0
1778883729,100,GET,GET /api/ -> https://httpbin.org/,5.000000,0.000000,78,85,85,85,85,85,85,85,85,85,85,100,0,410.0,574.6422610021546,19.319399987580255,3124.779900012072,332.0
1778883729,100,GET,GET /api/ -> https://locust.io/,9.800000,0.000000,630,860,860,5200,5200,5200,5200,5200,5200,5200,5200,99,0,380.0,1063.4409161607941,49.201700021512806,6104.8103000211995,5097.0
1778883729,100,GET,GET /api/ -> https://redis.io/,7.900000,0.000000,200,340,340,570,570,570,570,570,570,570,570,99,0,480.0,1917.8269949504715,54.107600008137524,9909.445700002834,7780.0
1778883729,100,GET,GET /api/ -> https://www.python.org/,5.500000,0.000000,66,85,200,200,220,220,220,220,220,220,220,100,0,390.0,711.2153300014324,30.477499996777624,3095.073600008618,14427.0
1778883729,100,,Aggregated,49.300000,0.000000,340,450,630,630,860,5200,5200,5200,5200,5200,5200,798,0,430.0,982.5876919805208,14.322399976663291,9909.445700002834,7342.134085213032
1778883730,100,GET,GET /api/ -> http://example.com/,4.300000,0.000000,180,190,190,190,190,190,190,190,190,190,190,100,0,530.0,914.4909780009766,14.322399976663291,2843.5987000120804,68.0
1778883730,100,GET,GET /api/ -> https://books.toscrape.com/,4.500000,0.000000,120,120,120,130,130,130,130,130,130,130,130,100,0,390.0,735.7982940014335,26.541100000031292,2496.58529998851,8223.0
1778883730,100,GET,GET /api/ -> https://docs.docker.com/,5.600000,0.000000,200,200,220,340,350,350,350,350,350,350,350,100,0,480.0,772.5867679982912,59.861799993086606,2881.76679998287,1856.0
1778883730,100,GET,GET /api/ -> https://flask.palletsprojects.com/,6.700000,0.000000,450,450,450,450,450,450,450,450,450,450,450,100,0,400.0,1180.8609190001152,91.39750001486391,3872.629399993457,20936.0
1778883730,100,GET,GET /api/ -> https://httpbin.org/,5.000000,0.000000,78,85,85,85,85,85,85,85,85,85,85,100,0,410.0,574.6422610021546,19.319399987580255,3124.779900012072,332.0
1778883730,100,GET,GET /api/ -> https://locust.io/,9.800000,0.000000,5200,5200,5200,5200,5200,5200,5200,5200,5200,5200,5200,99,0,380.0,1063.4409161607941,49.201700021512806,6104.8103000211995,5097.0
1778883730,100,GET,GET /api/ -> https://redis.io/,7.900000,0.000000,200,340,340,570,570,570,570,570,570,570,570,99,0,480.0,1917.8269949504715,54.107600008137524,9909.445700002834,7780.0
1778883730,100,GET,GET /api/ -> https://www.python.org/,5.500000,0.000000,66,85,200,200,220,220,220,220,220,220,220,100,0,390.0,711.2153300014324,30.477499996777624,3095.073600008618,14427.0
1778883730,100,,Aggregated,49.300000,0.000000,5200,5200,5200,5200,5200,5200,5200,5200,5200,5200,5200,798,0,430.0,982.5876919805208,14.322399976663291,9909.445700002834,7342.134085213032
1778883731,100,GET,GET /api/ -> http://example.com/,0.500000,0.000000,180,190,190,190,190,190,190,190,190,190,190,100,0,530.0,914.4909780009766,14.322399976663291,2843.5987000120804,68.0
1778883731,100,GET,GET /api/ -> https://books.toscrape.com/,0.500000,0.000000,120,120,120,130,130,130,130,130,130,130,130,100,0,390.0,735.7982940014335,26.541100000031292,2496.58529998851,8223.0
1778883731,100,GET,GET /api/ -> https://docs.docker.com/,1.000000,0.000000,200,200,220,340,350,350,350,350,350,350,350,100,0,480.0,772.5867679982912,59.861799993086606,2881.76679998287,1856.0
1778883731,100,GET,GET /api/ -> https://flask.palletsprojects.com/,1.000000,0.000000,450,450,450,450,450,450,450,450,450,450,450,100,0,400.0,1180.8609190001152,91.39750001486391,3872.629399993457,20936.0
1778883731,100,GET,GET /api/ -> https://httpbin.org/,0.500000,0.000000,78,85,85,85,85,85,85,85,85,85,85,100,0,410.0,574.6422610021546,19.319399987580255,3124.779900012072,332.0
1778883731,100,GET,GET /api/ -> https://locust.io/,1.500000,0.000000,5200,5200,5200,5200,5200,5200,5200,5200,5200,5200,5200,99,0,380.0,1063.4409161607941,49.201700021512806,6104.8103000211995,5097.0
1778883731,100,GET,GET /api/ -> https://redis.io/,1.100000,0.000000,340,340,570,570,25000,25000,25000,25000,25000,25000,25000,100,0,480.0,2148.6913540010573,54.107600008137524,25004.262900009053,7780.0
1778883731,100,GET,GET /api/ -> https://www.python.org/,0.700000,0.000000,66,85,200,200,220,220,220,220,220,220,220,100,0,390.0,711.2153300014324,30.477499996777624,3095.073600008618,14427.0
1778883731,100,,Aggregated,6.800000,0.000000,5200,5200,25000,25000,25000,25000,25000,25000,25000,25000,25000,799,0,430.0,1012.6523668341235,14.322399976663291,25004.262900009053,7342.682102628285
1778883732,100,GET,GET /api/ -> http://example.com/,0.500000,0.000000,180,190,190,190,190,190,190,190,190,190,190,100,0,530.0,914.4909780009766,14.322399976663291,2843.5987000120804,68.0
1778883732,100,GET,GET /api/ -> https://books.toscrape.com/,0.500000,0.000000,120,120,120,130,130,130,130,130,130,130,130,100,0,390.0,735.7982940014335,26.541100000031292,2496.58529998851,8223.0
1778883732,100,GET,GET /api/ -> https://docs.docker.com/,1.000000,0.000000,200,200,220,340,350,350,350,350,350,350,350,100,0,480.0,772.5867679982912,59.861799993086606,2881.76679998287,1856.0
1778883732,100,GET,GET /api/ -> https://flask.palletsprojects.com/,1.000000,0.000000,450,450,450,450,450,450,450,450,450,450,450,100,0,400.0,1180.8609190001152,91.39750001486391,3872.629399993457,20936.0
1778883732,100,GET,GET /api/ -> https://httpbin.org/,0.500000,0.000000,78,85,85,85,85,85,85,85,85,85,85,100,0,410.0,574.6422610021546,19.319399987580255,3124.779900012072,332.0
1778883732,100,GET,GET /api/ -> https://locust.io/,1.500000,0.000000,5200,5200,5200,5200,5200,5200,5200,5200,5200,5200,5200,99,0,380.0,1063.4409161607941,49.201700021512806,6104.8103000211995,5097.0
1778883732,100,GET,GET /api/ -> https://redis.io/,1.100000,0.000000,340,340,570,570,25000,25000,25000,25000,25000,25000,25000,100,0,480.0,2148.6913540010573,54.107600008137524,25004.262900009053,7780.0
1778883732,100,GET,GET /api/ -> https://www.python.org/,0.700000,0.000000,66,85,200,200,220,220,220,220,220,220,220,100,0,390.0,711.2153300014324,30.477499996777624,3095.073600008618,14427.0
1778883732,100,,Aggregated,6.800000,0.000000,5200,5200,25000,25000,25000,25000,25000,25000,25000,25000,25000,799,0,430.0,1012.6523668341235,14.322399976663291,25004.262900009053,7342.682102628285
1778883733,100,GET,GET /api/ -> http://example.com/,0.500000,0.000000,180,190,190,190,190,190,190,190,190,190,190,100,0,530.0,914.4909780009766,14.322399976663291,2843.5987000120804,68.0
1778883733,100,GET,GET /api/ -> https://books.toscrape.com/,0.500000,0.000000,120,120,120,130,130,130,130,130,130,130,130,100,0,390.0,735.7982940014335,26.541100000031292,2496.58529998851,8223.0
1778883733,100,GET,GET /api/ -> https://docs.docker.com/,1.000000,0.000000,200,200,220,340,350,350,350,350,350,350,350,100,0,480.0,772.5867679982912,59.861799993086606,2881.76679998287,1856.0
1778883733,100,GET,GET /api/ -> https://flask.palletsprojects.com/,1.000000,0.000000,450,450,450,450,450,450,450,450,450,450,450,100,0,400.0,1180.8609190001152,91.39750001486391,3872.629399993457,20936.0
1778883733,100,GET,GET /api/ -> https://httpbin.org/,0.500000,0.000000,78,85,85,85,85,85,85,85,85,85,85,100,0,410.0,574.6422610021546,19.319399987580255,3124.779900012072,332.0
1778883733,100,GET,GET /api/ -> https://locust.io/,1.500000,0.000000,5200,5200,5200,5200,5200,5200,5200,5200,5200,5200,5200,99,0,380.0,1063.4409161607941,49.201700021512806,6104.8103000211995,5097.0
1778883733,100,GET,GET /api/ -> https://redis.io/,1.100000,0.000000,340,340,570,570,25000,25000,25000,25000,25000,25000,25000,100,0,480.0,2148.6913540010573,54.107600008137524,25004.262900009053,7780.0
1778883733,100,GET,GET /api/ -> https://www.python.org/,0.700000,0.000000,66,85,200,200,220,220,220,220,220,220,220,100,0,390.0,711.2153300014324,30.477499996777624,3095.073600008618,14427.0
1778883733,100,,Aggregated,6.800000,0.000000,25000,25000,25000,25000,25000,25000,25000,25000,25000,25000,25000,799,0,430.0,1012.6523668341235,14.322399976663291,25004.262900009053,7342.682102628285
1778883734,100,GET,GET /api/ -> http://example.com/,0.500000,0.000000,180,190,190,190,190,190,190,190,190,190,190,100,0,530.0,914.4909780009766,14.322399976663291,2843.5987000120804,68.0
1778883734,100,GET,GET /api/ -> https://books.toscrape.com/,0.500000,0.000000,120,120,120,130,130,130,130,130,130,130,130,100,0,390.0,735.7982940014335,26.541100000031292,2496.58529998851,8223.0
1778883734,100,GET,GET /api/ -> https://docs.docker.com/,1.000000,0.000000,200,200,220,340,350,350,350,350,350,350,350,100,0,480.0,772.5867679982912,59.861799993086606,2881.76679998287,1856.0
1778883734,100,GET,GET /api/ -> https://flask.palletsprojects.com/,1.000000,0.000000,450,450,450,450,450,450,450,450,450,450,450,100,0,400.0,1180.8609190001152,91.39750001486391,3872.629399993457,20936.0
1778883734,100,GET,GET /api/ -> https://httpbin.org/,0.500000,0.000000,78,85,85,85,85,85,85,85,85,85,85,100,0,410.0,574.6422610021546,19.319399987580255,3124.779900012072,332.0
1778883734,100,GET,GET /api/ -> https://locust.io/,1.500000,0.000000,5200,5200,5200,5200,5200,5200,5200,5200,5200,5200,5200,99,0,380.0,1063.4409161607941,49.201700021512806,6104.8103000211995,5097.0
1778883734,100,GET,GET /api/ -> https://redis.io/,1.100000,0.000000,340,340,570,570,25000,25000,25000,25000,25000,25000,25000,100,0,480.0,2148.6913540010573,54.107600008137524,25004.262900009053,7780.0
1778883734,100,GET,GET /api/ -> https://www.python.org/,0.700000,0.000000,66,85,200,200,220,220,220,220,220,220,220,100,0,390.0,711.2153300014324,30.477499996777624,3095.073600008618,14427.0
1778883734,100,,Aggregated,6.800000,0.000000,25000,25000,25000,25000,25000,25000,25000,25000,25000,25000,25000,799,0,430.0,1012.6523668341235,14.322399976663291,25004.262900009053,7342.682102628285
1778883735,100,GET,GET /api/ -> http://example.com/,0.000000,0.000000,180,190,190,190,190,190,190,190,190,190,190,100,0,530.0,914.4909780009766,14.322399976663291,2843.5987000120804,68.0
1778883735,100,GET,GET /api/ -> https://books.toscrape.com/,0.000000,0.000000,120,120,120,130,130,130,130,130,130,130,130,100,0,390.0,735.7982940014335,26.541100000031292,2496.58529998851,8223.0
1778883735,100,GET,GET /api/ -> https://docs.docker.com/,0.000000,0.000000,200,200,220,340,350,350,350,350,350,350,350,100,0,480.0,772.5867679982912,59.861799993086606,2881.76679998287,1856.0
1778883735,100,GET,GET /api/ -> https://flask.palletsprojects.com/,0.000000,0.000000,450,450,450,450,450,450,450,450,450,450,450,100,0,400.0,1180.8609190001152,91.39750001486391,3872.629399993457,20936.0
1778883735,100,GET,GET /api/ -> https://httpbin.org/,0.000000,0.000000,78,85,85,85,85,85,85,85,85,85,85,100,0,410.0,574.6422610021546,19.319399987580255,3124.779900012072,332.0
1778883735,100,GET,GET /api/ -> https://locust.io/,0.100000,0.000000,5200,5200,5200,5200,5200,5200,5200,5200,5200,5200,5200,100,0,380.0,1087.3336579991155,49.201700021512806,6104.8103000211995,5097.0
1778883735,100,GET,GET /api/ -> https://redis.io/,0.100000,0.000000,25000,25000,25000,25000,25000,25000,25000,25000,25000,25000,25000,100,0,480.0,2148.6913540010573,54.107600008137524,25004.262900009053,7780.0
1778883735,100,GET,GET /api/ -> https://www.python.org/,0.000000,0.000000,66,85,200,200,220,220,220,220,220,220,220,100,0,390.0,711.2153300014324,30.477499996777624,3095.073600008618,14427.0
1778883735,100,,Aggregated,0.200000,0.000000,5200,5200,25000,25000,25000,25000,25000,25000,25000,25000,25000,800,0,430.0,1015.702445250572,14.322399976663291,25004.262900009053,7339.875
1778883736,100,GET,GET /api/ -> http://example.com/,0.000000,0.000000,180,190,190,190,190,190,190,190,190,190,190,100,0,530.0,914.4909780009766,14.322399976663291,2843.5987000120804,68.0
1778883736,100,GET,GET /api/ -> https://books.toscrape.com/,0.000000,0.000000,120,120,120,130,130,130,130,130,130,130,130,100,0,390.0,735.7982940014335,26.541100000031292,2496.58529998851,8223.0
1778883736,100,GET,GET /api/ -> https://docs.docker.com/,0.000000,0.000000,200,200,220,340,350,350,350,350,350,350,350,100,0,480.0,772.5867679982912,59.861799993086606,2881.76679998287,1856.0
1778883736,100,GET,GET /api/ -> https://flask.palletsprojects.com/,0.000000,0.000000,450,450,450,450,450,450,450,450,450,450,450,100,0,400.0,1180.8609190001152,91.39750001486391,3872.629399993457,20936.0
1778883736,100,GET,GET /api/ -> https://httpbin.org/,0.000000,0.000000,78,85,85,85,85,85,85,85,85,85,85,100,0,410.0,574.6422610021546,19.319399987580255,3124.779900012072,332.0
1778883736,100,GET,GET /api/ -> https://locust.io/,0.100000,0.000000,5200,5200,5200,5200,5200,5200,5200,5200,5200,5200,5200,100,0,380.0,1087.3336579991155,49.201700021512806,6104.8103000211995,5097.0
1778883736,100,GET,GET /api/ -> https://redis.io/,0.100000,0.000000,25000,25000,25000,25000,25000,25000,25000,25000,25000,25000,25000,100,0,480.0,2148.6913540010573,54.107600008137524,25004.262900009053,7780.0
1778883736,100,GET,GET /api/ -> https://www.python.org/,0.000000,0.000000,66,85,200,200,220,220,220,220,220,220,220,100,0,390.0,711.2153300014324,30.477499996777624,3095.073600008618,14427.0
1778883736,100,,Aggregated,0.200000,0.000000,5200,5200,25000,25000,25000,25000,25000,25000,25000,25000,25000,800,0,430.0,1015.702445250572,14.322399976663291,25004.262900009053,7339.875
1778883737,100,GET,GET /api/ -> http://example.com/,0.000000,0.000000,0,0,0,0,0,0,0,0,0,0,0,100,0,530.0,914.4909780009766,14.322399976663291,2843.5987000120804,68.0
1778883737,100,GET,GET /api/ -> https://books.toscrape.com/,0.000000,0.000000,0,0,0,0,0,0,0,0,0,0,0,100,0,390.0,735.7982940014335,26.541100000031292,2496.58529998851,8223.0
1778883737,100,GET,GET /api/ -> https://docs.docker.com/,0.000000,0.000000,0,0,0,0,0,0,0,0,0,0,0,100,0,480.0,772.5867679982912,59.861799993086606,2881.76679998287,1856.0
1778883737,100,GET,GET /api/ -> https://flask.palletsprojects.com/,0.000000,0.000000,450,450,450,450,450,450,450,450,450,450,450,100,0,400.0,1180.8609190001152,91.39750001486391,3872.629399993457,20936.0
1778883737,100,GET,GET /api/ -> https://httpbin.org/,0.000000,0.000000,0,0,0,0,0,0,0,0,0,0,0,100,0,410.0,574.6422610021546,19.319399987580255,3124.779900012072,332.0
1778883737,100,GET,GET /api/ -> https://locust.io/,0.100000,0.000000,5200,5200,5200,5200,5200,5200,5200,5200,5200,5200,5200,100,0,380.0,1087.3336579991155,49.201700021512806,6104.8103000211995,5097.0
1778883737,100,GET,GET /api/ -> https://redis.io/,0.100000,0.000000,25000,25000,25000,25000,25000,25000,25000,25000,25000,25000,25000,100,0,480.0,2148.6913540010573,54.107600008137524,25004.262900009053,7780.0
1778883737,100,GET,GET /api/ -> https://www.python.org/,0.000000,0.000000,0,0,0,0,0,0,0,0,0,0,0,100,0,390.0,711.2153300014324,30.477499996777624,3095.073600008618,14427.0
1778883737,100,,Aggregated,0.200000,0.000000,5200,5200,25000,25000,25000,25000,25000,25000,25000,25000,25000,800,0,430.0,1015.702445250572,14.322399976663291,25004.262900009053,7339.875
1778883738,100,GET,GET /api/ -> http://example.com/,0.000000,0.000000,0,0,0,0,0,0,0,0,0,0,0,100,0,530.0,914.4909780009766,14.322399976663291,2843.5987000120804,68.0
1778883738,100,GET,GET /api/ -> https://books.toscrape.com/,0.000000,0.000000,0,0,0,0,0,0,0,0,0,0,0,100,0,390.0,735.7982940014335,26.541100000031292,2496.58529998851,8223.0
1778883738,100,GET,GET /api/ -> https://docs.docker.com/,0.000000,0.000000,0,0,0,0,0,0,0,0,0,0,0,100,0,480.0,772.5867679982912,59.861799993086606,2881.76679998287,1856.0
1778883738,100,GET,GET /api/ -> https://flask.palletsprojects.com/,0.000000,0.000000,0,0,0,0,0,0,0,0,0,0,0,100,0,400.0,1180.8609190001152,91.39750001486391,3872.629399993457,20936.0
1778883738,100,GET,GET /api/ -> https://httpbin.org/,0.000000,0.000000,0,0,0,0,0,0,0,0,0,0,0,100,0,410.0,574.6422610021546,19.319399987580255,3124.779900012072,332.0
1778883738,100,GET,GET /api/ -> https://locust.io/,0.100000,0.000000,5200,5200,5200,5200,5200,5200,5200,5200,5200,5200,5200,100,0,380.0,1087.3336579991155,49.201700021512806,6104.8103000211995,5097.0
1778883738,100,GET,GET /api/ -> https://redis.io/,0.100000,0.000000,25000,25000,25000,25000,25000,25000,25000,25000,25000,25000,25000,100,0,480.0,2148.6913540010573,54.107600008137524,25004.262900009053,7780.0
1778883738,100,GET,GET /api/ -> https://www.python.org/,0.000000,0.000000,0,0,0,0,0,0,0,0,0,0,0,100,0,390.0,711.2153300014324,30.477499996777624,3095.073600008618,14427.0
1778883738,100,,Aggregated,0.200000,0.000000,25000,25000,25000,25000,25000,25000,25000,25000,25000,25000,25000,800,0,430.0,1015.702445250572,14.322399976663291,25004.262900009053,7339.875
1778883739,100,GET,GET /api/ -> http://example.com/,0.000000,0.000000,0,0,0,0,0,0,0,0,0,0,0,100,0,530.0,914.4909780009766,14.322399976663291,2843.5987000120804,68.0
1778883739,100,GET,GET /api/ -> https://books.toscrape.com/,0.000000,0.000000,0,0,0,0,0,0,0,0,0,0,0,100,0,390.0,735.7982940014335,26.541100000031292,2496.58529998851,8223.0
1778883739,100,GET,GET /api/ -> https://docs.docker.com/,0.000000,0.000000,0,0,0,0,0,0,0,0,0,0,0,100,0,480.0,772.5867679982912,59.861799993086606,2881.76679998287,1856.0
1778883739,100,GET,GET /api/ -> https://flask.palletsprojects.com/,0.000000,0.000000,0,0,0,0,0,0,0,0,0,0,0,100,0,400.0,1180.8609190001152,91.39750001486391,3872.629399993457,20936.0
1778883739,100,GET,GET /api/ -> https://httpbin.org/,0.000000,0.000000,0,0,0,0,0,0,0,0,0,0,0,100,0,410.0,574.6422610021546,19.319399987580255,3124.779900012072,332.0
1778883739,100,GET,GET /api/ -> https://locust.io/,0.100000,0.000000,3500,3500,3500,3500,3500,3500,3500,3500,3500,3500,3500,100,0,380.0,1087.3336579991155,49.201700021512806,6104.8103000211995,5097.0
1778883739,100,GET,GET /api/ -> https://redis.io/,0.100000,0.000000,25000,25000,25000,25000,25000,25000,25000,25000,25000,25000,25000,100,0,480.0,2148.6913540010573,54.107600008137524,25004.262900009053,7780.0
1778883739,100,GET,GET /api/ -> https://www.python.org/,0.000000,0.000000,0,0,0,0,0,0,0,0,0,0,0,100,0,390.0,711.2153300014324,30.477499996777624,3095.073600008618,14427.0
1778883739,100,,Aggregated,0.200000,0.000000,25000,25000,25000,25000,25000,25000,25000,25000,25000,25000,25000,800,0,430.0,1015.702445250572,14.322399976663291,25004.262900009053,7339.875
1778883740,100,GET,GET /api/ -> http://example.com/,0.000000,0.000000,0,0,0,0,0,0,0,0,0,0,0,100,0,530.0,914.4909780009766,14.322399976663291,2843.5987000120804,68.0
1778883740,100,GET,GET /api/ -> https://books.toscrape.com/,0.000000,0.000000,0,0,0,0,0,0,0,0,0,0,0,100,0,390.0,735.7982940014335,26.541100000031292,2496.58529998851,8223.0
1778883740,100,GET,GET /api/ -> https://docs.docker.com/,0.000000,0.000000,0,0,0,0,0,0,0,0,0,0,0,100,0,480.0,772.5867679982912,59.861799993086606,2881.76679998287,1856.0
1778883740,100,GET,GET /api/ -> https://flask.palletsprojects.com/,0.000000,0.000000,0,0,0,0,0,0,0,0,0,0,0,100,0,400.0,1180.8609190001152,91.39750001486391,3872.629399993457,20936.0
1778883740,100,GET,GET /api/ -> https://github.com/ibnesayeed/linkextractor,0.000000,0.000000,0,0,0,0,0,0,0,0,0,0,0,1,0,25455.592999991495,25455.592999991495,25455.592999991495,25455.592999991495,12313.0
1778883740,100,GET,GET /api/ -> https://httpbin.org/,0.000000,0.000000,0,0,0,0,0,0,0,0,0,0,0,100,0,410.0,574.6422610021546,19.319399987580255,3124.779900012072,332.0
1778883740,100,GET,GET /api/ -> https://locust.io/,0.100000,0.000000,3500,3500,3500,3500,3500,3500,3500,3500,3500,3500,3500,100,0,380.0,1087.3336579991155,49.201700021512806,6104.8103000211995,5097.0
1778883740,100,GET,GET /api/ -> https://redis.io/,0.100000,0.000000,25000,25000,25000,25000,25000,25000,25000,25000,25000,25000,25000,100,0,480.0,2148.6913540010573,54.107600008137524,25004.262900009053,7780.0
1778883740,100,GET,GET /api/ -> https://www.python.org/,0.000000,0.000000,0,0,0,0,0,0,0,0,0,0,0,100,0,390.0,711.2153300014324,30.477499996777624,3095.073600008618,14427.0
1778883740,100,,Aggregated,0.200000,0.000000,25000,25000,25000,25000,25000,25000,25000,25000,25000,25000,25000,801,0,440.0,1046.2141687895744,14.322399976663291,25455.592999991495,7346.083645443196
1778883741,100,GET,GET /api/ -> http://example.com/,0.000000,0.000000,0,0,0,0,0,0,0,0,0,0,0,100,0,530.0,914.4909780009766,14.322399976663291,2843.5987000120804,68.0
1778883741,100,GET,GET /api/ -> https://books.toscrape.com/,0.000000,0.000000,0,0,0,0,0,0,0,0,0,0,0,100,0,390.0,735.7982940014335,26.541100000031292,2496.58529998851,8223.0
1778883741,100,GET,GET /api/ -> https://docs.docker.com/,0.000000,0.000000,0,0,0,0,0,0,0,0,0,0,0,100,0,480.0,772.5867679982912,59.861799993086606,2881.76679998287,1856.0
1778883741,100,GET,GET /api/ -> https://flask.palletsprojects.com/,0.000000,0.000000,0,0,0,0,0,0,0,0,0,0,0,100,0,400.0,1180.8609190001152,91.39750001486391,3872.629399993457,20936.0
1778883741,100,GET,GET /api/ -> https://github.com/ibnesayeed/linkextractor,0.000000,0.000000,0,0,0,0,0,0,0,0,0,0,0,1,0,25455.592999991495,25455.592999991495,25455.592999991495,25455.592999991495,12313.0
1778883741,100,GET,GET /api/ -> https://httpbin.org/,0.000000,0.000000,0,0,0,0,0,0,0,0,0,0,0,100,0,410.0,574.6422610021546,19.319399987580255,3124.779900012072,332.0
1778883741,100,GET,GET /api/ -> https://locust.io/,0.100000,0.000000,3500,3500,3500,3500,3500,3500,3500,3500,3500,3500,3500,100,0,380.0,1087.3336579991155,49.201700021512806,6104.8103000211995,5097.0
1778883741,100,GET,GET /api/ -> https://redis.io/,0.100000,0.000000,25000,25000,25000,25000,25000,25000,25000,25000,25000,25000,25000,100,0,480.0,2148.6913540010573,54.107600008137524,25004.262900009053,7780.0
1778883741,100,GET,GET /api/ -> https://www.python.org/,0.000000,0.000000,0,0,0,0,0,0,0,0,0,0,0,100,0,390.0,711.2153300014324,30.477499996777624,3095.073600008618,14427.0
1778883741,100,,Aggregated,0.200000,0.000000,25000,25000,25000,25000,25000,25000,25000,25000,25000,25000,25000,801,0,440.0,1046.2141687895744,14.322399976663291,25455.592999991495,7346.083645443196
1778883742,100,GET,GET /api/ -> http://example.com/,0.000000,0.000000,0,0,0,0,0,0,0,0,0,0,0,100,0,530.0,914.4909780009766,14.322399976663291,2843.5987000120804,68.0
1778883742,100,GET,GET /api/ -> https://books.toscrape.com/,0.000000,0.000000,0,0,0,0,0,0,0,0,0,0,0,100,0,390.0,735.7982940014335,26.541100000031292,2496.58529998851,8223.0
1778883742,100,GET,GET /api/ -> https://docs.docker.com/,0.000000,0.000000,0,0,0,0,0,0,0,0,0,0,0,100,0,480.0,772.5867679982912,59.861799993086606,2881.76679998287,1856.0
1778883742,100,GET,GET /api/ -> https://flask.palletsprojects.com/,0.000000,0.000000,0,0,0,0,0,0,0,0,0,0,0,100,0,400.0,1180.8609190001152,91.39750001486391,3872.629399993457,20936.0
1778883742,100,GET,GET /api/ -> https://github.com/ibnesayeed/linkextractor,0.000000,0.000000,25000,25000,25000,25000,25000,25000,25000,25000,25000,25000,25000,1,0,25455.592999991495,25455.592999991495,25455.592999991495,25455.592999991495,12313.0
1778883742,100,GET,GET /api/ -> https://httpbin.org/,0.000000,0.000000,0,0,0,0,0,0,0,0,0,0,0,100,0,410.0,574.6422610021546,19.319399987580255,3124.779900012072,332.0
1778883742,100,GET,GET /api/ -> https://locust.io/,0.100000,0.000000,3500,3500,3500,3500,3500,3500,3500,3500,3500,3500,3500,100,0,380.0,1087.3336579991155,49.201700021512806,6104.8103000211995,5097.0
1778883742,100,GET,GET /api/ -> https://redis.io/,0.100000,0.000000,25000,25000,25000,25000,25000,25000,25000,25000,25000,25000,25000,100,0,480.0,2148.6913540010573,54.107600008137524,25004.262900009053,7780.0
1778883742,100,GET,GET /api/ -> https://www.python.org/,0.000000,0.000000,0,0,0,0,0,0,0,0,0,0,0,100,0,390.0,711.2153300014324,30.477499996777624,3095.073600008618,14427.0
1778883742,100,,Aggregated,0.200000,0.000000,25000,25000,25000,25000,25000,25000,25000,25000,25000,25000,25000,801,0,440.0,1046.2141687895744,14.322399976663291,25455.592999991495,7346.083645443196
1778883743,100,GET,GET /api/ -> http://example.com/,0.000000,0.000000,0,0,0,0,0,0,0,0,0,0,0,100,0,530.0,914.4909780009766,14.322399976663291,2843.5987000120804,68.0
1778883743,100,GET,GET /api/ -> https://books.toscrape.com/,0.000000,0.000000,0,0,0,0,0,0,0,0,0,0,0,100,0,390.0,735.7982940014335,26.541100000031292,2496.58529998851,8223.0
1778883743,100,GET,GET /api/ -> https://docs.docker.com/,0.000000,0.000000,0,0,0,0,0,0,0,0,0,0,0,100,0,480.0,772.5867679982912,59.861799993086606,2881.76679998287,1856.0
1778883743,100,GET,GET /api/ -> https://flask.palletsprojects.com/,0.000000,0.000000,0,0,0,0,0,0,0,0,0,0,0,100,0,400.0,1180.8609190001152,91.39750001486391,3872.629399993457,20936.0
1778883743,100,GET,GET /api/ -> https://github.com/ibnesayeed/linkextractor,0.100000,0.000000,30000,30000,30000,30000,30000,30000,30000,30000,30000,30000,30000,3,0,30000.0,28495.963999991847,25455.592999991495,30017.320499988273,4104.333333333333
1778883743,100,GET,GET /api/ -> https://httpbin.org/,0.000000,0.000000,0,0,0,0,0,0,0,0,0,0,0,100,0,410.0,574.6422610021546,19.319399987580255,3124.779900012072,332.0
1778883743,100,GET,GET /api/ -> https://locust.io/,0.100000,0.000000,3500,3500,3500,3500,3500,3500,3500,3500,3500,3500,3500,100,0,380.0,1087.3336579991155,49.201700021512806,6104.8103000211995,5097.0
1778883743,100,GET,GET /api/ -> https://redis.io/,0.100000,0.000000,25000,25000,25000,25000,25000,25000,25000,25000,25000,25000,25000,100,0,480.0,2148.6913540010573,54.107600008137524,25004.262900009053,7780.0
1778883743,100,GET,GET /api/ -> https://www.python.org/,0.000000,0.000000,0,0,0,0,0,0,0,0,0,0,0,100,0,390.0,711.2153300014324,30.477499996777624,3095.073600008618,14427.0
1778883743,100,,Aggregated,0.300000,0.000000,30000,30000,30000,30000,30000,30000,30000,30000,30000,30000,30000,803,0,440.0,1118.3684286431298,14.322399976663291,30017.320499988273,7327.78704856787
1778883744,100,GET,GET /api/ -> http://example.com/,0.000000,0.000000,0,0,0,0,0,0,0,0,0,0,0,100,0,530.0,914.4909780009766,14.322399976663291,2843.5987000120804,68.0
1778883744,100,GET,GET /api/ -> https://books.toscrape.com/,0.000000,0.000000,0,0,0,0,0,0,0,0,0,0,0,100,0,390.0,735.7982940014335,26.541100000031292,2496.58529998851,8223.0
1778883744,100,GET,GET /api/ -> https://docs.docker.com/,0.000000,0.000000,0,0,0,0,0,0,0,0,0,0,0,100,0,480.0,772.5867679982912,59.861799993086606,2881.76679998287,1856.0
1778883744,100,GET,GET /api/ -> https://flask.palletsprojects.com/,0.000000,0.000000,0,0,0,0,0,0,0,0,0,0,0,100,0,400.0,1180.8609190001152,91.39750001486391,3872.629399993457,20936.0
1778883744,100,GET,GET /api/ -> https://github.com/ibnesayeed/linkextractor,0.100000,0.000000,30000,30000,30000,30000,30000,30000,30000,30000,30000,30000,30000,14,0,30000.0,29710.094021423305,25455.592999991495,30103.465500025777,879.5
1778883744,100,GET,GET /api/ -> https://httpbin.org/,0.000000,0.000000,0,0,0,0,0,0,0,0,0,0,0,100,0,410.0,574.6422610021546,19.319399987580255,3124.779900012072,332.0
1778883744,100,GET,GET /api/ -> https://locust.io/,0.100000,0.000000,3500,3500,3500,3500,3500,3500,3500,3500,3500,3500,3500,100,0,380.0,1087.3336579991155,49.201700021512806,6104.8103000211995,5097.0
1778883744,100,GET,GET /api/ -> https://redis.io/,0.000000,0.000000,25000,25000,25000,25000,25000,25000,25000,25000,25000,25000,25000,100,0,480.0,2148.6913540010573,54.107600008137524,25004.262900009053,7780.0
1778883744,100,GET,GET /api/ -> https://www.python.org/,0.000000,0.000000,0,0,0,0,0,0,0,0,0,0,0,100,0,390.0,711.2153300014324,30.477499996777624,3095.073600008618,14427.0
1778883744,100,,Aggregated,0.200000,0.000000,30000,30000,30000,30000,30000,30000,30000,30000,30000,30000,30000,814,0,460.0,1509.217779484501,14.322399976663291,30103.465500025777,7228.762899262899
1778883745,100,GET,GET /api/ -> http://example.com/,0.000000,0.000000,0,0,0,0,0,0,0,0,0,0,0,100,0,530.0,914.4909780009766,14.322399976663291,2843.5987000120804,68.0
1778883745,100,GET,GET /api/ -> https://books.toscrape.com/,0.000000,0.000000,0,0,0,0,0,0,0,0,0,0,0,100,0,390.0,735.7982940014335,26.541100000031292,2496.58529998851,8223.0
1778883745,100,GET,GET /api/ -> https://docs.docker.com/,0.000000,0.000000,0,0,0,0,0,0,0,0,0,0,0,100,0,480.0,772.5867679982912,59.861799993086606,2881.76679998287,1856.0
1778883745,100,GET,GET /api/ -> https://flask.palletsprojects.com/,0.000000,0.000000,0,0,0,0,0,0,0,0,0,0,0,100,0,400.0,1180.8609190001152,91.39750001486391,3872.629399993457,20936.0
1778883745,100,GET,GET /api/ -> https://github.com/ibnesayeed/linkextractor,0.100000,0.000000,30000,30000,30000,30000,30000,30000,30000,30000,30000,30000,30000,24,0,30000.0,29839.837524995044,25455.592999991495,30103.465500025777,513.0416666666666
1778883745,100,GET,GET /api/ -> https://httpbin.org/,0.000000,0.000000,0,0,0,0,0,0,0,0,0,0,0,100,0,410.0,574.6422610021546,19.319399987580255,3124.779900012072,332.0
1778883745,100,GET,GET /api/ -> https://locust.io/,0.100000,0.000000,3500,3500,3500,3500,3500,3500,3500,3500,3500,3500,3500,100,0,380.0,1087.3336579991155,49.201700021512806,6104.8103000211995,5097.0
1778883745,100,GET,GET /api/ -> https://redis.io/,0.000000,0.000000,25000,25000,25000,25000,25000,25000,25000,25000,25000,25000,25000,100,0,480.0,2148.6913540010573,54.107600008137524,25004.262900009053,7780.0
1778883745,100,GET,GET /api/ -> https://www.python.org/,0.000000,0.000000,0,0,0,0,0,0,0,0,0,0,0,100,0,390.0,711.2153300014324,30.477499996777624,3095.073600008618,14427.0
1778883745,100,,Aggregated,0.200000,0.000000,30000,30000,30000,30000,30000,30000,30000,30000,30000,30000,30000,824,0,470.0,1855.2403601945857,14.322399976663291,30103.465500025777,7141.035194174758
1778883746,100,GET,GET /api/ -> http://example.com/,0.000000,0.000000,0,0,0,0,0,0,0,0,0,0,0,100,0,530.0,914.4909780009766,14.322399976663291,2843.5987000120804,68.0
1778883746,100,GET,GET /api/ -> https://books.toscrape.com/,0.000000,0.000000,0,0,0,0,0,0,0,0,0,0,0,100,0,390.0,735.7982940014335,26.541100000031292,2496.58529998851,8223.0
1778883746,100,GET,GET /api/ -> https://docs.docker.com/,0.000000,0.000000,0,0,0,0,0,0,0,0,0,0,0,100,0,480.0,772.5867679982912,59.861799993086606,2881.76679998287,1856.0
1778883746,100,GET,GET /api/ -> https://flask.palletsprojects.com/,0.000000,0.000000,0,0,0,0,0,0,0,0,0,0,0,100,0,400.0,1180.8609190001152,91.39750001486391,3872.629399993457,20936.0
1778883746,100,GET,GET /api/ -> https://github.com/ibnesayeed/linkextractor,0.400000,0.000000,30000,30000,30000,30000,30000,30000,31000,31000,31000,31000,31000,41,0,30000.0,29983.90868292318,25455.592999991495,30850.772600009805,900.9512195121952
1778883746,100,GET,GET /api/ -> https://httpbin.org/,0.000000,0.000000,0,0,0,0,0,0,0,0,0,0,0,100,0,410.0,574.6422610021546,19.319399987580255,3124.779900012072,332.0
1778883746,100,GET,GET /api/ -> https://locust.io/,0.100000,0.000000,3500,3500,3500,3500,3500,3500,3500,3500,3500,3500,3500,100,0,380.0,1087.3336579991155,49.201700021512806,6104.8103000211995,5097.0
1778883746,100,GET,GET /api/ -> https://redis.io/,0.000000,0.000000,25000,25000,25000,25000,25000,25000,25000,25000,25000,25000,25000,100,0,480.0,2148.6913540010573,54.107600008137524,25004.262900009053,7780.0
1778883746,100,GET,GET /api/ -> https://www.python.org/,0.000000,0.000000,0,0,0,0,0,0,0,0,0,0,0,100,0,390.0,711.2153300014324,30.477499996777624,3095.073600008618,14427.0
1778883746,100,,Aggregated,0.500000,0.000000,30000,30000,30000,30000,30000,30000,31000,31000,31000,31000,31000,841,0,480.0,2427.945555529498,14.322399976663291,30850.772600009805,7025.9678953626635
1778883747,100,GET,GET /api/ -> http://example.com/,0.000000,0.000000,0,0,0,0,0,0,0,0,0,0,0,100,0,530.0,914.4909780009766,14.322399976663291,2843.5987000120804,68.0
1778883747,100,GET,GET /api/ -> https://books.toscrape.com/,0.000000,0.000000,0,0,0,0,0,0,0,0,0,0,0,100,0,390.0,735.7982940014335,26.541100000031292,2496.58529998851,8223.0
1778883747,100,GET,GET /api/ -> https://docs.docker.com/,0.000000,0.000000,0,0,0,0,0,0,0,0,0,0,0,100,0,480.0,772.5867679982912,59.861799993086606,2881.76679998287,1856.0
1778883747,100,GET,GET /api/ -> https://flask.palletsprojects.com/,0.000000,0.000000,0,0,0,0,0,0,0,0,0,0,0,100,0,400.0,1180.8609190001152,91.39750001486391,3872.629399993457,20936.0
1778883747,100,GET,GET /api/ -> https://github.com/ibnesayeed/linkextractor,1.700000,0.000000,30000,30000,30000,30000,30000,30000,30000,31000,31000,31000,31000,51,0,30000.0,30036.699629408722,25455.592999991495,30850.772600009805,724.2941176470588
1778883747,100,GET,GET /api/ -> https://httpbin.org/,0.000000,0.000000,0,0,0,0,0,0,0,0,0,0,0,100,0,410.0,574.6422610021546,19.319399987580255,3124.779900012072,332.0
1778883747,100,GET,GET /api/ -> https://locust.io/,0.000000,0.000000,3500,3500,3500,3500,3500,3500,3500,3500,3500,3500,3500,100,0,380.0,1087.3336579991155,49.201700021512806,6104.8103000211995,5097.0
1778883747,100,GET,GET /api/ -> https://redis.io/,0.000000,0.000000,25000,25000,25000,25000,25000,25000,25000,25000,25000,25000,25000,100,0,480.0,2148.6913540010573,54.107600008137524,25004.262900009053,7780.0
1778883747,100,GET,GET /api/ -> https://www.python.org/,0.000000,0.000000,0,0,0,0,0,0,0,0,0,0,0,100,0,390.0,711.2153300014324,30.477499996777624,3095.073600008618,14427.0
1778883747,100,,Aggregated,1.700000,0.000000,30000,30000,30000,30000,30000,30000,30000,31000,31000,31000,31000,851,0,480.0,2754.9161425385455,14.322399976663291,30850.772600009805,6943.406580493537
1778883748,100,GET,GET /api/ -> http://example.com/,0.000000,0.000000,0,0,0,0,0,0,0,0,0,0,0,100,0,530.0,914.4909780009766,14.322399976663291,2843.5987000120804,68.0
1778883748,100,GET,GET /api/ -> https://books.toscrape.com/,0.000000,0.000000,0,0,0,0,0,0,0,0,0,0,0,100,0,390.0,735.7982940014335,26.541100000031292,2496.58529998851,8223.0
1778883748,100,GET,GET /api/ -> https://docs.docker.com/,0.000000,0.000000,0,0,0,0,0,0,0,0,0,0,0,100,0,480.0,772.5867679982912,59.861799993086606,2881.76679998287,1856.0
1778883748,100,GET,GET /api/ -> https://flask.palletsprojects.com/,0.000000,0.000000,0,0,0,0,0,0,0,0,0,0,0,100,0,400.0,1180.8609190001152,91.39750001486391,3872.629399993457,20936.0
1778883748,100,GET,GET /api/ -> https://github.com/ibnesayeed/linkextractor,3.000000,0.000000,30000,30000,30000,30000,30000,30000,30000,31000,31000,31000,31000,76,0,30000.0,30098.973782891615,25455.592999991495,30850.772600009805,486.0394736842105
1778883748,100,GET,GET /api/ -> https://httpbin.org/,0.000000,0.000000,0,0,0,0,0,0,0,0,0,0,0,100,0,410.0,574.6422610021546,19.319399987580255,3124.779900012072,332.0
1778883748,100,GET,GET /api/ -> https://locust.io/,0.000000,0.000000,3500,3500,3500,3500,3500,3500,3500,3500,3500,3500,3500,100,0,380.0,1087.3336579991155,49.201700021512806,6104.8103000211995,5097.0
1778883748,100,GET,GET /api/ -> https://redis.io/,0.000000,0.000000,25000,25000,25000,25000,25000,25000,25000,25000,25000,25000,25000,100,0,480.0,2148.6913540010573,54.107600008137524,25004.262900009053,7780.0
1778883748,100,GET,GET /api/ -> https://www.python.org/,0.000000,0.000000,0,0,0,0,0,0,0,0,0,0,0,100,0,390.0,711.2153300014324,30.477499996777624,3095.073600008618,14427.0
1778883748,100,,Aggregated,3.000000,0.000000,30000,30000,30000,30000,30000,30000,30000,31000,31000,31000,31000,876,0,510.0,3538.9086343609815,14.322399976663291,30850.772600009805,6745.25
1778883749,100,GET,GET /api/ -> http://example.com/,0.000000,0.000000,0,0,0,0,0,0,0,0,0,0,0,100,0,530.0,914.4909780009766,14.322399976663291,2843.5987000120804,68.0
1778883749,100,GET,GET /api/ -> https://books.toscrape.com/,0.000000,0.000000,0,0,0,0,0,0,0,0,0,0,0,100,0,390.0,735.7982940014335,26.541100000031292,2496.58529998851,8223.0
1778883749,100,GET,GET /api/ -> https://docs.docker.com/,0.000000,0.000000,0,0,0,0,0,0,0,0,0,0,0,100,0,480.0,772.5867679982912,59.861799993086606,2881.76679998287,1856.0
1778883749,100,GET,GET /api/ -> https://flask.palletsprojects.com/,0.000000,0.000000,0,0,0,0,0,0,0,0,0,0,0,100,0,400.0,1180.8609190001152,91.39750001486391,3872.629399993457,20936.0
1778883749,100,GET,GET /api/ -> https://github.com/ibnesayeed/linkextractor,4.500000,0.000000,30000,30000,30000,30000,30000,30000,30000,31000,31000,31000,31000,94,0,30000.0,30100.535309571318,25455.592999991495,30850.772600009805,392.968085106383
1778883749,100,GET,GET /api/ -> https://httpbin.org/,0.000000,0.000000,0,0,0,0,0,0,0,0,0,0,0,100,0,410.0,574.6422610021546,19.319399987580255,3124.779900012072,332.0
1778883749,100,GET,GET /api/ -> https://locust.io/,0.000000,0.000000,3500,3500,3500,3500,3500,3500,3500,3500,3500,3500,3500,100,0,380.0,1087.3336579991155,49.201700021512806,6104.8103000211995,5097.0
1778883749,100,GET,GET /api/ -> https://redis.io/,0.000000,0.000000,0,0,0,0,0,0,0,0,0,0,0,100,0,480.0,2148.6913540010573,54.107600008137524,25004.262900009053,7780.0
1778883749,100,GET,GET /api/ -> https://www.python.org/,0.000000,0.000000,0,0,0,0,0,0,0,0,0,0,0,100,0,390.0,711.2153300014324,30.477499996777624,3095.073600008618,14427.0
1778883749,100,,Aggregated,4.500000,0.000000,30000,30000,30000,30000,30000,30000,30000,31000,31000,31000,31000,894,0,530.0,4073.8392341165113,14.322399976663291,30850.772600009805,6609.439597315436
1778883750,100,GET,GET /api/ -> http://example.com/,0.000000,0.000000,0,0,0,0,0,0,0,0,0,0,0,100,0,530.0,914.4909780009766,14.322399976663291,2843.5987000120804,68.0
1778883750,100,GET,GET /api/ -> https://books.toscrape.com/,0.000000,0.000000,0,0,0,0,0,0,0,0,0,0,0,100,0,390.0,735.7982940014335,26.541100000031292,2496.58529998851,8223.0
1778883750,100,GET,GET /api/ -> https://docs.docker.com/,0.000000,0.000000,0,0,0,0,0,0,0,0,0,0,0,100,0,480.0,772.5867679982912,59.861799993086606,2881.76679998287,1856.0
1778883750,100,GET,GET /api/ -> https://flask.palletsprojects.com/,0.000000,0.000000,0,0,0,0,0,0,0,0,0,0,0,100,0,400.0,1180.8609190001152,91.39750001486391,3872.629399993457,20936.0
1778883750,100,GET,GET /api/ -> https://github.com/ibnesayeed/linkextractor,5.800000,0.000000,30000,30000,30000,30000,30000,30000,30000,31000,31000,31000,31000,96,0,30000.0,30098.886927080137,25455.592999991495,30850.772600009805,384.78125
1778883750,100,GET,GET /api/ -> https://httpbin.org/,0.000000,0.000000,0,0,0,0,0,0,0,0,0,0,0,100,0,410.0,574.6422610021546,19.319399987580255,3124.779900012072,332.0
1778883750,100,GET,GET /api/ -> https://locust.io/,0.000000,0.000000,3500,3500,3500,3500,3500,3500,3500,3500,3500,3500,3500,100,0,380.0,1087.3336579991155,49.201700021512806,6104.8103000211995,5097.0
1778883750,100,GET,GET /api/ -> https://redis.io/,0.000000,0.000000,0,0,0,0,0,0,0,0,0,0,0,100,0,480.0,2148.6913540010573,54.107600008137524,25004.262900009053,7780.0
1778883750,100,GET,GET /api/ -> https://www.python.org/,0.000000,0.000000,0,0,0,0,0,0,0,0,0,0,0,100,0,390.0,711.2153300014324,30.477499996777624,3095.073600008618,14427.0
1778883750,100,,Aggregated,5.800000,0.000000,30000,30000,30000,30000,30000,30000,30000,31000,31000,31000,31000,896,0,530.0,4131.757925446596,14.322399976663291,30850.772600009805,6594.686383928572
1778883751,100,GET,GET /api/ -> http://example.com/,0.000000,0.000000,0,0,0,0,0,0,0,0,0,0,0,100,0,530.0,914.4909780009766,14.322399976663291,2843.5987000120804,68.0
1778883751,100,GET,GET /api/ -> https://books.toscrape.com/,0.000000,0.000000,0,0,0,0,0,0,0,0,0,0,0,100,0,390.0,735.7982940014335,26.541100000031292,2496.58529998851,8223.0
1778883751,100,GET,GET /api/ -> https://docs.docker.com/,0.000000,0.000000,0,0,0,0,0,0,0,0,0,0,0,100,0,480.0,772.5867679982912,59.861799993086606,2881.76679998287,1856.0
1778883751,100,GET,GET /api/ -> https://flask.palletsprojects.com/,0.000000,0.000000,0,0,0,0,0,0,0,0,0,0,0,100,0,400.0,1180.8609190001152,91.39750001486391,3872.629399993457,20936.0
1778883751,100,GET,GET /api/ -> https://github.com/ibnesayeed/linkextractor,8.400000,0.000000,30000,30000,30000,30000,30000,30000,30000,31000,31000,31000,31000,98,0,30000.0,30097.18078162967,25455.592999991495,30850.772600009805,376.92857142857144
1778883751,100,GET,GET /api/ -> https://httpbin.org/,0.000000,0.000000,0,0,0,0,0,0,0,0,0,0,0,100,0,410.0,574.6422610021546,19.319399987580255,3124.779900012072,332.0
1778883751,100,GET,GET /api/ -> https://locust.io/,0.000000,0.000000,3500,3500,3500,3500,3500,3500,3500,3500,3500,3500,3500,100,0,380.0,1087.3336579991155,49.201700021512806,6104.8103000211995,5097.0
1778883751,100,GET,GET /api/ -> https://redis.io/,0.000000,0.000000,0,0,0,0,0,0,0,0,0,0,0,100,0,480.0,2148.6913540010573,54.107600008137524,25004.262900009053,7780.0
1778883751,100,GET,GET /api/ -> https://www.python.org/,0.000000,0.000000,0,0,0,0,0,0,0,0,0,0,0,100,0,390.0,711.2153300014324,30.477499996777624,3095.073600008618,14427.0
1778883751,100,,Aggregated,8.400000,0.000000,30000,30000,30000,30000,30000,30000,30000,31000,31000,31000,31000,898,0,540.0,4189.404980846509,14.322399976663291,30850.772600009805,6579.998886414254
1778883752,100,GET,GET /api/ -> http://example.com/,0.000000,0.000000,0,0,0,0,0,0,0,0,0,0,0,100,0,530.0,914.4909780009766,14.322399976663291,2843.5987000120804,68.0
1778883752,100,GET,GET /api/ -> https://books.toscrape.com/,0.000000,0.000000,0,0,0,0,0,0,0,0,0,0,0,100,0,390.0,735.7982940014335,26.541100000031292,2496.58529998851,8223.0
1778883752,100,GET,GET /api/ -> https://docs.docker.com/,0.000000,0.000000,0,0,0,0,0,0,0,0,0,0,0,100,0,480.0,772.5867679982912,59.861799993086606,2881.76679998287,1856.0
1778883752,100,GET,GET /api/ -> https://flask.palletsprojects.com/,0.000000,0.000000,0,0,0,0,0,0,0,0,0,0,0,100,0,400.0,1180.8609190001152,91.39750001486391,3872.629399993457,20936.0
1778883752,100,GET,GET /api/ -> https://github.com/ibnesayeed/linkextractor,8.400000,0.000000,30000,30000,30000,30000,30000,30000,30000,31000,31000,31000,31000,98,0,30000.0,30097.18078162967,25455.592999991495,30850.772600009805,376.92857142857144
1778883752,100,GET,GET /api/ -> https://httpbin.org/,0.000000,0.000000,0,0,0,0,0,0,0,0,0,0,0,100,0,410.0,574.6422610021546,19.319399987580255,3124.779900012072,332.0
1778883752,100,GET,GET /api/ -> https://locust.io/,0.000000,0.000000,0,0,0,0,0,0,0,0,0,0,0,100,0,380.0,1087.3336579991155,49.201700021512806,6104.8103000211995,5097.0
1778883752,100,GET,GET /api/ -> https://redis.io/,0.000000,0.000000,0,0,0,0,0,0,0,0,0,0,0,100,0,480.0,2148.6913540010573,54.107600008137524,25004.262900009053,7780.0
1778883752,100,GET,GET /api/ -> https://www.python.org/,0.000000,0.000000,0,0,0,0,0,0,0,0,0,0,0,100,0,390.0,711.2153300014324,30.477499996777624,3095.073600008618,14427.0
1778883752,100,,Aggregated,8.400000,0.000000,30000,30000,30000,30000,30000,30000,30000,31000,31000,31000,31000,898,0,540.0,4189.404980846509,14.322399976663291,30850.772600009805,6579.998886414254
1778883753,100,GET,GET /api/ -> http://example.com/,0.000000,0.000000,0,0,0,0,0,0,0,0,0,0,0,100,0,530.0,914.4909780009766,14.322399976663291,2843.5987000120804,68.0
1778883753,100,GET,GET /api/ -> https://books.toscrape.com/,0.000000,0.000000,0,0,0,0,0,0,0,0,0,0,0,100,0,390.0,735.7982940014335,26.541100000031292,2496.58529998851,8223.0
1778883753,100,GET,GET /api/ -> https://docs.docker.com/,0.000000,0.000000,0,0,0,0,0,0,0,0,0,0,0,100,0,480.0,772.5867679982912,59.861799993086606,2881.76679998287,1856.0
1778883753,100,GET,GET /api/ -> https://flask.palletsprojects.com/,0.000000,0.000000,0,0,0,0,0,0,0,0,0,0,0,100,0,400.0,1180.8609190001152,91.39750001486391,3872.629399993457,20936.0
1778883753,100,GET,GET /api/ -> https://github.com/ibnesayeed/linkextractor,8.400000,0.000000,30000,30000,30000,30000,30000,30000,30000,31000,31000,31000,31000,98,0,30000.0,30097.18078162967,25455.592999991495,30850.772600009805,376.92857142857144
1778883753,100,GET,GET /api/ -> https://httpbin.org/,0.000000,0.000000,0,0,0,0,0,0,0,0,0,0,0,100,0,410.0,574.6422610021546,19.319399987580255,3124.779900012072,332.0
1778883753,100,GET,GET /api/ -> https://locust.io/,0.000000,0.000000,0,0,0,0,0,0,0,0,0,0,0,100,0,380.0,1087.3336579991155,49.201700021512806,6104.8103000211995,5097.0
1778883753,100,GET,GET /api/ -> https://redis.io/,0.000000,0.000000,0,0,0,0,0,0,0,0,0,0,0,100,0,480.0,2148.6913540010573,54.107600008137524,25004.262900009053,7780.0
1778883753,100,GET,GET /api/ -> https://www.python.org/,0.000000,0.000000,0,0,0,0,0,0,0,0,0,0,0,100,0,390.0,711.2153300014324,30.477499996777624,3095.073600008618,14427.0
1778883753,100,,Aggregated,8.400000,0.000000,30000,30000,30000,30000,30000,30000,30000,31000,31000,31000,31000,898,0,540.0,4189.404980846509,14.322399976663291,30850.772600009805,6579.998886414254
1778883754,100,GET,GET /api/ -> http://example.com/,0.000000,0.000000,0,0,0,0,0,0,0,0,0,0,0,100,0,530.0,914.4909780009766,14.322399976663291,2843.5987000120804,68.0
1778883754,100,GET,GET /api/ -> https://books.toscrape.com/,0.000000,0.000000,0,0,0,0,0,0,0,0,0,0,0,100,0,390.0,735.7982940014335,26.541100000031292,2496.58529998851,8223.0
1778883754,100,GET,GET /api/ -> https://docs.docker.com/,0.000000,0.000000,0,0,0,0,0,0,0,0,0,0,0,100,0,480.0,772.5867679982912,59.861799993086606,2881.76679998287,1856.0
1778883754,100,GET,GET /api/ -> https://flask.palletsprojects.com/,0.000000,0.000000,0,0,0,0,0,0,0,0,0,0,0,100,0,400.0,1180.8609190001152,91.39750001486391,3872.629399993457,20936.0
1778883754,100,GET,GET /api/ -> https://github.com/ibnesayeed/linkextractor,8.400000,0.000000,30000,30000,30000,30000,30000,30000,30000,31000,31000,31000,31000,98,0,30000.0,30097.18078162967,25455.592999991495,30850.772600009805,376.92857142857144
1778883754,100,GET,GET /api/ -> https://httpbin.org/,0.000000,0.000000,0,0,0,0,0,0,0,0,0,0,0,100,0,410.0,574.6422610021546,19.319399987580255,3124.779900012072,332.0
1778883754,100,GET,GET /api/ -> https://locust.io/,0.000000,0.000000,0,0,0,0,0,0,0,0,0,0,0,100,0,380.0,1087.3336579991155,49.201700021512806,6104.8103000211995,5097.0
1778883754,100,GET,GET /api/ -> https://redis.io/,0.000000,0.000000,0,0,0,0,0,0,0,0,0,0,0,100,0,480.0,2148.6913540010573,54.107600008137524,25004.262900009053,7780.0
1778883754,100,GET,GET /api/ -> https://www.python.org/,0.000000,0.000000,0,0,0,0,0,0,0,0,0,0,0,100,0,390.0,711.2153300014324,30.477499996777624,3095.073600008618,14427.0
1778883754,100,,Aggregated,8.400000,0.000000,30000,30000,30000,30000,30000,30000,30000,31000,31000,31000,31000,898,0,540.0,4189.404980846509,14.322399976663291,30850.772600009805,6579.998886414254
1778883755,100,GET,GET /api/ -> http://example.com/,0.000000,0.000000,0,0,0,0,0,0,0,0,0,0,0,100,0,530.0,914.4909780009766,14.322399976663291,2843.5987000120804,68.0
1778883755,100,GET,GET /api/ -> https://books.toscrape.com/,0.000000,0.000000,0,0,0,0,0,0,0,0,0,0,0,100,0,390.0,735.7982940014335,26.541100000031292,2496.58529998851,8223.0
1778883755,100,GET,GET /api/ -> https://docs.docker.com/,0.000000,0.000000,0,0,0,0,0,0,0,0,0,0,0,100,0,480.0,772.5867679982912,59.861799993086606,2881.76679998287,1856.0
1778883755,100,GET,GET /api/ -> https://flask.palletsprojects.com/,0.000000,0.000000,0,0,0,0,0,0,0,0,0,0,0,100,0,400.0,1180.8609190001152,91.39750001486391,3872.629399993457,20936.0
1778883755,100,GET,GET /api/ -> https://github.com/ibnesayeed/linkextractor,8.400000,0.000000,30000,30000,30000,30000,30000,30000,30000,31000,31000,31000,31000,98,0,30000.0,30097.18078162967,25455.592999991495,30850.772600009805,376.92857142857144
1778883755,100,GET,GET /api/ -> https://httpbin.org/,0.000000,0.000000,0,0,0,0,0,0,0,0,0,0,0,100,0,410.0,574.6422610021546,19.319399987580255,3124.779900012072,332.0
1778883755,100,GET,GET /api/ -> https://locust.io/,0.000000,0.000000,0,0,0,0,0,0,0,0,0,0,0,100,0,380.0,1087.3336579991155,49.201700021512806,6104.8103000211995,5097.0
1778883755,100,GET,GET /api/ -> https://redis.io/,0.000000,0.000000,0,0,0,0,0,0,0,0,0,0,0,100,0,480.0,2148.6913540010573,54.107600008137524,25004.262900009053,7780.0
1778883755,100,GET,GET /api/ -> https://www.python.org/,0.000000,0.000000,0,0,0,0,0,0,0,0,0,0,0,100,0,390.0,711.2153300014324,30.477499996777624,3095.073600008618,14427.0
1778883755,100,,Aggregated,8.400000,0.000000,30000,30000,30000,30000,30000,30000,30000,31000,31000,31000,31000,898,0,540.0,4189.404980846509,14.322399976663291,30850.772600009805,6579.998886414254
1778883756,100,GET,GET /api/ -> http://example.com/,0.000000,0.000000,0,0,0,0,0,0,0,0,0,0,0,100,0,530.0,914.4909780009766,14.322399976663291,2843.5987000120804,68.0
1778883756,100,GET,GET /api/ -> https://books.toscrape.com/,0.000000,0.000000,0,0,0,0,0,0,0,0,0,0,0,100,0,390.0,735.7982940014335,26.541100000031292,2496.58529998851,8223.0
1778883756,100,GET,GET /api/ -> https://docs.docker.com/,0.000000,0.000000,0,0,0,0,0,0,0,0,0,0,0,100,0,480.0,772.5867679982912,59.861799993086606,2881.76679998287,1856.0
1778883756,100,GET,GET /api/ -> https://flask.palletsprojects.com/,0.000000,0.000000,0,0,0,0,0,0,0,0,0,0,0,100,0,400.0,1180.8609190001152,91.39750001486391,3872.629399993457,20936.0
1778883756,100,GET,GET /api/ -> https://github.com/ibnesayeed/linkextractor,9.700000,0.000000,30000,30000,30000,30000,30000,30000,30000,30000,30000,30000,30000,99,0,30000.0,30096.441368683816,25455.592999991495,30850.772600009805,373.1212121212121
1778883756,100,GET,GET /api/ -> https://httpbin.org/,0.000000,0.000000,0,0,0,0,0,0,0,0,0,0,0,100,0,410.0,574.6422610021546,19.319399987580255,3124.779900012072,332.0
1778883756,100,GET,GET /api/ -> https://locust.io/,0.000000,0.000000,0,0,0,0,0,0,0,0,0,0,0,100,0,380.0,1087.3336579991155,49.201700021512806,6104.8103000211995,5097.0
1778883756,100,GET,GET /api/ -> https://redis.io/,0.000000,0.000000,0,0,0,0,0,0,0,0,0,0,0,100,0,480.0,2148.6913540010573,54.107600008137524,25004.262900009053,7780.0
1778883756,100,GET,GET /api/ -> https://www.python.org/,0.000000,0.000000,0,0,0,0,0,0,0,0,0,0,0,100,0,390.0,711.2153300014324,30.477499996777624,3095.073600008618,14427.0
1778883756,100,,Aggregated,9.700000,0.000000,30000,30000,30000,30000,30000,30000,30000,30000,30000,30000,30000,899,0,540.0,4218.141992992386,14.322399976663291,30850.772600009805,6572.679644048943
1778883757,100,GET,GET /api/ -> http://example.com/,0.000000,0.000000,0,0,0,0,0,0,0,0,0,0,0,100,0,530.0,914.4909780009766,14.322399976663291,2843.5987000120804,68.0
1778883757,100,GET,GET /api/ -> https://books.toscrape.com/,0.000000,0.000000,0,0,0,0,0,0,0,0,0,0,0,100,0,390.0,735.7982940014335,26.541100000031292,2496.58529998851,8223.0
1778883757,100,GET,GET /api/ -> https://docs.docker.com/,0.000000,0.000000,0,0,0,0,0,0,0,0,0,0,0,100,0,480.0,772.5867679982912,59.861799993086606,2881.76679998287,1856.0
1778883757,100,GET,GET /api/ -> https://flask.palletsprojects.com/,0.000000,0.000000,0,0,0,0,0,0,0,0,0,0,0,100,0,400.0,1180.8609190001152,91.39750001486391,3872.629399993457,20936.0
1778883757,100,GET,GET /api/ -> https://github.com/ibnesayeed/linkextractor,8.100000,0.000000,30000,30000,30000,30000,30000,30000,30000,30000,30000,30000,30000,100,0,30000.0,30024.755916996786,22927.89619998075,30850.772600009805,492.52
1778883757,100,GET,GET /api/ -> https://httpbin.org/,0.000000,0.000000,0,0,0,0,0,0,0,0,0,0,0,100,0,410.0,574.6422610021546,19.319399987580255,3124.779900012072,332.0
1778883757,100,GET,GET /api/ -> https://locust.io/,0.000000,0.000000,0,0,0,0,0,0,0,0,0,0,0,100,0,380.0,1087.3336579991155,49.201700021512806,6104.8103000211995,5097.0
1778883757,100,GET,GET /api/ -> https://redis.io/,0.000000,0.000000,0,0,0,0,0,0,0,0,0,0,0,100,0,480.0,2148.6913540010573,54.107600008137524,25004.262900009053,7780.0
1778883757,100,GET,GET /api/ -> https://training.play-with-docker.com/,0.000000,0.000000,0,0,0,0,0,0,0,0,0,0,0,71,0,11000.0,11354.9068408455,9338.824499980547,16780.55000002496,1503.0
1778883757,100,GET,GET /api/ -> https://www.python.org/,0.000000,0.000000,0,0,0,0,0,0,0,0,0,0,0,100,0,390.0,711.2153300014324,30.477499996777624,3095.073600008618,14427.0
1778883757,100,,Aggregated,8.100000,0.000000,13000,30000,30000,30000,30000,30000,30000,30000,30000,30000,30000,971,0,610.0,4759.254308548059,14.322399976663291,30850.772600009805,6207.893923789908
1778883758,100,GET,GET /api/ -> http://example.com/,0.000000,0.000000,0,0,0,0,0,0,0,0,0,0,0,102,0,500.0,896.7125872560941,7.515600009355694,2843.5987000120804,68.0
1778883758,100,GET,GET /api/ -> https://books.toscrape.com/,0.000000,0.000000,0,0,0,0,0,0,0,0,0,0,0,102,0,390.0,721.5200568644635,7.328500010771677,2496.58529998851,8223.0
1778883758,100,GET,GET /api/ -> https://docs.docker.com/,0.000000,0.000000,0,0,0,0,0,0,0,0,0,0,0,102,0,480.0,757.610144116174,8.410000009462237,2881.76679998287,1856.0
1778883758,100,GET,GET /api/ -> https://flask.palletsprojects.com/,0.000000,0.000000,0,0,0,0,0,0,0,0,0,0,0,102,0,370.0,1157.8813294118827,8.32510000327602,3872.629399993457,20936.0
1778883758,100,GET,GET /api/ -> https://github.com/ibnesayeed/linkextractor,6.900000,0.000000,30000,30000,30000,30000,30000,30000,30000,30000,30000,30000,30000,102,0,30000.0,29436.196814702613,8.084500004770234,30850.772600009805,724.2941176470588
1778883758,100,GET,GET /api/ -> https://httpbin.org/,0.000000,0.000000,0,0,0,0,0,0,0,0,0,0,0,102,0,400.0,563.5560372571562,7.636000023921952,3124.779900012072,332.0
1778883758,100,GET,GET /api/ -> https://locust.io/,0.000000,0.000000,0,0,0,0,0,0,0,0,0,0,0,102,0,380.0,1066.1806470580975,8.099400001810864,6104.8103000211995,5097.0
1778883758,100,GET,GET /api/ -> https://redis.io/,0.000000,0.000000,0,0,0,0,0,0,0,0,0,0,0,102,0,480.0,2106.7464009812443,7.443399983458221,25004.262900009053,7780.0
1778883758,100,GET,GET /api/ -> https://training.play-with-docker.com/,0.000000,0.000000,0,0,0,0,0,0,0,0,0,0,0,102,0,10000.0,10186.323754901441,6.223000003956258,16780.55000002496,1503.0
1778883758,100,GET,GET /api/ -> https://www.python.org/,0.000000,0.000000,0,0,0,0,0,0,0,0,0,0,0,102,0,390.0,697.458895099379,9.372400003485382,3095.073600008618,14427.0
1778883758,100,,Aggregated,6.900000,0.000000,10000,11000,13000,13000,30000,30000,30000,30000,30000,30000,30000,1020,0,620.0,4759.018666764853,6.223000003956258,30850.772600009805,6094.629411764706
1778883759,100,GET,GET /api/ -> http://example.com/,0.000000,0.000000,59,85,95,98,100,110,130,130,130,130,130,148,0,290.0,637.3848060824015,7.269399997312576,2843.5987000120804,68.0
1778883759,100,GET,GET /api/ -> https://books.toscrape.com/,0.000000,0.000000,54,86,110,110,110,120,160,160,160,160,160,142,0,200.0,536.9055802830574,5.417599983047694,2496.58529998851,8223.0
1778883759,100,GET,GET /api/ -> https://docs.docker.com/,0.000000,0.000000,52,54,98,100,110,120,120,120,120,120,120,127,0,380.0,620.1179472428901,6.074500008253381,2881.76679998287,1856.0
1778883759,100,GET,GET /api/ -> https://flask.palletsprojects.com/,0.000000,0.000000,53,60,99,110,110,150,150,150,150,150,150,124,0,340.0,963.2164822579662,5.822399980388582,3872.629399993457,20936.0
1778883759,100,GET,GET /api/ -> https://github.com/ibnesayeed/linkextractor,5.400000,0.000000,93,120,130,30000,30000,30000,30000,30000,30000,30000,30000,119,0,30000.0,25241.311689912865,8.084500004770234,30850.772600009805,2379.823529411765
1778883759,100,GET,GET /api/ -> https://httpbin.org/,0.000000,0.000000,53,89,98,110,110,140,140,140,140,140,140,139,0,290.0,431.26548992963205,7.636000023921952,3124.779900012072,332.0
1778883759,100,GET,GET /api/ -> https://locust.io/,0.000000,0.000000,50,85,95,95,110,110,110,110,110,110,110,119,0,340.0,922.7148058817883,8.099400001810864,6104.8103000211995,5097.0
1778883759,100,GET,GET /api/ -> https://redis.io/,0.000000,0.000000,43,66,86,87,100,110,110,110,110,110,110,120,0,370.0,1798.9896050009218,7.443399983458221,25004.262900009053,7780.0
1778883759,100,GET,GET /api/ -> https://training.play-with-docker.com/,0.000000,0.000000,54,61,96,96,110,110,110,110,110,110,110,116,0,9600.0,8964.426805171413,6.223000003956258,16780.55000002496,1503.0
1778883759,100,GET,GET /api/ -> https://www.python.org/,0.000000,0.000000,54,98,110,110,110,130,130,130,130,130,130,132,0,350.0,553.9824924249622,5.761200009146705,3095.073600008618,14427.0
1778883759,100,,Aggregated,5.400000,0.000000,87,110,8300,9200,11000,13000,14000,30000,30000,30000,30000,1286,0,380.0,3787.799668662592,5.417599983047694,30850.772600009805,6187.9533437014
1778883760,100,GET,GET /api/ -> http://example.com/,0.000000,0.000000,110,130,140,140,170,300,670,670,670,670,670,195,0,160.0,530.8113297444577,7.269399997312576,2843.5987000120804,68.0
1778883760,100,GET,GET /api/ -> https://books.toscrape.com/,0.000000,0.000000,120,130,140,160,230,690,690,730,730,730,730,183,0,160.0,470.19940054777607,5.417599983047694,2496.58529998851,8223.0
1778883760,100,GET,GET /api/ -> https://docs.docker.com/,0.000000,0.000000,120,130,140,160,240,400,690,720,720,720,720,154,0,340.0,547.6640441542636,6.074500008253381,2881.76679998287,1856.0
1778883760,100,GET,GET /api/ -> https://flask.palletsprojects.com/,0.000000,0.000000,130,140,150,180,240,260,400,400,400,400,400,149,0,310.0,831.8097563767134,5.822399980388582,3872.629399993457,20936.0
1778883760,100,GET,GET /api/ -> https://github.com/ibnesayeed/linkextractor,4.200000,0.000000,130,130,140,150,670,30000,30000,30000,30000,30000,30000,137,0,30000.0,21949.42761167528,8.084500004770234,30850.772600009805,3684.912408759124
1778883760,100,GET,GET /api/ -> https://httpbin.org/,0.000000,0.000000,110,120,130,140,170,210,230,270,270,270,270,170,0,190.0,379.8095411778537,7.636000023921952,3124.779900012072,332.0
1778883760,100,GET,GET /api/ -> https://locust.io/,0.000000,0.000000,120,130,130,140,180,240,650,650,650,650,650,140,0,290.0,809.5231478570246,8.099400001810864,6104.8103000211995,5097.0
1778883760,100,GET,GET /api/ -> https://redis.io/,0.000000,0.000000,120,130,140,160,250,500,680,680,680,680,680,144,0,310.0,1534.46472916706,7.443399983458221,25004.262900009053,7780.0
1778883760,100,GET,GET /api/ -> https://training.play-with-docker.com/,10.000000,0.000000,110,120,130,130,160,170,210,210,210,210,210,129,0,9400.0,8075.2280124024555,6.223000003956258,16780.55000002496,1503.0
1778883760,100,GET,GET /api/ -> https://www.python.org/,0.000000,0.000000,120,130,140,140,160,180,620,690,690,690,690,165,0,230.0,477.7307654552825,5.761200009146705,3095.073600008618,14427.0
1778883760,100,,Aggregated,14.200000,0.000000,130,140,170,260,9400,11000,13000,14000,30000,30000,30000,1566,0,310.0,3144.50828384427,5.417599983047694,30850.772600009805,6317.287356321839
1778883761,100,GET,GET /api/ -> http://example.com/,1.800000,0.000000,120,140,150,160,550,630,670,670,680,680,680,209,0,170.0,523.2287354074679,7.269399997312576,2843.5987000120804,68.0
1778883761,100,GET,GET /api/ -> https://books.toscrape.com/,1.400000,0.000000,130,140,150,160,500,610,690,690,730,730,730,206,0,150.0,445.38420728250696,5.417599983047694,2496.58529998851,8223.0
1778883761,100,GET,GET /api/ -> https://docs.docker.com/,1.100000,0.000000,140,160,200,320,510,540,690,720,720,720,720,174,0,340.0,524.6960224127785,6.074500008253381,2881.76679998287,1856.0
1778883761,100,GET,GET /api/ -> https://flask.palletsprojects.com/,1.100000,0.000000,130,150,180,210,350,450,500,610,610,610,610,161,0,310.0,792.4394428577081,5.822399980388582,3872.629399993457,20936.0
1778883761,100,GET,GET /api/ -> https://github.com/ibnesayeed/linkextractor,2.200000,0.000000,130,140,150,200,430,23000,30000,30000,30000,30000,30000,144,0,30000.0,20894.30828749713,8.084500004770234,30850.772600009805,4104.333333333333
1778883761,100,GET,GET /api/ -> https://httpbin.org/,1.200000,0.000000,120,150,160,170,360,540,630,640,640,640,640,197,0,180.0,369.6540411184116,7.636000023921952,3124.779900012072,332.0
1778883761,100,GET,GET /api/ -> https://locust.io/,0.700000,0.000000,120,140,150,160,310,510,650,650,650,650,650,148,0,290.0,782.3920918916072,8.099400001810864,6104.8103000211995,5097.0
1778883761,100,GET,GET /api/ -> https://redis.io/,1.000000,0.000000,130,140,160,250,540,650,680,690,690,690,690,152,0,320.0,1476.1901822373482,7.443399983458221,25004.262900009053,7780.0
1778883761,100,GET,GET /api/ -> https://training.play-with-docker.com/,10.600000,0.000000,120,140,160,210,500,530,600,600,600,600,600,139,0,9300.0,7522.179990646927,6.223000003956258,16780.55000002496,1503.0
1778883761,100,GET,GET /api/ -> https://www.python.org/,1.100000,0.000000,130,140,140,150,180,620,650,690,690,690,690,179,0,220.0,461.166884917109,5.761200009146705,3095.073600008618,14427.0
1778883761,100,,Aggregated,22.200000,0.000000,130,160,270,500,9100,11000,13000,13000,30000,30000,30000,1709,0,310.0,2908.070730544357,5.417599983047694,30850.772600009805,6311.576360444705
1778883762,100,GET,GET /api/ -> http://example.com/,1.800000,0.000000,120,140,150,160,550,630,670,670,680,680,680,209,0,170.0,523.2287354074679,7.269399997312576,2843.5987000120804,68.0
1778883762,100,GET,GET /api/ -> https://books.toscrape.com/,1.400000,0.000000,130,140,150,160,500,610,690,690,730,730,730,206,0,150.0,445.38420728250696,5.417599983047694,2496.58529998851,8223.0
1778883762,100,GET,GET /api/ -> https://docs.docker.com/,1.100000,0.000000,140,160,200,320,510,540,690,720,720,720,720,174,0,340.0,524.6960224127785,6.074500008253381,2881.76679998287,1856.0
1778883762,100,GET,GET /api/ -> https://flask.palletsprojects.com/,1.100000,0.000000,130,150,180,210,350,450,500,610,610,610,610,161,0,310.0,792.4394428577081,5.822399980388582,3872.629399993457,20936.0
1778883762,100,GET,GET /api/ -> https://github.com/ibnesayeed/linkextractor,2.200000,0.000000,130,140,150,200,430,23000,30000,30000,30000,30000,30000,144,0,30000.0,20894.30828749713,8.084500004770234,30850.772600009805,4104.333333333333
1778883762,100,GET,GET /api/ -> https://httpbin.org/,1.200000,0.000000,120,150,160,170,360,540,630,640,640,640,640,197,0,180.0,369.6540411184116,7.636000023921952,3124.779900012072,332.0
1778883762,100,GET,GET /api/ -> https://locust.io/,0.700000,0.000000,120,140,150,160,310,510,650,650,650,650,650,148,0,290.0,782.3920918916072,8.099400001810864,6104.8103000211995,5097.0
1778883762,100,GET,GET /api/ -> https://redis.io/,1.000000,0.000000,130,140,160,250,540,650,680,690,690,690,690,152,0,320.0,1476.1901822373482,7.443399983458221,25004.262900009053,7780.0
1778883762,100,GET,GET /api/ -> https://training.play-with-docker.com/,10.600000,0.000000,120,140,160,210,500,530,600,600,600,600,600,139,0,9300.0,7522.179990646927,6.223000003956258,16780.55000002496,1503.0
1778883762,100,GET,GET /api/ -> https://www.python.org/,1.100000,0.000000,130,140,140,150,180,620,650,690,690,690,690,179,0,220.0,461.166884917109,5.761200009146705,3095.073600008618,14427.0
1778883762,100,,Aggregated,22.200000,0.000000,130,160,270,500,9100,11000,13000,13000,30000,30000,30000,1709,0,310.0,2908.070730544357,5.417599983047694,30850.772600009805,6311.576360444705
1778883763,100,GET,GET /api/ -> http://example.com/,10.200000,0.000000,130,170,530,640,1100,1700,1800,1800,1800,1800,1800,235,0,290.0,591.5768365967682,7.269399997312576,2843.5987000120804,68.0
1778883763,100,GET,GET /api/ -> https://books.toscrape.com/,9.300000,0.000000,140,220,290,300,500,690,1800,2100,2100,2100,2100,235,0,210.0,449.22358638463305,5.417599983047694,2496.58529998851,8223.0
1778883763,100,GET,GET /api/ -> https://docs.docker.com/,5.900000,0.000000,160,310,330,350,540,720,2000,2000,2100,2100,2100,201,0,330.0,538.0278930338204,6.074500008253381,2881.76679998287,1856.0
1778883763,100,GET,GET /api/ -> https://flask.palletsprojects.com/,5.000000,0.000000,210,300,330,350,2000,2100,2100,2100,2100,2100,2100,197,0,310.0,816.4058147211912,5.822399980388582,3872.629399993457,20936.0
1778883763,100,GET,GET /api/ -> https://github.com/ibnesayeed/linkextractor,4.200000,0.000000,130,240,310,350,1800,2000,23000,30000,30000,30000,30000,157,0,30000.0,19232.16368088918,8.084500004770234,30850.772600009805,4784.031847133758
1778883763,100,GET,GET /api/ -> https://httpbin.org/,7.700000,0.000000,150,230,260,280,540,2000,2100,2100,2100,2100,2100,226,0,260.0,428.1158513286248,7.636000023921952,3124.779900012072,332.0
1778883763,100,GET,GET /api/ -> https://locust.io/,4.300000,0.000000,150,280,300,310,500,1800,2000,2000,2000,2000,2000,171,0,300.0,755.878716958782,8.099400001810864,6104.8103000211995,5097.0
1778883763,100,GET,GET /api/ -> https://redis.io/,4.700000,0.000000,160,310,340,500,1800,2000,2000,2100,2100,2100,2100,179,0,320.0,1384.4717212295154,7.443399983458221,25004.262900009053,7780.0
1778883763,100,GET,GET /api/ -> https://training.play-with-docker.com/,13.200000,0.000000,140,290,350,420,600,2000,2000,2100,2100,2100,2100,152,0,9100.0,6959.296513815245,6.223000003956258,16780.55000002496,1503.0
1778883763,100,GET,GET /api/ -> https://www.python.org/,7.200000,0.000000,140,180,310,620,2000,2100,2100,2100,2100,2100,2100,207,0,310.0,587.341219807524,5.761200009146705,3095.073600008618,14427.0
1778883763,100,,Aggregated,71.700000,0.000000,160,300,450,640,2100,10000,12000,13000,23000,30000,30000,1960,0,310.0,2646.0387413267786,5.417599983047694,30850.772600009805,6505.617346938776
1778883764,100,GET,GET /api/ -> http://example.com/,10.900000,0.000000,140,170,550,640,1000,1600,1800,1800,1800,1800,1800,242,0,290.0,586.3971103316852,7.269399997312576,2843.5987000120804,68.0
1778883764,100,GET,GET /api/ -> https://books.toscrape.com/,10.600000,0.000000,140,220,290,300,500,690,1800,2100,2100,2100,2100,240,0,210.0,445.3558066682793,5.417599983047694,2496.58529998851,8223.0
1778883764,100,GET,GET /api/ -> https://docs.docker.com/,7.400000,0.000000,200,330,480,520,630,720,2000,2000,2100,2100,2100,231,0,340.0,524.2064367954315,6.074500008253381,2881.76679998287,1856.0
1778883764,100,GET,GET /api/ -> https://flask.palletsprojects.com/,6.100000,0.000000,170,290,310,350,1800,2100,2100,2100,2100,2100,2100,223,0,300.0,747.6986991035368,5.822399980388582,3872.629399993457,20936.0
1778883764,100,GET,GET /api/ -> https://github.com/ibnesayeed/linkextractor,4.600000,0.000000,170,300,400,520,670,2000,23000,30000,30000,30000,30000,193,0,30000.0,15710.769512951772,8.084500004770234,30850.772600009805,6188.39896373057
1778883764,100,GET,GET /api/ -> https://httpbin.org/,9.700000,0.000000,150,260,280,360,630,2000,2100,2100,2100,2100,2100,237,0,260.0,433.83085316566275,7.636000023921952,3124.779900012072,332.0
1778883764,100,GET,GET /api/ -> https://locust.io/,4.800000,0.000000,160,270,300,340,610,700,2000,2000,2000,2000,2000,198,0,290.0,694.1277712120233,8.099400001810864,6104.8103000211995,5097.0
1778883764,100,GET,GET /api/ -> https://redis.io/,5.200000,0.000000,220,310,410,540,680,2000,2000,2000,2100,2100,2100,215,0,310.0,1210.5366581398453,7.443399983458221,25004.262900009053,7780.0
1778883764,100,GET,GET /api/ -> https://training.play-with-docker.com/,13.900000,0.000000,170,280,390,500,600,1800,2000,2100,2100,2100,2100,184,0,8300.0,5800.600259239139,6.223000003956258,16780.55000002496,1503.0
1778883764,100,GET,GET /api/ -> https://www.python.org/,7.900000,0.000000,150,210,310,630,1800,2100,2100,2100,2100,2100,2100,235,0,300.0,553.5847400009206,5.761200009146705,3095.073600008618,14427.0
1778883764,100,,Aggregated,81.100000,0.000000,170,310,510,620,2000,9400,12000,13000,23000,30000,30000,2198,0,310.0,2396.1437493633803,5.417599983047694,30850.772600009805,6692.123748862602
1778883766,100,GET,GET /api/ -> http://example.com/,13.500000,0.000000,130,170,510,620,980,1600,1800,1800,1800,1800,1800,253,0,230.0,567.080104348904,7.269399997312576,2843.5987000120804,68.0
1778883766,100,GET,GET /api/ -> https://books.toscrape.com/,13.500000,0.000000,140,220,290,300,500,690,1800,2100,2100,2100,2100,249,0,190.0,436.84037992121546,5.417599983047694,2496.58529998851,8223.0
1778883766,100,GET,GET /api/ -> https://docs.docker.com/,10.100000,0.000000,200,330,470,520,600,690,2000,2000,2100,2100,2100,244,0,330.0,508.71889917936164,6.074500008253381,2881.76679998287,1856.0
1778883766,100,GET,GET /api/ -> https://flask.palletsprojects.com/,9.700000,0.000000,190,290,330,400,630,2100,2100,2100,2100,2100,2100,242,0,300.0,713.6902388432766,5.822399980388582,3872.629399993457,20936.0
1778883766,100,GET,GET /api/ -> https://github.com/ibnesayeed/linkextractor,6.000000,0.000000,170,230,320,430,640,700,2000,2000,23000,23000,23000,237,0,520.0,12836.219932488426,8.084500004770234,30850.772600009805,7325.455696202532
1778883766,100,GET,GET /api/ -> https://httpbin.org/,12.600000,0.000000,160,260,280,500,610,2000,2100,2100,2100,2100,2100,245,0,260.0,428.1789359192326,7.636000023921952,3124.779900012072,332.0
1778883766,100,GET,GET /api/ -> https://locust.io/,7.500000,0.000000,170,240,300,340,580,670,1800,2000,2000,2000,2000,238,0,260.0,622.0246298319832,8.099400001810864,6104.8103000211995,5097.0
1778883766,100,GET,GET /api/ -> https://redis.io/,8.700000,0.000000,220,310,410,510,650,1800,2000,2000,2100,2100,2100,241,0,310.0,1108.2082489630761,7.443399983458221,25004.262900009053,7780.0
1778883766,100,GET,GET /api/ -> https://training.play-with-docker.com/,15.500000,0.000000,170,230,330,420,560,660,2000,2000,2100,2100,2100,233,0,520.0,4630.5757557936795,6.223000003956258,16780.55000002496,1503.0
1778883766,100,GET,GET /api/ -> https://www.python.org/,10.900000,0.000000,160,210,310,620,1800,2000,2100,2100,2100,2100,2100,245,0,280.0,541.0562538782999,5.761200009146705,3095.073600008618,14427.0
1778883766,100,,Aggregated,108.000000,0.000000,170,300,480,550,1900,9100,12000,13000,17000,23000,23000,2427,0,300.0,2193.150357107824,5.417599983047694,30850.772600009805,6746.79027606098
1778883767,100,GET,GET /api/ -> http://example.com/,13.500000,0.000000,130,160,330,550,970,1300,1800,1800,1800,1800,1800,267,0,180.0,542.7108101134951,7.269399997312576,2843.5987000120804,68.0
1778883767,100,GET,GET /api/ -> https://books.toscrape.com/,13.500000,0.000000,140,170,290,300,470,610,730,2100,2100,2100,2100,262,0,170.0,420.3288354978671,5.417599983047694,2496.58529998851,8223.0
1778883767,100,GET,GET /api/ -> https://docs.docker.com/,10.100000,0.000000,170,330,460,510,580,690,1900,2000,2100,2100,2100,254,0,330.0,492.6887436998608,6.074500008253381,2881.76679998287,1856.0
1778883767,100,GET,GET /api/ -> https://flask.palletsprojects.com/,9.700000,0.000000,170,280,300,350,630,2100,2100,2100,2100,2100,2100,253,0,290.0,687.2409312254675,5.822399980388582,3872.629399993457,20936.0
1778883767,100,GET,GET /api/ -> https://github.com/ibnesayeed/linkextractor,6.000000,0.000000,170,210,300,400,620,670,2000,2000,2000,2000,2000,245,0,510.0,12420.373937958244,8.084500004770234,30850.772600009805,7488.314285714286
1778883767,100,GET,GET /api/ -> https://httpbin.org/,12.600000,0.000000,140,230,260,330,610,2000,2100,2100,2100,2100,2100,260,0,230.0,409.239439616235,7.636000023921952,3124.779900012072,332.0
1778883767,100,GET,GET /api/ -> https://locust.io/,7.500000,0.000000,160,230,300,340,570,650,1800,2000,2000,2000,2000,245,0,250.0,607.1272032652573,8.099400001810864,6104.8103000211995,5097.0
1778883767,100,GET,GET /api/ -> https://redis.io/,8.700000,0.000000,210,300,370,500,650,1800,2000,2000,2100,2100,2100,250,0,300.0,1072.4877620005282,7.443399983458221,25004.262900009053,7780.0
1778883767,100,GET,GET /api/ -> https://training.play-with-docker.com/,15.500000,0.000000,170,230,300,410,540,640,2000,2000,2100,2100,2100,243,0,500.0,4444.4409670778205,6.223000003956258,16780.55000002496,1503.0
1778883767,100,GET,GET /api/ -> https://www.python.org/,10.900000,0.000000,150,190,310,490,1800,2000,2100,2100,2100,2100,2100,258,0,220.0,519.1747503880368,5.761200009146705,3095.073600008618,14427.0
1778883767,100,,Aggregated,108.000000,0.000000,160,230,310,410,630,1700,2000,2100,2100,2100,2100,2537,0,280.0,2102.582992787026,5.417599983047694,30850.772600009805,6757.166338194718
1778883768,100,GET,GET /api/ -> http://example.com/,13.500000,0.000000,130,180,520,630,1000,1600,1800,1800,1800,1800,1800,267,0,180.0,542.7108101134951,7.269399997312576,2843.5987000120804,68.0
1778883768,100,GET,GET /api/ -> https://books.toscrape.com/,13.500000,0.000000,140,220,290,300,500,690,1800,2100,2100,2100,2100,262,0,170.0,420.3288354978671,5.417599983047694,2496.58529998851,8223.0
1778883768,100,GET,GET /api/ -> https://docs.docker.com/,10.100000,0.000000,200,330,470,520,600,690,2000,2000,2100,2100,2100,254,0,330.0,492.6887436998608,6.074500008253381,2881.76679998287,1856.0
1778883768,100,GET,GET /api/ -> https://flask.palletsprojects.com/,9.700000,0.000000,190,290,330,400,630,2100,2100,2100,2100,2100,2100,253,0,290.0,687.2409312254675,5.822399980388582,3872.629399993457,20936.0
1778883768,100,GET,GET /api/ -> https://github.com/ibnesayeed/linkextractor,6.000000,0.000000,170,220,310,400,630,690,2000,2000,2000,2000,2000,245,0,510.0,12420.373937958244,8.084500004770234,30850.772600009805,7488.314285714286
1778883768,100,GET,GET /api/ -> https://httpbin.org/,12.600000,0.000000,150,230,280,360,610,2000,2100,2100,2100,2100,2100,260,0,230.0,409.239439616235,7.636000023921952,3124.779900012072,332.0
1778883768,100,GET,GET /api/ -> https://locust.io/,7.500000,0.000000,170,240,300,340,580,670,1800,2000,2000,2000,2000,245,0,250.0,607.1272032652573,8.099400001810864,6104.8103000211995,5097.0
1778883768,100,GET,GET /api/ -> https://redis.io/,8.700000,0.000000,220,310,410,510,650,1900,2000,2000,2100,2100,2100,250,0,300.0,1072.4877620005282,7.443399983458221,25004.262900009053,7780.0
1778883768,100,GET,GET /api/ -> https://training.play-with-docker.com/,15.500000,0.000000,170,230,330,410,560,660,2000,2000,2100,2100,2100,243,0,500.0,4444.4409670778205,6.223000003956258,16780.55000002496,1503.0
1778883768,100,GET,GET /api/ -> https://www.python.org/,10.900000,0.000000,160,210,310,600,1800,2000,2100,2100,2100,2100,2100,258,0,220.0,519.1747503880368,5.761200009146705,3095.073600008618,14427.0
1778883768,100,,Aggregated,108.000000,0.000000,160,260,330,470,640,1800,2000,2100,2100,2100,2100,2537,0,280.0,2102.582992787026,5.417599983047694,30850.772600009805,6757.166338194718
1778883769,100,GET,GET /api/ -> http://example.com/,16.700000,0.000000,630,1100,1300,1500,1800,2000,2100,2200,2200,2200,2200,337,0,390.0,699.5046649856918,7.269399997312576,2843.5987000120804,68.0
1778883769,100,GET,GET /api/ -> https://books.toscrape.com/,16.200000,0.000000,290,330,340,350,610,1800,2200,2200,2200,2200,2200,293,0,230.0,441.2651941994342,5.417599983047694,2496.58529998851,8223.0
1778883769,100,GET,GET /api/ -> https://docs.docker.com/,15.400000,0.000000,320,470,530,540,670,2000,2200,2200,2200,2200,2200,260,0,330.0,517.2837065374971,6.074500008253381,2881.76679998287,1856.0
1778883769,100,GET,GET /api/ -> https://flask.palletsprojects.com/,15.300000,0.000000,230,300,350,490,1800,2100,2100,2100,2200,2200,2200,258,0,290.0,687.6655120158689,5.822399980388582,3872.629399993457,20936.0
1778883769,100,GET,GET /api/ -> https://github.com/ibnesayeed/linkextractor,14.600000,0.000000,200,290,350,470,640,690,2000,2000,2000,2000,2000,250,0,470.0,12178.999051599056,8.084500004770234,30850.772600009805,7584.808
1778883769,100,GET,GET /api/ -> https://httpbin.org/,16.000000,0.000000,230,320,510,580,780,2100,2100,2200,2200,2200,2200,267,0,240.0,422.4891917612613,7.636000023921952,3124.779900012072,332.0
1778883769,100,GET,GET /api/ -> https://locust.io/,14.500000,0.000000,200,300,350,510,650,2000,2200,2200,2200,2200,2200,253,0,260.0,634.8029474310002,8.099400001810864,6104.8103000211995,5097.0
1778883769,100,GET,GET /api/ -> https://redis.io/,15.000000,0.000000,250,340,500,610,710,2000,2100,2200,2200,2200,2200,254,0,300.0,1082.4078543311741,7.443399983458221,25004.262900009053,7780.0
1778883769,100,GET,GET /api/ -> https://training.play-with-docker.com/,24.300000,0.000000,190,260,400,490,600,1800,2100,2200,2200,2200,2200,245,0,500.0,4425.794914285343,6.223000003956258,16780.55000002496,1503.0
1778883769,100,GET,GET /api/ -> https://www.python.org/,15.800000,0.000000,180,310,620,660,2000,2100,2100,2200,2200,2200,2200,262,0,230.0,530.4611423668249,5.761200009146705,3095.073600008618,14427.0
1778883769,100,,Aggregated,163.800000,0.000000,230,340,520,610,1500,2000,2100,2200,2200,2200,2200,2679,0,300.0,2050.5139719673966,5.417599983047694,30850.772600009805,6612.511758118701
1778883770,100,GET,GET /api/ -> http://example.com/,16.700000,0.000000,870,1200,1500,1600,1900,2000,2100,2200,2200,2200,2200,344,0,390.0,695.905301453993,7.269399997312576,2843.5987000120804,68.0
1778883770,100,GET,GET /api/ -> https://books.toscrape.com/,16.200000,0.000000,320,330,340,340,540,1800,2200,2200,2200,2200,2200,341,0,300.0,425.3476334323859,5.417599983047694,2496.58529998851,8223.0
1778883770,100,GET,GET /api/ -> https://docs.docker.com/,15.400000,0.000000,310,460,530,540,680,2000,2200,2200,2200,2200,2200,289,0,320.0,490.3027719713725,6.074500008253381,2881.76679998287,1856.0
1778883770,100,GET,GET /api/ -> https://flask.palletsprojects.com/,15.300000,0.000000,250,310,360,500,1800,2100,2100,2100,2200,2200,2200,274,0,290.0,658.5936996350566,5.822399980388582,3872.629399993457,20936.0
1778883770,100,GET,GET /api/ -> https://github.com/ibnesayeed/linkextractor,14.500000,0.000000,210,300,350,470,630,690,2000,2000,2000,2000,2000,261,0,380.0,11674.323475861223,8.084500004770234,30850.772600009805,7784.080459770115
1778883770,100,GET,GET /api/ -> https://httpbin.org/,16.000000,0.000000,260,510,600,610,660,2000,2100,2200,2200,2200,2200,339,0,260.0,414.20941504556754,7.636000023921952,3124.779900012072,332.0
1778883770,100,GET,GET /api/ -> https://locust.io/,14.500000,0.000000,210,310,490,510,640,2000,2200,2200,2200,2200,2200,265,0,250.0,613.994139622686,8.099400001810864,6104.8103000211995,5097.0
1778883770,100,GET,GET /api/ -> https://redis.io/,15.000000,0.000000,260,330,450,580,760,2000,2100,2200,2200,2200,2200,272,0,300.0,1026.7574713239703,7.443399983458221,25004.262900009053,7780.0
1778883770,100,GET,GET /api/ -> https://training.play-with-docker.com/,14.300000,0.000000,210,280,400,500,580,1800,2100,2200,2200,2200,2200,257,0,420.0,4229.752794941362,6.223000003956258,16780.55000002496,1503.0
1778883770,100,GET,GET /api/ -> https://www.python.org/,15.800000,0.000000,190,360,680,710,1800,2100,2100,2200,2200,2200,2200,323,0,210.0,494.532029721767,5.761200009146705,3095.073600008618,14427.0
1778883770,100,,Aggregated,153.700000,0.000000,290,350,540,620,1400,2000,2100,2200,2200,2200,2200,2965,0,300.0,1882.8901698147633,5.417599983047694,30850.772600009805,6663.586172006745
1778883771,100,GET,GET /api/ -> http://example.com/,21.600000,0.000000,780,1200,1500,1600,1900,2000,2100,2200,2200,2200,2200,349,0,360.0,688.0911690548908,7.269399997312576,2843.5987000120804,68.0
1778883771,100,GET,GET /api/ -> https://books.toscrape.com/,15.400000,0.000000,320,330,340,340,540,1800,2200,2200,2200,2200,2200,348,0,300.0,424.115328736996,5.417599983047694,2496.58529998851,8223.0
1778883771,100,GET,GET /api/ -> https://docs.docker.com/,14.800000,0.000000,310,490,570,620,680,1800,2200,2200,2200,2200,2200,330,0,310.0,480.2542269688495,6.074500008253381,2881.76679998287,1856.0
1778883771,100,GET,GET /api/ -> https://flask.palletsprojects.com/,14.300000,0.000000,200,310,490,620,900,2100,2100,2100,2200,2200,2200,319,0,280.0,616.8419855800428,5.822399980388582,3872.629399993457,20936.0
1778883771,100,GET,GET /api/ -> https://github.com/ibnesayeed/linkextractor,13.900000,0.000000,190,250,350,380,620,690,2000,2000,2000,2000,2000,285,0,300.0,10706.739291578231,8.084500004770234,30850.772600009805,8165.4631578947365
1778883771,100,GET,GET /api/ -> https://httpbin.org/,15.100000,0.000000,260,510,600,610,660,2000,2100,2200,2200,2200,2200,344,0,260.0,411.859164245428,7.636000023921952,3124.779900012072,332.0
1778883771,100,GET,GET /api/ -> https://locust.io/,14.300000,0.000000,200,300,370,510,630,1800,2200,2200,2200,2200,2200,294,0,230.0,580.9012795917272,8.099400001810864,6104.8103000211995,5097.0
1778883771,100,GET,GET /api/ -> https://redis.io/,14.300000,0.000000,220,310,430,580,880,2000,2100,2200,2200,2200,2200,305,0,260.0,947.2820622955265,7.443399983458221,25004.262900009053,7780.0
1778883771,100,GET,GET /api/ -> https://training.play-with-docker.com/,13.900000,0.000000,180,260,350,480,580,930,2100,2200,2200,2200,2200,278,0,310.0,3926.940319064683,6.223000003956258,16780.55000002496,1503.0
1778883771,100,GET,GET /api/ -> https://www.python.org/,15.000000,0.000000,230,630,690,710,1800,2100,2100,2200,2200,2200,2200,344,0,230.0,498.00559069812743,5.761200009146705,3095.073600008618,14427.0
1778883771,100,,Aggregated,152.600000,0.000000,260,350,560,630,1000,2000,2100,2200,2200,2200,2200,3196,0,290.0,1770.5888699627212,5.417599983047694,30850.772600009805,6842.898936170212
1778883772,100,GET,GET /api/ -> http://example.com/,18.300000,0.000000,740,1200,1500,1600,1900,2000,2100,2200,2200,2200,2200,360,0,330.0,676.500935555911,7.269399997312576,2843.5987000120804,68.0
1778883772,100,GET,GET /api/ -> https://books.toscrape.com/,18.600000,0.000000,320,330,340,340,540,1800,2200,2200,2200,2200,2200,354,0,300.0,423.668983052215,5.417599983047694,2496.58529998851,8223.0
1778883772,100,GET,GET /api/ -> https://docs.docker.com/,14.400000,0.000000,310,540,630,660,1000,1800,2200,2200,2200,2200,2200,344,0,330.0,502.6938630806737,6.074500008253381,2881.76679998287,1856.0
1778883772,100,GET,GET /api/ -> https://flask.palletsprojects.com/,14.200000,0.000000,250,350,590,730,1200,2000,2100,2100,2200,2200,2200,344,0,290.0,621.8061026164262,5.822399980388582,3872.629399993457,20936.0
1778883772,100,GET,GET /api/ -> https://github.com/ibnesayeed/linkextractor,13.800000,0.000000,210,290,350,470,640,970,1800,2000,2000,2000,2000,318,0,300.0,9638.673192766606,8.084500004770234,30850.772600009805,8595.867924528302
1778883772,100,GET,GET /api/ -> https://httpbin.org/,18.800000,0.000000,260,580,610,630,780,2000,2100,2200,2200,2200,2200,349,0,260.0,418.94649398392386,7.636000023921952,3124.779900012072,332.0
1778883772,100,GET,GET /api/ -> https://locust.io/,13.600000,0.000000,210,300,430,530,780,1800,2200,2200,2200,2200,2200,326,0,240.0,570.4276236196433,8.099400001810864,6104.8103000211995,5097.0
1778883772,100,GET,GET /api/ -> https://redis.io/,14.300000,0.000000,230,310,510,640,970,1900,2100,2200,2200,2200,2200,337,0,260.0,906.0475872408975,7.443399983458221,25004.262900009053,7780.0
1778883772,100,GET,GET /api/ -> https://training.play-with-docker.com/,13.700000,0.000000,190,250,300,410,560,930,2000,2200,2200,2200,2200,302,0,280.0,3638.3197874174643,6.223000003956258,16780.55000002496,1503.0
1778883772,100,GET,GET /api/ -> https://www.python.org/,15.900000,0.000000,230,640,690,710,1800,2100,2100,2200,2200,2200,2200,349,0,220.0,493.48717134724103,5.761200009146705,3095.073600008618,14427.0
1778883772,100,,Aggregated,155.600000,0.000000,260,350,590,640,1100,2000,2100,2200,2200,2200,2200,3383,0,280.0,1700.8438035770162,5.417599983047694,30850.772600009805,6916.238545669524
1778883773,100,GET,GET /api/ -> http://example.com/,14.600000,0.000000,560,1100,1300,1500,1900,2000,2100,2200,2200,2200,2200,377,0,310.0,653.3293740057129,7.269399997312576,2843.5987000120804,68.0
1778883773,100,GET,GET /api/ -> https://books.toscrape.com/,15.300000,0.000000,320,330,340,340,470,990,2200,2200,2200,2200,2200,375,0,290.0,410.9548509346787,5.417599983047694,2496.58529998851,8223.0
1778883773,100,GET,GET /api/ -> https://docs.docker.com/,16.700000,0.000000,170,530,620,630,970,1300,2200,2200,2200,2200,2200,367,0,310.0,484.97625367774003,6.074500008253381,2881.76679998287,1856.0
1778883773,100,GET,GET /api/ -> https://flask.palletsprojects.com/,16.300000,0.000000,170,250,450,590,770,1100,1400,1400,2200,2200,2200,363,0,270.0,597.1909878789428,5.822399980388582,3872.629399993457,20936.0
1778883773,100,GET,GET /api/ -> https://github.com/ibnesayeed/linkextractor,13.900000,0.000000,180,230,350,420,590,660,1000,1100,1400,1400,1400,352,0,260.0,8728.936975851935,8.084500004770234,30850.772600009805,8954.90909090909
1778883773,100,GET,GET /api/ -> https://httpbin.org/,16.600000,0.000000,250,510,600,610,650,760,1400,2200,2200,2200,2200,373,0,260.0,406.2984450412047,7.636000023921952,3124.779900012072,332.0
1778883773,100,GET,GET /api/ -> https://locust.io/,14.200000,0.000000,180,240,430,510,640,1100,2200,2200,2200,2200,2200,356,0,230.0,542.7965036515059,8.099400001810864,6104.8103000211995,5097.0
1778883773,100,GET,GET /api/ -> https://redis.io/,15.100000,0.000000,200,260,450,580,880,980,1300,2200,2200,2200,2200,359,0,250.0,864.8405902509735,7.443399983458221,25004.262900009053,7780.0
1778883773,100,GET,GET /api/ -> https://training.play-with-docker.com/,14.100000,0.000000,170,210,250,280,520,640,930,2200,2200,2200,2200,347,0,240.0,3192.466049567999,6.223000003956258,16780.55000002496,1503.0
1778883773,100,GET,GET /api/ -> https://www.python.org/,17.000000,0.000000,170,220,630,660,710,730,740,2200,2200,2200,2200,371,0,200.0,473.22930431335783,5.761200009146705,3095.073600008618,14427.0
1778883773,100,,Aggregated,153.800000,0.000000,190,330,490,590,740,1200,2000,2200,2200,2200,2200,3640,0,260.0,1595.159920494806,5.417599983047694,30850.772600009805,6908.696428571428
1778883774,100,GET,GET /api/ -> http://example.com/,14.300000,0.000000,230,740,1200,1400,1800,2000,2100,2200,2200,2200,2200,407,0,280.0,614.3303938580137,7.269399997312576,2843.5987000120804,68.0
1778883774,100,GET,GET /api/ -> https://books.toscrape.com/,14.300000,0.000000,310,330,330,340,370,630,2200,2200,2200,2200,2200,401,0,250.0,392.45962119840397,5.417599983047694,2496.58529998851,8223.0
1778883774,100,GET,GET /api/ -> https://docs.docker.com/,17.000000,0.000000,160,260,580,630,980,1300,2200,2200,2200,2200,2200,391,0,290.0,463.4335025568264,6.074500008253381,2881.76679998287,1856.0
1778883774,100,GET,GET /api/ -> https://flask.palletsprojects.com/,17.400000,0.000000,150,220,380,590,770,1100,1400,1400,2200,2200,2200,387,0,230.0,568.2519322999113,5.822399980388582,3872.629399993457,20936.0
1778883774,100,GET,GET /api/ -> https://github.com/ibnesayeed/linkextractor,15.300000,0.000000,160,210,250,300,470,600,1000,1100,1400,1400,1400,380,0,220.0,8095.614106578688,8.084500004770234,30850.772600009805,9202.347368421053
1778883774,100,GET,GET /api/ -> https://httpbin.org/,14.900000,0.000000,200,260,510,590,630,720,990,2200,2200,2200,2200,398,0,230.0,388.7492402021021,7.636000023921952,3124.779900012072,332.0
1778883774,100,GET,GET /api/ -> https://locust.io/,16.500000,0.000000,170,210,350,430,620,1100,2200,2200,2200,2200,2200,383,0,210.0,513.1279154045096,8.099400001810864,6104.8103000211995,5097.0
1778883774,100,GET,GET /api/ -> https://redis.io/,16.700000,0.000000,160,210,270,430,880,980,1300,2200,2200,2200,2200,385,0,230.0,815.0448420781993,7.443399983458221,25004.262900009053,7780.0
1778883774,100,GET,GET /api/ -> https://training.play-with-docker.com/,15.200000,0.000000,150,190,220,250,450,560,930,2200,2200,2200,2200,374,0,210.0,2970.810735294484,6.223000003956258,16780.55000002496,1503.0
1778883774,100,GET,GET /api/ -> https://www.python.org/,16.500000,0.000000,150,210,600,640,710,720,740,2200,2200,2200,2200,394,0,190.0,452.8161906097279,5.761200009146705,3095.073600008618,14427.0
1778883774,100,,Aggregated,158.100000,0.000000,160,240,350,490,730,1100,2000,2200,2200,2200,2200,3900,0,220.0,1497.2803547952074,5.417599983047694,30850.772600009805,6916.888717948718
1778883775,100,GET,GET /api/ -> http://example.com/,16.200000,0.000000,200,630,1100,1300,1700,2000,2100,2200,2200,2200,2200,437,0,210.0,584.1135205954071,7.269399997312576,2843.5987000120804,68.0
1778883775,100,GET,GET /api/ -> https://books.toscrape.com/,16.200000,0.000000,200,320,330,330,350,590,2200,2200,2200,2200,2200,434,0,200.0,376.0106380196548,5.417599983047694,2496.58529998851,8223.0
1778883775,100,GET,GET /api/ -> https://docs.docker.com/,18.200000,0.000000,150,200,430,620,950,1300,2200,2200,2200,2200,2200,415,0,220.0,447.05995421636436,6.074500008253381,2881.76679998287,1856.0
1778883775,100,GET,GET /api/ -> https://flask.palletsprojects.com/,19.100000,0.000000,150,200,330,430,770,1100,1400,1400,2200,2200,2200,408,0,210.0,548.0052225490605,5.822399980388582,3872.629399993457,20936.0
1778883775,100,GET,GET /api/ -> https://github.com/ibnesayeed/linkextractor,19.400000,0.000000,150,200,240,300,460,620,1000,1100,1400,1400,1400,401,0,210.0,7684.030921446122,8.084500004770234,30850.772600009805,9365.249376558604
1778883775,100,GET,GET /api/ -> https://httpbin.org/,16.700000,0.000000,180,260,340,570,630,660,990,2200,2200,2200,2200,430,0,210.0,373.21671628025035,7.636000023921952,3124.779900012072,332.0
1778883775,100,GET,GET /api/ -> https://locust.io/,19.600000,0.000000,160,200,250,370,620,1300,2200,2200,2200,2200,2200,401,0,200.0,496.91649451348155,8.099400001810864,6104.8103000211995,5097.0
1778883775,100,GET,GET /api/ -> https://redis.io/,19.500000,0.000000,160,200,250,350,880,980,1300,2200,2200,2200,2200,404,0,220.0,785.4116658418927,7.443399983458221,25004.262900009053,7780.0
1778883775,100,GET,GET /api/ -> https://training.play-with-docker.com/,19.600000,0.000000,150,180,200,240,400,560,930,2200,2200,2200,2200,394,0,210.0,2829.7675703048703,6.223000003956258,16780.55000002496,1503.0
1778883775,100,GET,GET /api/ -> https://www.python.org/,18.100000,0.000000,150,190,300,620,700,720,740,2200,2200,2200,2200,420,0,180.0,434.823416191059,5.761200009146705,3095.073600008618,14427.0
1778883775,100,,Aggregated,182.600000,0.000000,160,220,330,410,720,1100,2000,2200,2200,2200,2200,4144,0,210.0,1419.7552870418288,5.417599983047694,30850.772600009805,6912.980212355213
1778883776,100,GET,GET /api/ -> http://example.com/,15.500000,0.000000,230,580,900,1100,1600,2000,2000,2100,2200,2200,2200,463,0,230.0,572.5192749463841,7.269399997312576,2843.5987000120804,68.0
1778883776,100,GET,GET /api/ -> https://books.toscrape.com/,15.100000,0.000000,190,320,330,330,350,690,1800,2200,2200,2200,2200,454,0,190.0,372.34147687341056,5.417599983047694,2496.58529998851,8223.0
1778883776,100,GET,GET /api/ -> https://docs.docker.com/,17.600000,0.000000,150,190,430,610,910,1200,2200,2200,2200,2200,2200,441,0,200.0,434.08909705169225,6.074500008253381,2881.76679998287,1856.0
1778883776,100,GET,GET /api/ -> https://flask.palletsprojects.com/,17.600000,0.000000,150,200,340,430,740,1100,1400,1400,2200,2200,2200,434,0,210.0,533.4411032256066,5.822399980388582,3872.629399993457,20936.0
1778883776,100,GET,GET /api/ -> https://github.com/ibnesayeed/linkextractor,21.100000,0.000000,150,200,230,300,460,620,1000,1100,1400,1400,1400,413,0,210.0,7464.968147215176,8.084500004770234,30850.772600009805,9450.898305084746
1778883776,100,GET,GET /api/ -> https://httpbin.org/,15.700000,0.000000,180,250,340,570,630,660,980,1400,2200,2200,2200,449,0,210.0,368.224197551131,7.636000023921952,3124.779900012072,332.0
1778883776,100,GET,GET /api/ -> https://locust.io/,19.700000,0.000000,160,190,260,360,620,1100,2200,2200,2200,2200,2200,421,0,200.0,483.63486318290455,8.099400001810864,6104.8103000211995,5097.0
1778883776,100,GET,GET /api/ -> https://redis.io/,18.600000,0.000000,160,190,240,300,870,970,1300,2200,2200,2200,2200,424,0,220.0,757.3631426889476,7.443399983458221,25004.262900009053,7780.0
1778883776,100,GET,GET /api/ -> https://training.play-with-docker.com/,20.800000,0.000000,150,170,210,250,350,560,930,2200,2200,2200,2200,411,0,200.0,2720.746867883545,6.223000003956258,16780.55000002496,1503.0
1778883776,100,GET,GET /api/ -> https://www.python.org/,17.100000,0.000000,150,190,340,600,690,710,740,770,2200,2200,2200,447,0,180.0,425.1906695753941,5.761200009146705,3095.073600008618,14427.0
1778883776,100,,Aggregated,178.800000,0.000000,160,220,320,410,700,1100,1900,2200,2200,2200,2200,4357,0,210.0,1362.9676696812483,5.417599983047694,30850.772600009805,6938.924489327519
1778883777,100,GET,GET /api/ -> http://example.com/,18.100000,0.000000,280,570,800,1100,1600,2000,2000,2100,2200,2200,2200,493,0,250.0,560.3476290063414,7.269399997312576,2843.5987000120804,68.0
1778883777,100,GET,GET /api/ -> https://books.toscrape.com/,17.800000,0.000000,240,320,330,330,400,890,1800,2200,2200,2200,2200,483,0,210.0,369.8098467921792,5.417599983047694,2496.58529998851,8223.0
1778883777,100,GET,GET /api/ -> https://docs.docker.com/,17.200000,0.000000,160,200,430,610,900,1100,1400,2200,2200,2200,2200,461,0,200.0,427.3839984811366,6.074500008253381,2881.76679998287,1856.0
1778883777,100,GET,GET /api/ -> https://flask.palletsprojects.com/,17.600000,0.000000,150,240,340,440,740,1000,1300,1400,2200,2200,2200,456,0,210.0,519.3427592104151,5.822399980388582,3872.629399993457,20936.0
1778883777,100,GET,GET /api/ -> https://github.com/ibnesayeed/linkextractor,19.500000,0.000000,160,210,270,300,490,600,1000,1100,1400,1400,1400,442,0,210.0,6993.345243438642,8.084500004770234,30850.772600009805,9638.683257918552
1778883777,100,GET,GET /api/ -> https://httpbin.org/,17.300000,0.000000,200,260,420,560,630,660,980,1400,2200,2200,2200,481,0,210.0,363.6140981298221,7.636000023921952,3124.779900012072,332.0
1778883777,100,GET,GET /api/ -> https://locust.io/,19.200000,0.000000,160,220,260,360,610,980,2200,2200,2200,2200,2200,451,0,200.0,469.3094835920722,8.099400001810864,6104.8103000211995,5097.0
1778883777,100,GET,GET /api/ -> https://redis.io/,17.900000,0.000000,160,220,270,300,740,970,1100,2100,2200,2200,2200,454,0,220.0,723.0684524232785,7.443399983458221,25004.262900009053,7780.0
1778883777,100,GET,GET /api/ -> https://training.play-with-docker.com/,20.000000,0.000000,160,190,230,250,400,560,930,2200,2200,2200,2200,435,0,200.0,2583.210696322019,6.223000003956258,16780.55000002496,1503.0
1778883777,100,GET,GET /api/ -> https://www.python.org/,17.000000,0.000000,170,220,430,560,690,710,740,770,2200,2200,2200,474,0,180.0,418.8873158231302,5.761200009146705,3095.073600008618,14427.0
1778883777,100,,Aggregated,181.600000,0.000000,170,250,330,440,690,1000,1700,2200,2200,2200,2200,4630,0,210.0,1299.536011339364,5.417599983047694,30850.772600009805,6944.001079913607
1778883778,100,GET,GET /api/ -> http://example.com/,20.200000,0.000000,170,240,310,440,570,620,780,870,1300,1300,1300,509,0,240.0,550.3434009825667,7.269399997312576,2843.5987000120804,68.0
1778883778,100,GET,GET /api/ -> https://books.toscrape.com/,19.700000,0.000000,220,320,330,330,500,680,910,950,1100,1100,1100,505,0,210.0,367.8402877240995,5.417599983047694,2496.58529998851,8223.0
1778883778,100,GET,GET /api/ -> https://docs.docker.com/,18.200000,0.000000,160,200,430,540,680,980,1300,1400,1400,1400,1400,492,0,200.0,420.38375243862356,6.074500008253381,2881.76679998287,1856.0
1778883778,100,GET,GET /api/ -> https://flask.palletsprojects.com/,17.500000,0.000000,160,230,310,420,730,930,1200,1400,1400,1400,1400,486,0,200.0,502.95022181057993,5.822399980388582,3872.629399993457,20936.0
1778883778,100,GET,GET /api/ -> https://github.com/ibnesayeed/linkextractor,17.000000,0.000000,180,210,280,350,520,620,970,1100,1400,1400,1400,465,0,210.0,6663.502299139439,8.084500004770234,30850.772600009805,9770.96129032258
1778883778,100,GET,GET /api/ -> https://httpbin.org/,19.600000,0.000000,200,260,350,550,620,650,730,980,1400,1400,1400,501,0,210.0,359.0485099807638,7.636000023921952,3124.779900012072,332.0
1778883778,100,GET,GET /api/ -> https://locust.io/,17.000000,0.000000,170,210,250,340,560,640,1100,1400,1400,1400,1400,474,0,200.0,459.3126491561457,8.099400001810864,6104.8103000211995,5097.0
1778883778,100,GET,GET /api/ -> https://redis.io/,17.300000,0.000000,170,200,240,270,620,900,990,1100,1300,1300,1300,480,0,210.0,695.1548208335831,7.443399983458221,25004.262900009053,7780.0
1778883778,100,GET,GET /api/ -> https://training.play-with-docker.com/,17.100000,0.000000,160,190,230,250,420,590,730,770,1100,1100,1100,457,0,200.0,2474.027754485781,6.223000003956258,16780.55000002496,1503.0
1778883778,100,GET,GET /api/ -> https://www.python.org/,18.600000,0.000000,170,220,420,550,680,710,730,740,770,770,770,496,0,180.0,411.76711915355673,5.761200009146705,3095.073600008618,14427.0
1778883778,100,,Aggregated,182.200000,0.000000,170,230,300,350,620,720,980,1100,1400,1400,1400,4865,0,200.0,1250.1159933403978,5.417599983047694,30850.772600009805,6984.20246659815
1778883779,100,GET,GET /api/ -> http://example.com/,21.100000,0.000000,170,210,270,310,540,620,780,870,1300,1300,1300,532,0,210.0,534.7964919175072,7.269399997312576,2843.5987000120804,68.0
1778883779,100,GET,GET /api/ -> https://books.toscrape.com/,20.800000,0.000000,170,200,240,290,550,690,910,990,1100,1100,1100,525,0,200.0,363.3432247632715,5.417599983047694,2496.58529998851,8223.0
1778883779,100,GET,GET /api/ -> https://docs.docker.com/,19.300000,0.000000,170,220,460,580,680,980,1300,1400,1400,1400,1400,509,0,200.0,413.13543477378585,6.074500008253381,2881.76679998287,1856.0
1778883779,100,GET,GET /api/ -> https://flask.palletsprojects.com/,19.000000,0.000000,170,230,320,440,730,930,1200,1400,1400,1400,1400,504,0,200.0,494.66814662694577,5.822399980388582,3872.629399993457,20936.0
1778883779,100,GET,GET /api/ -> https://github.com/ibnesayeed/linkextractor,17.700000,0.000000,170,210,260,300,520,660,970,1100,1400,1400,1400,491,0,210.0,6323.174872097521,8.084500004770234,30850.772600009805,9905.570264765784
1778883779,100,GET,GET /api/ -> https://httpbin.org/,19.900000,0.000000,170,200,250,300,600,660,980,990,1400,1400,1400,522,0,210.0,356.2860415717212,7.636000023921952,3124.779900012072,332.0
1778883779,100,GET,GET /api/ -> https://locust.io/,18.100000,0.000000,170,210,250,300,590,760,1100,1400,1400,1400,1400,496,0,190.0,452.09939294357855,8.099400001810864,6104.8103000211995,5097.0
1778883779,100,GET,GET /api/ -> https://redis.io/,18.600000,0.000000,170,200,250,270,610,900,990,1100,1300,1300,1300,499,0,210.0,677.9600949901392,7.443399983458221,25004.262900009053,7780.0
1778883779,100,GET,GET /api/ -> https://training.play-with-docker.com/,17.200000,0.000000,160,190,230,270,430,590,730,770,1100,1100,1100,486,0,190.0,2340.900536008211,6.223000003956258,16780.55000002496,1503.0
1778883779,100,GET,GET /api/ -> https://www.python.org/,19.300000,0.000000,180,220,430,560,690,710,730,740,770,770,770,517,0,180.0,403.3145145070649,5.761200009146705,3095.073600008618,14427.0
1778883779,100,,Aggregated,191.000000,0.000000,170,210,270,340,620,730,980,1100,1400,1400,1400,5081,0,200.0,1207.2939255267113,5.417599983047694,30850.772600009805,6984.095060027554
1778883780,100,GET,GET /api/ -> http://example.com/,23.000000,0.000000,170,220,280,380,570,740,790,830,1300,1300,1300,558,0,210.0,527.3345996417927,7.269399997312576,2843.5987000120804,68.0
1778883780,100,GET,GET /api/ -> https://books.toscrape.com/,22.900000,0.000000,170,220,260,290,650,690,910,950,1100,1100,1100,553,0,200.0,360.7583580483159,5.417599983047694,2496.58529998851,8223.0
1778883780,100,GET,GET /api/ -> https://docs.docker.com/,21.600000,0.000000,170,200,300,430,680,1000,1300,1400,1400,1400,1400,531,0,200.0,406.3673363463044,6.074500008253381,2881.76679998287,1856.0
1778883780,100,GET,GET /api/ -> https://flask.palletsprojects.com/,20.900000,0.000000,170,230,310,420,690,950,1200,1400,1400,1400,1400,528,0,200.0,485.06653276534496,5.822399980388582,3872.629399993457,20936.0
1778883780,100,GET,GET /api/ -> https://github.com/ibnesayeed/linkextractor,20.200000,0.000000,180,210,280,390,530,660,970,1100,1400,1400,1400,517,0,200.0,6017.499114700007,8.084500004770234,30850.772600009805,10026.640232108317
1778883780,100,GET,GET /api/ -> https://httpbin.org/,22.500000,0.000000,170,210,250,290,570,650,780,980,1400,1400,1400,544,0,210.0,353.05815055225514,7.636000023921952,3124.779900012072,332.0
1778883780,100,GET,GET /api/ -> https://locust.io/,20.800000,0.000000,170,220,250,300,560,760,1100,1400,1400,1400,1400,520,0,190.0,442.66729750004464,8.099400001810864,6104.8103000211995,5097.0
1778883780,100,GET,GET /api/ -> https://redis.io/,20.800000,0.000000,180,210,240,270,610,900,990,1100,1300,1300,1300,524,0,200.0,655.675563358807,7.443399983458221,25004.262900009053,7780.0
1778883780,100,GET,GET /api/ -> https://training.play-with-docker.com/,19.600000,0.000000,160,200,240,270,430,640,740,930,1100,1100,1100,510,0,190.0,2242.606868431276,6.223000003956258,16780.55000002496,1503.0
1778883780,100,GET,GET /api/ -> https://www.python.org/,22.100000,0.000000,170,190,220,240,510,560,690,740,840,840,840,538,0,180.0,398.3467130114231,5.761200009146705,3095.073600008618,14427.0
1778883780,100,,Aggregated,214.400000,0.000000,170,210,260,300,560,730,980,1100,1400,1400,1400,5323,0,200.0,1164.8619132258668,5.417599983047694,30850.772600009805,6996.95735487507
1778883782,100,GET,GET /api/ -> http://example.com/,19.300000,0.000000,180,240,280,350,560,700,790,820,870,870,870,580,0,210.0,515.4853443105821,7.269399997312576,2843.5987000120804,68.0
1778883782,100,GET,GET /api/ -> https://books.toscrape.com/,18.700000,0.000000,180,230,260,290,590,690,890,910,950,950,950,573,0,210.0,356.8132911006478,5.417599983047694,2496.58529998851,8223.0
1778883782,100,GET,GET /api/ -> https://docs.docker.com/,23.200000,0.000000,170,200,230,280,470,640,680,800,870,870,870,560,0,200.0,397.851988392722,6.074500008253381,2881.76679998287,1856.0
1778883782,100,GET,GET /api/ -> https://flask.palletsprojects.com/,23.200000,0.000000,170,210,260,300,480,670,700,780,870,870,870,556,0,200.0,473.2596190649327,5.822399980388582,3872.629399993457,20936.0
1778883782,100,GET,GET /api/ -> https://github.com/ibnesayeed/linkextractor,23.400000,0.000000,170,190,220,280,510,620,680,750,780,780,780,535,0,200.0,5821.988855887671,8.084500004770234,30850.772600009805,10103.56448598131
1778883782,100,GET,GET /api/ -> https://httpbin.org/,18.700000,0.000000,170,210,240,280,550,630,660,690,780,780,780,567,0,210.0,347.90715537994043,7.636000023921952,3124.779900012072,332.0
1778883782,100,GET,GET /api/ -> https://locust.io/,23.800000,0.000000,170,190,230,250,450,630,780,870,880,880,880,541,0,190.0,433.6198103512369,8.099400001810864,6104.8103000211995,5097.0
1778883782,100,GET,GET /api/ -> https://redis.io/,23.400000,0.000000,170,190,220,240,300,480,640,690,830,830,830,548,0,210.0,637.9433689781517,7.443399983458221,25004.262900009053,7780.0
1778883782,100,GET,GET /api/ -> https://training.play-with-docker.com/,23.300000,0.000000,170,210,250,280,450,590,730,820,970,970,970,531,0,200.0,2164.826205084688,6.223000003956258,16780.55000002496,1503.0
1778883782,100,GET,GET /api/ -> https://www.python.org/,21.800000,0.000000,170,200,240,280,450,560,680,690,840,840,840,563,0,180.0,390.18309822413147,5.761200009146705,3095.073600008618,14427.0
1778883782,100,,Aggregated,218.800000,0.000000,170,200,240,280,500,640,730,800,910,970,970,5554,0,200.0,1126.173830572806,5.417599983047694,30850.772600009805,7015.854699315809
1778883783,100,GET,GET /api/ -> http://example.com/,21.000000,0.000000,180,240,300,360,560,700,790,820,870,870,870,606,0,200.0,503.5368181521011,7.269399997312576,2843.5987000120804,68.0
1778883783,100,GET,GET /api/ -> https://books.toscrape.com/,20.900000,0.000000,190,230,270,300,600,690,890,910,950,950,950,597,0,200.0,353.36540167606427,5.417599983047694,2496.58529998851,8223.0
1778883783,100,GET,GET /api/ -> https://docs.docker.com/,20.700000,0.000000,170,200,250,310,500,660,730,800,870,870,870,582,0,200.0,393.25024725090594,6.074500008253381,2881.76679998287,1856.0
1778883783,100,GET,GET /api/ -> https://flask.palletsprojects.com/,21.500000,0.000000,170,230,280,310,500,670,700,780,870,870,870,574,0,200.0,467.210257317348,5.822399980388582,3872.629399993457,20936.0
1778883783,100,GET,GET /api/ -> https://github.com/ibnesayeed/linkextractor,23.900000,0.000000,180,210,260,300,560,640,710,750,780,780,780,557,0,200.0,5603.403452962153,8.084500004770234,30850.772600009805,10190.831238779174
1778883783,100,GET,GET /api/ -> https://httpbin.org/,20.200000,0.000000,180,210,250,280,550,640,670,690,780,780,780,589,0,200.0,343.8847526322484,7.636000023921952,3124.779900012072,332.0
1778883783,100,GET,GET /api/ -> https://locust.io/,23.700000,0.000000,180,220,240,280,530,630,780,870,880,880,880,563,0,190.0,428.1447008880745,8.099400001810864,6104.8103000211995,5097.0
1778883783,100,GET,GET /api/ -> https://redis.io/,22.700000,0.000000,170,200,240,270,340,570,660,730,830,830,830,566,0,210.0,625.271679152111,7.443399983458221,25004.262900009053,7780.0
1778883783,100,GET,GET /api/ -> https://training.play-with-docker.com/,23.900000,0.000000,180,230,270,290,490,610,730,820,970,970,970,551,0,190.0,2094.7937484571908,6.223000003956258,16780.55000002496,1503.0
1778883783,100,GET,GET /api/ -> https://www.python.org/,19.700000,0.000000,180,200,240,290,470,560,680,690,840,840,840,586,0,180.0,383.2545206487618,5.761200009146705,3095.073600008618,14427.0
1778883783,100,,Aggregated,218.200000,0.000000,180,220,260,300,530,640,730,800,910,970,970,5771,0,200.0,1093.495819147712,5.417599983047694,30850.772600009805,7013.533529717553
1778883784,100,GET,GET /api/ -> http://example.com/,22.500000,0.000000,190,240,350,470,580,730,790,820,870,870,870,630,0,200.0,494.5973093654694,7.269399997312576,2843.5987000120804,68.0
1778883784,100,GET,GET /api/ -> https://books.toscrape.com/,22.200000,0.000000,210,260,330,520,670,720,890,910,950,950,950,622,0,210.0,356.58114614255066,5.417599983047694,2496.58529998851,8223.0
1778883784,100,GET,GET /api/ -> https://docs.docker.com/,21.500000,0.000000,190,210,280,330,530,670,800,840,870,870,870,601,0,200.0,389.59727171386595,6.074500008253381,2881.76679998287,1856.0
1778883784,100,GET,GET /api/ -> https://flask.palletsprojects.com/,22.000000,0.000000,190,240,310,370,640,700,770,800,870,870,870,598,0,200.0,461.51958043497433,5.822399980388582,3872.629399993457,20936.0
1778883784,100,GET,GET /api/ -> https://github.com/ibnesayeed/linkextractor,23.800000,0.000000,190,220,280,410,600,660,720,750,780,780,780,578,0,200.0,5411.759617473919,8.084500004770234,30850.772600009805,10267.934256055363
1778883784,100,GET,GET /api/ -> https://httpbin.org/,22.000000,0.000000,190,230,280,370,580,640,690,720,780,780,780,616,0,200.0,341.831886364327,7.636000023921952,3124.779900012072,332.0
1778883784,100,GET,GET /api/ -> https://locust.io/,22.300000,0.000000,180,220,250,280,530,630,780,870,880,880,880,581,0,190.0,421.03841204813153,8.099400001810864,6104.8103000211995,5097.0
1778883784,100,GET,GET /api/ -> https://redis.io/,22.600000,0.000000,180,230,270,300,490,600,710,730,830,830,830,589,0,210.0,615.6491171479196,7.443399983458221,25004.262900009053,7780.0
1778883784,100,GET,GET /api/ -> https://training.play-with-docker.com/,23.900000,0.000000,190,240,280,310,570,630,730,820,970,970,970,570,0,200.0,2036.031878070054,6.223000003956258,16780.55000002496,1503.0
1778883784,100,GET,GET /api/ -> https://www.python.org/,21.900000,0.000000,190,210,270,310,510,560,680,690,840,840,840,608,0,180.0,377.7368067436136,5.761200009146705,3095.073600008618,14427.0
1778883784,100,,Aggregated,224.700000,0.000000,190,230,280,340,570,670,750,800,950,970,970,5993,0,200.0,1064.49770473912,5.417599983047694,30850.772600009805,7025.5649924912395
1778883785,100,GET,GET /api/ -> http://example.com/,23.100000,0.000000,180,230,300,360,570,740,790,830,870,870,870,651,0,190.0,486.2433789558934,7.269399997312576,2843.5987000120804,68.0
1778883785,100,GET,GET /api/ -> https://books.toscrape.com/,22.300000,0.000000,220,290,490,550,670,720,890,910,950,950,950,645,0,210.0,356.03366728796254,5.417599983047694,2496.58529998851,8223.0
1778883785,100,GET,GET /api/ -> https://docs.docker.com/,22.200000,0.000000,190,230,310,350,530,670,750,800,870,870,870,626,0,200.0,385.4243750800193,6.074500008253381,2881.76679998287,1856.0
1778883785,100,GET,GET /api/ -> https://flask.palletsprojects.com/,21.800000,0.000000,190,250,310,380,580,690,750,780,870,870,870,618,0,200.0,454.87259401303857,5.822399980388582,3872.629399993457,20936.0
1778883785,100,GET,GET /api/ -> https://github.com/ibnesayeed/linkextractor,21.600000,0.000000,180,220,290,400,570,660,720,750,780,780,780,603,0,200.0,5197.0786762852,8.084500004770234,30850.772600009805,10352.721393034826
1778883785,100,GET,GET /api/ -> https://httpbin.org/,22.200000,0.000000,190,250,340,420,590,650,690,730,780,780,780,638,0,200.0,340.9477274302086,7.636000023921952,3124.779900012072,332.0
1778883785,100,GET,GET /api/ -> https://locust.io/,21.600000,0.000000,190,240,290,390,550,610,760,790,880,880,880,609,0,190.0,417.59860180632813,8.099400001810864,6104.8103000211995,5097.0
1778883785,100,GET,GET /api/ -> https://redis.io/,21.600000,0.000000,190,230,270,310,530,610,690,720,830,830,830,614,0,210.0,601.7350226385024,7.443399983458221,25004.262900009053,7780.0
1778883785,100,GET,GET /api/ -> https://training.play-with-docker.com/,21.400000,0.000000,190,240,290,330,570,630,730,820,970,970,970,593,0,190.0,1967.817102023312,6.223000003956258,16780.55000002496,1503.0
1778883785,100,GET,GET /api/ -> https://www.python.org/,22.300000,0.000000,180,210,280,320,510,560,680,690,840,840,840,633,0,180.0,373.33545276480817,5.761200009146705,3095.073600008618,14427.0
1778883785,100,,Aggregated,220.100000,0.000000,190,240,300,380,570,670,750,800,950,970,970,6230,0,200.0,1034.8243827289978,5.417599983047694,30850.772600009805,7031.697752808989
1778883786,100,GET,GET /api/ -> http://example.com/,23.300000,0.000000,180,190,240,310,550,700,790,820,830,830,830,670,0,190.0,477.770887612393,7.269399997312576,2843.5987000120804,68.0
1778883786,100,GET,GET /api/ -> https://books.toscrape.com/,23.000000,0.000000,210,290,430,510,640,680,730,770,780,780,780,666,0,210.0,354.2062096107561,5.417599983047694,2496.58529998851,8223.0
1778883786,100,GET,GET /api/ -> https://docs.docker.com/,21.900000,0.000000,190,230,320,390,560,640,680,730,840,840,840,655,0,200.0,380.76918167946326,6.074500008253381,2881.76679998287,1856.0
1778883786,100,GET,GET /api/ -> https://flask.palletsprojects.com/,21.600000,0.000000,180,230,300,370,580,680,720,770,800,800,800,647,0,200.0,445.6252086554241,5.822399980388582,3872.629399993457,20936.0
1778883786,100,GET,GET /api/ -> https://github.com/ibnesayeed/linkextractor,20.300000,0.000000,180,220,310,410,580,660,710,730,780,780,780,623,0,200.0,5040.8481476725365,8.084500004770234,30850.772600009805,10415.651685393259
1778883786,100,GET,GET /api/ -> https://httpbin.org/,22.300000,0.000000,190,230,330,410,580,640,670,720,780,780,780,660,0,200.0,337.6242993947623,7.636000023921952,3124.779900012072,332.0
1778883786,100,GET,GET /api/ -> https://locust.io/,20.400000,0.000000,190,230,300,410,540,600,690,760,790,790,790,632,0,190.0,411.2491329114267,8.099400001810864,6104.8103000211995,5097.0
1778883786,100,GET,GET /api/ -> https://redis.io/,21.100000,0.000000,180,220,280,330,530,630,680,720,830,830,830,642,0,200.0,587.725073676045,7.443399983458221,25004.262900009053,7780.0
1778883786,100,GET,GET /api/ -> https://training.play-with-docker.com/,20.400000,0.000000,190,240,310,420,590,640,690,740,970,970,970,617,0,190.0,1903.8580009721127,6.223000003956258,16780.55000002496,1503.0
1778883786,100,GET,GET /api/ -> https://www.python.org/,22.400000,0.000000,180,200,260,350,530,560,670,690,840,840,840,656,0,180.0,368.48931890270296,5.761200009146705,3095.073600008618,14427.0
1778883786,100,,Aggregated,216.700000,0.000000,190,230,310,390,570,640,720,760,840,970,970,6468,0,190.0,1006.5939884047187,5.417599983047694,30850.772600009805,7049.930117501546
1778883787,100,GET,GET /api/ -> http://example.com/,23.300000,0.000000,180,190,220,270,550,700,790,820,830,830,830,670,0,190.0,477.770887612393,7.269399997312576,2843.5987000120804,68.0
1778883787,100,GET,GET /api/ -> https://books.toscrape.com/,23.000000,0.000000,210,330,480,540,650,690,730,770,780,780,780,666,0,210.0,354.2062096107561,5.417599983047694,2496.58529998851,8223.0
1778883787,100,GET,GET /api/ -> https://docs.docker.com/,21.900000,0.000000,190,230,320,390,560,640,680,750,840,840,840,655,0,200.0,380.76918167946326,6.074500008253381,2881.76679998287,1856.0
1778883787,100,GET,GET /api/ -> https://flask.palletsprojects.com/,21.600000,0.000000,180,230,320,380,600,690,750,780,800,800,800,647,0,200.0,445.6252086554241,5.822399980388582,3872.629399993457,20936.0
1778883787,100,GET,GET /api/ -> https://github.com/ibnesayeed/linkextractor,20.300000,0.000000,180,220,310,410,600,670,720,750,780,780,780,623,0,200.0,5040.8481476725365,8.084500004770234,30850.772600009805,10415.651685393259
1778883787,100,GET,GET /api/ -> https://httpbin.org/,22.300000,0.000000,190,230,330,410,600,650,690,730,780,780,780,660,0,200.0,337.6242993947623,7.636000023921952,3124.779900012072,332.0
1778883787,100,GET,GET /api/ -> https://locust.io/,20.400000,0.000000,190,230,310,420,540,610,710,780,790,790,790,632,0,190.0,411.2491329114267,8.099400001810864,6104.8103000211995,5097.0
1778883787,100,GET,GET /api/ -> https://redis.io/,21.100000,0.000000,190,240,310,370,560,640,710,730,830,830,830,642,0,200.0,587.725073676045,7.443399983458221,25004.262900009053,7780.0
1778883787,100,GET,GET /api/ -> https://training.play-with-docker.com/,20.400000,0.000000,190,280,350,450,590,640,730,820,970,970,970,617,0,190.0,1903.8580009721127,6.223000003956258,16780.55000002496,1503.0
1778883787,100,GET,GET /api/ -> https://www.python.org/,22.400000,0.000000,180,200,220,300,440,600,690,740,840,840,840,656,0,180.0,368.48931890270296,5.761200009146705,3095.073600008618,14427.0
1778883787,100,,Aggregated,216.700000,0.000000,190,230,310,390,580,660,720,770,840,970,970,6468,0,190.0,1006.5939884047187,5.417599983047694,30850.772600009805,7049.930117501546
1778883788,100,GET,GET /api/ -> http://example.com/,20.900000,0.000000,180,190,220,260,570,750,820,2000,2000,2000,2000,672,0,190.0,482.4465633932743,7.269399997312576,2843.5987000120804,68.0
1778883788,100,GET,GET /api/ -> https://books.toscrape.com/,21.200000,0.000000,220,330,480,580,660,720,780,2100,2300,2300,2300,669,0,210.0,362.2004391640489,5.417599983047694,2496.58529998851,8223.0
1778883788,100,GET,GET /api/ -> https://docs.docker.com/,21.800000,0.000000,190,230,310,350,560,640,680,750,840,840,840,655,0,200.0,380.76918167946326,6.074500008253381,2881.76679998287,1856.0
1778883788,100,GET,GET /api/ -> https://flask.palletsprojects.com/,21.800000,0.000000,190,250,360,480,650,750,2100,2100,2200,2200,2200,652,0,200.0,458.3234226995236,5.822399980388582,3872.629399993457,20936.0
1778883788,100,GET,GET /api/ -> https://github.com/ibnesayeed/linkextractor,21.100000,0.000000,190,230,380,470,640,710,2100,2100,2300,2300,2300,628,0,200.0,5017.468289012708,8.084500004770234,30850.772600009805,10430.75796178344
1778883788,100,GET,GET /api/ -> https://httpbin.org/,21.200000,0.000000,190,250,360,420,620,670,2100,2100,2300,2300,2300,664,0,200.0,348.3425424706786,7.636000023921952,3124.779900012072,332.0
1778883788,100,GET,GET /api/ -> https://locust.io/,21.300000,0.000000,190,250,410,480,600,790,2100,2100,2300,2300,2300,639,0,190.0,429.68947574340865,8.099400001810864,6104.8103000211995,5097.0
1778883788,100,GET,GET /api/ -> https://redis.io/,21.300000,0.000000,190,260,350,430,600,710,2100,2200,2300,2300,2300,646,0,210.0,597.475586842121,7.443399983458221,25004.262900009053,7780.0
1778883788,100,GET,GET /api/ -> https://training.play-with-docker.com/,20.700000,0.000000,190,280,380,460,600,690,2100,2100,2100,2100,2100,622,0,200.0,1905.1966980704963,6.223000003956258,16780.55000002496,1503.0
1778883788,100,GET,GET /api/ -> https://www.python.org/,21.700000,0.000000,180,200,220,300,440,600,670,690,840,840,840,656,0,180.0,368.48931890270296,5.761200009146705,3095.073600008618,14427.0
1778883788,100,,Aggregated,213.000000,0.000000,190,240,340,430,600,700,2100,2100,2300,2300,2300,6503,0,200.0,1012.504774289059,5.417599983047694,30850.772600009805,7052.997078271567
1778883789,100,GET,GET /api/ -> http://example.com/,19.200000,0.000000,200,500,710,830,1600,2000,2200,2200,2200,2200,2200,715,0,210.0,537.7457488115333,7.269399997312576,2843.5987000120804,68.0
1778883789,100,GET,GET /api/ -> https://books.toscrape.com/,19.600000,0.000000,260,370,400,480,640,710,2100,2200,2300,2300,2300,715,0,220.0,360.223913987019,5.417599983047694,2496.58529998851,8223.0
1778883789,100,GET,GET /api/ -> https://docs.docker.com/,20.800000,0.000000,190,250,340,450,560,640,730,840,2400,2400,2400,675,0,200.0,380.07440666681055,6.074500008253381,2881.76679998287,1856.0
1778883789,100,GET,GET /api/ -> https://flask.palletsprojects.com/,20.400000,0.000000,190,250,380,490,660,800,2200,2400,2400,2400,2400,672,0,190.0,460.4732120536764,5.822399980388582,3872.629399993457,20936.0
1778883789,100,GET,GET /api/ -> https://github.com/ibnesayeed/linkextractor,20.100000,0.000000,200,310,410,480,660,2100,2300,2400,2400,2400,2400,651,0,200.0,4863.405856374906,8.084500004770234,30850.772600009805,10497.258064516129
1778883789,100,GET,GET /api/ -> https://httpbin.org/,20.100000,0.000000,180,230,340,410,610,690,2100,2400,2400,2400,2400,701,0,190.0,345.9227338095562,7.636000023921952,3124.779900012072,332.0
1778883789,100,GET,GET /api/ -> https://locust.io/,20.600000,0.000000,200,280,420,500,600,2100,2200,2300,2400,2400,2400,657,0,200.0,435.5374249619754,8.099400001810864,6104.8103000211995,5097.0
1778883789,100,GET,GET /api/ -> https://redis.io/,20.600000,0.000000,210,310,390,430,610,720,2100,2300,2400,2400,2400,660,0,210.0,593.8100165149963,7.443399983458221,25004.262900009053,7780.0
1778883789,100,GET,GET /api/ -> https://training.play-with-docker.com/,20.200000,0.000000,210,290,400,450,600,690,2100,2100,2400,2400,2400,649,0,200.0,1840.4328331277018,6.223000003956258,16780.55000002496,1503.0
1778883789,100,GET,GET /api/ -> https://www.python.org/,20.500000,0.000000,180,200,280,350,470,640,2200,2300,2400,2400,2400,689,0,180.0,373.03818026136,5.761200009146705,3095.073600008618,14427.0
1778883789,100,,Aggregated,202.100000,0.000000,200,280,400,470,640,1100,2100,2300,2400,2400,2400,6784,0,200.0,994.4181153893829,5.417599983047694,30850.772600009805,7033.532281839623
1778883790,100,GET,GET /api/ -> http://example.com/,17.300000,0.000000,190,460,700,960,1800,2000,2200,2200,2200,2200,2200,723,0,200.0,534.9879652838739,7.269399997312576,2843.5987000120804,68.0
1778883790,100,GET,GET /api/ -> https://books.toscrape.com/,17.500000,0.000000,260,370,400,460,600,710,2100,2200,2300,2300,2300,721,0,220.0,358.56381054188097,5.417599983047694,2496.58529998851,8223.0
1778883790,100,GET,GET /api/ -> https://docs.docker.com/,18.500000,0.000000,190,270,420,480,590,640,750,770,2400,2400,2400,714,0,190.0,377.5552813726701,6.074500008253381,2881.76679998287,1856.0
1778883790,100,GET,GET /api/ -> https://flask.palletsprojects.com/,18.500000,0.000000,190,240,380,480,600,750,2200,2400,2400,2400,2400,704,0,190.0,450.58959900573177,5.822399980388582,3872.629399993457,20936.0
1778883790,100,GET,GET /api/ -> https://github.com/ibnesayeed/linkextractor,17.600000,0.000000,200,310,420,480,660,2100,2300,2400,2400,2400,2400,677,0,200.0,4686.712092319092,8.084500004770234,30850.772600009805,10566.991137370753
1778883790,100,GET,GET /api/ -> https://httpbin.org/,17.500000,0.000000,180,260,420,570,670,770,2100,2400,2400,2400,2400,719,0,200.0,352.0635506264902,7.636000023921952,3124.779900012072,332.0
1778883790,100,GET,GET /api/ -> https://locust.io/,17.900000,0.000000,190,280,410,480,580,2100,2200,2300,2400,2400,2400,686,0,190.0,426.0885900873898,8.099400001810864,6104.8103000211995,5097.0
1778883790,100,GET,GET /api/ -> https://redis.io/,18.400000,0.000000,200,320,400,470,630,710,2100,2300,2400,2400,2400,692,0,200.0,579.157595664646,7.443399983458221,25004.262900009053,7780.0
1778883790,100,GET,GET /api/ -> https://training.play-with-docker.com/,17.800000,0.000000,200,330,410,450,600,720,2100,2100,2400,2400,2400,668,0,190.0,1794.7502350296113,6.223000003956258,16780.55000002496,1503.0
1778883790,100,GET,GET /api/ -> https://www.python.org/,17.700000,0.000000,190,220,370,430,600,750,2200,2300,2400,2400,2400,717,0,180.0,377.47161506294924,5.761200009146705,3095.073600008618,14427.0
1778883790,100,,Aggregated,178.700000,0.000000,190,300,410,490,640,1100,2100,2300,2400,2400,2400,7021,0,200.0,971.4801692495859,5.417599983047694,30850.772600009805,7073.508189716565
1778883791,100,GET,GET /api/ -> http://example.com/,20.000000,0.000000,190,510,710,960,1800,2000,2200,2200,2200,2200,2200,741,0,200.0,526.8819242917402,7.269399997312576,2843.5987000120804,68.0
1778883791,100,GET,GET /api/ -> https://books.toscrape.com/,18.900000,0.000000,250,370,400,510,610,710,2100,2200,2300,2300,2300,736,0,220.0,356.40049837053556,5.417599983047694,2496.58529998851,8223.0
1778883791,100,GET,GET /api/ -> https://docs.docker.com/,16.600000,0.000000,190,310,470,510,600,680,750,770,2400,2400,2400,723,0,190.0,376.6376253112878,6.074500008253381,2881.76679998287,1856.0
1778883791,100,GET,GET /api/ -> https://flask.palletsprojects.com/,16.500000,0.000000,170,220,450,500,640,750,2200,2400,2400,2400,2400,721,0,190.0,446.9576409154319,5.822399980388582,3872.629399993457,20936.0
1778883791,100,GET,GET /api/ -> https://github.com/ibnesayeed/linkextractor,17.200000,0.000000,190,320,420,500,640,2100,2300,2400,2400,2400,2400,708,0,200.0,4492.109233192053,8.084500004770234,30850.772600009805,10643.440677966102
1778883791,100,GET,GET /api/ -> https://httpbin.org/,17.200000,0.000000,180,260,430,590,690,770,2100,2400,2400,2400,2400,732,0,190.0,349.295503415897,7.636000023921952,3124.779900012072,332.0
1778883791,100,GET,GET /api/ -> https://locust.io/,17.100000,0.000000,190,320,410,480,590,2100,2200,2300,2400,2400,2400,715,0,190.0,419.11983062933245,8.099400001810864,6104.8103000211995,5097.0
1778883791,100,GET,GET /api/ -> https://redis.io/,16.800000,0.000000,190,330,430,520,640,710,2100,2300,2400,2400,2400,718,0,200.0,569.1298523675883,7.443399983458221,25004.262900009053,7780.0
1778883791,100,GET,GET /api/ -> https://training.play-with-docker.com/,17.200000,0.000000,180,260,410,450,600,690,2100,2100,2400,2400,2400,698,0,190.0,1725.9939717761652,6.223000003956258,16780.55000002496,1503.0
1778883791,100,GET,GET /api/ -> https://www.python.org/,16.800000,0.000000,190,210,410,460,610,750,2200,2300,2400,2400,2400,723,0,180.0,375.49056708179114,5.761200009146705,3095.073600008618,14427.0
1778883791,100,,Aggregated,174.300000,0.000000,190,320,440,520,650,1200,2100,2300,2400,2400,2400,7215,0,190.0,951.8950472212343,5.417599983047694,30850.772600009805,7072.494802494803
1778883792,100,GET,GET /api/ -> http://example.com/,18.300000,0.000000,190,460,700,960,1800,2000,2200,2200,2200,2200,2200,767,0,200.0,517.2685737941855,7.269399997312576,2843.5987000120804,68.0
1778883792,100,GET,GET /api/ -> https://books.toscrape.com/,18.900000,0.000000,250,370,400,460,600,710,2100,2200,2300,2300,2300,763,0,210.0,352.24478165242977,5.417599983047694,2496.58529998851,8223.0
1778883792,100,GET,GET /api/ -> https://docs.docker.com/,17.900000,0.000000,170,220,410,490,600,680,750,770,2400,2400,2400,756,0,190.0,367.9658603174541,6.074500008253381,2881.76679998287,1856.0
1778883792,100,GET,GET /api/ -> https://flask.palletsprojects.com/,17.400000,0.000000,170,190,360,480,630,750,2200,2400,2400,2400,2400,747,0,190.0,438.2915206159555,5.822399980388582,3872.629399993457,20936.0
1778883792,100,GET,GET /api/ -> https://github.com/ibnesayeed/linkextractor,16.900000,0.000000,180,330,460,490,640,2100,2300,2400,2400,2400,2400,728,0,200.0,4376.28224835154,8.084500004770234,30850.772600009805,10689.307692307691
1778883792,100,GET,GET /api/ -> https://httpbin.org/,19.400000,0.000000,170,250,460,580,670,770,2100,2400,2400,2400,2400,759,0,190.0,344.66739314952156,7.636000023921952,3124.779900012072,332.0
1778883792,100,GET,GET /api/ -> https://locust.io/,17.000000,0.000000,180,320,410,440,580,2100,2200,2300,2400,2400,2400,733,0,190.0,414.7637376535079,8.099400001810864,6104.8103000211995,5097.0
1778883792,100,GET,GET /api/ -> https://redis.io/,17.000000,0.000000,180,310,430,520,640,710,2100,2300,2400,2400,2400,741,0,200.0,558.3551661267735,7.443399983458221,25004.262900009053,7780.0
1778883792,100,GET,GET /api/ -> https://training.play-with-docker.com/,16.700000,0.000000,180,360,430,490,600,690,2100,2100,2400,2400,2400,724,0,190.0,1674.6873571820836,6.223000003956258,16780.55000002496,1503.0
1778883792,100,GET,GET /api/ -> https://www.python.org/,18.900000,0.000000,180,210,430,490,600,750,2200,2300,2400,2400,2400,757,0,180.0,370.32900554845554,5.761200009146705,3095.073600008618,14427.0
1778883792,100,,Aggregated,178.400000,0.000000,180,310,430,510,650,880,2100,2300,2400,2400,2400,7475,0,190.0,926.9840067694264,5.417599983047694,30850.772600009805,7078.652709030101
1778883793,100,GET,GET /api/ -> http://example.com/,17.200000,0.000000,190,370,570,870,1800,2000,2200,2200,2200,2200,2200,800,0,190.0,503.42945699991105,7.269399997312576,2843.5987000120804,68.0
1778883793,100,GET,GET /api/ -> https://books.toscrape.com/,17.100000,0.000000,220,370,400,430,560,640,2100,2200,2300,2300,2300,792,0,210.0,349.54691767776205,5.417599983047694,2496.58529998851,8223.0
1778883793,100,GET,GET /api/ -> https://docs.docker.com/,18.700000,0.000000,170,220,390,480,580,640,730,770,2400,2400,2400,770,0,190.0,365.1954061039512,6.074500008253381,2881.76679998287,1856.0
1778883793,100,GET,GET /api/ -> https://flask.palletsprojects.com/,18.800000,0.000000,170,190,250,440,600,680,2200,2400,2400,2400,2400,767,0,190.0,432.3332897003669,5.822399980388582,3872.629399993457,20936.0
1778883793,100,GET,GET /api/ -> https://github.com/ibnesayeed/linkextractor,17.600000,0.000000,190,330,420,480,620,2100,2300,2400,2400,2400,2400,751,0,200.0,4250.27200972033,8.084500004770234,30850.772600009805,10739.034620505992
1778883793,100,GET,GET /api/ -> https://httpbin.org/,17.800000,0.000000,180,210,410,520,650,770,2100,2400,2400,2400,2400,780,0,190.0,341.85459038540455,7.636000023921952,3124.779900012072,332.0
1778883793,100,GET,GET /api/ -> https://locust.io/,18.000000,0.000000,190,320,410,450,580,2100,2200,2300,2400,2400,2400,754,0,190.0,410.2304366048838,8.099400001810864,6104.8103000211995,5097.0
1778883793,100,GET,GET /api/ -> https://redis.io/,18.600000,0.000000,180,310,420,510,610,660,2100,2300,2400,2400,2400,758,0,200.0,552.4992357519358,7.443399983458221,25004.262900009053,7780.0
1778883793,100,GET,GET /api/ -> https://training.play-with-docker.com/,17.200000,0.000000,180,360,430,470,590,660,2100,2100,2400,2400,2400,747,0,190.0,1631.875358232809,6.223000003956258,16780.55000002496,1503.0
1778883793,100,GET,GET /api/ -> https://www.python.org/,18.100000,0.000000,180,240,440,500,600,750,2200,2300,2400,2400,2400,774,0,180.0,368.06441899243134,5.761200009146705,3095.073600008618,14427.0
1778883793,100,,Aggregated,179.100000,0.000000,180,280,420,490,620,870,2100,2300,2400,2400,2400,7693,0,190.0,907.7065647863847,5.417599983047694,30850.772600009805,7072.356687898089
1778883794,100,GET,GET /api/ -> http://example.com/,17.800000,0.000000,190,360,660,870,1800,2000,2200,2200,2200,2200,2200,820,0,190.0,497.6499973169156,7.269399997312576,2843.5987000120804,68.0
1778883794,100,GET,GET /api/ -> https://books.toscrape.com/,17.600000,0.000000,210,320,380,400,510,600,2100,2200,2300,2300,2300,812,0,210.0,348.1373922423597,5.417599983047694,2496.58529998851,8223.0
1778883794,100,GET,GET /api/ -> https://docs.docker.com/,17.300000,0.000000,180,220,390,460,590,660,730,770,2400,2400,2400,795,0,190.0,363.32336855362576,6.074500008253381,2881.76679998287,1856.0
1778883794,100,GET,GET /api/ -> https://flask.palletsprojects.com/,16.800000,0.000000,170,190,220,360,610,700,2200,2400,2400,2400,2400,788,0,190.0,426.3767416245182,5.822399980388582,3872.629399993457,20936.0
1778883794,100,GET,GET /api/ -> https://github.com/ibnesayeed/linkextractor,18.300000,0.000000,200,330,420,480,570,2100,2300,2400,2400,2400,2400,767,0,200.0,4167.206475358424,8.084500004770234,30850.772600009805,10771.868318122555
1778883794,100,GET,GET /api/ -> https://httpbin.org/,17.500000,0.000000,190,260,460,520,700,770,2100,2400,2400,2400,2400,810,0,190.0,343.13974728470777,7.636000023921952,3124.779900012072,332.0
1778883794,100,GET,GET /api/ -> https://locust.io/,18.500000,0.000000,190,320,410,430,570,2100,2200,2300,2400,2400,2400,772,0,190.0,407.5863497410379,8.099400001810864,6104.8103000211995,5097.0
1778883794,100,GET,GET /api/ -> https://redis.io/,17.800000,0.000000,190,310,410,490,610,740,2100,2300,2400,2400,2400,780,0,200.0,545.4980043589155,7.443399983458221,25004.262900009053,7780.0
1778883794,100,GET,GET /api/ -> https://training.play-with-docker.com/,18.500000,0.000000,180,330,420,450,530,660,2100,2100,2400,2400,2400,762,0,190.0,1604.2947364828044,6.223000003956258,16780.55000002496,1503.0
1778883794,100,GET,GET /api/ -> https://www.python.org/,17.300000,0.000000,190,280,440,500,600,750,2200,2300,2400,2400,2400,800,0,180.0,364.79319062509603,5.761200009146705,3095.073600008618,14427.0
1778883794,100,,Aggregated,177.400000,0.000000,190,280,410,470,630,870,2100,2300,2400,2400,2400,7906,0,190.0,890.9980166584215,5.417599983047694,30850.772600009805,7073.999114596509
1778883795,100,GET,GET /api/ -> http://example.com/,17.500000,0.000000,190,360,610,870,1800,2000,2200,2200,2200,2200,2200,843,0,190.0,491.14105622757785,7.269399997312576,2843.5987000120804,68.0
1778883795,100,GET,GET /api/ -> https://books.toscrape.com/,17.700000,0.000000,230,370,400,430,560,750,2100,2200,2300,2300,2300,832,0,210.0,351.1436479576822,5.417599983047694,2496.58529998851,8223.0
1778883795,100,GET,GET /api/ -> https://docs.docker.com/,17.900000,0.000000,180,210,410,480,620,730,790,870,2400,2400,2400,811,0,190.0,364.52210012348354,6.074500008253381,2881.76679998287,1856.0
1778883795,100,GET,GET /api/ -> https://flask.palletsprojects.com/,18.700000,0.000000,180,200,280,450,630,880,2200,2400,2400,2400,2400,805,0,190.0,426.0291740373471,5.822399980388582,3872.629399993457,20936.0
1778883795,100,GET,GET /api/ -> https://github.com/ibnesayeed/linkextractor,18.100000,0.000000,210,370,460,480,710,2100,2300,2400,2400,2400,2400,782,0,200.0,4096.701124680191,8.084500004770234,30850.772600009805,10801.429667519182
1778883795,100,GET,GET /api/ -> https://httpbin.org/,17.700000,0.000000,190,370,480,540,700,780,2100,2400,2400,2400,2400,824,0,190.0,343.4054173551188,7.636000023921952,3124.779900012072,332.0
1778883795,100,GET,GET /api/ -> https://locust.io/,18.200000,0.000000,180,310,400,450,590,2100,2200,2300,2400,2400,2400,793,0,190.0,404.9400416142507,8.099400001810864,6104.8103000211995,5097.0
1778883795,100,GET,GET /api/ -> https://redis.io/,18.900000,0.000000,190,340,440,510,640,790,2100,2300,2400,2400,2400,800,0,200.0,542.2790436248761,7.443399983458221,25004.262900009053,7780.0
1778883795,100,GET,GET /api/ -> https://training.play-with-docker.com/,18.000000,0.000000,180,290,410,450,530,660,2100,2100,2400,2400,2400,773,0,190.0,1586.0330538161854,6.223000003956258,16780.55000002496,1503.0
1778883795,100,GET,GET /api/ -> https://www.python.org/,17.800000,0.000000,190,220,450,500,610,750,2200,2300,2400,2400,2400,817,0,180.0,362.3783932681021,5.761200009146705,3095.073600008618,14427.0
1778883795,100,,Aggregated,180.500000,0.000000,190,290,430,490,660,960,2100,2300,2400,2400,2400,8080,0,190.0,879.7472850249209,5.417599983047694,30850.772600009805,7078.272400990099
1778883797,100,GET,GET /api/ -> http://example.com/,17.800000,0.000000,190,360,590,760,1600,2000,2200,2200,2200,2200,2200,857,0,190.0,485.95821131839904,7.269399997312576,2843.5987000120804,68.0
1778883797,100,GET,GET /api/ -> https://books.toscrape.com/,17.600000,0.000000,210,370,400,430,570,790,2100,2200,2300,2300,2300,852,0,210.0,352.0264095080084,5.417599983047694,2496.58529998851,8223.0
1778883797,100,GET,GET /api/ -> https://docs.docker.com/,18.000000,0.000000,180,230,370,460,610,730,800,870,2400,2400,2400,837,0,190.0,361.1610890084487,6.074500008253381,2881.76679998287,1856.0
1778883797,100,GET,GET /api/ -> https://flask.palletsprojects.com/,17.800000,0.000000,170,190,270,450,620,840,2200,2400,2400,2400,2400,834,0,190.0,419.15815935260224,5.822399980388582,3872.629399993457,20936.0
1778883797,100,GET,GET /api/ -> https://github.com/ibnesayeed/linkextractor,17.500000,0.000000,210,380,450,480,720,910,2300,2400,2400,2400,2400,809,0,200.0,3971.669408776009,8.084500004770234,30850.772600009805,10851.877626699628
1778883797,100,GET,GET /api/ -> https://httpbin.org/,17.800000,0.000000,190,380,480,520,700,780,2100,2400,2400,2400,2400,849,0,190.0,342.96805594879936,7.636000023921952,3124.779900012072,332.0
1778883797,100,GET,GET /api/ -> https://locust.io/,17.500000,0.000000,180,320,400,470,620,2100,2200,2300,2400,2400,2400,815,0,190.0,402.59763509212945,8.099400001810864,6104.8103000211995,5097.0
1778883797,100,GET,GET /api/ -> https://redis.io/,17.200000,0.000000,190,350,440,500,650,790,2100,2300,2400,2400,2400,827,0,200.0,533.2380402657967,7.443399983458221,25004.262900009053,7780.0
1778883797,100,GET,GET /api/ -> https://training.play-with-docker.com/,17.700000,0.000000,180,360,410,450,570,750,2100,2100,2400,2400,2400,806,0,190.0,1535.4964537219976,6.223000003956258,16780.55000002496,1503.0
1778883797,100,GET,GET /api/ -> https://www.python.org/,18.300000,0.000000,190,280,440,490,580,750,2200,2300,2400,2400,2400,846,0,180.0,359.6644927895819,5.761200009146705,3095.073600008618,14427.0
1778883797,100,,Aggregated,177.200000,0.000000,190,320,420,490,680,900,2100,2300,2400,2400,2400,8332,0,190.0,862.1596363539371,5.417599983047694,30850.772600009805,7098.437349975996
1778883798,100,GET,GET /api/ -> http://example.com/,18.100000,0.000000,170,190,220,270,510,620,720,760,760,760,760,872,0,190.0,484.4031689218363,7.269399997312576,2843.5987000120804,68.0
1778883798,100,GET,GET /api/ -> https://books.toscrape.com/,18.000000,0.000000,230,370,400,440,560,750,900,930,940,940,940,871,0,210.0,350.0317376588544,5.417599983047694,2496.58529998851,8223.0
1778883798,100,GET,GET /api/ -> https://docs.docker.com/,17.000000,0.000000,180,220,360,460,610,700,770,800,870,870,870,866,0,190.0,358.16213729791076,6.074500008253381,2881.76679998287,1856.0
1778883798,100,GET,GET /api/ -> https://flask.palletsprojects.com/,17.200000,0.000000,170,190,220,270,490,630,700,780,880,880,880,860,0,180.0,412.6935708140589,5.822399980388582,3872.629399993457,20936.0
1778883798,100,GET,GET /api/ -> https://github.com/ibnesayeed/linkextractor,16.800000,0.000000,200,300,370,450,560,710,800,900,910,910,910,849,0,200.0,3795.719218020899,8.084500004770234,30850.772600009805,10920.717314487632
1778883798,100,GET,GET /api/ -> https://httpbin.org/,17.200000,0.000000,190,330,420,490,670,750,780,800,930,930,930,870,0,190.0,340.62564137994565,7.636000023921952,3124.779900012072,332.0
1778883798,100,GET,GET /api/ -> https://locust.io/,17.500000,0.000000,190,260,340,400,560,640,740,800,890,890,890,851,0,190.0,397.67349964737826,8.099400001810864,6104.8103000211995,5097.0
1778883798,100,GET,GET /api/ -> https://redis.io/,17.500000,0.000000,180,290,380,460,600,670,790,800,850,850,850,854,0,200.0,524.1809649880912,7.443399983458221,25004.262900009053,7780.0
1778883798,100,GET,GET /api/ -> https://training.play-with-docker.com/,16.800000,0.000000,180,260,380,410,500,610,720,890,900,900,900,840,0,190.0,1482.5280895238047,6.223000003956258,16780.55000002496,1503.0
1778883798,100,GET,GET /api/ -> https://www.python.org/,17.000000,0.000000,180,220,390,460,570,730,750,770,890,890,890,869,0,180.0,355.8373230149631,5.761200009146705,3095.073600008618,14427.0
1778883798,100,,Aggregated,173.100000,0.000000,180,240,370,430,570,690,770,840,930,940,940,8602,0,190.0,843.046841885708,5.417599983047694,30850.772600009805,7111.783771215996
1778883799,100,GET,GET /api/ -> http://example.com/,18.700000,0.000000,170,190,200,220,450,590,720,760,760,760,760,905,0,190.0,471.5928901654851,7.269399997312576,2843.5987000120804,68.0
1778883799,100,GET,GET /api/ -> https://books.toscrape.com/,18.600000,0.000000,190,240,370,430,560,750,900,930,940,940,940,899,0,210.0,343.47835695319236,5.417599983047694,2496.58529998851,8223.0
1778883799,100,GET,GET /api/ -> https://docs.docker.com/,18.200000,0.000000,170,200,290,400,600,690,790,850,870,870,870,891,0,190.0,351.8419705947569,6.074500008253381,2881.76679998287,1856.0
1778883799,100,GET,GET /api/ -> https://flask.palletsprojects.com/,18.700000,0.000000,170,190,210,250,480,610,700,780,880,880,880,882,0,180.0,405.9107179139794,5.822399980388582,3872.629399993457,20936.0
1778883799,100,GET,GET /api/ -> https://github.com/ibnesayeed/linkextractor,18.600000,0.000000,180,250,330,380,500,670,800,900,910,910,910,872,0,200.0,3699.2598237383186,8.084500004770234,30850.772600009805,10957.440366972478
1778883799,100,GET,GET /api/ -> https://httpbin.org/,18.900000,0.000000,180,220,360,400,500,670,740,800,930,930,930,897,0,190.0,334.292940914757,7.636000023921952,3124.779900012072,332.0
1778883799,100,GET,GET /api/ -> https://locust.io/,18.300000,0.000000,180,230,320,370,560,620,740,800,890,890,890,877,0,190.0,389.8953155072779,8.099400001810864,6104.8103000211995,5097.0
1778883799,100,GET,GET /api/ -> https://redis.io/,18.500000,0.000000,170,260,360,430,580,660,740,800,850,850,850,879,0,190.0,513.1317658700309,7.443399983458221,25004.262900009053,7780.0
1778883799,100,GET,GET /api/ -> https://training.play-with-docker.com/,18.800000,0.000000,170,210,320,390,490,590,690,890,900,900,900,871,0,190.0,1434.8685862228847,6.223000003956258,16780.55000002496,1503.0
1778883799,100,GET,GET /api/ -> https://www.python.org/,19.000000,0.000000,180,210,280,410,510,570,640,690,890,890,890,894,0,180.0,349.3916083892815,5.761200009146705,3095.073600008618,14427.0
1778883799,100,,Aggregated,186.300000,0.000000,170,210,310,380,530,630,750,840,930,940,940,8867,0,190.0,821.902113702595,5.417599983047694,30850.772600009805,7098.398218112101
1778883800,100,GET,GET /api/ -> http://example.com/,20.100000,0.000000,160,180,200,220,400,570,710,750,760,760,760,940,0,180.0,459.83583968064,7.269399997312576,2843.5987000120804,68.0
1778883800,100,GET,GET /api/ -> https://books.toscrape.com/,20.500000,0.000000,180,230,290,390,550,730,890,930,940,940,940,931,0,200.0,337.6340455433194,5.417599983047694,2496.58529998851,8223.0
1778883800,100,GET,GET /api/ -> https://docs.docker.com/,20.700000,0.000000,170,190,220,260,460,680,790,850,870,870,870,914,0,180.0,346.77679529519935,6.074500008253381,2881.76679998287,1856.0
1778883800,100,GET,GET /api/ -> https://flask.palletsprojects.com/,20.900000,0.000000,170,180,200,220,420,570,730,840,880,880,880,909,0,180.0,398.22244246438305,5.822399980388582,3872.629399993457,20936.0
1778883800,100,GET,GET /api/ -> https://github.com/ibnesayeed/linkextractor,21.900000,0.000000,190,250,320,370,500,630,800,900,910,910,910,897,0,200.0,3600.644646042148,8.084500004770234,30850.772600009805,10995.220735785953
1778883800,100,GET,GET /api/ -> https://httpbin.org/,20.900000,0.000000,170,200,320,380,500,610,720,750,930,930,930,926,0,190.0,329.01600043246117,7.636000023921952,3124.779900012072,332.0
1778883800,100,GET,GET /api/ -> https://locust.io/,21.800000,0.000000,180,230,300,340,500,610,750,850,890,890,890,902,0,190.0,383.23556208413765,8.099400001810864,6104.8103000211995,5097.0
1778883800,100,GET,GET /api/ -> https://redis.io/,21.000000,0.000000,170,220,310,360,500,640,790,800,850,850,850,904,0,190.0,503.4569636058689,7.443399983458221,25004.262900009053,7780.0
1778883800,100,GET,GET /api/ -> https://training.play-with-docker.com/,21.900000,0.000000,170,210,290,370,480,530,690,890,900,900,900,894,0,180.0,1401.8632631991252,6.223000003956258,16780.55000002496,1503.0
1778883800,100,GET,GET /api/ -> https://www.python.org/,21.200000,0.000000,170,190,220,260,470,530,610,680,890,890,890,921,0,180.0,343.60719294238345,5.761200009146705,3095.073600008618,14427.0
1778883800,100,,Aggregated,210.900000,0.000000,170,200,260,320,490,600,750,800,930,940,940,9138,0,190.0,802.1995835850743,5.417599983047694,30850.772600009805,7099.852155832787
1778883801,100,GET,GET /api/ -> http://example.com/,18.400000,0.000000,160,170,190,200,310,570,710,750,760,760,760,962,0,180.0,452.7149679831577,7.269399997312576,2843.5987000120804,68.0
1778883801,100,GET,GET /api/ -> https://books.toscrape.com/,19.800000,0.000000,180,210,270,340,510,730,890,930,940,940,940,958,0,200.0,332.9612788107997,5.417599983047694,2496.58529998851,8223.0
1778883801,100,GET,GET /api/ -> https://docs.docker.com/,22.000000,0.000000,160,190,220,280,450,660,750,800,870,870,870,949,0,180.0,340.91101148546903,6.074500008253381,2881.76679998287,1856.0
1778883801,100,GET,GET /api/ -> https://flask.palletsprojects.com/,22.400000,0.000000,160,180,200,220,340,490,700,780,880,880,880,938,0,180.0,391.748960128086,5.822399980388582,3872.629399993457,20936.0
1778883801,100,GET,GET /api/ -> https://github.com/ibnesayeed/linkextractor,22.700000,0.000000,180,230,290,330,470,630,800,900,910,910,910,922,0,190.0,3508.047319197274,8.084500004770234,30850.772600009805,11030.952277657267
1778883801,100,GET,GET /api/ -> https://httpbin.org/,22.100000,0.000000,170,200,280,360,490,610,720,750,930,930,930,953,0,190.0,324.346022665743,7.636000023921952,3124.779900012072,332.0
1778883801,100,GET,GET /api/ -> https://locust.io/,22.200000,0.000000,170,210,250,280,470,600,740,800,890,890,890,929,0,180.0,376.78486899890316,8.099400001810864,6104.8103000211995,5097.0
1778883801,100,GET,GET /api/ -> https://redis.io/,21.900000,0.000000,160,210,290,340,460,640,740,800,850,850,850,936,0,190.0,492.56129967923493,7.443399983458221,25004.262900009053,7780.0
1778883801,100,GET,GET /api/ -> https://training.play-with-docker.com/,23.700000,0.000000,170,200,240,310,450,500,690,890,900,900,900,917,0,180.0,1370.4200075246963,6.223000003956258,16780.55000002496,1503.0
1778883801,100,GET,GET /api/ -> https://www.python.org/,22.200000,0.000000,160,190,200,220,400,490,610,680,890,890,890,950,0,180.0,337.9956748421414,5.761200009146705,3095.073600008618,14427.0
1778883801,100,,Aggregated,217.400000,0.000000,160,200,230,280,440,590,750,800,930,940,940,9414,0,180.0,783.7090210856904,5.417599983047694,30850.772600009805,7109.665391969407
1778883802,100,GET,GET /api/ -> http://example.com/,18.400000,0.000000,140,160,180,200,360,590,720,760,760,760,760,969,0,180.0,450.46980784295545,7.269399997312576,2843.5987000120804,68.0
1778883802,100,GET,GET /api/ -> https://books.toscrape.com/,19.800000,0.000000,170,210,270,350,530,750,900,930,940,940,940,961,0,200.0,332.8651388145016,5.417599983047694,2496.58529998851,8223.0
1778883802,100,GET,GET /api/ -> https://docs.docker.com/,22.000000,0.000000,160,190,240,330,570,690,790,850,870,870,870,951,0,180.0,340.4565745527997,6.074500008253381,2881.76679998287,1856.0
1778883802,100,GET,GET /api/ -> https://flask.palletsprojects.com/,22.400000,0.000000,150,170,190,220,350,580,730,840,880,880,880,946,0,180.0,389.5894515857393,5.822399980388582,3872.629399993457,20936.0
1778883802,100,GET,GET /api/ -> https://github.com/ibnesayeed/linkextractor,22.700000,0.000000,170,230,290,330,470,690,800,900,910,910,910,930,0,190.0,3479.6805927955515,8.084500004770234,30850.772600009805,11041.98064516129
1778883802,100,GET,GET /api/ -> https://httpbin.org/,22.100000,0.000000,160,200,310,360,490,690,740,800,930,930,930,957,0,190.0,324.08748892416435,7.636000023921952,3124.779900012072,332.0
1778883802,100,GET,GET /api/ -> https://locust.io/,22.200000,0.000000,160,210,250,280,480,650,750,850,890,890,890,934,0,180.0,376.63277612420245,8.099400001810864,6104.8103000211995,5097.0
1778883802,100,GET,GET /api/ -> https://redis.io/,21.900000,0.000000,160,200,300,340,440,660,790,800,850,850,850,940,0,190.0,490.9955580848544,7.443399983458221,25004.262900009053,7780.0
1778883802,100,GET,GET /api/ -> https://training.play-with-docker.com/,23.700000,0.000000,160,180,220,270,400,500,690,900,900,900,900,922,0,180.0,1363.7916171367908,6.223000003956258,16780.55000002496,1503.0
1778883802,100,GET,GET /api/ -> https://www.python.org/,22.200000,0.000000,160,180,200,230,390,490,640,690,890,890,890,954,0,180.0,337.64967830193086,5.761200009146705,3095.073600008618,14427.0
1778883802,100,,Aggregated,217.400000,0.000000,160,190,240,290,440,640,770,850,930,940,940,9464,0,180.0,780.6227436179867,5.417599983047694,30850.772600009805,7116.271661031276
1778883804,100,GET,GET /api/ -> http://example.com/,21.400000,0.000000,150,280,460,510,1500,1900,2000,2400,2500,2500,2500,1019,0,190.0,485.16538253179004,7.269399997312576,2843.5987000120804,68.0
1778883804,100,GET,GET /api/ -> https://books.toscrape.com/,21.400000,0.000000,220,250,270,360,610,930,2100,2100,2400,2400,2400,1009,0,210.0,344.67563240906446,5.417599983047694,2496.58529998851,8223.0
1778883804,100,GET,GET /api/ -> https://docs.docker.com/,21.900000,0.000000,150,190,240,320,570,740,870,1900,2000,2000,2000,967,0,180.0,343.79439813826133,6.074500008253381,2881.76679998287,1856.0
1778883804,100,GET,GET /api/ -> https://flask.palletsprojects.com/,22.300000,0.000000,150,170,210,260,470,730,2400,2400,2400,2400,2400,960,0,180.0,398.1947156251105,5.822399980388582,3872.629399993457,20936.0
1778883804,100,GET,GET /api/ -> https://github.com/ibnesayeed/linkextractor,21.200000,0.000000,170,250,310,350,530,800,1900,2000,2400,2400,2400,946,0,190.0,3433.461134777863,8.084500004770234,30850.772600009805,11063.477801268498
1778883804,100,GET,GET /api/ -> https://httpbin.org/,21.600000,0.000000,170,200,250,310,410,650,2000,2200,2300,2300,2300,995,0,190.0,327.66746120651993,7.636000023921952,3124.779900012072,332.0
1778883804,100,GET,GET /api/ -> https://locust.io/,21.300000,0.000000,160,230,270,320,600,800,1900,2400,2400,2400,2400,947,0,190.0,387.22085607176155,8.099400001810864,6104.8103000211995,5097.0
1778883804,100,GET,GET /api/ -> https://redis.io/,21.700000,0.000000,160,240,320,350,460,800,1900,2000,2100,2100,2100,953,0,190.0,498.88797817390304,7.443399983458221,25004.262900009053,7780.0
1778883804,100,GET,GET /api/ -> https://training.play-with-docker.com/,20.700000,0.000000,160,200,260,320,480,900,2000,2100,2300,2300,2300,942,0,180.0,1354.5885185776028,6.223000003956258,16780.55000002496,1503.0
1778883804,100,GET,GET /api/ -> https://www.python.org/,21.800000,0.000000,150,180,220,250,390,480,890,1900,1900,1900,1900,976,0,180.0,339.64895071722657,5.761200009146705,3095.073600008618,14427.0
1778883804,100,,Aggregated,215.300000,0.000000,160,220,270,340,530,870,1900,2100,2400,2500,2500,9714,0,190.0,780.3807761581853,5.417599983047694,30850.772600009805,7081.920732962734
1778883805,100,GET,GET /api/ -> http://example.com/,19.200000,0.000000,150,270,480,550,1700,1900,2000,2400,2500,2500,2500,1024,0,180.0,483.9504266600443,7.269399997312576,2843.5987000120804,68.0
1778883805,100,GET,GET /api/ -> https://books.toscrape.com/,19.300000,0.000000,190,240,260,280,600,670,2100,2100,2400,2400,2400,1022,0,210.0,346.33716683054627,5.417599983047694,2496.58529998851,8223.0
1778883805,100,GET,GET /api/ -> https://docs.docker.com/,19.400000,0.000000,150,170,200,230,370,590,740,1900,2000,2000,2000,1006,0,180.0,337.93548151068313,6.074500008253381,2881.76679998287,1856.0
1778883805,100,GET,GET /api/ -> https://flask.palletsprojects.com/,18.900000,0.000000,150,160,190,230,450,590,2400,2400,2400,2400,2400,999,0,170.0,391.2383271271719,5.822399980388582,3872.629399993457,20936.0
1778883805,100,GET,GET /api/ -> https://github.com/ibnesayeed/linkextractor,19.500000,0.000000,160,220,280,310,450,670,1900,2000,2400,2400,2400,970,0,190.0,3354.424913917436,8.084500004770234,30850.772600009805,11094.39381443299
1778883805,100,GET,GET /api/ -> https://httpbin.org/,19.400000,0.000000,170,200,260,330,590,660,2000,2200,2300,2300,2300,1020,0,190.0,329.9530525495214,7.636000023921952,3124.779900012072,332.0
1778883805,100,GET,GET /api/ -> https://locust.io/,19.200000,0.000000,150,220,270,350,620,680,1900,2400,2400,2400,2400,980,0,180.0,383.97725183678295,8.099400001810864,6104.8103000211995,5097.0
1778883805,100,GET,GET /api/ -> https://redis.io/,18.800000,0.000000,150,170,270,320,500,660,1900,2000,2100,2100,2100,992,0,190.0,488.9949848787681,7.443399983458221,25004.262900009053,7780.0
1778883805,100,GET,GET /api/ -> https://training.play-with-docker.com/,19.300000,0.000000,150,200,250,320,500,890,2000,2100,2300,2300,2300,958,0,180.0,1336.7851558456146,6.223000003956258,16780.55000002496,1503.0
1778883805,100,GET,GET /api/ -> https://www.python.org/,19.300000,0.000000,160,230,380,480,560,630,660,1900,1900,1900,1900,1018,0,180.0,345.8835390962883,5.761200009146705,3095.073600008618,14427.0
1778883805,100,,Aggregated,192.300000,0.000000,150,200,260,340,570,690,1900,2100,2400,2500,2500,9989,0,190.0,767.3247210532439,5.417599983047694,30850.772600009805,7127.372109320252
1778883806,100,GET,GET /api/ -> http://example.com/,21.200000,0.000000,150,280,480,550,1700,1900,2000,2400,2500,2500,2500,1037,0,180.0,480.4824723239284,7.269399997312576,2843.5987000120804,68.0
1778883806,100,GET,GET /api/ -> https://books.toscrape.com/,21.000000,0.000000,200,240,260,290,600,660,2100,2100,2400,2400,2400,1035,0,210.0,345.404494493544,5.417599983047694,2496.58529998851,8223.0
1778883806,100,GET,GET /api/ -> https://docs.docker.com/,19.500000,0.000000,150,180,220,250,570,620,740,1900,2000,2000,2000,1027,0,180.0,338.5293685489705,6.074500008253381,2881.76679998287,1856.0
1778883806,100,GET,GET /api/ -> https://flask.palletsprojects.com/,18.600000,0.000000,150,180,220,260,460,620,2400,2400,2400,2400,2400,1023,0,180.0,389.62981036173693,5.822399980388582,3872.629399993457,20936.0
1778883806,100,GET,GET /api/ -> https://github.com/ibnesayeed/linkextractor,19.200000,0.000000,160,230,280,320,540,610,1900,2000,2400,2400,2400,1009,0,200.0,3237.060034390205,8.084500004770234,30850.772600009805,11141.49554013875
1778883806,100,GET,GET /api/ -> https://httpbin.org/,20.900000,0.000000,160,190,240,260,590,660,2000,2200,2300,2300,2300,1035,0,190.0,329.1761079231718,7.636000023921952,3124.779900012072,332.0
1778883806,100,GET,GET /api/ -> https://locust.io/,19.000000,0.000000,160,230,270,340,600,670,1900,2100,2400,2400,2400,1017,0,190.0,381.41154641108795,8.099400001810864,6104.8103000211995,5097.0
1778883806,100,GET,GET /api/ -> https://redis.io/,19.000000,0.000000,150,200,270,300,520,640,1900,2000,2100,2100,2100,1021,0,190.0,482.56343212515714,7.443399983458221,25004.262900009053,7780.0
1778883806,100,GET,GET /api/ -> https://training.play-with-docker.com/,19.200000,0.000000,160,210,250,290,520,620,2000,2100,2300,2300,2300,1001,0,180.0,1291.115236763431,6.223000003956258,16780.55000002496,1503.0
1778883806,100,GET,GET /api/ -> https://www.python.org/,19.200000,0.000000,160,210,270,520,570,630,660,1900,1900,1900,1900,1029,0,180.0,344.47081593787675,5.761200009146705,3095.073600008618,14427.0
1778883806,100,,Aggregated,196.800000,0.000000,160,210,260,320,580,660,1900,2100,2400,2500,2500,10234,0,190.0,755.9473722885418,5.417599983047694,30850.772600009805,7129.8871409028725
1778883807,100,GET,GET /api/ -> http://example.com/,20.000000,0.000000,140,170,450,470,1500,1900,2000,2400,2500,2500,2500,1064,0,180.0,471.01264736833184,7.269399997312576,2843.5987000120804,68.0
1778883807,100,GET,GET /api/ -> https://books.toscrape.com/,20.800000,0.000000,160,240,250,270,600,630,2100,2100,2400,2400,2400,1061,0,200.0,339.761032517216,5.417599983047694,2496.58529998851,8223.0
1778883807,100,GET,GET /api/ -> https://docs.docker.com/,20.200000,0.000000,140,150,190,200,490,590,650,1900,2000,2000,2000,1050,0,180.0,333.5699428570002,6.074500008253381,2881.76679998287,1856.0
1778883807,100,GET,GET /api/ -> https://flask.palletsprojects.com/,20.300000,0.000000,140,160,190,220,450,590,2400,2400,2400,2400,2400,1047,0,170.0,383.34727917864353,5.822399980388582,3872.629399993457,20936.0
1778883807,100,GET,GET /api/ -> https://github.com/ibnesayeed/linkextractor,19.400000,0.000000,140,190,230,280,530,600,1900,2000,2400,2400,2400,1041,0,190.0,3141.091392122706,8.084500004770234,30850.772600009805,11177.50720461095
1778883807,100,GET,GET /api/ -> https://httpbin.org/,20.700000,0.000000,160,180,210,250,590,650,2000,2200,2300,2300,2300,1057,0,180.0,324.4766833495744,7.636000023921952,3124.779900012072,332.0
1778883807,100,GET,GET /api/ -> https://locust.io/,19.900000,0.000000,140,190,250,270,580,650,1900,2400,2400,2400,2400,1043,0,180.0,374.9430135186795,8.099400001810864,6104.8103000211995,5097.0
1778883807,100,GET,GET /api/ -> https://redis.io/,20.500000,0.000000,140,170,220,270,510,620,1900,2000,2100,2100,2100,1045,0,180.0,474.0514541624401,7.443399983458221,25004.262900009053,7780.0
1778883807,100,GET,GET /api/ -> https://training.play-with-docker.com/,19.000000,0.000000,150,170,210,240,480,620,1900,2000,2300,2300,2300,1038,0,180.0,1249.5985473990656,6.223000003956258,16780.55000002496,1503.0
1778883807,100,GET,GET /api/ -> https://www.python.org/,20.800000,0.000000,140,200,260,520,560,630,660,1900,1900,1900,1900,1051,0,180.0,339.8314173168914,5.761200009146705,3095.073600008618,14427.0
1778883807,100,,Aggregated,201.600000,0.000000,140,180,230,270,560,650,1900,2100,2400,2500,2500,10497,0,180.0,739.9066772983559,5.417599983047694,30850.772600009805,7127.904925216729
1778883808,100,GET,GET /api/ -> http://example.com/,19.100000,0.000000,140,180,450,460,1500,1900,2000,2400,2500,2500,2500,1095,0,180.0,461.97943680350386,7.269399997312576,2843.5987000120804,68.0
1778883808,100,GET,GET /api/ -> https://books.toscrape.com/,19.400000,0.000000,170,240,250,260,600,630,2100,2100,2400,2400,2400,1088,0,200.0,335.02712297866526,5.417599983047694,2496.58529998851,8223.0
1778883808,100,GET,GET /api/ -> https://docs.docker.com/,21.100000,0.000000,140,150,180,200,490,590,650,1900,2000,2000,2000,1071,0,170.0,329.6213983189905,6.074500008253381,2881.76679998287,1856.0
1778883808,100,GET,GET /api/ -> https://flask.palletsprojects.com/,21.300000,0.000000,140,160,200,220,450,590,2400,2400,2400,2400,2400,1069,0,170.0,378.650339476194,5.822399980388582,3872.629399993457,20936.0
1778883808,100,GET,GET /api/ -> https://github.com/ibnesayeed/linkextractor,21.500000,0.000000,150,190,240,290,540,600,1900,2000,2400,2400,2400,1060,0,190.0,3087.5448907544837,8.084500004770234,30850.772600009805,11197.860377358491
1778883808,100,GET,GET /api/ -> https://httpbin.org/,20.300000,0.000000,160,180,210,250,590,650,2000,2200,2300,2300,2300,1081,0,180.0,320.6710873270118,7.636000023921952,3124.779900012072,332.0
1778883808,100,GET,GET /api/ -> https://locust.io/,21.100000,0.000000,150,200,260,270,580,650,1900,2400,2400,2400,2400,1063,0,180.0,370.71295813726886,8.099400001810864,6104.8103000211995,5097.0
1778883808,100,GET,GET /api/ -> https://redis.io/,21.500000,0.000000,140,180,230,270,510,620,1900,2000,2100,2100,2100,1066,0,180.0,468.01267889276755,7.443399983458221,25004.262900009053,7780.0
1778883808,100,GET,GET /api/ -> https://training.play-with-docker.com/,21.300000,0.000000,150,180,220,250,520,620,2000,2100,2300,2300,2300,1056,0,180.0,1230.8943584282933,6.223000003956258,16780.55000002496,1503.0
1778883808,100,GET,GET /api/ -> https://www.python.org/,20.600000,0.000000,150,200,260,520,560,630,660,1900,1900,1900,1900,1074,0,180.0,335.6491694599954,5.761200009146705,3095.073600008618,14427.0
1778883808,100,,Aggregated,207.200000,0.000000,150,180,230,270,560,650,1900,2100,2400,2500,2500,10723,0,180.0,727.4925668097106,5.417599983047694,30850.772600009805,7125.937237713327
1778883809,100,GET,GET /api/ -> http://example.com/,19.800000,0.000000,150,200,460,490,1500,1900,1900,2200,2500,2500,2500,1131,0,180.0,455.8208280281939,7.269399997312576,2843.5987000120804,68.0
1778883809,100,GET,GET /api/ -> https://books.toscrape.com/,19.900000,0.000000,190,250,270,300,600,630,2100,2100,2400,2400,2400,1126,0,200.0,332.7661136774322,5.417599983047694,2496.58529998851,8223.0
1778883809,100,GET,GET /api/ -> https://docs.docker.com/,20.600000,0.000000,140,170,200,220,490,590,650,1900,2000,2000,2000,1100,0,170.0,326.6547609087535,6.074500008253381,2881.76679998287,1856.0
1778883809,100,GET,GET /api/ -> https://flask.palletsprojects.com/,20.800000,0.000000,150,180,230,310,470,590,2400,2400,2400,2400,2400,1088,0,170.0,376.25507812497426,5.822399980388582,3872.629399993457,20936.0
1778883809,100,GET,GET /api/ -> https://github.com/ibnesayeed/linkextractor,22.600000,0.000000,150,200,250,340,550,610,1900,2000,2400,2400,2400,1072,0,190.0,3055.4388382459815,8.084500004770234,30850.772600009805,11210.34328358209
1778883809,100,GET,GET /api/ -> https://httpbin.org/,20.000000,0.000000,160,190,250,290,590,660,2000,2200,2300,2300,2300,1118,0,180.0,317.7607117178796,7.636000023921952,3124.779900012072,332.0
1778883809,100,GET,GET /api/ -> https://locust.io/,22.100000,0.000000,150,210,270,350,590,650,1900,2400,2400,2400,2400,1079,0,180.0,369.0464911027898,8.099400001810864,6104.8103000211995,5097.0
1778883809,100,GET,GET /api/ -> https://redis.io/,21.200000,0.000000,150,190,260,310,520,620,1900,2000,2100,2100,2100,1084,0,180.0,464.07986512891796,7.443399983458221,25004.262900009053,7780.0
1778883809,100,GET,GET /api/ -> https://training.play-with-docker.com/,22.800000,0.000000,150,190,220,270,530,630,2000,2100,2300,2300,2300,1069,0,180.0,1218.4445845652592,6.223000003956258,16780.55000002496,1503.0
1778883809,100,GET,GET /api/ -> https://www.python.org/,20.100000,0.000000,160,200,330,500,560,630,660,1900,1900,1900,1900,1110,0,180.0,332.0777779279344,5.761200009146705,3095.073600008618,14427.0
1778883809,100,,Aggregated,209.900000,0.000000,150,200,260,320,580,650,1900,2100,2400,2500,2500,10977,0,180.0,716.2237409948549,5.417599983047694,30850.772600009805,7114.7397285232755
1778883810,100,GET,GET /api/ -> http://example.com/,21.400000,0.000000,160,250,480,510,1700,1900,2000,2400,2500,2500,2500,1144,0,180.0,453.63734842650916,7.269399997312576,2843.5987000120804,68.0
1778883810,100,GET,GET /api/ -> https://books.toscrape.com/,20.800000,0.000000,220,260,300,340,600,630,2100,2100,2400,2400,2400,1140,0,200.0,332.55158473753875,5.417599983047694,2496.58529998851,8223.0
1778883810,100,GET,GET /api/ -> https://docs.docker.com/,20.600000,0.000000,150,180,240,310,580,650,1500,1900,2000,2000,2000,1116,0,180.0,329.5098062721029,6.074500008253381,2881.76679998287,1856.0
1778883810,100,GET,GET /api/ -> https://flask.palletsprojects.com/,20.800000,0.000000,150,220,270,360,540,650,2400,2400,2400,2400,2400,1107,0,170.0,375.96468274607685,5.822399980388582,3872.629399993457,20936.0
1778883810,100,GET,GET /api/ -> https://github.com/ibnesayeed/linkextractor,21.000000,0.000000,160,230,260,340,560,620,1900,2000,2400,2400,2400,1087,0,190.0,3018.110311499289,8.084500004770234,30850.772600009805,11225.559337626495
1778883810,100,GET,GET /api/ -> https://httpbin.org/,20.200000,0.000000,170,220,270,330,590,660,2000,2200,2300,2300,2300,1131,0,180.0,318.24272458057004,7.636000023921952,3124.779900012072,332.0
1778883810,100,GET,GET /api/ -> https://locust.io/,20.800000,0.000000,160,240,300,490,620,670,1900,2400,2400,2400,2400,1096,0,180.0,369.7374795619974,8.099400001810864,6104.8103000211995,5097.0
1778883810,100,GET,GET /api/ -> https://redis.io/,20.900000,0.000000,160,220,270,300,550,640,1900,2000,2100,2100,2100,1103,0,180.0,461.4038330913956,7.443399983458221,25004.262900009053,7780.0
1778883810,100,GET,GET /api/ -> https://training.play-with-docker.com/,21.400000,0.000000,150,210,260,300,570,1500,2000,2100,2300,2300,2300,1076,0,180.0,1213.4346457251115,6.223000003956258,16780.55000002496,1503.0
1778883810,100,GET,GET /api/ -> https://www.python.org/,20.100000,0.000000,170,250,450,540,600,630,710,1900,1900,1900,1900,1119,0,180.0,332.1566549597942,5.761200009146705,3095.073600008618,14427.0
1778883810,100,,Aggregated,208.000000,0.000000,160,240,290,420,590,700,1900,2100,2400,2500,2500,11119,0,180.0,711.7648972120404,5.417599983047694,30850.772600009805,7123.4668585304435
1778883811,100,GET,GET /api/ -> http://example.com/,22.200000,0.000000,170,270,470,510,1700,1900,2000,2400,2500,2500,2500,1156,0,180.0,453.00775441172624,7.269399997312576,2843.5987000120804,68.0
1778883811,100,GET,GET /api/ -> https://books.toscrape.com/,21.800000,0.000000,230,260,280,320,600,630,2100,2100,2400,2400,2400,1152,0,200.0,331.6853631950936,5.417599983047694,2496.58529998851,8223.0
1778883811,100,GET,GET /api/ -> https://docs.docker.com/,20.800000,0.000000,150,190,260,310,580,650,1900,2000,2200,2200,2200,1125,0,180.0,330.67773342186894,6.074500008253381,2881.76679998287,1856.0
1778883811,100,GET,GET /api/ -> https://flask.palletsprojects.com/,20.100000,0.000000,160,250,300,380,570,710,2400,2400,2400,2400,2400,1118,0,180.0,381.3821203040466,5.822399980388582,3872.629399993457,20936.0
1778883811,100,GET,GET /api/ -> https://github.com/ibnesayeed/linkextractor,19.600000,0.000000,170,240,280,340,580,670,2000,2200,2400,2400,2400,1101,0,190.0,2987.9685610351785,8.084500004770234,30850.772600009805,11239.386920980927
1778883811,100,GET,GET /api/ -> https://httpbin.org/,21.000000,0.000000,180,250,280,330,600,680,2000,2200,2300,2300,2300,1141,0,180.0,320.4410971959555,7.636000023921952,3124.779900012072,332.0
1778883811,100,GET,GET /api/ -> https://locust.io/,19.800000,0.000000,180,260,300,480,620,670,2100,2400,2400,2400,2400,1106,0,180.0,370.58660985531867,8.099400001810864,6104.8103000211995,5097.0
1778883811,100,GET,GET /api/ -> https://redis.io/,20.100000,0.000000,160,240,270,300,540,630,1900,2000,2100,2100,2100,1111,0,190.0,459.9546459044255,7.443399983458221,25004.262900009053,7780.0
1778883811,100,GET,GET /api/ -> https://training.play-with-docker.com/,19.600000,0.000000,160,220,280,300,550,1500,2000,2100,2300,2300,2300,1089,0,180.0,1202.3837288340078,6.223000003956258,16780.55000002496,1503.0
1778883811,100,GET,GET /api/ -> https://www.python.org/,20.400000,0.000000,180,260,450,540,610,630,1900,2100,2200,2200,2200,1130,0,180.0,336.46788345127,5.761200009146705,3095.073600008618,14427.0
1778883811,100,,Aggregated,205.400000,0.000000,170,250,300,400,590,1300,2000,2200,2400,2500,2500,11229,0,180.0,709.7725382314148,5.417599983047694,30850.772600009805,7126.143734971947
1778883812,100,GET,GET /api/ -> http://example.com/,22.200000,0.000000,180,400,480,540,1700,1900,2000,2400,2500,2500,2500,1156,0,180.0,453.00775441172624,7.269399997312576,2843.5987000120804,68.0
1778883812,100,GET,GET /api/ -> https://books.toscrape.com/,21.800000,0.000000,240,260,290,320,600,630,2100,2100,2400,2400,2400,1152,0,200.0,331.6853631950936,5.417599983047694,2496.58529998851,8223.0
1778883812,100,GET,GET /api/ -> https://docs.docker.com/,20.800000,0.000000,150,200,260,320,580,650,1900,2000,2200,2200,2200,1125,0,180.0,330.67773342186894,6.074500008253381,2881.76679998287,1856.0
1778883812,100,GET,GET /api/ -> https://flask.palletsprojects.com/,20.100000,0.000000,170,250,320,440,580,1900,2400,2400,2400,2400,2400,1118,0,180.0,381.3821203040466,5.822399980388582,3872.629399993457,20936.0
1778883812,100,GET,GET /api/ -> https://github.com/ibnesayeed/linkextractor,19.600000,0.000000,180,250,300,350,580,670,2000,2200,2400,2400,2400,1101,0,190.0,2987.9685610351785,8.084500004770234,30850.772600009805,11239.386920980927
1778883812,100,GET,GET /api/ -> https://httpbin.org/,21.000000,0.000000,180,250,280,340,600,680,2000,2200,2300,2300,2300,1141,0,180.0,320.4410971959555,7.636000023921952,3124.779900012072,332.0
1778883812,100,GET,GET /api/ -> https://locust.io/,19.800000,0.000000,200,270,310,480,600,1500,2100,2400,2400,2400,2400,1106,0,180.0,370.58660985531867,8.099400001810864,6104.8103000211995,5097.0
1778883812,100,GET,GET /api/ -> https://redis.io/,20.100000,0.000000,170,250,270,310,550,640,1900,2000,2100,2100,2100,1111,0,190.0,459.9546459044255,7.443399983458221,25004.262900009053,7780.0
1778883812,100,GET,GET /api/ -> https://training.play-with-docker.com/,19.600000,0.000000,170,240,290,310,570,1500,2000,2100,2300,2300,2300,1089,0,180.0,1202.3837288340078,6.223000003956258,16780.55000002496,1503.0
1778883812,100,GET,GET /api/ -> https://www.python.org/,20.400000,0.000000,200,290,490,540,610,640,1900,2100,2200,2200,2200,1130,0,180.0,336.46788345127,5.761200009146705,3095.073600008618,14427.0
1778883812,100,,Aggregated,205.400000,0.000000,180,250,300,440,590,1500,2000,2200,2400,2500,2500,11229,0,180.0,709.7725382314148,5.417599983047694,30850.772600009805,7126.143734971947
1778883813,100,GET,GET /api/ -> http://example.com/,18.900000,0.000000,160,180,240,250,510,580,1900,1900,4000,4000,4000,1158,0,180.0,457.37860310877113,7.269399997312576,4019.606099987868,68.0
1778883813,100,GET,GET /api/ -> https://books.toscrape.com/,18.800000,0.000000,190,260,300,330,590,610,630,630,660,660,660,1152,0,200.0,331.6853631950936,5.417599983047694,2496.58529998851,8223.0
1778883813,100,GET,GET /api/ -> https://docs.docker.com/,17.700000,0.000000,150,190,260,310,580,630,1100,2200,2200,2200,2200,1126,0,180.0,332.3196719357058,6.074500008253381,2881.76679998287,1856.0
1778883813,100,GET,GET /api/ -> https://flask.palletsprojects.com/,17.600000,0.000000,160,250,300,440,570,710,2200,2200,2200,2200,2200,1121,0,180.0,386.09342899191773,5.822399980388582,3872.629399993457,20936.0
1778883813,100,GET,GET /api/ -> https://github.com/ibnesayeed/linkextractor,17.700000,0.000000,170,240,280,350,580,670,2200,2200,2200,2200,2200,1104,0,190.0,2985.8719444743742,8.084500004770234,30850.772600009805,11242.304347826086
1778883813,100,GET,GET /api/ -> https://httpbin.org/,18.400000,0.000000,170,260,330,440,640,1800,2200,4200,4400,4400,4400,1147,0,180.0,335.0665834355805,7.636000023921952,4392.850799980806,332.0
1778883813,100,GET,GET /api/ -> https://locust.io/,17.900000,0.000000,180,240,280,470,580,650,1700,2200,2300,2300,2300,1108,0,180.0,373.7078240974567,8.099400001810864,6104.8103000211995,5097.0
1778883813,100,GET,GET /api/ -> https://redis.io/,17.600000,0.000000,160,220,270,280,510,590,1200,2200,4000,4000,4000,1114,0,190.0,466.24300305187035,7.443399983458221,25004.262900009053,7780.0
1778883813,100,GET,GET /api/ -> https://training.play-with-docker.com/,16.900000,0.000000,160,220,280,300,530,600,2200,2200,2200,2200,2200,1092,0,180.0,1205.1776782969323,6.223000003956258,16780.55000002496,1503.0
1778883813,100,GET,GET /api/ -> https://www.python.org/,18.000000,0.000000,190,330,540,550,630,2000,2200,4100,4300,4300,4300,1137,0,180.0,351.345154441436,5.761200009146705,4332.904900016729,14427.0
1778883813,100,,Aggregated,179.500000,0.000000,170,240,290,360,580,640,2100,2200,4300,4400,4400,11259,0,180.0,714.8475959677182,5.417599983047694,30850.772600009805,7128.717559285905
1778883814,100,GET,GET /api/ -> http://example.com/,18.700000,0.000000,170,250,510,650,2100,4000,4200,4300,4300,4300,4300,1187,0,180.0,508.86389764108975,7.269399997312576,4290.4232000000775,68.0
1778883814,100,GET,GET /api/ -> https://books.toscrape.com/,19.100000,0.000000,210,290,390,430,590,630,2300,4000,4100,4100,4100,1181,0,210.0,346.60259348072805,5.417599983047694,4118.823500000872,8223.0
1778883814,100,GET,GET /api/ -> https://docs.docker.com/,17.400000,0.000000,180,300,400,490,700,1100,3000,3100,3400,3400,3400,1146,0,180.0,344.9731325476416,6.074500008253381,3401.763200003188,1856.0
1778883814,100,GET,GET /api/ -> https://flask.palletsprojects.com/,17.200000,0.000000,220,300,390,450,650,2200,3700,4000,4100,4100,4100,1137,0,180.0,397.27705347406715,5.822399980388582,4079.332399996929,20936.0
1778883814,100,GET,GET /api/ -> https://github.com/ibnesayeed/linkextractor,17.100000,0.000000,190,260,320,390,580,1800,2200,3500,4500,4500,4500,1114,0,190.0,2970.11608069995,8.084500004770234,30850.772600009805,11251.915619389587
1778883814,100,GET,GET /api/ -> https://httpbin.org/,18.400000,0.000000,180,250,290,350,680,2300,4000,4200,4400,4400,4400,1164,0,190.0,347.11602671872794,7.636000023921952,4392.850799980806,332.0
1778883814,100,GET,GET /api/ -> https://locust.io/,17.200000,0.000000,210,270,300,470,580,1500,2300,3800,4100,4100,4100,1121,0,190.0,383.058636931269,8.099400001810864,6104.8103000211995,5097.0
1778883814,100,GET,GET /api/ -> https://redis.io/,17.100000,0.000000,200,260,290,350,610,2200,3900,4000,4300,4300,4300,1125,0,190.0,477.5444781331397,7.443399983458221,25004.262900009053,7780.0
1778883814,100,GET,GET /api/ -> https://training.play-with-docker.com/,16.700000,0.000000,180,260,300,320,660,3000,3600,4100,4300,4300,4300,1107,0,180.0,1220.1945146343276,6.223000003956258,16780.55000002496,1503.0
1778883814,100,GET,GET /api/ -> https://www.python.org/,17.600000,0.000000,180,260,430,490,1900,2300,3900,4100,4300,4300,4300,1152,0,180.0,365.8733139755997,5.761200009146705,4332.904900016729,14427.0
1778883814,100,,Aggregated,176.500000,0.000000,190,260,330,450,700,2200,3900,4100,4400,4500,4500,11434,0,190.0,726.9584006822231,5.417599983047694,30850.772600009805,7118.62261675704
