Timestamp,User Count,Type,Name,Requests/s,Failures/s,50%,66%,75%,80%,90%,95%,98%,99%,99.9%,99.99%,100%,Total Request Count,Total Failure Count,Total Median Response Time,Total Average Response Time,Total Min Response Time,Total Max Response Time,Total Average Content Size
1778882752,0,,Aggregated,0.000000,0.000000,N/A,N/A,N/A,N/A,N/A,N/A,N/A,N/A,N/A,N/A,N/A,0,0,0,0.0,0,0,0
1778882753,5,GET,GET /api/ -> http://example.com/,0.000000,0.000000,0,0,0,0,0,0,0,0,0,0,0,5,0,160.0,177.08998000016436,159.996600006707,224.36400002334267,68.0
1778882753,5,,Aggregated,0.000000,0.000000,0,0,0,0,0,0,0,0,0,0,0,5,0,160.0,177.08998000016436,159.996600006707,224.36400002334267,68.0
1778882754,10,GET,GET /api/ -> http://example.com/,0.000000,0.000000,160,170,170,220,220,220,220,220,220,220,220,10,0,160.0,176.17373000248335,159.996600006707,224.36400002334267,68.0
1778882754,10,,Aggregated,0.000000,0.000000,160,170,170,220,220,220,220,220,220,220,220,10,0,160.0,176.17373000248335,159.996600006707,224.36400002334267,68.0
1778882755,15,GET,GET /api/ -> http://example.com/,0.000000,0.000000,160,170,170,220,220,220,220,220,220,220,220,10,0,160.0,176.17373000248335,159.996600006707,224.36400002334267,68.0
1778882755,15,,Aggregated,0.000000,0.000000,160,170,170,220,220,220,220,220,220,220,220,10,0,160.0,176.17373000248335,159.996600006707,224.36400002334267,68.0
1778882756,20,GET,GET /api/ -> http://example.com/,5.000000,0.000000,210,240,1300,1300,1400,1400,1400,1400,1400,1400,1400,20,0,190.0,473.25794500211487,152.14179997565225,1381.118899997091,68.0
1778882756,20,,Aggregated,5.000000,0.000000,210,240,1300,1300,1400,1400,1400,1400,1400,1400,1400,20,0,190.0,473.25794500211487,152.14179997565225,1381.118899997091,68.0
1778882757,30,GET,GET /api/ -> http://example.com/,3.333333,0.000000,220,640,1300,1300,1400,1400,1400,1400,1400,1400,1400,21,0,200.0,481.24489523997045,152.14179997565225,1381.118899997091,68.0
1778882757,30,GET,GET /api/ -> https://books.toscrape.com/,0.000000,0.000000,0,0,0,0,0,0,0,0,0,0,0,8,0,3900.0,3963.387462506944,3149.414000014076,4595.68730002502,8223.0
1778882757,30,,Aggregated,3.333333,0.000000,1300,1400,3700,3900,4300,4500,4600,4600,4600,4600,4600,29,0,240.0,1441.8359482791354,152.14179997565225,4595.68730002502,2317.655172413793
1778882758,35,GET,GET /api/ -> http://example.com/,5.000000,0.000000,220,1100,1100,1300,1300,1400,1400,1400,1400,1400,1400,30,0,210.0,521.2625666696113,152.14179997565225,1381.118899997091,68.0
1778882758,35,GET,GET /api/ -> https://books.toscrape.com/,0.000000,0.000000,2000,3700,4000,4500,5000,5000,5000,5000,5000,5000,5000,20,0,2000.0,3046.368500003882,1864.4288000068627,5042.722399986815,8223.0
1778882758,35,GET,GET /api/ -> https://httpbin.org/,0.000000,0.000000,0,0,0,0,0,0,0,0,0,0,0,20,0,770.0,888.8976850023028,648.5395999916364,1763.4664000070188,332.0
1778882758,35,,Aggregated,5.000000,0.000000,1100,1400,1900,1900,3900,4500,5000,5000,5000,5000,5000,70,0,910.0,1347.760010003029,152.14179997565225,5042.722399986815,2473.4285714285716
1778882759,40,GET,GET /api/ -> http://example.com/,4.000000,0.000000,220,1100,1100,1300,1300,1400,1400,1400,1400,1400,1400,30,0,210.0,521.2625666696113,152.14179997565225,1381.118899997091,68.0
1778882759,40,GET,GET /api/ -> https://books.toscrape.com/,0.400000,0.000000,1900,3600,3900,4000,4600,5000,5000,5000,5000,5000,5000,25,0,1900.0,2739.869980001822,1420.6043999874964,5042.722399986815,8223.0
1778882759,40,GET,GET /api/ -> https://httpbin.org/,0.000000,0.000000,0,0,0,0,0,0,0,0,0,0,0,20,0,770.0,888.8976850023028,648.5395999916364,1763.4664000070188,332.0
1778882759,40,,Aggregated,4.400000,0.000000,1100,1500,1900,1900,3900,4500,5000,5000,5000,5000,5000,75,0,1100.0,1358.8344026690659,152.14179997565225,5042.722399986815,2856.733333333333
1778882760,45,GET,GET /api/ -> http://example.com/,4.000000,0.000000,220,1100,1100,1300,1300,1400,1400,1400,1400,1400,1400,30,0,210.0,521.2625666696113,152.14179997565225,1381.118899997091,68.0
1778882760,45,GET,GET /api/ -> https://books.toscrape.com/,0.400000,0.000000,1900,3600,3900,4000,4600,5000,5000,5000,5000,5000,5000,25,0,1900.0,2739.869980001822,1420.6043999874964,5042.722399986815,8223.0
1778882760,45,GET,GET /api/ -> https://httpbin.org/,0.000000,0.000000,810,910,1000,1100,1200,1800,1800,1800,1800,1800,1800,20,0,770.0,888.8976850023028,648.5395999916364,1763.4664000070188,332.0
1778882760,45,,Aggregated,4.400000,0.000000,1100,1500,1900,1900,3900,4500,5000,5000,5000,5000,5000,75,0,1100.0,1358.8344026690659,152.14179997565225,5042.722399986815,2856.733333333333
1778882761,50,GET,GET /api/ -> http://example.com/,4.285714,0.000000,250,1200,1300,1400,2600,2800,2800,2800,2800,2800,2800,34,0,220.0,777.8853764731834,152.14179997565225,2820.764699979918,68.0
1778882761,50,GET,GET /api/ -> https://books.toscrape.com/,3.000000,0.000000,2000,3300,3700,3900,4600,5000,5000,5000,5000,5000,5000,30,0,2000.0,2820.8249300019816,1420.6043999874964,5042.722399986815,8223.0
1778882761,50,GET,GET /api/ -> https://httpbin.org/,2.857143,0.000000,810,910,1000,1100,1200,1800,1800,1800,1800,1800,1800,20,0,770.0,888.8976850023028,648.5395999916364,1763.4664000070188,332.0
1778882761,50,GET,GET /api/ -> https://www.python.org/,0.000000,0.000000,0,0,0,0,0,0,0,0,0,0,0,1,0,3415.3032999893185,3415.3032999893185,3415.3032999893185,3415.3032999893185,14427.0
1778882761,50,,Aggregated,10.142857,0.000000,1300,1900,2600,3100,3700,4500,5000,5000,5000,5000,5000,85,0,1200.0,1556.0718552962712,152.14179997565225,5042.722399986815,3177.2823529411767
1778882762,55,GET,GET /api/ -> http://example.com/,3.750000,0.000000,1100,1300,1400,2600,2800,2800,3100,3100,3100,3100,3100,37,0,240.0,944.8633864899543,152.14179997565225,3106.9396000239067,68.0
1778882762,55,GET,GET /api/ -> https://books.toscrape.com/,3.125000,0.000000,2000,3300,3700,3900,4600,5000,5000,5000,5000,5000,5000,30,0,2000.0,2820.8249300019816,1420.6043999874964,5042.722399986815,8223.0
1778882762,55,GET,GET /api/ -> https://httpbin.org/,2.500000,0.000000,810,910,1000,1100,1200,1800,1800,1800,1800,1800,1800,20,0,770.0,888.8976850023028,648.5395999916364,1763.4664000070188,332.0
1778882762,55,GET,GET /api/ -> https://www.python.org/,0.000000,0.000000,0,0,0,0,0,0,0,0,0,0,0,2,0,3415.3032999893185,3758.3738999965135,3415.3032999893185,4101.4445000037085,14427.0
1778882762,55,,Aggregated,9.375000,0.000000,1400,1900,2800,3100,3700,4300,5000,5000,5000,5000,5000,89,0,1300.0,1627.8583674182792,152.14179997565225,5042.722399986815,3198.876404494382
1778882763,60,GET,GET /api/ -> http://example.com/,3.333333,0.000000,1100,1400,2600,2700,3000,3200,3200,3200,3200,3200,3200,41,0,640.0,1149.4360536623678,152.14179997565225,3247.986400005175,68.0
1778882763,60,GET,GET /api/ -> https://books.toscrape.com/,3.000000,0.000000,2000,3300,3700,3900,4600,5000,5000,5000,5000,5000,5000,30,0,2000.0,2820.8249300019816,1420.6043999874964,5042.722399986815,8223.0
1778882763,60,GET,GET /api/ -> https://httpbin.org/,2.222222,0.000000,900,1000,1200,1800,4000,4000,4100,4100,4100,4100,4100,24,0,880.0,1398.0729166687524,648.5395999916364,4118.570000020554,332.0
1778882763,60,GET,GET /api/ -> https://www.python.org/,0.000000,0.000000,4900,5200,5200,5300,5300,5300,5300,5300,5300,5300,5300,6,0,4900.0,4632.166433332411,3415.3032999893185,5253.139600012219,14427.0
1778882763,60,,Aggregated,8.555556,0.000000,1600,2700,3200,3300,4100,4900,5200,5300,5300,5300,5300,101,0,1400.0,1911.8650960421885,152.14179997565225,5253.139600012219,3406.019801980198
1778882764,65,GET,GET /api/ -> http://example.com/,3.500000,0.000000,1900,2800,2900,2900,3200,3600,4500,4500,4500,4500,4500,55,0,1300.0,1571.770834549203,152.14179997565225,4487.101299979258,68.0
1778882764,65,GET,GET /api/ -> https://books.toscrape.com/,3.000000,0.000000,2000,3300,3700,3900,4600,5000,5000,5000,5000,5000,5000,30,0,2000.0,2820.8249300019816,1420.6043999874964,5042.722399986815,8223.0
1778882764,65,GET,GET /api/ -> https://httpbin.org/,2.000000,0.000000,910,1200,3500,3600,4000,4100,4600,4600,4600,4600,4600,27,0,910.0,1674.7318555566449,648.5395999916364,4597.284399991622,332.0
1778882764,65,GET,GET /api/ -> https://www.python.org/,0.100000,0.000000,5900,5900,6000,6000,6000,6000,6000,6000,6000,6000,6000,20,0,5900.0,5537.282440000854,3415.3032999893185,6035.19850000157,14427.0
1778882764,65,,Aggregated,8.600000,0.000000,2600,3300,3900,4300,5800,5900,6000,6000,6000,6000,6000,132,0,1900.0,2477.542065911455,152.14179997565225,6035.19850000157,4151.015151515152
1778882765,70,GET,GET /api/ -> http://example.com/,3.400000,0.000000,1900,2700,2800,2900,3200,3600,4500,4500,4500,4500,4500,60,0,1300.0,1549.8211683361053,152.14179997565225,4487.101299979258,68.0
1778882765,70,GET,GET /api/ -> https://books.toscrape.com/,3.000000,0.000000,2000,3300,3700,3900,4600,5000,5000,5000,5000,5000,5000,30,0,2000.0,2820.8249300019816,1420.6043999874964,5042.722399986815,8223.0
1778882765,70,GET,GET /api/ -> https://docs.docker.com/,0.000000,0.000000,0,0,0,0,0,0,0,0,0,0,0,3,0,2600.0,2630.0551333406474,1854.564000008395,3425.8436000091024,1856.0
1778882765,70,GET,GET /api/ -> https://httpbin.org/,2.200000,0.000000,1000,1800,3600,3700,4000,4100,4600,4600,4600,4600,4600,30,0,1000.0,1874.2920700004713,648.5395999916364,4597.284399991622,332.0
1778882765,70,GET,GET /api/ -> https://www.python.org/,0.200000,0.000000,5900,5900,6000,6000,6000,6000,6000,6000,6000,6000,6000,20,0,5900.0,5537.282440000854,3415.3032999893185,6035.19850000157,14427.0
1778882765,70,,Aggregated,8.800000,0.000000,2800,3500,3900,4300,5800,5900,6000,6000,6000,6000,6000,143,0,1900.0,2464.885274827125,152.14179997565225,6035.19850000157,3879.986013986014
1778882766,75,GET,GET /api/ -> http://example.com/,3.100000,0.000000,2600,2800,2900,3000,3500,3700,4500,4500,4500,4500,4500,60,0,1300.0,1549.8211683361053,152.14179997565225,4487.101299979258,68.0
1778882766,75,GET,GET /api/ -> https://books.toscrape.com/,3.000000,0.000000,2000,3300,3700,4000,5000,5000,5200,5200,5200,5200,5200,31,0,3100.0,2898.2973516150755,1420.6043999874964,5222.470000007888,8223.0
1778882766,75,GET,GET /api/ -> https://docs.docker.com/,0.000000,0.000000,2600,2900,2900,2900,2900,2900,2900,2900,2900,2900,2900,6,0,2600.0,2690.853933333225,1854.564000008395,3425.8436000091024,1856.0
1778882766,75,GET,GET /api/ -> https://httpbin.org/,2.500000,0.000000,1000,1800,3600,3700,4000,4100,4600,4600,4600,4600,4600,30,0,1000.0,1874.2920700004713,648.5395999916364,4597.284399991622,332.0
1778882766,75,GET,GET /api/ -> https://www.python.org/,0.600000,0.000000,5900,5900,6000,6000,6000,6000,6000,6000,6000,6000,6000,21,0,5900.0,5437.5853571442085,3415.3032999893185,6035.19850000157,14427.0
1778882766,75,,Aggregated,9.200000,0.000000,2800,3400,3700,4100,5800,5900,6000,6000,6000,6000,6000,148,0,2000.0,2495.9436905424022,152.14179997565225,6035.19850000157,3939.5675675675675
1778882767,80,GET,GET /api/ -> http://example.com/,5.000000,0.000000,2600,2800,2900,3000,3500,3700,4500,4500,4500,4500,4500,60,0,1300.0,1549.8211683361053,152.14179997565225,4487.101299979258,68.0
1778882767,80,GET,GET /api/ -> https://books.toscrape.com/,3.000000,0.000000,3300,4000,5200,5400,5500,5800,5800,5800,5800,5800,5800,38,0,3200.0,3256.1428763154636,1420.6043999874964,5826.012199977413,8223.0
1778882767,80,GET,GET /api/ -> https://docs.docker.com/,0.100000,0.000000,2900,2900,2900,2900,3300,3300,3300,3300,3300,3300,3300,7,0,2900.0,2777.298371428125,1854.564000008395,3425.8436000091024,1856.0
1778882767,80,GET,GET /api/ -> https://httpbin.org/,3.000000,0.000000,1000,1800,3600,3700,4000,4100,4600,4600,4600,4600,4600,30,0,1000.0,1874.2920700004713,648.5395999916364,4597.284399991622,332.0
1778882767,80,GET,GET /api/ -> https://www.python.org/,2.000000,0.000000,5900,5900,6000,6000,6000,6000,6000,6000,6000,6000,6000,22,0,5900.0,5391.7431136373625,3415.3032999893185,6035.19850000157,14427.0
1778882767,80,,Aggregated,13.100000,0.000000,3100,3600,4400,4900,5900,6000,6000,6000,6000,6000,6000,157,0,2600.0,2617.903812740044,152.14179997565225,6035.19850000157,4184.076433121019
1778882768,85,GET,GET /api/ -> http://example.com/,4.000000,0.000000,2600,2900,3100,3500,4000,4000,4500,4500,4500,4500,4500,65,0,1400.0,1737.4933061557106,152.14179997565225,4487.101299979258,68.0
1778882768,85,GET,GET /api/ -> https://books.toscrape.com/,3.000000,0.000000,4100,4500,5200,5400,5500,5800,5800,5800,5800,5800,5800,49,0,3600.0,3518.6533285720675,1420.6043999874964,5832.426000008127,8223.0
1778882768,85,GET,GET /api/ -> https://docs.docker.com/,0.400000,0.000000,3700,4000,4000,4000,4100,4100,4100,4100,4100,4100,4100,20,0,3700.0,3488.8178449997213,1854.564000008395,4121.9389999751,1856.0
1778882768,85,GET,GET /api/ -> https://httpbin.org/,3.000000,0.000000,1000,1800,3600,3700,4000,4100,4600,4600,4600,4600,4600,30,0,1000.0,1874.2920700004713,648.5395999916364,4597.284399991622,332.0
1778882768,85,GET,GET /api/ -> https://www.python.org/,2.000000,0.000000,5800,5900,5900,6000,6000,6000,6000,6000,6000,6000,6000,26,0,5700.0,5273.10075769268,3415.3032999893185,6035.19850000157,14427.0
1778882768,85,,Aggregated,12.400000,0.000000,3700,4100,4600,5000,5900,6000,6000,6000,6000,6000,6000,190,0,3100.0,2886.614824737741,152.14179997565225,6035.19850000157,4365.942105263158
1778882769,90,GET,GET /api/ -> http://example.com/,4.000000,0.000000,2800,3200,3500,3500,4000,4000,4500,4500,4500,4500,4500,75,0,1900.0,1917.1338973349582,152.14179997565225,4487.101299979258,68.0
1778882769,90,GET,GET /api/ -> https://books.toscrape.com/,3.100000,0.000000,4200,4600,5000,5400,5500,5800,5800,5800,5800,5800,5800,55,0,4000.0,3608.2085527273275,1420.6043999874964,5832.426000008127,8223.0
1778882769,90,GET,GET /api/ -> https://docs.docker.com/,0.600000,0.000000,3700,4000,4000,4000,4100,4100,4100,4100,4100,4100,4100,20,0,3700.0,3488.8178449997213,1854.564000008395,4121.9389999751,1856.0
1778882769,90,GET,GET /api/ -> https://httpbin.org/,3.000000,0.000000,1000,1800,3600,3700,4000,4100,4600,4600,4600,4600,4600,30,0,1000.0,1874.2920700004713,648.5395999916364,4597.284399991622,332.0
1778882769,90,GET,GET /api/ -> https://www.python.org/,2.100000,0.000000,5300,5900,5900,6000,6000,6000,6000,6000,6000,6000,6000,30,0,5200.0,5180.532700000913,3415.3032999893185,6035.19850000157,14427.0
1778882769,90,,Aggregated,12.800000,0.000000,3900,4100,4600,4900,5800,5900,6000,6000,6000,6000,6000,210,0,3200.0,2969.7981557150515,152.14179997565225,6035.19850000157,4463.119047619048
1778882770,95,GET,GET /api/ -> http://example.com/,3.000000,0.000000,2800,3200,3500,3500,4000,4000,4500,4500,4500,4500,4500,77,0,1900.0,1937.034740261265,152.14179997565225,4487.101299979258,68.0
1778882770,95,GET,GET /api/ -> https://books.toscrape.com/,2.300000,0.000000,4500,5000,5300,5400,5500,5800,5800,5800,5800,5800,5800,60,0,4100.0,3744.0534066670807,1420.6043999874964,5832.426000008127,8223.0
1778882770,95,GET,GET /api/ -> https://docs.docker.com/,1.000000,0.000000,3800,4000,4000,4000,4100,4100,4100,4100,4100,4100,4100,21,0,3700.0,3501.8142809512074,1854.564000008395,4121.9389999751,1856.0
1778882770,95,GET,GET /api/ -> https://flask.palletsprojects.com/,0.000000,0.000000,0,0,0,0,0,0,0,0,0,0,0,3,0,4900.0,4841.739833325846,4308.400400012033,5337.81959998305,20936.0
1778882770,95,GET,GET /api/ -> https://httpbin.org/,3.000000,0.000000,3600,3700,4000,4000,4100,4600,4600,4600,4600,4600,4600,33,0,1100.0,2015.782072728281,648.5395999916364,4597.284399991622,332.0
1778882770,95,GET,GET /api/ -> https://www.python.org/,2.200000,0.000000,5300,5900,5900,6000,6000,6000,6000,6000,6000,6000,6000,30,0,5200.0,5180.532700000913,3415.3032999893185,6035.19850000157,14427.0
1778882770,95,,Aggregated,11.500000,0.000000,4000,4200,4800,5000,5800,5900,6000,6000,6000,6000,6000,224,0,3300.0,3052.656197322124,152.14179997565225,6035.19850000157,4661.455357142857
1778882771,100,GET,GET /api/ -> http://example.com/,3.600000,0.000000,2900,3200,3500,3500,4000,4000,4500,4500,4500,4500,4500,80,0,2000.0,1982.4774600016099,152.14179997565225,4487.101299979258,68.0
1778882771,100,GET,GET /api/ -> https://books.toscrape.com/,3.200000,0.000000,4500,5000,5300,5400,5500,5800,5800,5800,5800,5800,5800,60,0,4100.0,3744.0534066670807,1420.6043999874964,5832.426000008127,8223.0
1778882771,100,GET,GET /api/ -> https://docs.docker.com/,2.000000,0.000000,3700,3900,4000,4000,4100,4100,4100,4100,4100,4100,4100,23,0,3700.0,3504.5546173907655,1854.564000008395,4121.9389999751,1856.0
1778882771,100,GET,GET /api/ -> https://flask.palletsprojects.com/,0.000000,0.000000,0,0,0,0,0,0,0,0,0,0,0,10,0,4300.0,4496.428690000903,3289.9209999886807,5900.708200002555,20936.0
1778882771,100,GET,GET /api/ -> https://httpbin.org/,1.000000,0.000000,3500,3600,3700,4000,4000,4100,4600,4600,4600,4600,4600,45,0,3200.0,2375.641782222212,648.5395999916364,4597.284399991622,332.0
1778882771,100,GET,GET /api/ -> https://www.python.org/,2.700000,0.000000,5300,5900,5900,6000,6000,6000,6000,6000,6000,6000,6000,30,0,5200.0,5180.532700000913,3415.3032999893185,6035.19850000157,14427.0
1778882771,100,,Aggregated,12.500000,0.000000,3900,4200,4700,5000,5800,5900,6000,6000,6000,6000,6000,248,0,3300.0,3109.3963931458757,152.14179997565225,6035.19850000157,4833.137096774193
1778882772,100,GET,GET /api/ -> http://example.com/,4.600000,0.000000,3000,3500,3600,3800,4000,4000,4500,4500,4500,4500,4500,85,0,2600.0,2091.718623530366,152.14179997565225,4487.101299979258,68.0
1778882772,100,GET,GET /api/ -> https://books.toscrape.com/,3.200000,0.000000,4300,5000,5300,5400,5500,5800,5800,5800,5800,5800,5800,62,0,4100.0,3755.592470967977,1420.6043999874964,5832.426000008127,8223.0
1778882772,100,GET,GET /api/ -> https://docs.docker.com/,2.100000,0.000000,3800,4000,4000,4100,4100,4100,4400,4400,4400,4400,4400,26,0,3700.0,3586.2867730768185,1854.564000008395,4422.383700002683,1856.0
1778882772,100,GET,GET /api/ -> https://flask.palletsprojects.com/,0.000000,0.000000,4100,4200,4200,4200,4200,4600,4600,4600,4600,4600,4600,20,0,4200.0,4311.996499999077,3289.9209999886807,5900.708200002555,20936.0
1778882772,100,GET,GET /api/ -> https://httpbin.org/,1.100000,0.000000,3500,3700,3900,4000,4000,4100,4600,4600,4600,4600,4600,49,0,3300.0,2496.9452061222355,648.5395999916364,4597.284399991622,332.0
1778882772,100,GET,GET /api/ -> https://www.python.org/,3.000000,0.000000,5700,5900,5900,6000,6000,6000,6000,6000,6000,6000,6000,30,0,5200.0,5180.532700000913,3415.3032999893185,6035.19850000157,14427.0
1778882772,100,,Aggregated,14.000000,0.000000,4000,4200,4500,4900,5700,5900,6000,6000,6000,6000,6000,272,0,3500.0,3190.781244117983,152.14179997565225,6035.19850000157,5263.455882352941
1778882773,100,GET,GET /api/ -> http://example.com/,5.000000,0.000000,3100,3400,3500,3700,4000,4000,4000,4500,4500,4500,4500,92,0,2700.0,2175.950622827298,152.14179997565225,4487.101299979258,68.0
1778882773,100,GET,GET /api/ -> https://books.toscrape.com/,3.300000,0.000000,4500,5000,5300,5400,5500,5800,5800,5800,5800,5800,5800,64,0,4100.0,3767.646401562615,1420.6043999874964,5832.426000008127,8223.0
1778882773,100,GET,GET /api/ -> https://docs.docker.com/,2.200000,0.000000,3800,4000,4100,4100,4100,4300,4400,4400,4400,4400,4400,27,0,3800.0,3613.3096592589195,1854.564000008395,4422.383700002683,1856.0
1778882773,100,GET,GET /api/ -> https://flask.palletsprojects.com/,0.700000,0.000000,4100,4200,4200,4200,4200,4600,4600,4600,4600,4600,4600,20,0,4200.0,4311.996499999077,3289.9209999886807,5900.708200002555,20936.0
1778882773,100,GET,GET /api/ -> https://httpbin.org/,2.100000,0.000000,3600,3800,4000,4000,4300,4400,4600,4600,4600,4600,4600,54,0,3300.0,2669.8497092589537,648.5395999916364,4610.253799997736,332.0
1778882773,100,GET,GET /api/ -> https://www.python.org/,3.000000,0.000000,5900,5900,6000,6000,6000,6000,6000,6000,6000,6000,6000,30,0,5200.0,5180.532700000913,3415.3032999893185,6035.19850000157,14427.0
1778882773,100,,Aggregated,16.300000,0.000000,4000,4200,4400,4700,5500,5900,6000,6000,6000,6000,6000,287,0,3500.0,3221.9650979097632,152.14179997565225,6035.19850000157,5059.574912891986
1778882774,100,GET,GET /api/ -> http://example.com/,4.500000,0.000000,3100,3300,3500,3700,4000,4000,4000,4500,4500,4500,4500,95,0,2700.0,2206.0761242115404,152.14179997565225,4487.101299979258,68.0
1778882774,100,GET,GET /api/ -> https://books.toscrape.com/,3.000000,0.000000,4600,5100,5400,5400,5600,5800,5900,5900,5900,5900,5900,66,0,4100.0,3827.0293909092397,1420.6043999874964,5869.572299998254,8223.0
1778882774,100,GET,GET /api/ -> https://docs.docker.com/,2.300000,0.000000,3900,4100,4100,4100,4700,5000,5000,5000,5000,5000,5000,30,0,3800.0,3741.761673334016,1854.564000008395,4984.049500024412,1856.0
1778882774,100,GET,GET /api/ -> https://flask.palletsprojects.com/,1.100000,0.000000,4100,4200,4200,4200,4200,4600,4600,4600,4600,4600,4600,20,0,4200.0,4311.996499999077,3289.9209999886807,5900.708200002555,20936.0
1778882774,100,GET,GET /api/ -> https://httpbin.org/,2.600000,0.000000,3700,4000,4200,4300,4400,4700,4800,4800,4800,4800,4800,60,0,3300.0,2841.3595716663017,648.5395999916364,4809.776999987662,332.0
1778882774,100,GET,GET /api/ -> https://www.python.org/,2.900000,0.000000,5900,5900,6000,6000,6000,6000,6000,6000,6000,6000,6000,30,0,5200.0,5180.532700000913,3415.3032999893185,6035.19850000157,14427.0
1778882774,100,,Aggregated,16.400000,0.000000,4000,4200,4400,4600,5100,5500,5800,5900,5900,5900,5900,301,0,3500.0,3277.5797578076867,152.14179997565225,6035.19850000157,4904.677740863787
1778882775,100,GET,GET /api/ -> http://example.com/,5.100000,0.000000,3200,3400,3600,3800,4000,4000,4000,4500,4500,4500,4500,97,0,2700.0,2240.936778351357,152.14179997565225,4487.101299979258,68.0
1778882775,100,GET,GET /api/ -> https://books.toscrape.com/,3.400000,0.000000,5000,5400,5500,5600,5800,5900,6200,6200,6200,6200,6200,78,0,4200.0,4072.754670513603,1420.6043999874964,6237.727200001245,8223.0
1778882775,100,GET,GET /api/ -> https://docs.docker.com/,2.600000,0.000000,4000,4100,4100,4100,4700,5000,5000,5000,5000,5000,5000,30,0,3800.0,3741.761673334016,1854.564000008395,4984.049500024412,1856.0
1778882775,100,GET,GET /api/ -> https://flask.palletsprojects.com/,2.000000,0.000000,4100,4200,4200,4600,4600,5000,5000,5000,5000,5000,5000,22,0,4200.0,4356.770486363199,3289.9209999886807,5900.708200002555,20936.0
1778882775,100,GET,GET /api/ -> https://httpbin.org/,2.700000,0.000000,3700,4000,4200,4300,4400,4700,4800,4800,4800,4800,4800,60,0,3300.0,2841.3595716663017,648.5395999916364,4809.776999987662,332.0
1778882775,100,GET,GET /api/ -> https://www.python.org/,2.800000,0.000000,4700,4800,4800,4800,5000,5000,5000,5000,5000,5000,5000,37,0,4900.0,5102.950213513986,3415.3032999893185,6035.19850000157,14427.0
1778882775,100,,Aggregated,18.600000,0.000000,4100,4400,4700,4800,5400,5700,5900,5900,6200,6200,6200,324,0,3600.0,3402.5872373461393,152.14179997565225,6237.727200001245,5302.41049382716
1778882776,100,GET,GET /api/ -> http://example.com/,5.400000,0.000000,3300,3800,4000,4000,4000,4200,4200,4200,4200,4200,4200,100,0,2800.0,2299.322210001119,152.14179997565225,4487.101299979258,68.0
1778882776,100,GET,GET /api/ -> https://books.toscrape.com/,3.400000,0.000000,4900,5400,5500,5600,5800,5900,6200,6200,6200,6200,6200,80,0,4200.0,4101.375563750844,1420.6043999874964,6237.727200001245,8223.0
1778882776,100,GET,GET /api/ -> https://docs.docker.com/,2.800000,0.000000,4000,4100,4100,4300,4700,5000,5000,5000,5000,5000,5000,30,0,3800.0,3741.761673334016,1854.564000008395,4984.049500024412,1856.0
1778882776,100,GET,GET /api/ -> https://flask.palletsprojects.com/,2.000000,0.000000,4200,4200,4600,4600,4800,5000,5000,5000,5000,5000,5000,23,0,4200.0,4374.155713042811,3289.9209999886807,5900.708200002555,20936.0
1778882776,100,GET,GET /api/ -> https://httpbin.org/,2.900000,0.000000,3900,4100,4200,4300,4600,4700,4800,4800,4800,4800,4800,60,0,3300.0,2841.3595716663017,648.5395999916364,4809.776999987662,332.0
1778882776,100,GET,GET /api/ -> https://www.python.org/,2.400000,0.000000,4800,5000,5100,5200,5200,5300,5400,5400,5400,5400,5400,46,0,5000.0,5104.914243480459,3415.3032999893185,6035.19850000157,14427.0
1778882776,100,,Aggregated,18.900000,0.000000,4100,4400,4800,5000,5400,5700,5900,5900,6200,6200,6200,339,0,3700.0,3469.6410831866187,152.14179997565225,6237.727200001245,5561.6814159292035
1778882777,100,GET,GET /api/ -> http://example.com/,3.500000,0.000000,3300,3800,4000,4000,4000,4200,4200,4200,4200,4200,4200,100,0,2800.0,2299.322210001119,152.14179997565225,4487.101299979258,68.0
1778882777,100,GET,GET /api/ -> https://books.toscrape.com/,4.500000,0.000000,4900,5300,5500,5600,5700,5900,6200,6200,6200,6200,6200,80,0,4200.0,4101.375563750844,1420.6043999874964,6237.727200001245,8223.0
1778882777,100,GET,GET /api/ -> https://docs.docker.com/,2.900000,0.000000,4100,4100,4300,4400,5000,5000,5000,5000,5000,5000,5000,30,0,3800.0,3741.761673334016,1854.564000008395,4984.049500024412,1856.0
1778882777,100,GET,GET /api/ -> https://flask.palletsprojects.com/,2.100000,0.000000,4200,4200,4600,4600,4800,5000,5000,5000,5000,5000,5000,23,0,4200.0,4374.155713042811,3289.9209999886807,5900.708200002555,20936.0
1778882777,100,GET,GET /api/ -> https://httpbin.org/,3.000000,0.000000,3900,4100,4200,4300,4600,4700,4800,4800,4800,4800,4800,60,0,3300.0,2841.3595716663017,648.5395999916364,4809.776999987662,332.0
1778882777,100,GET,GET /api/ -> https://redis.io/,0.000000,0.000000,0,0,0,0,0,0,0,0,0,0,0,10,0,6400.0,6402.317470006528,6036.098800017498,6724.359300016658,7780.0
1778882777,100,GET,GET /api/ -> https://www.python.org/,1.100000,0.000000,4800,5000,5100,5200,5200,5300,5400,5400,5400,5400,5400,47,0,5000.0,5090.154306385344,3415.3032999893185,6035.19850000157,14427.0
1778882777,100,,Aggregated,17.100000,0.000000,4200,4600,4800,5100,5600,6100,6500,6600,6700,6700,6700,350,0,3900.0,3556.1219974295404,152.14179997565225,6724.359300016658,5650.391428571428
1778882778,100,GET,GET /api/ -> http://example.com/,4.000000,0.000000,3300,3500,3800,3900,4000,4200,4200,4200,4200,4200,4200,100,0,2800.0,2299.322210001119,152.14179997565225,4487.101299979258,68.0
1778882778,100,GET,GET /api/ -> https://books.toscrape.com/,4.900000,0.000000,5300,5500,5600,5700,5900,5900,6200,6200,6200,6200,6200,80,0,4200.0,4101.375563750844,1420.6043999874964,6237.727200001245,8223.0
1778882778,100,GET,GET /api/ -> https://docs.docker.com/,2.600000,0.000000,4300,4400,4700,5000,5000,5000,5000,5000,5000,5000,5000,30,0,3800.0,3741.761673334016,1854.564000008395,4984.049500024412,1856.0
1778882778,100,GET,GET /api/ -> https://flask.palletsprojects.com/,2.200000,0.000000,4200,4200,4600,4600,5000,6100,6100,6100,6100,6100,6100,24,0,4200.0,4444.916137498997,3289.9209999886807,6072.405899991281,20936.0
1778882778,100,GET,GET /api/ -> https://httpbin.org/,3.000000,0.000000,3900,4100,4200,4300,4600,4700,4800,4800,4800,4800,4800,60,0,3300.0,2841.3595716663017,648.5395999916364,4809.776999987662,332.0
1778882778,100,GET,GET /api/ -> https://redis.io/,0.000000,0.000000,6100,6500,6500,6500,6600,6700,6700,6700,6700,6700,6700,15,0,6300.0,6177.153606668192,5524.528899986763,6724.359300016658,7780.0
1778882778,100,GET,GET /api/ -> https://www.python.org/,1.800000,0.000000,4800,5100,5200,5200,5300,5400,5400,5400,5400,5400,5400,47,0,5000.0,5090.154306385344,3415.3032999893185,6035.19850000157,14427.0
1778882778,100,,Aggregated,18.500000,0.000000,4300,4800,5100,5300,5900,6300,6500,6600,6700,6700,6700,356,0,3900.0,3593.67762471991,152.14179997565225,6724.359300016658,5723.238764044944
1778882779,100,GET,GET /api/ -> http://example.com/,4.000000,0.000000,3300,3800,4000,4000,4100,4200,4200,4200,4200,4200,4200,100,0,2800.0,2299.322210001119,152.14179997565225,4487.101299979258,68.0
1778882779,100,GET,GET /api/ -> https://books.toscrape.com/,4.700000,0.000000,5400,5600,5700,5700,5900,5900,6200,6200,6200,6200,6200,80,0,4200.0,4101.375563750844,1420.6043999874964,6237.727200001245,8223.0
1778882779,100,GET,GET /api/ -> https://docs.docker.com/,2.400000,0.000000,4300,4400,4700,5000,5000,5000,5000,5000,5000,5000,5000,30,0,3800.0,3741.761673334016,1854.564000008395,4984.049500024412,1856.0
1778882779,100,GET,GET /api/ -> https://flask.palletsprojects.com/,2.300000,0.000000,4200,4200,4600,4800,6100,6300,6300,6300,6300,6300,6300,25,0,4200.0,4518.153551999712,3289.9209999886807,6275.85150001687,20936.0
1778882779,100,GET,GET /api/ -> https://httpbin.org/,3.000000,0.000000,3900,4100,4200,4300,4600,4700,4800,4800,4800,4800,4800,60,0,3300.0,2841.3595716663017,648.5395999916364,4809.776999987662,332.0
1778882779,100,GET,GET /api/ -> https://redis.io/,0.200000,0.000000,6400,6500,6600,6600,6700,6800,6800,6800,6800,6800,6800,17,0,6400.0,6236.793905885219,5524.528899986763,6763.93340001232,7780.0
1778882779,100,GET,GET /api/ -> https://www.python.org/,2.600000,0.000000,4800,5100,5200,5200,5300,5400,5400,5400,5400,5400,5400,47,0,5000.0,5090.154306385344,3415.3032999893185,6035.19850000157,14427.0
1778882779,100,,Aggregated,19.200000,0.000000,4400,5000,5300,5500,6000,6400,6600,6700,6800,6800,6800,359,0,3900.0,3618.365677438247,152.14179997565225,6763.93340001232,5777.072423398328
1778882780,100,GET,GET /api/ -> http://example.com/,4.000000,0.000000,3300,3800,4000,4000,4100,4200,4200,4200,4200,4200,4200,100,0,2800.0,2299.322210001119,152.14179997565225,4487.101299979258,68.0
1778882780,100,GET,GET /api/ -> https://books.toscrape.com/,4.700000,0.000000,5400,5600,5700,5700,5900,5900,6200,6200,6200,6200,6200,80,0,4200.0,4101.375563750844,1420.6043999874964,6237.727200001245,8223.0
1778882780,100,GET,GET /api/ -> https://docs.docker.com/,2.400000,0.000000,4400,4700,5000,5000,5000,5000,5000,5000,5000,5000,5000,30,0,3800.0,3741.761673334016,1854.564000008395,4984.049500024412,1856.0
1778882780,100,GET,GET /api/ -> https://flask.palletsprojects.com/,2.300000,0.000000,4200,4200,4600,4800,6100,6300,6300,6300,6300,6300,6300,25,0,4200.0,4518.153551999712,3289.9209999886807,6275.85150001687,20936.0
1778882780,100,GET,GET /api/ -> https://httpbin.org/,3.000000,0.000000,4100,4300,4400,4400,4700,4800,4800,4800,4800,4800,4800,60,0,3300.0,2841.3595716663017,648.5395999916364,4809.776999987662,332.0
1778882780,100,GET,GET /api/ -> https://redis.io/,0.200000,0.000000,6400,6500,6600,6600,6700,6800,6800,6800,6800,6800,6800,17,0,6400.0,6236.793905885219,5524.528899986763,6763.93340001232,7780.0
1778882780,100,GET,GET /api/ -> https://www.python.org/,2.600000,0.000000,4800,5100,5200,5200,5300,5400,5400,5400,5400,5400,5400,47,0,5000.0,5090.154306385344,3415.3032999893185,6035.19850000157,14427.0
1778882780,100,,Aggregated,19.200000,0.000000,4500,5000,5400,5600,6200,6500,6600,6700,6800,6800,6800,359,0,3900.0,3618.365677438247,152.14179997565225,6763.93340001232,5777.072423398328
1778882781,100,GET,GET /api/ -> http://example.com/,4.000000,0.000000,3400,3900,4000,4000,4200,4200,4200,4200,4200,4200,4200,100,0,2800.0,2299.322210001119,152.14179997565225,4487.101299979258,68.0
1778882781,100,GET,GET /api/ -> https://books.toscrape.com/,4.700000,0.000000,5500,5600,5700,5700,5900,6200,6200,6200,6200,6200,6200,80,0,4200.0,4101.375563750844,1420.6043999874964,6237.727200001245,8223.0
1778882781,100,GET,GET /api/ -> https://docs.docker.com/,2.400000,0.000000,4400,4700,5000,5000,5000,5000,5000,5000,5000,5000,5000,30,0,3800.0,3741.761673334016,1854.564000008395,4984.049500024412,1856.0
1778882781,100,GET,GET /api/ -> https://flask.palletsprojects.com/,2.300000,0.000000,4200,4600,4800,5000,6100,6300,6300,6300,6300,6300,6300,25,0,4200.0,4518.153551999712,3289.9209999886807,6275.85150001687,20936.0
1778882781,100,GET,GET /api/ -> https://httpbin.org/,3.000000,0.000000,4300,4400,4400,4600,4700,4800,4800,4800,4800,4800,4800,60,0,3300.0,2841.3595716663017,648.5395999916364,4809.776999987662,332.0
1778882781,100,GET,GET /api/ -> https://redis.io/,0.200000,0.000000,6400,6500,6600,6600,6700,6800,6800,6800,6800,6800,6800,17,0,6400.0,6236.793905885219,5524.528899986763,6763.93340001232,7780.0
1778882781,100,GET,GET /api/ -> https://www.python.org/,2.600000,0.000000,4900,5100,5200,5200,5300,5400,5400,5400,5400,5400,5400,47,0,5000.0,5090.154306385344,3415.3032999893185,6035.19850000157,14427.0
1778882781,100,,Aggregated,19.200000,0.000000,4700,5100,5500,5700,6300,6500,6600,6700,6800,6800,6800,359,0,3900.0,3618.365677438247,152.14179997565225,6763.93340001232,5777.072423398328
1778882782,100,GET,GET /api/ -> http://example.com/,2.400000,0.000000,3900,3900,4100,4200,4200,4200,4200,4200,4200,4200,4200,100,0,2800.0,2299.322210001119,152.14179997565225,4487.101299979258,68.0
1778882782,100,GET,GET /api/ -> https://books.toscrape.com/,2.300000,0.000000,5500,5700,5900,5900,9500,9800,10000,10000,10000,10000,10000,83,0,4300.0,4310.195528916841,1420.6043999874964,10279.054600017844,8223.0
1778882782,100,GET,GET /api/ -> https://docs.docker.com/,0.900000,0.000000,5000,5000,5000,6800,6800,6800,6800,6800,6800,6800,6800,31,0,3900.0,3840.844209678659,1854.564000008395,6813.320300017949,1856.0
1778882782,100,GET,GET /api/ -> https://flask.palletsprojects.com/,2.500000,0.000000,4600,5000,6100,6300,9600,9900,9900,9900,9900,9900,9900,28,0,4300.0,5004.181582143896,3289.9209999886807,9874.095300008776,20936.0
1778882782,100,GET,GET /api/ -> https://httpbin.org/,2.900000,0.000000,4300,4400,4600,4600,4700,4800,4800,4800,4800,4800,4800,60,0,3300.0,2841.3595716663017,648.5395999916364,4809.776999987662,332.0
1778882782,100,GET,GET /api/ -> https://redis.io/,1.700000,0.000000,6500,6600,6700,6800,9800,9900,9900,9900,9900,9900,9900,20,0,6400.0,6768.983630002185,5524.528899986763,9949.70289999037,7780.0
1778882782,100,GET,GET /api/ -> https://www.python.org/,1.700000,0.000000,5000,5100,5200,5200,5400,9700,9700,9700,9700,9700,9700,48,0,5000.0,5186.492281252261,3415.3032999893185,9714.377099997364,14427.0
1778882782,100,,Aggregated,14.400000,0.000000,5200,5700,6200,6400,7600,9800,9900,10000,10000,10000,10000,370,0,4000.0,3788.30967864975,152.14179997565225,10279.054600017844,5948.835135135135
1778882783,100,GET,GET /api/ -> http://example.com/,2.000000,0.000000,3900,3900,4100,4200,4200,4200,4200,4200,4200,4200,4200,100,0,2800.0,2299.322210001119,152.14179997565225,4487.101299979258,68.0
1778882783,100,GET,GET /api/ -> https://books.toscrape.com/,2.000000,0.000000,5600,5700,5900,6200,9800,10000,10000,10000,10000,10000,10000,83,0,4300.0,4310.195528916841,1420.6043999874964,10279.054600017844,8223.0
1778882783,100,GET,GET /api/ -> https://docs.docker.com/,0.800000,0.000000,5000,5000,6800,6800,6800,6800,6800,6800,6800,6800,6800,31,0,3900.0,3840.844209678659,1854.564000008395,6813.320300017949,1856.0
1778882783,100,GET,GET /api/ -> https://flask.palletsprojects.com/,1.800000,0.000000,7600,8500,9000,9600,9900,9900,9900,9900,9900,9900,9900,30,0,4400.0,5254.401900001297,3289.9209999886807,9874.095300008776,20936.0
1778882783,100,GET,GET /api/ -> https://httpbin.org/,1.900000,0.000000,4400,4400,4700,4700,4800,4800,4800,4800,4800,4800,4800,60,0,3300.0,2841.3595716663017,648.5395999916364,4809.776999987662,332.0
1778882783,100,GET,GET /api/ -> https://redis.io/,1.700000,0.000000,6500,6600,6700,6800,9800,9900,9900,9900,9900,9900,9900,20,0,6400.0,6768.983630002185,5524.528899986763,9949.70289999037,7780.0
1778882783,100,GET,GET /api/ -> https://www.python.org/,1.700000,0.000000,5000,5100,5200,5200,5400,9700,9700,9700,9700,9700,9700,48,0,5000.0,5186.492281252261,3415.3032999893185,9714.377099997364,14427.0
1778882783,100,,Aggregated,11.900000,0.000000,5500,6000,6400,6600,9500,9800,9900,10000,10000,10000,10000,372,0,4000.0,3815.0256822591864,152.14179997565225,10279.054600017844,6029.4112903225805
1778882784,100,GET,GET /api/ -> http://example.com/,2.000000,0.000000,4100,4200,4200,4200,4200,4200,4200,4200,4200,4200,4200,100,0,2800.0,2299.322210001119,152.14179997565225,4487.101299979258,68.0
1778882784,100,GET,GET /api/ -> https://books.toscrape.com/,2.000000,0.000000,5700,9500,9800,9800,10000,10000,10000,10000,10000,10000,10000,83,0,4300.0,4310.195528916841,1420.6043999874964,10279.054600017844,8223.0
1778882784,100,GET,GET /api/ -> https://docs.docker.com/,0.800000,0.000000,5000,5000,6800,6800,6800,6800,6800,6800,6800,6800,6800,31,0,3900.0,3840.844209678659,1854.564000008395,6813.320300017949,1856.0
1778882784,100,GET,GET /api/ -> https://flask.palletsprojects.com/,1.800000,0.000000,7600,8500,9000,9600,9900,9900,9900,9900,9900,9900,9900,30,0,4400.0,5254.401900001297,3289.9209999886807,9874.095300008776,20936.0
1778882784,100,GET,GET /api/ -> https://httpbin.org/,1.900000,0.000000,4400,4400,4700,4700,4800,4800,4800,4800,4800,4800,4800,60,0,3300.0,2841.3595716663017,648.5395999916364,4809.776999987662,332.0
1778882784,100,GET,GET /api/ -> https://redis.io/,1.700000,0.000000,6500,6600,6700,6800,9800,9900,9900,9900,9900,9900,9900,20,0,6400.0,6768.983630002185,5524.528899986763,9949.70289999037,7780.0
1778882784,100,GET,GET /api/ -> https://www.python.org/,1.700000,0.000000,4900,5200,5200,5200,5400,9700,9700,9700,9700,9700,9700,48,0,5000.0,5186.492281252261,3415.3032999893185,9714.377099997364,14427.0
1778882784,100,,Aggregated,11.900000,0.000000,5700,6400,6700,7600,9700,9900,9900,10000,10000,10000,10000,372,0,4000.0,3815.0256822591864,152.14179997565225,10279.054600017844,6029.4112903225805
1778882785,100,GET,GET /api/ -> http://example.com/,1.000000,0.000000,4100,4200,4200,4200,4200,4200,4200,4200,4200,4200,4200,100,0,2800.0,2299.322210001119,152.14179997565225,4487.101299979258,68.0
1778882785,100,GET,GET /api/ -> https://books.toscrape.com/,1.900000,0.000000,9800,9800,10000,10000,10000,10000,10000,10000,10000,10000,10000,83,0,4300.0,4310.195528916841,1420.6043999874964,10279.054600017844,8223.0
1778882785,100,GET,GET /api/ -> https://docs.docker.com/,0.500000,0.000000,5000,5000,6800,6800,6800,6800,6800,6800,6800,6800,6800,31,0,3900.0,3840.844209678659,1854.564000008395,6813.320300017949,1856.0
1778882785,100,GET,GET /api/ -> https://flask.palletsprojects.com/,0.900000,0.000000,8500,9000,9600,9600,9900,9900,9900,9900,9900,9900,9900,30,0,4400.0,5254.401900001297,3289.9209999886807,9874.095300008776,20936.0
1778882785,100,GET,GET /api/ -> https://httpbin.org/,1.100000,0.000000,4400,4400,4700,4700,4800,4800,4800,4800,4800,4800,4800,60,0,3300.0,2841.3595716663017,648.5395999916364,4809.776999987662,332.0
1778882785,100,GET,GET /api/ -> https://redis.io/,2.000000,0.000000,6500,6600,6700,6800,9800,9900,10000,10000,10000,10000,10000,23,0,6500.0,6872.106617395058,5524.528899986763,10007.092400017427,7780.0
1778882785,100,GET,GET /api/ -> https://www.python.org/,1.800000,0.000000,5200,5200,5300,5400,9700,9700,9700,9700,9700,9700,9700,48,0,5000.0,5186.492281252261,3415.3032999893185,9714.377099997364,14427.0
1778882785,100,,Aggregated,9.200000,0.000000,6400,6700,8500,9500,9800,9900,10000,10000,10000,10000,10000,375,0,4000.0,3844.9822224012264,152.14179997565225,10279.054600017844,6043.416
1778882786,100,GET,GET /api/ -> http://example.com/,0.500000,0.000000,4100,4200,4200,4200,4200,4200,4200,4200,4200,4200,4200,100,0,2800.0,2299.322210001119,152.14179997565225,4487.101299979258,68.0
1778882786,100,GET,GET /api/ -> https://books.toscrape.com/,1.900000,0.000000,9800,9800,10000,10000,10000,10000,10000,10000,10000,10000,10000,83,0,4300.0,4310.195528916841,1420.6043999874964,10279.054600017844,8223.0
1778882786,100,GET,GET /api/ -> https://docs.docker.com/,0.300000,0.000000,6800,6800,11000,11000,11000,11000,11000,11000,11000,11000,11000,32,0,3900.0,4054.7433968758924,1854.564000008395,10685.618199990131,1856.0
1778882786,100,GET,GET /api/ -> https://flask.palletsprojects.com/,1.000000,0.000000,8500,9000,9600,9600,9900,9900,9900,9900,9900,9900,9900,30,0,4400.0,5254.401900001297,3289.9209999886807,9874.095300008776,20936.0
1778882786,100,GET,GET /api/ -> https://httpbin.org/,0.600000,0.000000,4400,4400,4700,4700,4800,4800,4800,4800,4800,4800,4800,60,0,3300.0,2841.3595716663017,648.5395999916364,4809.776999987662,332.0
1778882786,100,GET,GET /api/ -> https://redis.io/,2.000000,0.000000,6500,6600,6700,6800,9800,9900,10000,10000,10000,10000,10000,25,0,6400.0,6655.260940004373,3833.823900000425,10007.092400017427,7780.0
1778882786,100,GET,GET /api/ -> https://www.python.org/,1.800000,0.000000,5200,5200,5300,5400,9700,9700,9700,9700,9700,9700,9700,48,0,5000.0,5186.492281252261,3415.3032999893185,9714.377099997364,14427.0
1778882786,100,,Aggregated,8.100000,0.000000,6700,8500,9600,9700,9900,10000,11000,11000,11000,11000,11000,378,0,4000.0,3864.75402883723,152.14179997565225,10685.618199990131,6041.526455026455
1778882787,100,GET,GET /api/ -> http://example.com/,0.500000,0.000000,4100,4200,4200,4200,4200,4200,4200,4200,4200,4200,4200,100,0,2800.0,2299.322210001119,152.14179997565225,4487.101299979258,68.0
1778882787,100,GET,GET /api/ -> https://books.toscrape.com/,1.900000,0.000000,9800,9800,10000,10000,10000,10000,10000,10000,10000,10000,10000,83,0,4300.0,4310.195528916841,1420.6043999874964,10279.054600017844,8223.0
1778882787,100,GET,GET /api/ -> https://docs.docker.com/,0.300000,0.000000,6800,6800,11000,11000,11000,11000,11000,11000,11000,11000,11000,32,0,3900.0,4054.7433968758924,1854.564000008395,10685.618199990131,1856.0
1778882787,100,GET,GET /api/ -> https://flask.palletsprojects.com/,1.000000,0.000000,8500,9000,9600,9600,9900,9900,9900,9900,9900,9900,9900,30,0,4400.0,5254.401900001297,3289.9209999886807,9874.095300008776,20936.0
1778882787,100,GET,GET /api/ -> https://httpbin.org/,0.600000,0.000000,4400,4400,4700,4700,4800,4800,4800,4800,4800,4800,4800,60,0,3300.0,2841.3595716663017,648.5395999916364,4809.776999987662,332.0
1778882787,100,GET,GET /api/ -> https://redis.io/,2.000000,0.000000,6700,6800,9800,9800,9900,10000,10000,10000,10000,10000,10000,26,0,6400.0,6583.609853851018,3833.823900000425,10007.092400017427,7780.0
1778882787,100,GET,GET /api/ -> https://www.python.org/,1.800000,0.000000,5200,5200,5300,5400,9700,9700,9700,9700,9700,9700,9700,48,0,5000.0,5186.492281252261,3415.3032999893185,9714.377099997364,14427.0
1778882787,100,,Aggregated,8.100000,0.000000,8500,9600,9800,9900,10000,10000,11000,11000,11000,11000,11000,379,0,4000.0,3867.201465964354,152.14179997565225,10685.618199990131,6046.11345646438
1778882788,100,GET,GET /api/ -> http://example.com/,0.000000,0.000000,4100,4200,4200,4200,4200,4200,4200,4200,4200,4200,4200,100,0,2800.0,2299.322210001119,152.14179997565225,4487.101299979258,68.0
1778882788,100,GET,GET /api/ -> https://books.toscrape.com/,0.400000,0.000000,10000,10000,15000,15000,16000,16000,16000,16000,16000,16000,16000,85,0,4300.0,4569.102287059992,1420.6043999874964,15520.105399977183,8223.0
1778882788,100,GET,GET /api/ -> https://docs.docker.com/,0.100000,0.000000,11000,11000,13000,13000,13000,13000,13000,13000,13000,13000,13000,33,0,4000.0,4315.0134757584465,1854.564000008395,12643.656000000192,1856.0
1778882788,100,GET,GET /api/ -> https://flask.palletsprojects.com/,0.800000,0.000000,9000,9000,9600,9600,9900,9900,9900,9900,9900,9900,9900,30,0,4400.0,5254.401900001297,3289.9209999886807,9874.095300008776,20936.0
1778882788,100,GET,GET /api/ -> https://httpbin.org/,0.000000,0.000000,4800,12000,14000,14000,16000,16000,16000,16000,16000,16000,16000,64,0,3500.0,3544.368812499215,648.5395999916364,15925.180399994133,332.0
1778882788,100,GET,GET /api/ -> https://locust.io/,0.000000,0.000000,0,0,0,0,0,0,0,0,0,0,0,1,1,10486.143399990397,10486.143399990397,10486.143399990397,10486.143399990397,222.0
1778882788,100,GET,GET /api/ -> https://redis.io/,2.300000,0.000000,6700,6800,9800,9800,9900,10000,10000,10000,10000,10000,10000,27,1,6400.0,6540.405803709291,3833.823900000425,10007.092400017427,7500.037037037037
1778882788,100,GET,GET /api/ -> https://www.python.org/,1.000000,0.000000,5200,5200,5300,5400,9700,9700,9700,9700,9700,9700,9700,48,0,5000.0,5186.492281252261,3415.3032999893185,9714.377099997364,14427.0
1778882788,100,,Aggregated,4.600000,0.000000,9700,10000,11000,12000,14000,16000,16000,16000,16000,16000,16000,388,2,4000.0,4075.262244073398,152.14179997565225,15925.180399994133,5957.603092783505
1778882789,100,GET,GET /api/ -> http://example.com/,0.000000,0.000000,4100,4200,4200,4200,4200,4200,4200,4200,4200,4200,4200,100,0,2800.0,2299.322210001119,152.14179997565225,4487.101299979258,68.0
1778882789,100,GET,GET /api/ -> https://books.toscrape.com/,0.300000,0.000000,10000,15000,15000,16000,16000,16000,16000,16000,16000,16000,16000,85,0,4300.0,4569.102287059992,1420.6043999874964,15520.105399977183,8223.0
1778882789,100,GET,GET /api/ -> https://docs.docker.com/,0.200000,0.000000,11000,11000,13000,13000,13000,13000,13000,13000,13000,13000,13000,33,0,4000.0,4315.0134757584465,1854.564000008395,12643.656000000192,1856.0
1778882789,100,GET,GET /api/ -> https://flask.palletsprojects.com/,0.700000,0.000000,9000,9000,9600,9600,9900,9900,9900,9900,9900,9900,9900,30,0,4400.0,5254.401900001297,3289.9209999886807,9874.095300008776,20936.0
1778882789,100,GET,GET /api/ -> https://httpbin.org/,0.000000,0.000000,14000,14000,14000,14000,17000,17000,17000,17000,17000,17000,17000,70,0,3600.0,4536.48684142806,648.5395999916364,17207.66330001061,332.0
1778882789,100,GET,GET /api/ -> https://locust.io/,0.000000,0.000000,0,0,0,0,0,0,0,0,0,0,0,1,1,10486.143399990397,10486.143399990397,10486.143399990397,10486.143399990397,222.0
1778882789,100,GET,GET /api/ -> https://redis.io/,2.400000,0.000000,6700,6800,9800,9800,9900,10000,10000,10000,10000,10000,10000,27,1,6400.0,6540.405803709291,3833.823900000425,10007.092400017427,7500.037037037037
1778882789,100,GET,GET /api/ -> https://www.python.org/,0.100000,0.000000,9700,9700,9700,9700,9700,9700,9700,9700,9700,9700,9700,48,0,5000.0,5186.492281252261,3415.3032999893185,9714.377099997364,14427.0
1778882789,100,,Aggregated,3.700000,0.000000,9900,12000,14000,14000,16000,17000,17000,17000,17000,17000,17000,394,2,4000.0,4243.442196955566,152.14179997565225,17207.66330001061,5871.934010152284
1778882790,100,GET,GET /api/ -> http://example.com/,0.000000,0.000000,4100,4200,4200,4200,4200,4200,4200,4200,4200,4200,4200,100,0,2800.0,2299.322210001119,152.14179997565225,4487.101299979258,68.0
1778882790,100,GET,GET /api/ -> https://books.toscrape.com/,0.300000,0.000000,10000,15000,15000,16000,16000,16000,16000,16000,16000,16000,16000,85,0,4300.0,4569.102287059992,1420.6043999874964,15520.105399977183,8223.0
1778882790,100,GET,GET /api/ -> https://docs.docker.com/,0.200000,0.000000,11000,11000,13000,13000,13000,13000,13000,13000,13000,13000,13000,33,0,4000.0,4315.0134757584465,1854.564000008395,12643.656000000192,1856.0
1778882790,100,GET,GET /api/ -> https://flask.palletsprojects.com/,0.700000,0.000000,9000,9600,9600,9900,9900,9900,9900,9900,9900,9900,9900,30,0,4400.0,5254.401900001297,3289.9209999886807,9874.095300008776,20936.0
1778882790,100,GET,GET /api/ -> https://httpbin.org/,0.000000,0.000000,14000,14000,16000,16000,17000,17000,17000,17000,17000,17000,17000,73,0,3600.0,5010.951047944629,648.5395999916364,17438.856900000246,332.0
1778882790,100,GET,GET /api/ -> https://locust.io/,0.000000,0.000000,10000,10000,10000,10000,10000,10000,10000,10000,10000,10000,10000,1,1,10486.143399990397,10486.143399990397,10486.143399990397,10486.143399990397,222.0
1778882790,100,GET,GET /api/ -> https://redis.io/,1.200000,0.000000,6700,9600,9800,9900,10000,10000,10000,10000,10000,10000,10000,27,1,6400.0,6540.405803709291,3833.823900000425,10007.092400017427,7500.037037037037
1778882790,100,GET,GET /api/ -> https://www.python.org/,0.100000,0.000000,9700,9700,9700,9700,9700,9700,9700,9700,9700,9700,9700,48,0,5000.0,5186.492281252261,3415.3032999893185,9714.377099997364,14427.0
1778882790,100,,Aggregated,2.500000,0.000000,10000,14000,14000,15000,16000,17000,17000,17000,17000,17000,17000,397,2,4000.0,4332.900688162435,152.14179997565225,17438.856900000246,5830.070528967254
1778882791,100,GET,GET /api/ -> http://example.com/,0.000000,0.000000,4100,4200,4200,4200,4200,4200,4200,4200,4200,4200,4200,100,0,2800.0,2299.322210001119,152.14179997565225,4487.101299979258,68.0
1778882791,100,GET,GET /api/ -> https://books.toscrape.com/,0.500000,0.000000,10000,15000,15000,16000,16000,16000,16000,16000,16000,16000,16000,85,0,4300.0,4569.102287059992,1420.6043999874964,15520.105399977183,8223.0
1778882791,100,GET,GET /api/ -> https://docs.docker.com/,0.300000,0.000000,11000,11000,13000,13000,13000,13000,13000,13000,13000,13000,13000,33,0,4000.0,4315.0134757584465,1854.564000008395,12643.656000000192,1856.0
1778882791,100,GET,GET /api/ -> https://flask.palletsprojects.com/,0.600000,0.000000,9000,9600,9600,9900,9900,9900,9900,9900,9900,9900,9900,30,0,4400.0,5254.401900001297,3289.9209999886807,9874.095300008776,20936.0
1778882791,100,GET,GET /api/ -> https://httpbin.org/,0.500000,0.000000,16000,16000,16000,17000,17000,17000,17000,17000,17000,17000,17000,77,0,3700.0,5612.86091428498,648.5395999916364,17438.856900000246,332.0
1778882791,100,GET,GET /api/ -> https://locust.io/,0.100000,0.100000,10000,10000,10000,10000,10000,10000,10000,10000,10000,10000,10000,1,1,10486.143399990397,10486.143399990397,10486.143399990397,10486.143399990397,222.0
1778882791,100,GET,GET /api/ -> https://redis.io/,1.200000,0.100000,6700,9600,9800,9900,10000,10000,10000,10000,10000,10000,10000,27,1,6400.0,6540.405803709291,3833.823900000425,10007.092400017427,7500.037037037037
1778882791,100,GET,GET /api/ -> https://www.python.org/,0.100000,0.000000,9700,9700,9700,9700,9700,9700,9700,9700,9700,9700,9700,48,0,5000.0,5186.492281252261,3415.3032999893185,9714.377099997364,14427.0
1778882791,100,,Aggregated,3.300000,0.200000,11000,14000,15000,16000,16000,17000,17000,17000,17000,17000,17000,401,2,4000.0,4455.24298528796,152.14179997565225,17438.856900000246,5775.226932668329
1778882792,100,GET,GET /api/ -> http://example.com/,0.000000,0.000000,4100,4200,4200,4200,4200,4200,4200,4200,4200,4200,4200,100,0,2800.0,2299.322210001119,152.14179997565225,4487.101299979258,68.0
1778882792,100,GET,GET /api/ -> https://books.toscrape.com/,0.500000,0.000000,10000,15000,15000,16000,16000,16000,16000,16000,16000,16000,16000,85,0,4300.0,4569.102287059992,1420.6043999874964,15520.105399977183,8223.0
1778882792,100,GET,GET /api/ -> https://docs.docker.com/,0.300000,0.000000,11000,11000,13000,13000,13000,13000,13000,13000,13000,13000,13000,33,0,4000.0,4315.0134757584465,1854.564000008395,12643.656000000192,1856.0
1778882792,100,GET,GET /api/ -> https://flask.palletsprojects.com/,0.500000,0.000000,8500,8500,8500,8500,8500,8500,8500,8500,8500,8500,8500,30,0,4400.0,5254.401900001297,3289.9209999886807,9874.095300008776,20936.0
1778882792,100,GET,GET /api/ -> https://httpbin.org/,1.000000,0.000000,16000,17000,17000,17000,18000,18000,18000,18000,18000,18000,18000,80,0,3700.0,6062.287693749022,648.5395999916364,17840.323299984448,332.0
1778882792,100,GET,GET /api/ -> https://locust.io/,0.100000,0.100000,10000,10000,10000,10000,10000,10000,10000,10000,10000,10000,10000,1,1,10486.143399990397,10486.143399990397,10486.143399990397,10486.143399990397,222.0
1778882792,100,GET,GET /api/ -> https://redis.io/,1.000000,0.100000,6700,9600,9800,9900,10000,10000,10000,10000,10000,10000,10000,27,1,6400.0,6540.405803709291,3833.823900000425,10007.092400017427,7500.037037037037
1778882792,100,GET,GET /api/ -> https://www.python.org/,0.100000,0.000000,9700,9700,9700,9700,9700,9700,9700,9700,9700,9700,9700,48,0,5000.0,5186.492281252261,3415.3032999893185,9714.377099997364,14427.0
1778882792,100,,Aggregated,3.500000,0.200000,14000,16000,16000,17000,17000,18000,18000,18000,18000,18000,18000,404,2,4000.0,4552.834559902105,152.14179997565225,17840.323299984448,5734.806930693069
1778882793,100,GET,GET /api/ -> http://example.com/,0.000000,0.000000,0,0,0,0,0,0,0,0,0,0,0,100,0,2800.0,2299.322210001119,152.14179997565225,4487.101299979258,68.0
1778882793,100,GET,GET /api/ -> https://books.toscrape.com/,0.500000,0.000000,15000,16000,20000,20000,20000,20000,20000,20000,20000,20000,20000,87,0,4400.0,4916.8490988517515,1420.6043999874964,19771.00549999159,8223.0
1778882793,100,GET,GET /api/ -> https://docs.docker.com/,0.300000,0.000000,13000,13000,17000,17000,17000,17000,17000,17000,17000,17000,17000,34,0,4000.0,4679.830305882634,1854.564000008395,16718.7856999808,1856.0
1778882793,100,GET,GET /api/ -> https://flask.palletsprojects.com/,0.500000,0.000000,8500,8500,8500,8500,8500,8500,8500,8500,8500,8500,8500,30,0,4400.0,5254.401900001297,3289.9209999886807,9874.095300008776,20936.0
1778882793,100,GET,GET /api/ -> https://httpbin.org/,1.300000,0.000000,16000,17000,17000,17000,18000,18000,18000,18000,18000,18000,18000,80,0,3700.0,6062.287693749022,648.5395999916364,17840.323299984448,332.0
1778882793,100,GET,GET /api/ -> https://locust.io/,0.100000,0.100000,10000,10000,10000,10000,10000,10000,10000,10000,10000,10000,10000,1,1,10486.143399990397,10486.143399990397,10486.143399990397,10486.143399990397,222.0
1778882793,100,GET,GET /api/ -> https://redis.io/,1.000000,0.100000,5400,6000,6700,6700,10000,10000,10000,10000,10000,10000,10000,27,1,6400.0,6540.405803709291,3833.823900000425,10007.092400017427,7500.037037037037
1778882793,100,GET,GET /api/ -> https://www.python.org/,0.100000,0.000000,9700,9700,9700,9700,9700,9700,9700,9700,9700,9700,9700,48,0,5000.0,5186.492281252261,3415.3032999893185,9714.377099997364,14427.0
1778882793,100,,Aggregated,3.800000,0.200000,15000,16000,17000,17000,18000,20000,20000,20000,20000,20000,20000,407,2,4100.0,4657.140356512124,152.14179997565225,19771.00549999159,5737.503685503685
1778882795,100,GET,GET /api/ -> http://example.com/,0.000000,0.000000,0,0,0,0,0,0,0,0,0,0,0,100,0,2800.0,2299.322210001119,152.14179997565225,4487.101299979258,68.0
1778882795,100,GET,GET /api/ -> https://books.toscrape.com/,0.500000,0.000000,20000,20000,21000,21000,22000,22000,22000,22000,22000,22000,22000,91,0,4500.0,5597.034331869429,1420.6043999874964,21617.173999984516,8223.0
1778882795,100,GET,GET /api/ -> https://docs.docker.com/,0.300000,0.000000,19000,19000,19000,19000,20000,20000,20000,20000,20000,20000,20000,39,0,4000.0,6491.7912512826615,1854.564000008395,19981.570500007365,1856.0
1778882795,100,GET,GET /api/ -> https://flask.palletsprojects.com/,0.500000,0.000000,13000,13000,13000,13000,13000,13000,13000,13000,13000,13000,13000,31,0,4600.0,5489.03640322744,3289.9209999886807,12528.07150001172,20936.0
1778882795,100,GET,GET /api/ -> https://httpbin.org/,1.700000,0.000000,16000,16000,17000,17000,17000,18000,18000,18000,18000,18000,18000,83,0,3900.0,6225.325149396667,648.5395999916364,17840.323299984448,332.0
1778882795,100,GET,GET /api/ -> https://locust.io/,0.100000,0.100000,10000,10000,10000,10000,10000,10000,10000,10000,10000,10000,10000,1,1,10486.143399990397,10486.143399990397,10486.143399990397,10486.143399990397,222.0
1778882795,100,GET,GET /api/ -> https://redis.io/,1.000000,0.100000,4800,4800,5400,5400,5400,5400,5400,5400,5400,5400,5400,27,1,6400.0,6540.405803709291,3833.823900000425,10007.092400017427,7500.037037037037
1778882795,100,GET,GET /api/ -> https://www.python.org/,0.100000,0.000000,9700,9700,9700,9700,9700,9700,9700,9700,9700,9700,9700,48,0,5000.0,5186.492281252261,3415.3032999893185,9714.377099997364,14427.0
1778882795,100,,Aggregated,4.200000,0.200000,16000,17000,18000,19000,20000,20000,22000,22000,22000,22000,22000,420,2,4100.0,5036.5072607154225,152.14179997565225,21617.173999984516,5712.542857142857
1778882796,100,GET,GET /api/ -> http://example.com/,0.000000,0.000000,0,0,0,0,0,0,0,0,0,0,0,100,0,2800.0,2299.322210001119,152.14179997565225,4487.101299979258,68.0
1778882796,100,GET,GET /api/ -> https://books.toscrape.com/,0.200000,0.000000,20000,22000,22000,23000,23000,23000,23000,23000,23000,23000,23000,96,0,4600.0,6446.017805209522,1420.6043999874964,23122.436699981336,8223.0
1778882796,100,GET,GET /api/ -> https://docs.docker.com/,0.200000,0.000000,19000,19000,19000,20000,20000,20000,20000,20000,20000,20000,20000,44,0,4100.0,7966.51593409148,1854.564000008395,19981.570500007365,1856.0
1778882796,100,GET,GET /api/ -> https://flask.palletsprojects.com/,0.100000,0.000000,13000,13000,13000,13000,13000,13000,13000,13000,13000,13000,13000,31,0,4600.0,5489.03640322744,3289.9209999886807,12528.07150001172,20936.0
1778882796,100,GET,GET /api/ -> https://httpbin.org/,2.000000,0.000000,15000,16000,17000,17000,17000,18000,18000,18000,18000,18000,18000,85,0,4000.0,6322.291642352459,648.5395999916364,17840.323299984448,332.0
1778882796,100,GET,GET /api/ -> https://locust.io/,0.100000,0.100000,18000,18000,18000,18000,18000,18000,18000,18000,18000,18000,18000,3,1,18000.0,15589.37436666262,10486.143399990397,18310.44549998478,3472.0
1778882796,100,GET,GET /api/ -> https://redis.io/,0.700000,0.100000,4800,4800,5400,5400,5400,5400,5400,5400,5400,5400,5400,27,1,6400.0,6540.405803709291,3833.823900000425,10007.092400017427,7500.037037037037
1778882796,100,GET,GET /api/ -> https://www.python.org/,0.000000,0.000000,9700,9700,9700,9700,9700,9700,9700,9700,9700,9700,9700,48,0,5000.0,5186.492281252261,3415.3032999893185,9714.377099997364,14427.0
1778882796,100,,Aggregated,3.300000,0.200000,17000,18000,19000,19000,21000,23000,23000,23000,23000,23000,23000,434,2,4100.0,5481.894605531121,152.14179997565225,23122.436699981336,5669.403225806452
1778882797,100,GET,GET /api/ -> http://example.com/,0.000000,0.000000,0,0,0,0,0,0,0,0,0,0,0,100,0,2800.0,2299.322210001119,152.14179997565225,4487.101299979258,68.0
1778882797,100,GET,GET /api/ -> https://books.toscrape.com/,0.400000,0.000000,21000,22000,22000,23000,23000,24000,24000,24000,24000,24000,24000,100,0,4700.0,7054.85901300126,1420.6043999874964,23526.405799988424,8223.0
1778882797,100,GET,GET /api/ -> https://docs.docker.com/,0.400000,0.000000,19000,19000,20000,20000,20000,20000,20000,20000,20000,20000,20000,45,0,4100.0,8232.443273333936,1854.564000008395,19981.570500007365,1856.0
1778882797,100,GET,GET /api/ -> https://flask.palletsprojects.com/,0.000000,0.000000,13000,13000,13000,13000,13000,13000,13000,13000,13000,13000,13000,31,0,4600.0,5489.03640322744,3289.9209999886807,12528.07150001172,20936.0
1778882797,100,GET,GET /api/ -> https://httpbin.org/,2.000000,0.000000,15000,16000,17000,17000,17000,18000,18000,18000,18000,18000,18000,85,0,4000.0,6322.291642352459,648.5395999916364,17840.323299984448,332.0
1778882797,100,GET,GET /api/ -> https://locust.io/,0.100000,0.100000,18000,19000,19000,19000,19000,19000,19000,19000,19000,19000,19000,11,1,18000.0,17198.711536364335,10486.143399990397,19277.330700017046,4653.818181818182
1778882797,100,GET,GET /api/ -> https://redis.io/,0.700000,0.100000,5400,5400,5400,5400,5400,5400,5400,5400,5400,5400,5400,27,1,6400.0,6540.405803709291,3833.823900000425,10007.092400017427,7500.037037037037
1778882797,100,GET,GET /api/ -> https://www.python.org/,0.000000,0.000000,23000,23000,24000,24000,24000,24000,24000,24000,24000,24000,24000,50,0,5100.0,5920.425982002635,3415.3032999893185,23642.40690000588,14427.0
1778882797,100,,Aggregated,3.600000,0.200000,18000,19000,20000,20000,22000,23000,24000,24000,24000,24000,24000,449,2,4200.0,5958.198375056933,152.14179997565225,23642.40690000588,5712.469933184855
1778882798,100,GET,GET /api/ -> http://example.com/,0.000000,0.000000,0,0,0,0,0,0,0,0,0,0,0,100,0,2800.0,2299.322210001119,152.14179997565225,4487.101299979258,68.0
1778882798,100,GET,GET /api/ -> https://books.toscrape.com/,1.300000,0.000000,21000,22000,22000,23000,23000,24000,24000,24000,24000,24000,24000,100,0,4700.0,7054.85901300126,1420.6043999874964,23526.405799988424,8223.0
1778882798,100,GET,GET /api/ -> https://docs.docker.com/,1.300000,0.000000,19000,20000,20000,20000,21000,21000,21000,21000,21000,21000,21000,48,0,4100.0,8909.374254166929,1854.564000008395,20923.895399988396,1856.0
1778882798,100,GET,GET /api/ -> https://flask.palletsprojects.com/,0.100000,0.000000,11000,11000,13000,13000,13000,13000,13000,13000,13000,13000,13000,33,0,4600.0,5768.319584849946,3289.9209999886807,12528.07150001172,20936.0
1778882798,100,GET,GET /api/ -> https://httpbin.org/,2.500000,0.000000,16000,17000,17000,17000,18000,18000,18000,18000,18000,18000,18000,85,0,4000.0,6322.291642352459,648.5395999916364,17840.323299984448,332.0
1778882798,100,GET,GET /api/ -> https://locust.io/,0.300000,0.100000,18000,19000,19000,19000,20000,20000,21000,21000,21000,21000,21000,27,1,18000.0,16196.279377777872,9448.589499981608,21117.292200011434,4916.444444444444
1778882798,100,GET,GET /api/ -> https://redis.io/,0.400000,0.100000,5400,5400,5400,5400,5400,5400,5400,5400,5400,5400,5400,27,1,6400.0,6540.405803709291,3833.823900000425,10007.092400017427,7500.037037037037
1778882798,100,GET,GET /api/ -> https://www.python.org/,0.000000,0.000000,24000,24000,25000,25000,25000,25000,25000,25000,25000,25000,25000,55,0,5200.0,7563.004910912026,3415.3032999893185,24749.804799997946,14427.0
1778882798,100,,Aggregated,5.900000,0.200000,19000,20000,20000,21000,23000,24000,25000,25000,25000,25000,25000,475,2,4300.0,6569.838299790676,152.14179997565225,24749.804799997946,5823.212631578947
1778882799,100,GET,GET /api/ -> http://example.com/,0.000000,0.000000,0,0,0,0,0,0,0,0,0,0,0,100,0,2800.0,2299.322210001119,152.14179997565225,4487.101299979258,68.0
1778882799,100,GET,GET /api/ -> https://books.toscrape.com/,1.700000,0.000000,21000,22000,22000,23000,23000,24000,24000,24000,24000,24000,24000,100,0,4700.0,7054.85901300126,1420.6043999874964,23526.405799988424,8223.0
1778882799,100,GET,GET /api/ -> https://docs.docker.com/,1.300000,0.000000,19000,20000,20000,20000,21000,21000,21000,21000,21000,21000,21000,48,0,4100.0,8909.374254166929,1854.564000008395,20923.895399988396,1856.0
1778882799,100,GET,GET /api/ -> https://flask.palletsprojects.com/,0.100000,0.000000,5500,9200,11000,11000,13000,13000,13000,13000,13000,13000,13000,38,0,4600.0,5620.294189475029,3289.9209999886807,12528.07150001172,20936.0
1778882799,100,GET,GET /api/ -> https://github.com/ibnesayeed/linkextractor,0.000000,0.000000,0,0,0,0,0,0,0,0,0,0,0,1,0,10699.779099988518,10699.779099988518,10699.779099988518,10699.779099988518,12313.0
1778882799,100,GET,GET /api/ -> https://httpbin.org/,2.500000,0.000000,14000,16000,16000,17000,17000,18000,18000,18000,18000,18000,18000,91,0,4000.0,6196.11112747225,648.5395999916364,17840.323299984448,332.0
1778882799,100,GET,GET /api/ -> https://locust.io/,1.100000,0.100000,18000,19000,19000,19000,20000,20000,21000,21000,21000,21000,21000,27,1,18000.0,16196.279377777872,9448.589499981608,21117.292200011434,4916.444444444444
1778882799,100,GET,GET /api/ -> https://redis.io/,0.100000,0.100000,22000,22000,22000,22000,22000,22000,22000,22000,22000,22000,22000,28,1,6400.0,7096.886603576422,3833.823900000425,22121.868199988967,7510.035714285715
1778882799,100,GET,GET /api/ -> https://www.python.org/,0.200000,0.000000,9500,23000,24000,24000,25000,25000,25000,25000,25000,25000,25000,82,0,5900.0,8682.299746342413,3415.3032999893185,25193.092000001343,14427.0
1778882799,100,,Aggregated,7.000000,0.200000,17000,19000,20000,21000,23000,24000,25000,25000,25000,25000,25000,515,2,4500.0,6794.458455729091,152.14179997565225,25193.092000001343,6373.436893203883
1778882800,100,GET,GET /api/ -> http://example.com/,0.000000,0.000000,0,0,0,0,0,0,0,0,0,0,0,100,0,2800.0,2299.322210001119,152.14179997565225,4487.101299979258,68.0
1778882800,100,GET,GET /api/ -> https://books.toscrape.com/,1.700000,0.000000,21000,22000,23000,23000,23000,24000,24000,24000,24000,24000,24000,100,0,4700.0,7054.85901300126,1420.6043999874964,23526.405799988424,8223.0
1778882800,100,GET,GET /api/ -> https://docs.docker.com/,1.300000,0.000000,19000,20000,20000,20000,21000,21000,21000,21000,21000,21000,21000,48,0,4100.0,8909.374254166929,1854.564000008395,20923.895399988396,1856.0
1778882800,100,GET,GET /api/ -> https://flask.palletsprojects.com/,0.100000,0.000000,4500,4700,5500,9200,11000,13000,13000,13000,13000,13000,13000,43,0,4500.0,5466.164820931099,3289.9209999886807,12528.07150001172,20936.0
1778882800,100,GET,GET /api/ -> https://github.com/ibnesayeed/linkextractor,0.000000,0.000000,11000,11000,11000,11000,11000,11000,11000,11000,11000,11000,11000,1,0,10699.779099988518,10699.779099988518,10699.779099988518,10699.779099988518,12313.0
1778882800,100,GET,GET /api/ -> https://httpbin.org/,2.500000,0.000000,7100,14000,16000,16000,17000,18000,18000,18000,18000,18000,18000,94,0,4000.0,6130.908580850797,648.5395999916364,17840.323299984448,332.0
1778882800,100,GET,GET /api/ -> https://locust.io/,1.100000,0.100000,18000,19000,19000,19000,20000,20000,21000,21000,21000,21000,21000,27,1,18000.0,16196.279377777872,9448.589499981608,21117.292200011434,4916.444444444444
1778882800,100,GET,GET /api/ -> https://redis.io/,0.100000,0.100000,22000,22000,24000,24000,24000,24000,24000,24000,24000,24000,24000,30,1,6400.0,8022.581973339159,3833.823900000425,24291.69440001715,7528.033333333334
1778882800,100,GET,GET /api/ -> https://www.python.org/,0.200000,0.000000,9400,23000,24000,24000,25000,25000,25000,25000,25000,25000,25000,83,0,5900.0,8633.167966266152,3415.3032999893185,25193.092000001343,14427.0
1778882800,100,,Aggregated,7.000000,0.200000,16000,19000,20000,21000,23000,24000,25000,25000,25000,25000,25000,526,2,4400.0,6805.415024905923,152.14179997565225,25193.092000001343,6498.066539923954
1778882801,100,GET,GET /api/ -> http://example.com/,0.000000,0.000000,0,0,0,0,0,0,0,0,0,0,0,100,0,2800.0,2299.322210001119,152.14179997565225,4487.101299979258,68.0
1778882801,100,GET,GET /api/ -> https://books.toscrape.com/,1.700000,0.000000,21000,22000,23000,23000,23000,24000,24000,24000,24000,24000,24000,100,0,4700.0,7054.85901300126,1420.6043999874964,23526.405799988424,8223.0
1778882801,100,GET,GET /api/ -> https://docs.docker.com/,1.600000,0.000000,19000,19000,20000,20000,21000,21000,21000,21000,21000,21000,21000,51,0,4100.0,8607.084560784962,1854.564000008395,20923.895399988396,1856.0
1778882801,100,GET,GET /api/ -> https://flask.palletsprojects.com/,0.300000,0.000000,4500,4600,4700,5500,11000,13000,13000,13000,13000,13000,13000,47,0,4500.0,5337.91567446934,3289.9209999886807,12528.07150001172,20936.0
1778882801,100,GET,GET /api/ -> https://github.com/ibnesayeed/linkextractor,0.000000,0.000000,5000,5000,11000,11000,11000,11000,11000,11000,11000,11000,11000,3,0,5000.0,6821.560400004576,4752.979500015499,10699.779099988518,12313.0
1778882801,100,GET,GET /api/ -> https://httpbin.org/,2.500000,0.000000,4500,6500,12000,13000,17000,18000,18000,18000,18000,18000,18000,100,0,4000.0,6018.244296000048,648.5395999916364,17840.323299984448,332.0
1778882801,100,GET,GET /api/ -> https://locust.io/,2.700000,0.100000,18000,19000,19000,19000,20000,20000,21000,21000,21000,21000,21000,27,1,18000.0,16196.279377777872,9448.589499981608,21117.292200011434,4916.444444444444
1778882801,100,GET,GET /api/ -> https://redis.io/,0.100000,0.100000,22000,22000,24000,24000,24000,24000,24000,24000,24000,24000,24000,30,1,6400.0,8022.581973339159,3833.823900000425,24291.69440001715,7528.033333333334
1778882801,100,GET,GET /api/ -> https://www.python.org/,0.500000,0.000000,9100,10000,23000,24000,25000,25000,25000,25000,25000,25000,25000,85,0,5900.0,8539.331128236647,3415.3032999893185,25193.092000001343,14427.0
1778882801,100,,Aggregated,9.400000,0.200000,12000,19000,20000,20000,23000,24000,25000,25000,25000,25000,25000,543,2,4400.0,6724.43965138239,152.14179997565225,25193.092000001343,6561.265193370165
1778882802,100,GET,GET /api/ -> http://example.com/,0.000000,0.000000,0,0,0,0,0,0,0,0,0,0,0,100,0,2800.0,2299.322210001119,152.14179997565225,4487.101299979258,68.0
1778882802,100,GET,GET /api/ -> https://books.toscrape.com/,1.500000,0.000000,21000,22000,23000,23000,23000,24000,24000,24000,24000,24000,24000,100,0,4700.0,7054.85901300126,1420.6043999874964,23526.405799988424,8223.0
1778882802,100,GET,GET /api/ -> https://docs.docker.com/,1.500000,0.000000,19000,19000,20000,20000,21000,21000,21000,21000,21000,21000,21000,52,0,4100.0,8519.752769231183,1854.564000008395,20923.895399988396,1856.0
1778882802,100,GET,GET /api/ -> https://flask.palletsprojects.com/,0.800000,0.000000,4500,4500,4700,5500,11000,13000,13000,13000,13000,13000,13000,48,0,4400.0,5304.808866667372,3289.9209999886807,12528.07150001172,20936.0
1778882802,100,GET,GET /api/ -> https://github.com/ibnesayeed/linkextractor,0.100000,0.000000,5400,5600,5600,5600,11000,11000,11000,11000,11000,11000,11000,7,0,5400.0,6010.718871427734,4752.979500015499,10699.779099988518,12313.0
1778882802,100,GET,GET /api/ -> https://httpbin.org/,2.500000,0.000000,4500,6500,12000,13000,17000,18000,18000,18000,18000,18000,18000,100,0,4000.0,6018.244296000048,648.5395999916364,17840.323299984448,332.0
1778882802,100,GET,GET /api/ -> https://locust.io/,2.600000,0.000000,18000,19000,19000,19000,20000,20000,21000,21000,21000,21000,21000,27,1,18000.0,16196.279377777872,9448.589499981608,21117.292200011434,4916.444444444444
1778882802,100,GET,GET /api/ -> https://redis.io/,0.100000,0.000000,18000,22000,22000,24000,24000,24000,24000,24000,24000,24000,24000,31,1,6500.0,7974.729422585956,3833.823900000425,24291.69440001715,7536.1612903225805
1778882802,100,GET,GET /api/ -> https://www.python.org/,3.400000,0.000000,9100,10000,23000,24000,25000,25000,25000,25000,25000,25000,25000,85,0,5900.0,8539.331128236647,3415.3032999893185,25193.092000001343,14427.0
1778882802,100,,Aggregated,12.500000,0.000000,11000,19000,20000,20000,23000,24000,25000,25000,25000,25000,25000,550,2,4400.0,6704.245190546494,152.14179997565225,25193.092000001343,6622.892727272727
1778882803,100,GET,GET /api/ -> http://example.com/,0.000000,0.000000,0,0,0,0,0,0,0,0,0,0,0,100,0,2800.0,2299.322210001119,152.14179997565225,4487.101299979258,68.0
1778882803,100,GET,GET /api/ -> https://books.toscrape.com/,1.500000,0.000000,22000,22000,23000,23000,23000,24000,24000,24000,24000,24000,24000,100,0,4700.0,7054.85901300126,1420.6043999874964,23526.405799988424,8223.0
1778882803,100,GET,GET /api/ -> https://docs.docker.com/,1.800000,0.000000,19000,19000,20000,20000,21000,21000,21000,21000,21000,21000,21000,55,0,4100.0,8300.953280000249,1854.564000008395,20923.895399988396,1856.0
1778882803,100,GET,GET /api/ -> https://flask.palletsprojects.com/,1.700000,0.000000,4500,4500,4700,5500,11000,13000,13000,13000,13000,13000,13000,48,0,4400.0,5304.808866667372,3289.9209999886807,12528.07150001172,20936.0
1778882803,100,GET,GET /api/ -> https://github.com/ibnesayeed/linkextractor,0.300000,0.000000,5400,5600,5600,5600,11000,11000,11000,11000,11000,11000,11000,7,0,5400.0,6010.718871427734,4752.979500015499,10699.779099988518,12313.0
1778882803,100,GET,GET /api/ -> https://httpbin.org/,2.700000,0.000000,4400,5100,6500,7100,13000,14000,14000,14000,14000,14000,14000,100,0,4000.0,6018.244296000048,648.5395999916364,17840.323299984448,332.0
1778882803,100,GET,GET /api/ -> https://locust.io/,2.600000,0.000000,18000,19000,19000,19000,20000,20000,21000,21000,21000,21000,21000,27,1,18000.0,16196.279377777872,9448.589499981608,21117.292200011434,4916.444444444444
1778882803,100,GET,GET /api/ -> https://redis.io/,0.300000,0.000000,22000,22000,24000,24000,24000,24000,24000,24000,24000,24000,24000,31,1,6500.0,7974.729422585956,3833.823900000425,24291.69440001715,7536.1612903225805
1778882803,100,GET,GET /api/ -> https://www.python.org/,3.700000,0.000000,9100,10000,23000,24000,25000,25000,25000,25000,25000,25000,25000,85,0,5900.0,8539.331128236647,3415.3032999893185,25193.092000001343,14427.0
1778882803,100,,Aggregated,14.600000,0.000000,10000,18000,19000,20000,23000,24000,25000,25000,25000,25000,25000,553,2,4400.0,6692.332985896137,152.14179997565225,25193.092000001343,6597.032549728752
1778882804,100,GET,GET /api/ -> http://example.com/,0.000000,0.000000,0,0,0,0,0,0,0,0,0,0,0,100,0,2800.0,2299.322210001119,152.14179997565225,4487.101299979258,68.0
1778882804,100,GET,GET /api/ -> https://books.toscrape.com/,1.500000,0.000000,22000,23000,23000,23000,24000,24000,24000,24000,24000,24000,24000,100,0,4700.0,7054.85901300126,1420.6043999874964,23526.405799988424,8223.0
1778882804,100,GET,GET /api/ -> https://docs.docker.com/,1.900000,0.000000,15000,19000,20000,20000,21000,21000,21000,21000,21000,21000,21000,57,0,4100.0,8186.011191228254,1854.564000008395,20923.895399988396,1856.0
1778882804,100,GET,GET /api/ -> https://flask.palletsprojects.com/,1.800000,0.000000,4500,4500,4700,5500,11000,13000,13000,13000,13000,13000,13000,48,0,4400.0,5304.808866667372,3289.9209999886807,12528.07150001172,20936.0
1778882804,100,GET,GET /api/ -> https://github.com/ibnesayeed/linkextractor,0.700000,0.000000,6200,6400,7400,7400,7700,11000,11000,11000,11000,11000,11000,12,0,5600.0,6375.146266664767,4752.979500015499,10699.779099988518,12313.0
1778882804,100,GET,GET /api/ -> https://httpbin.org/,2.300000,0.000000,4200,4500,4700,5100,7100,14000,14000,14000,14000,14000,14000,100,0,4000.0,6018.244296000048,648.5395999916364,17840.323299984448,332.0
1778882804,100,GET,GET /api/ -> https://locust.io/,2.600000,0.000000,18000,19000,19000,19000,20000,20000,21000,21000,21000,21000,21000,27,1,18000.0,16196.279377777872,9448.589499981608,21117.292200011434,4916.444444444444
1778882804,100,GET,GET /api/ -> https://redis.io/,0.400000,0.000000,22000,22000,24000,24000,24000,24000,24000,24000,24000,24000,24000,31,1,6500.0,7974.729422585956,3833.823900000425,24291.69440001715,7536.1612903225805
1778882804,100,GET,GET /api/ -> https://www.python.org/,3.700000,0.000000,9100,10000,23000,24000,25000,25000,25000,25000,25000,25000,25000,85,0,5900.0,8539.331128236647,3415.3032999893185,25193.092000001343,14427.0
1778882804,100,,Aggregated,14.900000,0.000000,9100,18000,19000,20000,23000,24000,25000,25000,25000,25000,25000,560,2,4500.0,6688.101913929542,152.14179997565225,25193.092000001343,6631.135714285714
1778882805,100,GET,GET /api/ -> http://example.com/,0.000000,0.000000,0,0,0,0,0,0,0,0,0,0,0,100,0,2800.0,2299.322210001119,152.14179997565225,4487.101299979258,68.0
1778882805,100,GET,GET /api/ -> https://books.toscrape.com/,1.500000,0.000000,22000,22000,24000,24000,24000,24000,24000,24000,24000,24000,24000,100,0,4700.0,7054.85901300126,1420.6043999874964,23526.405799988424,8223.0
1778882805,100,GET,GET /api/ -> https://docs.docker.com/,1.900000,0.000000,6100,6300,6600,15000,21000,21000,21000,21000,21000,21000,21000,64,0,4400.0,7969.070889063005,1854.564000008395,20923.895399988396,1856.0
1778882805,100,GET,GET /api/ -> https://flask.palletsprojects.com/,1.800000,0.000000,4400,4500,4600,4700,9200,11000,11000,11000,11000,11000,11000,48,0,4400.0,5304.808866667372,3289.9209999886807,12528.07150001172,20936.0
1778882805,100,GET,GET /api/ -> https://github.com/ibnesayeed/linkextractor,0.700000,0.000000,6700,7200,7500,7500,7700,11000,11000,11000,11000,11000,11000,20,0,6700.0,6680.096489998687,4752.979500015499,10699.779099988518,12313.0
1778882805,100,GET,GET /api/ -> https://httpbin.org/,2.300000,0.000000,4200,4500,4700,5100,7100,14000,14000,14000,14000,14000,14000,100,0,4000.0,6018.244296000048,648.5395999916364,17840.323299984448,332.0
1778882805,100,GET,GET /api/ -> https://locust.io/,2.600000,0.000000,18000,19000,19000,20000,20000,20000,21000,21000,21000,21000,21000,27,1,18000.0,16196.279377777872,9448.589499981608,21117.292200011434,4916.444444444444
1778882805,100,GET,GET /api/ -> https://redis.io/,0.400000,0.000000,22000,22000,24000,24000,24000,24000,24000,24000,24000,24000,24000,31,1,6500.0,7974.729422585956,3833.823900000425,24291.69440001715,7536.1612903225805
1778882805,100,GET,GET /api/ -> https://www.python.org/,3.700000,0.000000,9100,10000,23000,24000,25000,25000,25000,25000,25000,25000,25000,85,0,5900.0,8539.331128236647,3415.3032999893185,25193.092000001343,14427.0
1778882805,100,,Aggregated,14.900000,0.000000,7300,10000,18000,19000,22000,24000,25000,25000,25000,25000,25000,575,2,4500.0,6688.443731131413,152.14179997565225,25193.092000001343,6652.055652173913
1778882806,100,GET,GET /api/ -> http://example.com/,0.000000,0.000000,0,0,0,0,0,0,0,0,0,0,0,100,0,2800.0,2299.322210001119,152.14179997565225,4487.101299979258,68.0
1778882806,100,GET,GET /api/ -> https://books.toscrape.com/,1.500000,0.000000,22000,22000,24000,24000,24000,24000,24000,24000,24000,24000,24000,100,0,4700.0,7054.85901300126,1420.6043999874964,23526.405799988424,8223.0
1778882806,100,GET,GET /api/ -> https://docs.docker.com/,1.900000,0.000000,5800,6100,6400,6600,21000,21000,21000,21000,21000,21000,21000,64,0,4400.0,7969.070889063005,1854.564000008395,20923.895399988396,1856.0
1778882806,100,GET,GET /api/ -> https://flask.palletsprojects.com/,1.800000,0.000000,4400,4500,4600,4700,9200,11000,11000,11000,11000,11000,11000,48,0,4400.0,5304.808866667372,3289.9209999886807,12528.07150001172,20936.0
1778882806,100,GET,GET /api/ -> https://github.com/ibnesayeed/linkextractor,0.700000,0.000000,6700,7200,7500,7500,7700,11000,11000,11000,11000,11000,11000,20,0,6700.0,6680.096489998687,4752.979500015499,10699.779099988518,12313.0
1778882806,100,GET,GET /api/ -> https://httpbin.org/,2.300000,0.000000,4200,4200,4500,4700,5100,5100,5100,5100,5100,5100,5100,100,0,4000.0,6018.244296000048,648.5395999916364,17840.323299984448,332.0
1778882806,100,GET,GET /api/ -> https://locust.io/,2.600000,0.000000,15000,19000,20000,20000,20000,21000,21000,21000,21000,21000,21000,27,1,18000.0,16196.279377777872,9448.589499981608,21117.292200011434,4916.444444444444
1778882806,100,GET,GET /api/ -> https://redis.io/,0.400000,0.000000,22000,22000,24000,24000,24000,24000,24000,24000,24000,24000,24000,31,1,6500.0,7974.729422585956,3833.823900000425,24291.69440001715,7536.1612903225805
1778882806,100,GET,GET /api/ -> https://www.python.org/,3.700000,0.000000,8800,9800,23000,24000,25000,25000,25000,25000,25000,25000,25000,85,0,5900.0,8539.331128236647,3415.3032999893185,25193.092000001343,14427.0
1778882806,100,,Aggregated,14.900000,0.000000,6700,8800,10000,15000,21000,24000,25000,25000,25000,25000,25000,575,2,4500.0,6688.443731131413,152.14179997565225,25193.092000001343,6652.055652173913
1778882807,100,GET,GET /api/ -> http://example.com/,0.000000,0.000000,0,0,0,0,0,0,0,0,0,0,0,100,0,2800.0,2299.322210001119,152.14179997565225,4487.101299979258,68.0
1778882807,100,GET,GET /api/ -> https://books.toscrape.com/,0.900000,0.000000,22000,22000,24000,24000,24000,24000,24000,24000,24000,24000,24000,100,0,4700.0,7054.85901300126,1420.6043999874964,23526.405799988424,8223.0
1778882807,100,GET,GET /api/ -> https://docs.docker.com/,2.500000,0.000000,7900,8000,8100,8100,8200,21000,21000,21000,21000,21000,21000,79,0,5800.0,7980.157783545651,1854.564000008395,20923.895399988396,1856.0
1778882807,100,GET,GET /api/ -> https://flask.palletsprojects.com/,1.700000,0.000000,4200,4500,4500,4600,4700,5500,5500,5500,5500,5500,5500,48,0,4400.0,5304.808866667372,3289.9209999886807,12528.07150001172,20936.0
1778882807,100,GET,GET /api/ -> https://github.com/ibnesayeed/linkextractor,2.000000,0.000000,7200,7600,8600,8600,8900,9300,11000,11000,11000,11000,11000,27,0,7200.0,7225.208329626454,4752.979500015499,10699.779099988518,12313.0
1778882807,100,GET,GET /api/ -> https://httpbin.org/,1.700000,0.000000,4200,4200,4500,4700,5100,5100,5100,5100,5100,5100,5100,100,0,4000.0,6018.244296000048,648.5395999916364,17840.323299984448,332.0
1778882807,100,GET,GET /api/ -> https://locust.io/,2.600000,0.000000,15000,19000,20000,20000,20000,21000,21000,21000,21000,21000,21000,28,1,18000.0,15896.517757142386,7802.953999984311,21117.292200011434,4922.892857142857
1778882807,100,GET,GET /api/ -> https://redis.io/,0.400000,0.000000,18000,18000,22000,22000,24000,24000,24000,24000,24000,24000,24000,33,1,6500.0,8061.83939091385,3833.823900000425,24291.69440001715,7550.939393939394
1778882807,100,GET,GET /api/ -> https://www.python.org/,3.700000,0.000000,8600,9500,9800,23000,24000,25000,25000,25000,25000,25000,25000,87,0,5900.0,8530.688667817418,3415.3032999893185,25193.092000001343,14427.0
1778882807,100,,Aggregated,15.500000,0.000000,6700,8000,8300,8600,9800,24000,25000,25000,25000,25000,25000,602,2,4700.0,6761.959432725173,152.14179997565225,25193.092000001343,6625.372093023256
1778882808,100,GET,GET /api/ -> http://example.com/,0.000000,0.000000,0,0,0,0,0,0,0,0,0,0,0,100,0,2800.0,2299.322210001119,152.14179997565225,4487.101299979258,68.0
1778882808,100,GET,GET /api/ -> https://books.toscrape.com/,0.400000,0.000000,22000,22000,24000,24000,24000,24000,24000,24000,24000,24000,24000,100,0,4700.0,7054.85901300126,1420.6043999874964,23526.405799988424,8223.0
1778882808,100,GET,GET /api/ -> https://docs.docker.com/,2.000000,0.000000,7900,8000,8100,8100,8200,8300,8400,8400,8400,8400,8400,83,0,6100.0,7994.557900001514,1854.564000008395,20923.895399988396,1856.0
1778882808,100,GET,GET /api/ -> https://flask.palletsprojects.com/,1.700000,0.000000,4100,4200,4400,4500,4600,4600,4600,4600,4600,4600,4600,48,0,4400.0,5304.808866667372,3289.9209999886807,12528.07150001172,20936.0
1778882808,100,GET,GET /api/ -> https://github.com/ibnesayeed/linkextractor,2.000000,0.000000,7200,7600,8600,8600,8900,9300,11000,11000,11000,11000,11000,27,0,7200.0,7225.208329626454,4752.979500015499,10699.779099988518,12313.0
1778882808,100,GET,GET /api/ -> https://httpbin.org/,1.500000,0.000000,4200,4200,4400,4500,4700,4700,4700,4700,4700,4700,4700,100,0,4000.0,6018.244296000048,648.5395999916364,17840.323299984448,332.0
1778882808,100,GET,GET /api/ -> https://locust.io/,2.400000,0.000000,15000,18000,20000,20000,20000,21000,21000,21000,21000,21000,21000,30,1,18000.0,15401.3131899992,7802.953999984311,21117.292200011434,4934.5
1778882808,100,GET,GET /api/ -> https://redis.io/,0.400000,0.000000,9600,18000,18000,24000,24000,24000,24000,24000,24000,24000,24000,33,1,6500.0,8061.83939091385,3833.823900000425,24291.69440001715,7550.939393939394
1778882808,100,GET,GET /api/ -> https://training.play-with-docker.com/,0.000000,0.000000,0,0,0,0,0,0,0,0,0,0,0,1,0,8731.349000008777,8731.349000008777,8731.349000008777,8731.349000008777,1503.0
1778882808,100,GET,GET /api/ -> https://www.python.org/,3.700000,0.000000,8400,8500,8600,8700,9000,9000,9000,9000,9000,9000,9000,92,0,5900.0,8536.374823913755,3415.3032999893185,25193.092000001343,14427.0
1778882808,100,,Aggregated,14.100000,0.000000,6700,8000,8200,8300,8700,9200,18000,24000,24000,24000,24000,614,2,4700.0,6795.863577362413,152.14179997565225,25193.092000001343,6644.511400651466
1778882809,100,GET,GET /api/ -> http://example.com/,0.000000,0.000000,0,0,0,0,0,0,0,0,0,0,0,100,0,2800.0,2299.322210001119,152.14179997565225,4487.101299979258,68.0
1778882809,100,GET,GET /api/ -> https://books.toscrape.com/,0.000000,0.000000,22000,22000,24000,24000,24000,24000,24000,24000,24000,24000,24000,100,0,4700.0,7054.85901300126,1420.6043999874964,23526.405799988424,8223.0
1778882809,100,GET,GET /api/ -> https://docs.docker.com/,3.300000,0.000000,7900,8100,8100,8200,8300,8400,8600,8600,8600,8600,8600,85,0,6100.0,8005.33521764857,1854.564000008395,20923.895399988396,1856.0
1778882809,100,GET,GET /api/ -> https://flask.palletsprojects.com/,1.700000,0.000000,4100,4500,8100,8100,8500,8500,8500,8500,8500,8500,8500,50,0,4500.0,5426.012336000567,3289.9209999886807,12528.07150001172,20936.0
1778882809,100,GET,GET /api/ -> https://github.com/ibnesayeed/linkextractor,2.700000,0.000000,7200,7600,8600,8600,8700,8900,9300,9300,9300,9300,9300,27,0,7200.0,7225.208329626454,4752.979500015499,10699.779099988518,12313.0
1778882809,100,GET,GET /api/ -> https://httpbin.org/,1.500000,0.000000,4200,4200,4400,4400,4500,4500,4500,4500,4500,4500,4500,100,0,4000.0,6018.244296000048,648.5395999916364,17840.323299984448,332.0
1778882809,100,GET,GET /api/ -> https://locust.io/,1.700000,0.000000,15000,18000,20000,20000,20000,21000,21000,21000,21000,21000,21000,30,1,18000.0,15401.3131899992,7802.953999984311,21117.292200011434,4934.5
1778882809,100,GET,GET /api/ -> https://redis.io/,0.500000,0.000000,10000,10000,18000,18000,24000,24000,24000,24000,24000,24000,24000,34,1,6500.0,8118.834664710448,3833.823900000425,24291.69440001715,7557.676470588235
1778882809,100,GET,GET /api/ -> https://training.play-with-docker.com/,0.000000,0.000000,7900,7900,7900,7900,7900,7900,7900,7900,7900,7900,7900,4,0,7900.0,8078.469875006704,7818.491600017296,8731.349000008777,1503.0
1778882809,100,GET,GET /api/ -> https://www.python.org/,3.700000,0.000000,8500,8600,8700,8900,9000,9600,9600,9600,9600,9600,9600,96,0,6000.0,8548.838845834021,3415.3032999893185,25193.092000001343,14427.0
1778882809,100,,Aggregated,15.100000,0.000000,7800,8100,8300,8500,8700,9200,9600,10000,10000,10000,10000,626,2,4800.0,6829.328226997662,152.14179997565225,25193.092000001343,6701.774760383387
1778882810,100,GET,GET /api/ -> http://example.com/,0.000000,0.000000,0,0,0,0,0,0,0,0,0,0,0,100,0,2800.0,2299.322210001119,152.14179997565225,4487.101299979258,68.0
1778882810,100,GET,GET /api/ -> https://books.toscrape.com/,0.000000,0.000000,22000,22000,24000,24000,24000,24000,24000,24000,24000,24000,24000,100,0,4700.0,7054.85901300126,1420.6043999874964,23526.405799988424,8223.0
1778882810,100,GET,GET /api/ -> https://docs.docker.com/,3.300000,0.000000,8000,8100,8100,8200,8300,8400,8600,8600,8600,8600,8600,85,0,6100.0,8005.33521764857,1854.564000008395,20923.895399988396,1856.0
1778882810,100,GET,GET /api/ -> https://flask.palletsprojects.com/,1.700000,0.000000,8100,8300,8300,8500,8500,8500,8500,8500,8500,8500,8500,52,0,4500.0,5527.9173673088035,3289.9209999886807,12528.07150001172,20936.0
1778882810,100,GET,GET /api/ -> https://github.com/ibnesayeed/linkextractor,2.700000,0.000000,7400,7600,8600,8600,8700,8900,9300,9300,9300,9300,9300,27,0,7200.0,7225.208329626454,4752.979500015499,10699.779099988518,12313.0
1778882810,100,GET,GET /api/ -> https://httpbin.org/,1.500000,0.000000,4200,4200,4400,4400,4500,4500,4500,4500,4500,4500,4500,100,0,4000.0,6018.244296000048,648.5395999916364,17840.323299984448,332.0
1778882810,100,GET,GET /api/ -> https://locust.io/,1.700000,0.000000,8200,8200,8800,8800,8800,8800,8800,8800,8800,8800,8800,30,1,18000.0,15401.3131899992,7802.953999984311,21117.292200011434,4934.5
1778882810,100,GET,GET /api/ -> https://redis.io/,0.500000,0.000000,9600,9600,10000,10000,10000,10000,10000,10000,10000,10000,10000,34,1,6500.0,8118.834664710448,3833.823900000425,24291.69440001715,7557.676470588235
1778882810,100,GET,GET /api/ -> https://training.play-with-docker.com/,0.000000,0.000000,7600,7800,7900,7900,7900,7900,7900,7900,7900,7900,7900,8,0,7600.0,7637.63212500271,6528.237900027307,8731.349000008777,1503.0
1778882810,100,GET,GET /api/ -> https://www.python.org/,3.700000,0.000000,8600,9000,9000,9100,9300,9600,9600,9600,9600,9600,9600,100,0,6000.0,8571.773165000486,3415.3032999893185,25193.092000001343,14427.0
1778882810,100,,Aggregated,15.100000,0.000000,8100,8300,8600,8600,9000,9300,9600,10000,10000,10000,10000,636,2,4800.0,6849.978806919094,152.14179997565225,25193.092000001343,6762.426100628931
1778882812,100,GET,GET /api/ -> http://example.com/,0.000000,0.000000,0,0,0,0,0,0,0,0,0,0,0,100,0,2800.0,2299.322210001119,152.14179997565225,4487.101299979258,68.0
1778882812,100,GET,GET /api/ -> https://books.toscrape.com/,0.000000,0.000000,22000,22000,24000,24000,24000,24000,24000,24000,24000,24000,24000,100,0,4700.0,7054.85901300126,1420.6043999874964,23526.405799988424,8223.0
1778882812,100,GET,GET /api/ -> https://docs.docker.com/,3.700000,0.000000,8000,8100,8200,8200,8300,8400,8600,8600,8600,8600,8600,85,0,6100.0,8005.33521764857,1854.564000008395,20923.895399988396,1856.0
1778882812,100,GET,GET /api/ -> https://flask.palletsprojects.com/,0.900000,0.000000,8400,8500,9100,9100,9500,9700,9700,9700,9700,9700,9700,59,0,4600.0,5919.894833898101,3289.9209999886807,12528.07150001172,20936.0
1778882812,100,GET,GET /api/ -> https://github.com/ibnesayeed/linkextractor,2.600000,0.000000,7500,8600,8600,8700,8900,9300,9300,9300,9300,9300,9300,27,0,7200.0,7225.208329626454,4752.979500015499,10699.779099988518,12313.0
1778882812,100,GET,GET /api/ -> https://httpbin.org/,0.600000,0.000000,4200,4200,4400,4400,4500,4500,4500,4500,4500,4500,4500,100,0,4000.0,6018.244296000048,648.5395999916364,17840.323299984448,332.0
1778882812,100,GET,GET /api/ -> https://locust.io/,0.300000,0.000000,8800,8800,10000,10000,10000,10000,10000,10000,10000,10000,10000,31,1,18000.0,15237.057048386157,7802.953999984311,21117.292200011434,4939.741935483871
1778882812,100,GET,GET /api/ -> https://redis.io/,0.400000,0.000000,10000,10000,13000,13000,14000,14000,14000,14000,14000,14000,14000,36,1,6500.0,8414.910730559819,3833.823900000425,24291.69440001715,7570.027777777777
1778882812,100,GET,GET /api/ -> https://training.play-with-docker.com/,0.800000,0.000000,7800,7900,8000,8000,8200,8300,8300,8300,8300,8300,8300,17,0,7800.0,7781.8582764730845,6528.237900027307,8731.349000008777,1503.0
1778882812,100,GET,GET /api/ -> https://www.python.org/,1.700000,0.000000,8600,9000,9000,9100,9300,9600,9600,9600,9600,9600,9600,100,0,6000.0,8571.773165000486,3415.3032999893185,25193.092000001343,14427.0
1778882812,100,,Aggregated,11.000000,0.000000,8100,8400,8600,8700,9200,9600,10000,13000,14000,14000,14000,655,2,5000.0,6911.152561069448,152.14179997565225,25193.092000001343,6842.196946564885
1778882813,100,GET,GET /api/ -> http://example.com/,0.000000,0.000000,0,0,0,0,0,0,0,0,0,0,0,100,0,2800.0,2299.322210001119,152.14179997565225,4487.101299979258,68.0
1778882813,100,GET,GET /api/ -> https://books.toscrape.com/,0.000000,0.000000,22000,22000,24000,24000,24000,24000,24000,24000,24000,24000,24000,100,0,4700.0,7054.85901300126,1420.6043999874964,23526.405799988424,8223.0
1778882813,100,GET,GET /api/ -> https://docs.docker.com/,3.400000,0.000000,8000,8100,8200,8200,8400,8400,8600,8600,8600,8600,8600,85,0,6100.0,8005.33521764857,1854.564000008395,20923.895399988396,1856.0
1778882813,100,GET,GET /api/ -> https://flask.palletsprojects.com/,0.500000,0.000000,8500,9000,9100,9100,9500,9700,9700,9700,9700,9700,9700,62,0,4700.0,6064.4855403220245,3289.9209999886807,12528.07150001172,20936.0
1778882813,100,GET,GET /api/ -> https://github.com/ibnesayeed/linkextractor,2.400000,0.000000,7700,8600,8700,8700,8900,9300,9300,9300,9300,9300,9300,27,0,7200.0,7225.208329626454,4752.979500015499,10699.779099988518,12313.0
1778882813,100,GET,GET /api/ -> https://httpbin.org/,0.000000,0.000000,4200,4200,4400,4400,4500,4500,4500,4500,4500,4500,4500,100,0,4000.0,6018.244296000048,648.5395999916364,17840.323299984448,332.0
1778882813,100,GET,GET /api/ -> https://locust.io/,0.300000,0.000000,8800,8800,10000,10000,10000,10000,10000,10000,10000,10000,10000,31,1,18000.0,15237.057048386157,7802.953999984311,21117.292200011434,4939.741935483871
1778882813,100,GET,GET /api/ -> https://redis.io/,0.400000,0.000000,13000,13000,14000,14000,14000,14000,14000,14000,14000,14000,14000,37,1,6500.0,8572.663643247939,3833.823900000425,24291.69440001715,7575.7027027027025
1778882813,100,GET,GET /api/ -> https://training.play-with-docker.com/,0.800000,0.000000,7800,8000,8000,8100,8300,8400,8400,8400,8400,8400,8400,21,0,7800.0,7778.563857143689,6528.237900027307,8731.349000008777,1503.0
1778882813,100,GET,GET /api/ -> https://www.python.org/,1.500000,0.000000,8700,9000,9100,9100,9300,9600,9600,9600,9600,9600,9600,100,0,6000.0,8571.773165000486,3415.3032999893185,25193.092000001343,14427.0
1778882813,100,,Aggregated,9.300000,0.000000,8200,8500,8700,8900,9300,9700,13000,14000,14000,14000,14000,663,2,5000.0,6936.409132127393,152.14179997565225,25193.092000001343,6875.171945701358
1778882814,100,GET,GET /api/ -> http://example.com/,0.000000,0.000000,0,0,0,0,0,0,0,0,0,0,0,100,0,2800.0,2299.322210001119,152.14179997565225,4487.101299979258,68.0
1778882814,100,GET,GET /api/ -> https://books.toscrape.com/,0.000000,0.000000,0,0,0,0,0,0,0,0,0,0,0,100,0,4700.0,7054.85901300126,1420.6043999874964,23526.405799988424,8223.0
1778882814,100,GET,GET /api/ -> https://docs.docker.com/,3.300000,0.000000,8000,8100,8200,8200,8400,8400,8600,8600,8600,8600,8600,85,0,6100.0,8005.33521764857,1854.564000008395,20923.895399988396,1856.0
1778882814,100,GET,GET /api/ -> https://flask.palletsprojects.com/,0.600000,0.000000,9000,9100,9500,9500,9700,9800,9800,9800,9800,9800,9800,64,0,4800.0,6175.948309374235,3289.9209999886807,12528.07150001172,20936.0
1778882814,100,GET,GET /api/ -> https://github.com/ibnesayeed/linkextractor,2.000000,0.000000,7700,8600,8700,8700,8900,9300,9300,9300,9300,9300,9300,27,0,7200.0,7225.208329626454,4752.979500015499,10699.779099988518,12313.0
1778882814,100,GET,GET /api/ -> https://httpbin.org/,0.000000,0.000000,4200,4200,4400,4400,4500,4500,4500,4500,4500,4500,4500,100,0,4000.0,6018.244296000048,648.5395999916364,17840.323299984448,332.0
1778882814,100,GET,GET /api/ -> https://locust.io/,0.400000,0.000000,8800,8800,10000,10000,10000,10000,10000,10000,10000,10000,10000,31,1,18000.0,15237.057048386157,7802.953999984311,21117.292200011434,4939.741935483871
1778882814,100,GET,GET /api/ -> https://redis.io/,0.400000,0.000000,14000,14000,14000,14000,15000,15000,15000,15000,15000,15000,15000,40,1,6600.0,9023.907535003673,3833.823900000425,24291.69440001715,7591.025
1778882814,100,GET,GET /api/ -> https://training.play-with-docker.com/,1.300000,0.000000,7800,7900,8000,8000,8200,8300,8400,8400,8400,8400,8400,22,0,7800.0,7773.326113637516,6528.237900027307,8731.349000008777,1503.0
1778882814,100,GET,GET /api/ -> https://www.python.org/,1.500000,0.000000,8700,9000,9100,9100,9300,9600,9600,9600,9600,9600,9600,100,0,6000.0,8571.773165000486,3415.3032999893185,25193.092000001343,14427.0
1778882814,100,,Aggregated,9.500000,0.000000,8200,8600,8800,9000,9600,13000,14000,14000,15000,15000,15000,669,2,5000.0,6979.869840060432,152.14179997565225,25193.092000001343,6913.234678624814
1778882815,100,GET,GET /api/ -> http://example.com/,0.000000,0.000000,0,0,0,0,0,0,0,0,0,0,0,100,0,2800.0,2299.322210001119,152.14179997565225,4487.101299979258,68.0
1778882815,100,GET,GET /api/ -> https://books.toscrape.com/,0.000000,0.000000,0,0,0,0,0,0,0,0,0,0,0,100,0,4700.0,7054.85901300126,1420.6043999874964,23526.405799988424,8223.0
1778882815,100,GET,GET /api/ -> https://docs.docker.com/,3.100000,0.000000,8100,8200,8200,8300,8400,8400,8600,8600,8600,8600,8600,85,0,6100.0,8005.33521764857,1854.564000008395,20923.895399988396,1856.0
1778882815,100,GET,GET /api/ -> https://flask.palletsprojects.com/,1.200000,0.000000,9000,9000,9100,9500,9700,9800,9800,9800,9800,9800,9800,66,0,4900.0,6259.337696968666,3289.9209999886807,12528.07150001172,20936.0
1778882815,100,GET,GET /api/ -> https://github.com/ibnesayeed/linkextractor,2.000000,0.000000,8700,8700,8900,8900,9300,9300,9300,9300,9300,9300,9300,27,0,7200.0,7225.208329626454,4752.979500015499,10699.779099988518,12313.0
1778882815,100,GET,GET /api/ -> https://httpbin.org/,0.000000,0.000000,4200,4200,4400,4400,4500,4500,4500,4500,4500,4500,4500,100,0,4000.0,6018.244296000048,648.5395999916364,17840.323299984448,332.0
1778882815,100,GET,GET /api/ -> https://locust.io/,0.400000,0.000000,8800,8800,10000,10000,10000,10000,10000,10000,10000,10000,10000,31,1,18000.0,15237.057048386157,7802.953999984311,21117.292200011434,4939.741935483871
1778882815,100,GET,GET /api/ -> https://redis.io/,0.500000,0.000000,14000,14000,14000,15000,16000,16000,16000,16000,16000,16000,16000,41,1,6600.0,9188.93137073539,3833.823900000425,24291.69440001715,7595.634146341464
1778882815,100,GET,GET /api/ -> https://training.play-with-docker.com/,2.000000,0.000000,7900,8000,8200,8300,8400,8500,8800,8800,8800,8800,8800,26,0,7900.0,7880.086926923608,6528.237900027307,8830.056599981617,1503.0
1778882815,100,GET,GET /api/ -> https://www.python.org/,1.500000,0.000000,8700,9000,9100,9100,9300,9600,9600,9600,9600,9600,9600,100,0,6000.0,8571.773165000486,3415.3032999893185,25193.092000001343,14427.0
1778882815,100,,Aggregated,10.700000,0.000000,8400,8700,9000,9100,9700,14000,14000,15000,16000,16000,16000,676,2,5100.0,7007.466700592309,152.14179997565225,25193.092000001343,6923.991124260355
1778882816,100,GET,GET /api/ -> http://example.com/,0.000000,0.000000,0,0,0,0,0,0,0,0,0,0,0,100,0,2800.0,2299.322210001119,152.14179997565225,4487.101299979258,68.0
1778882816,100,GET,GET /api/ -> https://books.toscrape.com/,0.000000,0.000000,0,0,0,0,0,0,0,0,0,0,0,100,0,4700.0,7054.85901300126,1420.6043999874964,23526.405799988424,8223.0
1778882816,100,GET,GET /api/ -> https://docs.docker.com/,2.800000,0.000000,8300,8400,8400,8400,8600,8600,8600,8600,8600,8600,8600,85,0,6100.0,8005.33521764857,1854.564000008395,20923.895399988396,1856.0
1778882816,100,GET,GET /api/ -> https://flask.palletsprojects.com/,1.400000,0.000000,9000,9100,9500,9500,9700,9800,9900,9900,9900,9900,9900,69,0,5300.0,6408.654763767381,3289.9209999886807,12528.07150001172,20936.0
1778882816,100,GET,GET /api/ -> https://github.com/ibnesayeed/linkextractor,1.600000,0.000000,8700,8700,8900,8900,9300,9300,9300,9300,9300,9300,9300,27,0,7200.0,7225.208329626454,4752.979500015499,10699.779099988518,12313.0
1778882816,100,GET,GET /api/ -> https://httpbin.org/,0.000000,0.000000,4200,4200,4400,4400,4500,4500,4500,4500,4500,4500,4500,100,0,4000.0,6018.244296000048,648.5395999916364,17840.323299984448,332.0
1778882816,100,GET,GET /api/ -> https://locust.io/,0.400000,0.000000,8800,8800,10000,10000,10000,10000,10000,10000,10000,10000,10000,31,1,18000.0,15237.057048386157,7802.953999984311,21117.292200011434,4939.741935483871
1778882816,100,GET,GET /api/ -> https://redis.io/,0.800000,0.000000,14000,15000,16000,16000,16000,17000,17000,17000,17000,17000,17000,44,1,6700.0,9665.32445227693,3833.823900000425,24291.69440001715,7608.204545454545
1778882816,100,GET,GET /api/ -> https://training.play-with-docker.com/,2.100000,0.000000,7900,8100,8200,8300,8500,8800,9300,9300,9300,9300,9300,27,0,7900.0,7932.748244444762,6528.237900027307,9301.942499994766,1503.0
1778882816,100,GET,GET /api/ -> https://www.python.org/,1.500000,0.000000,8900,9000,9100,9100,9300,9600,9600,9600,9600,9600,9600,100,0,6000.0,8571.773165000486,3415.3032999893185,25193.092000001343,14427.0
1778882816,100,,Aggregated,10.600000,0.000000,8600,9000,9300,9600,14000,15000,16000,17000,17000,17000,17000,683,2,5100.0,7062.8966508059275,152.14179997565225,25193.092000001343,6981.360175695461
1778882817,100,GET,GET /api/ -> http://example.com/,0.000000,0.000000,0,0,0,0,0,0,0,0,0,0,0,100,0,2800.0,2299.322210001119,152.14179997565225,4487.101299979258,68.0
1778882817,100,GET,GET /api/ -> https://books.toscrape.com/,0.000000,0.000000,0,0,0,0,0,0,0,0,0,0,0,100,0,4700.0,7054.85901300126,1420.6043999874964,23526.405799988424,8223.0
1778882817,100,GET,GET /api/ -> https://docs.docker.com/,2.100000,0.000000,11000,11000,11000,11000,11000,11000,11000,11000,11000,11000,11000,87,0,6300.0,8068.449190806399,1854.564000008395,20923.895399988396,1856.0
1778882817,100,GET,GET /api/ -> https://flask.palletsprojects.com/,1.600000,0.000000,9500,10000,10000,10000,11000,11000,11000,11000,11000,11000,11000,80,0,6300.0,6965.202077498907,3289.9209999886807,12528.07150001172,20936.0
1778882817,100,GET,GET /api/ -> https://github.com/ibnesayeed/linkextractor,0.700000,0.000000,8700,8900,9300,9300,11000,11000,11000,11000,11000,11000,11000,28,0,7200.0,7364.53757856881,4752.979500015499,11126.427300012438,12313.0
1778882817,100,GET,GET /api/ -> https://httpbin.org/,0.000000,0.000000,4200,4200,4400,4400,4500,4500,4500,4500,4500,4500,4500,100,0,4000.0,6018.244296000048,648.5395999916364,17840.323299984448,332.0
1778882817,100,GET,GET /api/ -> https://locust.io/,0.400000,0.000000,11000,11000,11000,11000,11000,11000,11000,11000,11000,11000,11000,33,1,15000.0,14959.817142424237,7802.953999984311,21117.292200011434,4949.272727272727
1778882817,100,GET,GET /api/ -> https://redis.io/,0.900000,0.000000,15000,16000,16000,16000,17000,17000,17000,17000,17000,17000,17000,47,1,6800.0,10094.337257450728,3833.823900000425,24291.69440001715,7619.170212765957
1778882817,100,GET,GET /api/ -> https://training.play-with-docker.com/,2.400000,0.000000,7900,8100,8200,8300,8500,8800,9300,9300,9300,9300,9300,27,0,7900.0,7932.748244444762,6528.237900027307,9301.942499994766,1503.0
1778882817,100,GET,GET /api/ -> https://www.python.org/,1.500000,0.000000,9100,9100,9300,9300,9600,9600,9600,9600,9600,9600,9600,100,0,6000.0,8571.773165000486,3415.3032999893185,25193.092000001343,14427.0
1778882817,100,,Aggregated,9.600000,0.000000,9100,10000,11000,11000,14000,16000,17000,17000,17000,17000,17000,702,2,5300.0,7182.464652137438,152.14179997565225,25193.092000001343,7191.059829059829
1778882818,100,GET,GET /api/ -> http://example.com/,0.000000,0.000000,6600,6600,8000,8000,8600,8600,8600,8600,8600,8600,8600,107,0,2800.0,2611.9891009356056,152.14179997565225,8594.066999998176,68.0
1778882818,100,GET,GET /api/ -> https://books.toscrape.com/,0.000000,0.000000,0,0,0,0,0,0,0,0,0,0,0,100,0,4700.0,7054.85901300126,1420.6043999874964,23526.405799988424,8223.0
1778882818,100,GET,GET /api/ -> https://docs.docker.com/,2.100000,0.000000,9700,10000,11000,11000,11000,11000,11000,11000,11000,11000,11000,98,0,7900.0,8267.798619389378,1854.564000008395,20923.895399988396,1856.0
1778882818,100,GET,GET /api/ -> https://flask.palletsprojects.com/,1.900000,0.000000,9700,10000,10000,11000,11000,11000,11000,11000,11000,11000,11000,85,0,8000.0,7159.826349411228,3289.9209999886807,12528.07150001172,20936.0
1778882818,100,GET,GET /api/ -> https://github.com/ibnesayeed/linkextractor,0.700000,0.000000,8700,8900,9300,11000,11000,11000,11000,11000,11000,11000,11000,29,0,7400.0,7479.225037928574,4752.979500015499,11126.427300012438,12313.0
1778882818,100,GET,GET /api/ -> https://httpbin.org/,0.000000,0.000000,0,0,0,0,0,0,0,0,0,0,0,100,0,4000.0,6018.244296000048,648.5395999916364,17840.323299984448,332.0
1778882818,100,GET,GET /api/ -> https://locust.io/,0.400000,0.000000,10000,11000,11000,11000,11000,11000,11000,11000,11000,11000,11000,34,1,15000.0,14796.034817646347,7802.953999984311,21117.292200011434,4953.617647058823
1778882818,100,GET,GET /api/ -> https://redis.io/,1.200000,0.000000,15000,16000,16000,17000,17000,17000,17000,17000,17000,17000,17000,48,1,6800.0,10234.677412504121,3833.823900000425,24291.69440001715,7622.520833333333
1778882818,100,GET,GET /api/ -> https://training.play-with-docker.com/,2.700000,0.000000,8000,8100,8300,8400,8500,8800,9300,9300,9300,9300,9300,27,0,7900.0,7932.748244444762,6528.237900027307,9301.942499994766,1503.0
1778882818,100,GET,GET /api/ -> https://www.python.org/,1.500000,0.000000,9100,9100,9100,9100,9300,9300,9300,9300,9300,9300,9300,100,0,6000.0,8571.773165000486,3415.3032999893185,25193.092000001343,14427.0
1778882818,100,,Aggregated,10.500000,0.000000,9400,10000,11000,11000,14000,16000,17000,17000,17000,17000,17000,728,2,5500.0,7264.026667445765,152.14179997565225,25193.092000001343,7141.326923076923
1778882819,100,GET,GET /api/ -> http://example.com/,0.000000,0.000000,6200,6500,6600,6600,8000,8600,8600,8600,8600,8600,8600,115,0,2900.0,2806.4623234793544,152.14179997565225,8594.066999998176,68.0
1778882819,100,GET,GET /api/ -> https://books.toscrape.com/,0.000000,0.000000,0,0,0,0,0,0,0,0,0,0,0,100,0,4700.0,7054.85901300126,1420.6043999874964,23526.405799988424,8223.0
1778882819,100,GET,GET /api/ -> https://docs.docker.com/,0.700000,0.000000,9500,10000,10000,11000,11000,11000,11000,11000,11000,11000,11000,100,0,7900.0,8288.427768001566,1854.564000008395,20923.895399988396,1856.0
1778882819,100,GET,GET /api/ -> https://flask.palletsprojects.com/,2.300000,0.000000,9700,10000,10000,11000,11000,11000,11000,11000,11000,11000,11000,85,0,8000.0,7159.826349411228,3289.9209999886807,12528.07150001172,20936.0
1778882819,100,GET,GET /api/ -> https://github.com/ibnesayeed/linkextractor,0.000000,0.000000,8900,9300,11000,11000,11000,11000,11000,11000,11000,11000,11000,30,0,7400.0,7593.217913331076,4752.979500015499,11126.427300012438,12313.0
1778882819,100,GET,GET /api/ -> https://httpbin.org/,0.000000,0.000000,0,0,0,0,0,0,0,0,0,0,0,100,0,4000.0,6018.244296000048,648.5395999916364,17840.323299984448,332.0
1778882819,100,GET,GET /api/ -> https://locust.io/,0.300000,0.000000,10000,10000,11000,11000,11000,11000,11000,11000,11000,11000,11000,36,1,15000.0,14363.90259166607,6930.009200004861,21117.292200011434,4961.583333333333
1778882819,100,GET,GET /api/ -> https://redis.io/,1.300000,0.000000,16000,16000,16000,17000,17000,17000,17000,17000,17000,17000,17000,48,1,6800.0,10234.677412504121,3833.823900000425,24291.69440001715,7622.520833333333
1778882819,100,GET,GET /api/ -> https://training.play-with-docker.com/,2.700000,0.000000,8000,8100,8300,8400,8500,8800,9300,9300,9300,9300,9300,27,0,7900.0,7932.748244444762,6528.237900027307,9301.942499994766,1503.0
1778882819,100,GET,GET /api/ -> https://www.python.org/,1.300000,0.000000,9100,9100,9100,9100,9300,9300,9300,9300,9300,9300,9300,100,0,6000.0,8571.773165000486,3415.3032999893185,25193.092000001343,14427.0
1778882819,100,,Aggregated,8.600000,0.000000,9300,10000,11000,11000,14000,16000,17000,17000,17000,17000,17000,741,2,5500.0,7253.71738218696,152.14179997565225,25193.092000001343,7052.1578947368425
1778882820,100,GET,GET /api/ -> http://example.com/,0.100000,0.000000,5300,6200,6500,6600,6600,8000,8600,8600,8600,8600,8600,123,0,3000.0,2941.544762602676,152.14179997565225,8594.066999998176,68.0
1778882820,100,GET,GET /api/ -> https://books.toscrape.com/,0.000000,0.000000,0,0,0,0,0,0,0,0,0,0,0,100,0,4700.0,7054.85901300126,1420.6043999874964,23526.405799988424,8223.0
1778882820,100,GET,GET /api/ -> https://docs.docker.com/,0.800000,0.000000,9500,10000,10000,11000,11000,11000,11000,11000,11000,11000,11000,100,0,7900.0,8288.427768001566,1854.564000008395,20923.895399988396,1856.0
1778882820,100,GET,GET /api/ -> https://flask.palletsprojects.com/,3.400000,0.000000,9800,10000,10000,11000,11000,11000,11000,11000,11000,11000,11000,85,0,8000.0,7159.826349411228,3289.9209999886807,12528.07150001172,20936.0
1778882820,100,GET,GET /api/ -> https://github.com/ibnesayeed/linkextractor,0.100000,0.000000,8700,9300,11000,11000,11000,11000,11000,11000,11000,11000,11000,31,0,7500.0,7608.987396771667,4752.979500015499,11126.427300012438,12313.0
1778882820,100,GET,GET /api/ -> https://httpbin.org/,0.000000,0.000000,0,0,0,0,0,0,0,0,0,0,0,100,0,4000.0,6018.244296000048,648.5395999916364,17840.323299984448,332.0
1778882820,100,GET,GET /api/ -> https://locust.io/,0.400000,0.000000,9400,10000,11000,11000,11000,11000,11000,11000,11000,11000,11000,38,1,12000.0,13959.006702631565,6411.791400023503,21117.292200011434,4968.710526315789
1778882820,100,GET,GET /api/ -> https://redis.io/,1.500000,0.000000,16000,16000,16000,17000,17000,17000,17000,17000,17000,17000,17000,48,1,6800.0,10234.677412504121,3833.823900000425,24291.69440001715,7622.520833333333
1778882820,100,GET,GET /api/ -> https://training.play-with-docker.com/,2.600000,0.000000,8000,8200,8400,8400,8800,9300,9300,9300,9300,9300,9300,27,0,7900.0,7932.748244444762,6528.237900027307,9301.942499994766,1503.0
1778882820,100,GET,GET /api/ -> https://www.python.org/,0.800000,0.000000,9100,9100,9100,9100,9300,9300,9300,9300,9300,9300,9300,100,0,6000.0,8571.773165000486,3415.3032999893185,25193.092000001343,14427.0
1778882820,100,,Aggregated,9.700000,0.000000,9300,10000,11000,11000,14000,16000,17000,17000,17000,17000,17000,752,2,5500.0,7228.0521969422225,152.14179997565225,25193.092000001343,6979.654255319149
1778882821,100,GET,GET /api/ -> http://example.com/,0.800000,0.000000,5200,5500,6500,6600,6600,8000,8600,8600,8600,8600,8600,125,0,3100.0,2968.9720680012833,152.14179997565225,8594.066999998176,68.0
1778882821,100,GET,GET /api/ -> https://books.toscrape.com/,0.000000,0.000000,0,0,0,0,0,0,0,0,0,0,0,100,0,4700.0,7054.85901300126,1420.6043999874964,23526.405799988424,8223.0
1778882821,100,GET,GET /api/ -> https://docs.docker.com/,1.500000,0.000000,9500,10000,10000,11000,11000,11000,11000,11000,11000,11000,11000,100,0,7900.0,8288.427768001566,1854.564000008395,20923.895399988396,1856.0
1778882821,100,GET,GET /api/ -> https://flask.palletsprojects.com/,3.500000,0.000000,9800,10000,11000,11000,11000,11000,11000,11000,11000,11000,11000,85,0,8000.0,7159.826349411228,3289.9209999886807,12528.07150001172,20936.0
1778882821,100,GET,GET /api/ -> https://github.com/ibnesayeed/linkextractor,0.200000,0.000000,11000,11000,11000,11000,11000,11000,11000,11000,11000,11000,11000,31,0,7500.0,7608.987396771667,4752.979500015499,11126.427300012438,12313.0
1778882821,100,GET,GET /api/ -> https://httpbin.org/,0.000000,0.000000,0,0,0,0,0,0,0,0,0,0,0,100,0,4000.0,6018.244296000048,648.5395999916364,17840.323299984448,332.0
1778882821,100,GET,GET /api/ -> https://locust.io/,0.400000,0.000000,7100,9400,10000,10000,11000,11000,11000,11000,11000,11000,11000,41,1,12000.0,13430.055458537337,6042.34240000369,21117.292200011434,4978.09756097561
1778882821,100,GET,GET /api/ -> https://redis.io/,1.400000,0.000000,15000,16000,16000,16000,17000,17000,17000,17000,17000,17000,17000,51,1,9600.0,10367.086782356993,3833.823900000425,24291.69440001715,7631.78431372549
1778882821,100,GET,GET /api/ -> https://training.play-with-docker.com/,2.400000,0.000000,8100,8400,8400,8500,8800,9300,9300,9300,9300,9300,9300,27,0,7900.0,7932.748244444762,6528.237900027307,9301.942499994766,1503.0
1778882821,100,GET,GET /api/ -> https://www.python.org/,0.600000,0.000000,9100,9100,9100,9100,9300,9300,9300,9300,9300,9300,9300,100,0,6000.0,8571.773165000486,3415.3032999893185,25193.092000001343,14427.0
1778882821,100,,Aggregated,10.800000,0.000000,9300,10000,11000,11000,14000,16000,17000,17000,17000,17000,17000,760,2,5500.0,7240.070636842925,152.14179997565225,25193.092000001343,6957.1934210526315
1778882822,100,GET,GET /api/ -> http://example.com/,1.900000,0.000000,5200,5500,6500,6500,6600,8000,8600,8600,8600,8600,8600,126,0,3100.0,2984.416899207789,152.14179997565225,8594.066999998176,68.0
1778882822,100,GET,GET /api/ -> https://books.toscrape.com/,0.000000,0.000000,0,0,0,0,0,0,0,0,0,0,0,100,0,4700.0,7054.85901300126,1420.6043999874964,23526.405799988424,8223.0
1778882822,100,GET,GET /api/ -> https://docs.docker.com/,1.500000,0.000000,9700,10000,11000,11000,11000,11000,11000,11000,11000,11000,11000,100,0,7900.0,8288.427768001566,1854.564000008395,20923.895399988396,1856.0
1778882822,100,GET,GET /api/ -> https://flask.palletsprojects.com/,3.300000,0.000000,10000,10000,11000,11000,11000,11000,11000,11000,11000,11000,11000,85,0,8000.0,7159.826349411228,3289.9209999886807,12528.07150001172,20936.0
1778882822,100,GET,GET /api/ -> https://github.com/ibnesayeed/linkextractor,0.400000,0.000000,11000,11000,11000,11000,11000,11000,11000,11000,11000,11000,11000,31,0,7500.0,7608.987396771667,4752.979500015499,11126.427300012438,12313.0
1778882822,100,GET,GET /api/ -> https://httpbin.org/,0.000000,0.000000,0,0,0,0,0,0,0,0,0,0,0,100,0,4000.0,6018.244296000048,648.5395999916364,17840.323299984448,332.0
1778882822,100,GET,GET /api/ -> https://locust.io/,0.600000,0.000000,7100,7100,9400,10000,11000,11000,11000,11000,11000,11000,11000,44,1,11000.0,12933.452215910207,5962.842200009618,21117.292200011434,4986.204545454545
1778882822,100,GET,GET /api/ -> https://redis.io/,1.400000,0.000000,15000,16000,16000,16000,17000,17000,17000,17000,17000,17000,17000,53,1,9600.0,10414.297066041914,3833.823900000425,24291.69440001715,7637.377358490566
1778882822,100,GET,GET /api/ -> https://training.play-with-docker.com/,1.900000,0.000000,8400,8500,8800,8800,9300,9300,9300,9300,9300,9300,9300,27,0,7900.0,7932.748244444762,6528.237900027307,9301.942499994766,1503.0
1778882822,100,GET,GET /api/ -> https://www.python.org/,0.000000,0.000000,9100,9100,9100,9100,9300,9300,9300,9300,9300,9300,9300,100,0,6000.0,8571.773165000486,3415.3032999893185,25193.092000001343,14427.0
1778882822,100,,Aggregated,11.000000,0.000000,9400,10000,11000,11000,14000,16000,17000,17000,17000,17000,17000,766,2,5500.0,7244.183612402973,152.14179997565225,25193.092000001343,6943.062663185378
1778882823,100,GET,GET /api/ -> http://example.com/,2.300000,0.000000,5200,5500,6500,6500,6600,8000,8600,8600,8600,8600,8600,127,0,3100.0,3003.1676283479746,152.14179997565225,8594.066999998176,68.0
1778882823,100,GET,GET /api/ -> https://books.toscrape.com/,0.000000,0.000000,0,0,0,0,0,0,0,0,0,0,0,100,0,4700.0,7054.85901300126,1420.6043999874964,23526.405799988424,8223.0
1778882823,100,GET,GET /api/ -> https://docs.docker.com/,1.500000,0.000000,9700,10000,11000,11000,11000,11000,11000,11000,11000,11000,11000,100,0,7900.0,8288.427768001566,1854.564000008395,20923.895399988396,1856.0
1778882823,100,GET,GET /api/ -> https://flask.palletsprojects.com/,3.300000,0.000000,10000,11000,11000,11000,11000,11000,11000,11000,11000,11000,11000,85,0,8000.0,7159.826349411228,3289.9209999886807,12528.07150001172,20936.0
1778882823,100,GET,GET /api/ -> https://github.com/ibnesayeed/linkextractor,0.400000,0.000000,11000,11000,11000,11000,11000,11000,11000,11000,11000,11000,11000,31,0,7500.0,7608.987396771667,4752.979500015499,11126.427300012438,12313.0
1778882823,100,GET,GET /api/ -> https://httpbin.org/,0.000000,0.000000,0,0,0,0,0,0,0,0,0,0,0,100,0,4000.0,6018.244296000048,648.5395999916364,17840.323299984448,332.0
1778882823,100,GET,GET /api/ -> https://locust.io/,1.000000,0.000000,6900,7100,9400,10000,11000,11000,11000,11000,11000,11000,11000,45,1,11000.0,12780.900275556553,5962.842200009618,21117.292200011434,4988.666666666667
1778882823,100,GET,GET /api/ -> https://redis.io/,1.400000,0.000000,15000,16000,16000,16000,17000,17000,17000,17000,17000,17000,17000,55,1,9800.0,10444.71038909502,3833.823900000425,24291.69440001715,7642.563636363637
1778882823,100,GET,GET /api/ -> https://training.play-with-docker.com/,1.900000,0.000000,8400,8500,8800,8800,9300,9300,9300,9300,9300,9300,9300,28,0,7900.0,7854.451817857417,5740.448299999116,9301.942499994766,1503.0
1778882823,100,GET,GET /api/ -> https://www.python.org/,0.000000,0.000000,9100,9100,9100,9100,9300,9300,9300,9300,9300,9300,9300,100,0,6000.0,8571.773165000486,3415.3032999893185,25193.092000001343,14427.0
1778882823,100,,Aggregated,11.800000,0.000000,9400,10000,11000,11000,13000,16000,17000,17000,17000,17000,17000,771,2,5500.0,7248.665105967172,152.14179997565225,25193.092000001343,6926.866407263295
1778882824,100,GET,GET /api/ -> http://example.com/,2.600000,0.000000,5200,5500,6500,6500,6600,8000,8600,8600,8600,8600,8600,127,0,3100.0,3003.1676283479746,152.14179997565225,8594.066999998176,68.0
1778882824,100,GET,GET /api/ -> https://books.toscrape.com/,0.000000,0.000000,0,0,0,0,0,0,0,0,0,0,0,100,0,4700.0,7054.85901300126,1420.6043999874964,23526.405799988424,8223.0
1778882824,100,GET,GET /api/ -> https://docs.docker.com/,1.500000,0.000000,9700,10000,11000,11000,11000,11000,11000,11000,11000,11000,11000,100,0,7900.0,8288.427768001566,1854.564000008395,20923.895399988396,1856.0
1778882824,100,GET,GET /api/ -> https://flask.palletsprojects.com/,3.100000,0.000000,10000,11000,11000,11000,11000,11000,11000,11000,11000,11000,11000,86,0,7900.0,7157.828995348482,3289.9209999886807,12528.07150001172,20936.0
1778882824,100,GET,GET /api/ -> https://github.com/ibnesayeed/linkextractor,0.400000,0.000000,11000,11000,11000,11000,11000,11000,11000,11000,11000,11000,11000,31,0,7500.0,7608.987396771667,4752.979500015499,11126.427300012438,12313.0
1778882824,100,GET,GET /api/ -> https://httpbin.org/,0.000000,0.000000,0,0,0,0,0,0,0,0,0,0,0,100,0,4000.0,6018.244296000048,648.5395999916364,17840.323299984448,332.0
1778882824,100,GET,GET /api/ -> https://locust.io/,1.200000,0.000000,6900,7100,7100,9400,11000,11000,11000,11000,11000,11000,11000,46,1,11000.0,12655.118545653355,5962.842200009618,21117.292200011434,4991.021739130435
1778882824,100,GET,GET /api/ -> https://redis.io/,1.600000,0.000000,13000,16000,16000,16000,17000,17000,17000,17000,17000,17000,17000,57,1,9900.0,10499.359963162038,3833.823900000425,24291.69440001715,7647.3859649122805
1778882824,100,GET,GET /api/ -> https://training.play-with-docker.com/,1.400000,0.000000,8800,8800,9300,9300,9300,9300,9300,9300,9300,9300,9300,28,0,7900.0,7854.451817857417,5740.448299999116,9301.942499994766,1503.0
1778882824,100,GET,GET /api/ -> https://www.python.org/,0.000000,0.000000,9100,9100,9100,9100,9300,9300,9300,9300,9300,9300,9300,100,0,6000.0,8571.773165000486,3415.3032999893185,25193.092000001343,14427.0
1778882824,100,,Aggregated,11.800000,0.000000,9400,10000,11000,11000,13000,16000,17000,17000,17000,17000,17000,775,2,5600.0,7260.268693936418,152.14179997565225,25193.092000001343,6944.783225806452
1778882825,100,GET,GET /api/ -> http://example.com/,2.600000,0.000000,5200,5500,6500,6500,6600,8000,8600,8600,8600,8600,8600,127,0,3100.0,3003.1676283479746,152.14179997565225,8594.066999998176,68.0
1778882825,100,GET,GET /api/ -> https://books.toscrape.com/,0.000000,0.000000,0,0,0,0,0,0,0,0,0,0,0,101,0,4700.0,7060.9514485159425,1420.6043999874964,23526.405799988424,8223.0
1778882825,100,GET,GET /api/ -> https://docs.docker.com/,1.500000,0.000000,9700,10000,11000,11000,11000,11000,11000,11000,11000,11000,11000,100,0,7900.0,8288.427768001566,1854.564000008395,20923.895399988396,1856.0
1778882825,100,GET,GET /api/ -> https://flask.palletsprojects.com/,2.500000,0.000000,10000,10000,11000,11000,11000,11000,11000,11000,11000,11000,11000,92,0,7700.0,7188.875722825722,3289.9209999886807,12528.07150001172,20936.0
1778882825,100,GET,GET /api/ -> https://github.com/ibnesayeed/linkextractor,0.400000,0.000000,11000,11000,11000,11000,11000,11000,11000,11000,11000,11000,11000,31,0,7500.0,7608.987396771667,4752.979500015499,11126.427300012438,12313.0
1778882825,100,GET,GET /api/ -> https://httpbin.org/,0.000000,0.000000,0,0,0,0,0,0,0,0,0,0,0,100,0,4000.0,6018.244296000048,648.5395999916364,17840.323299984448,332.0
1778882825,100,GET,GET /api/ -> https://locust.io/,1.400000,0.000000,7000,7100,7200,7300,11000,11000,11000,11000,11000,11000,11000,48,1,11000.0,12430.452770834867,5962.842200009618,21117.292200011434,4995.4375
1778882825,100,GET,GET /api/ -> https://redis.io/,1.800000,0.000000,13000,13000,15000,16000,17000,17000,17000,17000,17000,17000,17000,63,1,10000.0,10654.693365082725,3833.823900000425,24291.69440001715,7660.015873015873
1778882825,100,GET,GET /api/ -> https://training.play-with-docker.com/,0.700000,0.000000,8800,8800,9300,9300,9300,9300,9300,9300,9300,9300,9300,28,0,7900.0,7854.451817857417,5740.448299999116,9301.942499994766,1503.0
1778882825,100,GET,GET /api/ -> https://www.python.org/,0.000000,0.000000,9100,9100,9100,9100,9300,9300,9300,9300,9300,9300,9300,100,0,6000.0,8571.773165000486,3415.3032999893185,25193.092000001343,14427.0
1778882825,100,,Aggregated,10.900000,0.000000,9300,10000,11000,11000,13000,13000,16000,17000,17000,17000,17000,790,2,5700.0,7300.620442659112,152.14179997565225,25193.092000001343,7054.329113924051
1778882826,100,GET,GET /api/ -> http://example.com/,2.700000,0.000000,5200,5500,6500,6500,6600,8000,8600,8600,8600,8600,8600,127,0,3100.0,3003.1676283479746,152.14179997565225,8594.066999998176,68.0
1778882826,100,GET,GET /api/ -> https://books.toscrape.com/,0.000000,0.000000,8200,8300,8300,8400,8400,8400,8400,8400,8400,8400,8400,105,0,5000.0,7107.483731429481,1420.6043999874964,23526.405799988424,8223.0
1778882826,100,GET,GET /api/ -> https://docs.docker.com/,1.500000,0.000000,9700,10000,11000,11000,11000,11000,11000,11000,11000,11000,11000,100,0,7900.0,8288.427768001566,1854.564000008395,20923.895399988396,1856.0
1778882826,100,GET,GET /api/ -> https://flask.palletsprojects.com/,2.300000,0.000000,10000,11000,11000,11000,11000,11000,11000,11000,11000,11000,11000,94,0,7700.0,7213.978413829303,3289.9209999886807,12528.07150001172,20936.0
1778882826,100,GET,GET /api/ -> https://github.com/ibnesayeed/linkextractor,0.400000,0.000000,11000,11000,11000,11000,11000,11000,11000,11000,11000,11000,11000,32,0,7500.0,7636.498437496812,4752.979500015499,11126.427300012438,12313.0
1778882826,100,GET,GET /api/ -> https://httpbin.org/,0.000000,0.000000,0,0,0,0,0,0,0,0,0,0,0,100,0,4000.0,6018.244296000048,648.5395999916364,17840.323299984448,332.0
1778882826,100,GET,GET /api/ -> https://locust.io/,1.400000,0.000000,7000,7100,7200,7300,11000,11000,11000,11000,11000,11000,11000,48,1,11000.0,12430.452770834867,5962.842200009618,21117.292200011434,4995.4375
1778882826,100,GET,GET /api/ -> https://redis.io/,1.700000,0.000000,13000,13000,13000,13000,16000,17000,17000,17000,17000,17000,17000,63,1,10000.0,10654.693365082725,3833.823900000425,24291.69440001715,7660.015873015873
1778882826,100,GET,GET /api/ -> https://training.play-with-docker.com/,0.700000,0.000000,8500,8800,8800,9300,9300,9300,9300,9300,9300,9300,9300,29,0,7900.0,7860.935327586927,5740.448299999116,9301.942499994766,1503.0
1778882826,100,GET,GET /api/ -> https://www.python.org/,0.000000,0.000000,9100,9100,9100,9100,9300,9300,9300,9300,9300,9300,9300,100,0,6000.0,8571.773165000486,3415.3032999893185,25193.092000001343,14427.0
1778882826,100,,Aggregated,10.700000,0.000000,8400,10000,11000,11000,12000,13000,16000,16000,17000,17000,17000,798,2,5800.0,7310.637924687546,152.14179997565225,25193.092000001343,7094.611528822055
1778882827,100,GET,GET /api/ -> http://example.com/,2.700000,0.000000,5200,5500,6200,6500,6600,6600,8000,8000,8000,8000,8000,127,0,3100.0,3003.1676283479746,152.14179997565225,8594.066999998176,68.0
1778882827,100,GET,GET /api/ -> https://books.toscrape.com/,0.000000,0.000000,8300,8400,8400,8400,8900,8900,8900,8900,8900,8900,8900,107,0,5000.0,7136.778507477421,1420.6043999874964,23526.405799988424,8223.0
1778882827,100,GET,GET /api/ -> https://docs.docker.com/,1.500000,0.000000,9300,9500,9500,10000,10000,10000,10000,10000,10000,10000,10000,100,0,7900.0,8288.427768001566,1854.564000008395,20923.895399988396,1856.0
1778882827,100,GET,GET /api/ -> https://flask.palletsprojects.com/,2.200000,0.000000,8400,8800,9100,9100,9800,11000,11000,11000,11000,11000,11000,98,0,7900.0,7283.72711326472,3289.9209999886807,12528.07150001172,20936.0
1778882827,100,GET,GET /api/ -> https://github.com/ibnesayeed/linkextractor,0.400000,0.000000,9400,11000,11000,11000,11000,11000,11000,11000,11000,11000,11000,33,0,7500.0,7690.399421208756,4752.979500015499,11126.427300012438,12313.0
1778882827,100,GET,GET /api/ -> https://httpbin.org/,0.000000,0.000000,0,0,0,0,0,0,0,0,0,0,0,100,0,4000.0,6018.244296000048,648.5395999916364,17840.323299984448,332.0
1778882827,100,GET,GET /api/ -> https://locust.io/,1.700000,0.000000,6900,7100,7100,7200,7300,9400,9400,9400,9400,9400,9400,48,1,11000.0,12430.452770834867,5962.842200009618,21117.292200011434,4995.4375
1778882827,100,GET,GET /api/ -> https://redis.io/,1.800000,0.000000,12000,13000,13000,13000,16000,17000,17000,17000,17000,17000,17000,65,1,11000.0,10697.110064618755,3833.823900000425,24291.69440001715,7663.707692307692
1778882827,100,GET,GET /api/ -> https://training.play-with-docker.com/,0.400000,0.000000,8500,8500,8800,8800,9300,9300,9300,9300,9300,9300,9300,30,0,7900.0,7874.274303333368,5740.448299999116,9301.942499994766,1503.0
1778882827,100,GET,GET /api/ -> https://www.python.org/,0.000000,0.000000,0,0,0,0,0,0,0,0,0,0,0,100,0,6000.0,8571.773165000486,3415.3032999893185,25193.092000001343,14427.0
1778882827,100,,Aggregated,10.700000,0.000000,8000,9100,9500,10000,12000,13000,13000,13000,13000,13000,13000,808,2,5900.0,7337.46617116413,152.14179997565225,25193.092000001343,7167.160891089109
1778882828,100,GET,GET /api/ -> http://example.com/,2.700000,0.000000,5000,5200,5300,5300,5500,5500,5500,5500,5500,5500,5500,127,0,3100.0,3003.1676283479746,152.14179997565225,8594.066999998176,68.0
1778882828,100,GET,GET /api/ -> https://books.toscrape.com/,0.100000,0.000000,8400,8900,9200,9200,9400,9600,9600,9600,9600,9600,9600,111,0,5000.0,7211.552440541217,1420.6043999874964,23526.405799988424,8223.0
1778882828,100,GET,GET /api/ -> https://docs.docker.com/,1.500000,0.000000,9300,9500,9500,10000,10000,10000,10000,10000,10000,10000,10000,100,0,7900.0,8288.427768001566,1854.564000008395,20923.895399988396,1856.0
1778882828,100,GET,GET /api/ -> https://flask.palletsprojects.com/,2.500000,0.000000,8800,9100,9600,9700,9800,11000,11000,11000,11000,11000,11000,100,0,8000.0,7331.289760999207,3289.9209999886807,12528.07150001172,20936.0
1778882828,100,GET,GET /api/ -> https://github.com/ibnesayeed/linkextractor,0.400000,0.000000,9400,11000,11000,11000,11000,11000,11000,11000,11000,11000,11000,34,0,7500.0,7780.938997055808,4752.979500015499,11126.427300012438,12313.0
1778882828,100,GET,GET /api/ -> https://httpbin.org/,0.000000,0.000000,0,0,0,0,0,0,0,0,0,0,0,100,0,4000.0,6018.244296000048,648.5395999916364,17840.323299984448,332.0
1778882828,100,GET,GET /api/ -> https://locust.io/,1.700000,0.000000,6900,7100,7100,7100,7200,7300,7300,7300,7300,7300,7300,48,1,11000.0,12430.452770834867,5962.842200009618,21117.292200011434,4995.4375
1778882828,100,GET,GET /api/ -> https://redis.io/,2.000000,0.000000,12000,13000,13000,13000,16000,16000,17000,17000,17000,17000,17000,70,1,11000.0,10798.531377145471,3833.823900000425,24291.69440001715,7672.0142857142855
1778882828,100,GET,GET /api/ -> https://training.play-with-docker.com/,0.100000,0.000000,8500,8500,8800,8800,9300,9300,9300,9300,9300,9300,9300,30,0,7900.0,7874.274303333368,5740.448299999116,9301.942499994766,1503.0
1778882828,100,GET,GET /api/ -> https://www.python.org/,0.000000,0.000000,0,0,0,0,0,0,0,0,0,0,0,100,0,6000.0,8571.773165000486,3415.3032999893185,25193.092000001343,14427.0
1778882828,100,,Aggregated,11.000000,0.000000,8100,9100,11000,11000,12000,13000,13000,13000,13000,13000,13000,820,2,5900.0,7385.606333049462,152.14179997565225,25193.092000001343,7215.9060975609755
1778882829,100,GET,GET /api/ -> http://example.com/,2.700000,0.000000,4800,4900,4900,4900,5400,5400,5400,5400,5400,5400,5400,127,0,3100.0,3003.1676283479746,152.14179997565225,8594.066999998176,68.0
1778882829,100,GET,GET /api/ -> https://books.toscrape.com/,0.600000,0.000000,9400,9700,9700,9700,9800,9900,9900,9900,9900,9900,9900,119,0,5300.0,7380.363617647789,1420.6043999874964,23526.405799988424,8223.0
1778882829,100,GET,GET /api/ -> https://docs.docker.com/,1.500000,0.000000,9300,9500,9500,10000,10000,10000,10000,10000,10000,10000,10000,100,0,7900.0,8288.427768001566,1854.564000008395,20923.895399988396,1856.0
1778882829,100,GET,GET /api/ -> https://flask.palletsprojects.com/,2.300000,0.000000,8800,9100,9600,9700,9800,11000,11000,11000,11000,11000,11000,100,0,8000.0,7331.289760999207,3289.9209999886807,12528.07150001172,20936.0
1778882829,100,GET,GET /api/ -> https://github.com/ibnesayeed/linkextractor,0.500000,0.000000,9400,11000,11000,11000,11000,11000,11000,11000,11000,11000,11000,34,0,7500.0,7780.938997055808,4752.979500015499,11126.427300012438,12313.0
1778882829,100,GET,GET /api/ -> https://httpbin.org/,0.000000,0.000000,0,0,0,0,0,0,0,0,0,0,0,100,0,4000.0,6018.244296000048,648.5395999916364,17840.323299984448,332.0
1778882829,100,GET,GET /api/ -> https://locust.io/,1.700000,0.000000,6900,7000,7100,7100,7200,7300,7300,7300,7300,7300,7300,48,1,11000.0,12430.452770834867,5962.842200009618,21117.292200011434,4995.4375
1778882829,100,GET,GET /api/ -> https://redis.io/,1.900000,0.000000,12000,12000,13000,13000,13000,13000,13000,13000,13000,13000,13000,74,1,11000.0,10875.039768921262,3833.823900000425,24291.69440001715,7677.851351351352
1778882829,100,GET,GET /api/ -> https://training.play-with-docker.com/,0.200000,0.000000,8300,8300,9100,9100,9100,9100,9100,9100,9100,9100,9100,31,0,8000.0,7914.751193548117,5740.448299999116,9301.942499994766,1503.0
1778882829,100,GET,GET /api/ -> https://www.python.org/,0.000000,0.000000,0,0,0,0,0,0,0,0,0,0,0,100,0,6000.0,8571.773165000486,3415.3032999893185,25193.092000001343,14427.0
1778882829,100,,Aggregated,11.400000,0.000000,9100,9700,11000,12000,12000,13000,13000,13000,13000,13000,13000,833,2,6000.0,7433.328868067887,152.14179997565225,25193.092000001343,7221.428571428572
1778882830,100,GET,GET /api/ -> http://example.com/,2.600000,0.000000,4900,4900,5400,5400,5400,5400,5400,5400,5400,5400,5400,127,0,3100.0,3003.1676283479746,152.14179997565225,8594.066999998176,68.0
1778882830,100,GET,GET /api/ -> https://books.toscrape.com/,0.700000,0.000000,9600,9700,9700,9800,9900,9900,10000,10000,10000,10000,10000,122,0,5300.0,7441.848829509089,1420.6043999874964,23526.405799988424,8223.0
1778882830,100,GET,GET /api/ -> https://docs.docker.com/,0.900000,0.000000,9300,9500,9500,10000,10000,10000,10000,10000,10000,10000,10000,100,0,7900.0,8288.427768001566,1854.564000008395,20923.895399988396,1856.0
1778882830,100,GET,GET /api/ -> https://flask.palletsprojects.com/,1.600000,0.000000,8800,9100,9600,9700,9800,11000,11000,11000,11000,11000,11000,100,0,8000.0,7331.289760999207,3289.9209999886807,12528.07150001172,20936.0
1778882830,100,GET,GET /api/ -> https://github.com/ibnesayeed/linkextractor,0.500000,0.000000,9400,11000,11000,11000,11000,11000,11000,11000,11000,11000,11000,34,0,7500.0,7780.938997055808,4752.979500015499,11126.427300012438,12313.0
1778882830,100,GET,GET /api/ -> https://httpbin.org/,0.000000,0.000000,0,0,0,0,0,0,0,0,0,0,0,100,0,4000.0,6018.244296000048,648.5395999916364,17840.323299984448,332.0
1778882830,100,GET,GET /api/ -> https://locust.io/,1.500000,0.000000,6400,7000,7200,7200,7300,7300,7300,7300,7300,7300,7300,48,1,11000.0,12430.452770834867,5962.842200009618,21117.292200011434,4995.4375
1778882830,100,GET,GET /api/ -> https://redis.io/,1.800000,0.000000,12000,12000,13000,13000,13000,13000,13000,13000,13000,13000,13000,75,1,12000.0,10904.353362668771,3833.823900000425,24291.69440001715,7679.213333333333
1778882830,100,GET,GET /api/ -> https://training.play-with-docker.com/,0.300000,0.000000,8300,8300,9100,9100,9100,9100,9100,9100,9100,9100,9100,31,0,8000.0,7914.751193548117,5740.448299999116,9301.942499994766,1503.0
1778882830,100,GET,GET /api/ -> https://www.python.org/,0.000000,0.000000,0,0,0,0,0,0,0,0,0,0,0,100,0,6000.0,8571.773165000486,3415.3032999893185,25193.092000001343,14427.0
1778882830,100,,Aggregated,9.900000,0.000000,9500,10000,12000,12000,13000,13000,13000,13000,13000,13000,13000,837,2,6000.0,7448.83965722886,152.14179997565225,25193.092000001343,7225.68578255675
1778882831,100,GET,GET /api/ -> http://example.com/,1.900000,0.000000,4900,4900,5400,5400,5400,5400,5400,5400,5400,5400,5400,127,0,3100.0,3003.1676283479746,152.14179997565225,8594.066999998176,68.0
1778882831,100,GET,GET /api/ -> https://books.toscrape.com/,1.100000,0.000000,9700,9700,9800,9800,9900,10000,10000,10000,10000,10000,10000,125,0,5400.0,7502.979685600847,1420.6043999874964,23526.405799988424,8223.0
1778882831,100,GET,GET /api/ -> https://docs.docker.com/,0.000000,0.000000,9300,9500,9500,10000,10000,10000,10000,10000,10000,10000,10000,100,0,7900.0,8288.427768001566,1854.564000008395,20923.895399988396,1856.0
1778882831,100,GET,GET /api/ -> https://flask.palletsprojects.com/,1.500000,0.000000,8400,8800,9100,9100,9600,9700,9700,9700,9700,9700,9700,100,0,8000.0,7331.289760999207,3289.9209999886807,12528.07150001172,20936.0
1778882831,100,GET,GET /api/ -> https://github.com/ibnesayeed/linkextractor,0.500000,0.000000,11000,11000,12000,12000,13000,13000,13000,13000,13000,13000,13000,36,0,7600.0,8040.028327774457,4752.979500015499,12671.673900011228,12313.0
1778882831,100,GET,GET /api/ -> https://httpbin.org/,0.000000,0.000000,0,0,0,0,0,0,0,0,0,0,0,100,0,4000.0,6018.244296000048,648.5395999916364,17840.323299984448,332.0
1778882831,100,GET,GET /api/ -> https://locust.io/,1.400000,0.000000,7300,9900,10000,10000,10000,10000,10000,10000,10000,10000,10000,51,1,10000.0,12292.45143333466,5962.842200009618,21117.292200011434,5001.411764705882
1778882831,100,GET,GET /api/ -> https://redis.io/,2.300000,0.000000,12000,13000,13000,14000,14000,14000,15000,15000,15000,15000,15000,83,1,12000.0,11189.129281930025,3833.823900000425,24291.69440001715,7688.9277108433735
1778882831,100,GET,GET /api/ -> https://training.play-with-docker.com/,0.400000,0.000000,8300,8300,9100,9100,9100,9100,9100,9100,9100,9100,9100,31,0,8000.0,7914.751193548117,5740.448299999116,9301.942499994766,1503.0
1778882831,100,GET,GET /api/ -> https://www.python.org/,0.000000,0.000000,0,0,0,0,0,0,0,0,0,0,0,100,0,6000.0,8571.773165000486,3415.3032999893185,25193.092000001343,14427.0
1778882831,100,,Aggregated,9.100000,0.000000,9800,11000,12000,12000,13000,14000,14000,15000,15000,15000,15000,853,2,6100.0,7538.873750059278,152.14179997565225,25193.092000001343,7238.833528722157
1778882832,100,GET,GET /api/ -> http://example.com/,0.800000,0.000000,7700,7700,7700,7700,7700,7700,7700,7700,7700,7700,7700,128,0,3100.0,3039.551265626642,152.14179997565225,8594.066999998176,68.0
1778882832,100,GET,GET /api/ -> https://books.toscrape.com/,1.900000,0.000000,9700,9700,9800,9800,10000,10000,10000,10000,10000,10000,10000,126,0,5400.0,7522.518988096087,1420.6043999874964,23526.405799988424,8223.0
1778882832,100,GET,GET /api/ -> https://docs.docker.com/,0.000000,0.000000,9300,9500,9500,10000,10000,10000,10000,10000,10000,10000,10000,100,0,7900.0,8288.427768001566,1854.564000008395,20923.895399988396,1856.0
1778882832,100,GET,GET /api/ -> https://flask.palletsprojects.com/,1.500000,0.000000,8400,8800,9100,9100,9600,9700,9700,9700,9700,9700,9700,100,0,8000.0,7331.289760999207,3289.9209999886807,12528.07150001172,20936.0
1778882832,100,GET,GET /api/ -> https://github.com/ibnesayeed/linkextractor,0.300000,0.000000,12000,12000,13000,13000,13000,13000,13000,13000,13000,13000,13000,37,0,7700.0,8163.452456754041,4752.979500015499,12671.673900011228,12313.0
1778882832,100,GET,GET /api/ -> https://httpbin.org/,0.000000,0.000000,0,0,0,0,0,0,0,0,0,0,0,100,0,4000.0,6018.244296000048,648.5395999916364,17840.323299984448,332.0
1778882832,100,GET,GET /api/ -> https://locust.io/,1.200000,0.000000,9800,10000,10000,10000,10000,10000,10000,10000,10000,10000,10000,54,1,10000.0,12171.368351853474,5962.842200009618,21117.292200011434,5006.722222222223
1778882832,100,GET,GET /api/ -> https://redis.io/,2.600000,0.000000,13000,13000,14000,14000,14000,14000,15000,15000,15000,15000,15000,84,1,12000.0,11226.700317859164,3833.823900000425,24291.69440001715,7690.011904761905
1778882832,100,GET,GET /api/ -> https://training.play-with-docker.com/,0.400000,0.000000,8300,8300,9100,9100,9100,9100,9100,9100,9100,9100,9100,31,0,8000.0,7914.751193548117,5740.448299999116,9301.942499994766,1503.0
1778882832,100,GET,GET /api/ -> https://www.python.org/,0.000000,0.000000,0,0,0,0,0,0,0,0,0,0,0,100,0,6000.0,8571.773165000486,3415.3032999893185,25193.092000001343,14427.0
1778882832,100,,Aggregated,8.700000,0.000000,9800,11000,12000,12000,13000,14000,14000,15000,15000,15000,15000,860,2,6100.0,7564.622324535582,152.14179997565225,25193.092000001343,7230.697674418605
1778882833,100,GET,GET /api/ -> http://example.com/,0.400000,0.000000,7700,7700,7700,7700,7700,7700,7700,7700,7700,7700,7700,128,0,3100.0,3039.551265626642,152.14179997565225,8594.066999998176,68.0
1778882833,100,GET,GET /api/ -> https://books.toscrape.com/,2.400000,0.000000,9700,9700,9800,9900,10000,10000,10000,10000,10000,10000,10000,127,0,5400.0,7545.224847244997,1420.6043999874964,23526.405799988424,8223.0
1778882833,100,GET,GET /api/ -> https://docs.docker.com/,0.000000,0.000000,9300,9500,9500,10000,10000,10000,10000,10000,10000,10000,10000,100,0,7900.0,8288.427768001566,1854.564000008395,20923.895399988396,1856.0
1778882833,100,GET,GET /api/ -> https://flask.palletsprojects.com/,1.500000,0.000000,8400,8800,9100,9100,9600,9700,9700,9700,9700,9700,9700,100,0,8000.0,7331.289760999207,3289.9209999886807,12528.07150001172,20936.0
1778882833,100,GET,GET /api/ -> https://github.com/ibnesayeed/linkextractor,0.300000,0.000000,12000,13000,13000,13000,13000,13000,13000,13000,13000,13000,13000,39,0,8100.0,8397.100787176243,4752.979500015499,12986.767499998678,12313.0
1778882833,100,GET,GET /api/ -> https://httpbin.org/,0.000000,0.000000,0,0,0,0,0,0,0,0,0,0,0,100,0,4000.0,6018.244296000048,648.5395999916364,17840.323299984448,332.0
1778882833,100,GET,GET /api/ -> https://locust.io/,0.800000,0.000000,9900,10000,10000,10000,10000,10000,10000,10000,10000,10000,10000,56,1,10000.0,12090.591607144494,5962.842200009618,21117.292200011434,5009.946428571428
1778882833,100,GET,GET /api/ -> https://redis.io/,2.800000,0.000000,13000,13000,14000,14000,14000,15000,15000,15000,15000,15000,15000,85,1,12000.0,11266.276065884364,3833.823900000425,24291.69440001715,7691.070588235294
1778882833,100,GET,GET /api/ -> https://training.play-with-docker.com/,0.400000,0.000000,8300,8300,9100,9100,9100,9100,9100,9100,9100,9100,9100,31,0,8000.0,7914.751193548117,5740.448299999116,9301.942499994766,1503.0
1778882833,100,GET,GET /api/ -> https://www.python.org/,0.000000,0.000000,0,0,0,0,0,0,0,0,0,0,0,100,0,6000.0,8571.773165000486,3415.3032999893185,25193.092000001343,14427.0
1778882833,100,,Aggregated,8.600000,0.000000,9900,11000,12000,13000,13000,14000,15000,15000,15000,15000,15000,866,2,6200.0,7593.3376788690375,152.14179997565225,25193.092000001343,7239.28752886836
1778882834,100,GET,GET /api/ -> http://example.com/,0.100000,0.000000,7700,7700,7700,7700,7700,7700,7700,7700,7700,7700,7700,128,0,3100.0,3039.551265626642,152.14179997565225,8594.066999998176,68.0
1778882834,100,GET,GET /api/ -> https://books.toscrape.com/,2.600000,0.000000,9700,9700,9800,9900,10000,10000,10000,10000,10000,10000,10000,127,0,5400.0,7545.224847244997,1420.6043999874964,23526.405799988424,8223.0
1778882834,100,GET,GET /api/ -> https://docs.docker.com/,0.000000,0.000000,9300,9500,9500,10000,10000,10000,10000,10000,10000,10000,10000,100,0,7900.0,8288.427768001566,1854.564000008395,20923.895399988396,1856.0
1778882834,100,GET,GET /api/ -> https://flask.palletsprojects.com/,1.500000,0.000000,8400,8800,9100,9100,9600,9700,9700,9700,9700,9700,9700,100,0,8000.0,7331.289760999207,3289.9209999886807,12528.07150001172,20936.0
1778882834,100,GET,GET /api/ -> https://github.com/ibnesayeed/linkextractor,0.500000,0.000000,13000,13000,13000,13000,13000,14000,14000,14000,14000,14000,14000,43,0,8600.0,8809.374420926635,4752.979500015499,13690.352699981304,12313.0
1778882834,100,GET,GET /api/ -> https://httpbin.org/,0.000000,0.000000,0,0,0,0,0,0,0,0,0,0,0,101,0,4000.0,6043.963978217746,648.5395999916364,17840.323299984448,332.0
1778882834,100,GET,GET /api/ -> https://locust.io/,0.800000,0.000000,9800,9900,10000,10000,10000,10000,10000,10000,10000,10000,10000,61,1,10000.0,11864.555134427004,5962.842200009618,21117.292200011434,5017.081967213115
1778882834,100,GET,GET /api/ -> https://redis.io/,3.200000,0.000000,13000,13000,14000,14000,14000,15000,15000,15000,15000,15000,15000,85,1,12000.0,11266.276065884364,3833.823900000425,24291.69440001715,7691.070588235294
1778882834,100,GET,GET /api/ -> https://training.play-with-docker.com/,0.400000,0.000000,8600,8600,9100,9100,9100,9100,9100,9100,9100,9100,9100,32,0,8000.0,7937.046259375165,5740.448299999116,9301.942499994766,1503.0
1778882834,100,GET,GET /api/ -> https://www.python.org/,0.000000,0.000000,0,0,0,0,0,0,0,0,0,0,0,100,0,6000.0,8571.773165000486,3415.3032999893185,25193.092000001343,14427.0
1778882834,100,,Aggregated,9.100000,0.000000,9800,12000,12000,13000,14000,14000,15000,15000,15000,15000,15000,877,2,6400.0,7629.481708096369,152.14179997565225,25193.092000001343,7235.798175598632
1778882835,100,GET,GET /api/ -> http://example.com/,0.200000,0.000000,7700,7700,7700,7700,7700,7700,7700,7700,7700,7700,7700,129,0,3100.0,3075.5691782963036,152.14179997565225,8594.066999998176,68.0
1778882835,100,GET,GET /api/ -> https://books.toscrape.com/,2.600000,0.000000,9700,9800,9800,9900,10000,10000,10000,10000,10000,10000,10000,127,0,5400.0,7545.224847244997,1420.6043999874964,23526.405799988424,8223.0
1778882835,100,GET,GET /api/ -> https://docs.docker.com/,0.000000,0.000000,9300,9500,9500,10000,10000,10000,10000,10000,10000,10000,10000,100,0,7900.0,8288.427768001566,1854.564000008395,20923.895399988396,1856.0
1778882835,100,GET,GET /api/ -> https://flask.palletsprojects.com/,1.500000,0.000000,9100,9100,9600,9600,9700,9700,9700,9700,9700,9700,9700,100,0,8000.0,7331.289760999207,3289.9209999886807,12528.07150001172,20936.0
1778882835,100,GET,GET /api/ -> https://github.com/ibnesayeed/linkextractor,0.600000,0.000000,13000,13000,13000,13000,13000,14000,14000,14000,14000,14000,14000,46,0,8600.0,9039.347404345197,4752.979500015499,13690.352699981304,12313.0
1778882835,100,GET,GET /api/ -> https://httpbin.org/,0.000000,0.000000,8800,8800,9000,9000,9200,9200,9200,9200,9200,9200,9200,106,0,4100.0,6177.14567735867,648.5395999916364,17840.323299984448,332.0
1778882835,100,GET,GET /api/ -> https://locust.io/,0.900000,0.000000,9600,9800,10000,10000,10000,10000,10000,10000,10000,10000,10000,63,1,10000.0,11790.390266667282,5962.842200009618,21117.292200011434,5019.619047619048
1778882835,100,GET,GET /api/ -> https://redis.io/,3.100000,0.000000,13000,14000,14000,14000,14000,15000,15000,15000,15000,15000,15000,85,1,12000.0,11266.276065884364,3833.823900000425,24291.69440001715,7691.070588235294
1778882835,100,GET,GET /api/ -> https://training.play-with-docker.com/,0.400000,0.000000,8400,8600,8600,9100,9100,9100,9100,9100,9100,9100,9100,33,0,8000.0,7950.711042424452,5740.448299999116,9301.942499994766,1503.0
1778882835,100,GET,GET /api/ -> https://www.python.org/,0.000000,0.000000,0,0,0,0,0,0,0,0,0,0,0,100,0,6000.0,8571.773165000486,3415.3032999893185,25193.092000001343,14427.0
1778882835,100,,Aggregated,9.300000,0.000000,9800,11000,12000,13000,14000,14000,15000,15000,15000,15000,15000,889,2,6500.0,7657.514047469722,152.14179997565225,25193.092000001343,7194.779527559055
1778882836,100,GET,GET /api/ -> http://example.com/,0.100000,0.000000,7700,7700,7700,7700,7700,7700,7700,7700,7700,7700,7700,129,0,3100.0,3075.5691782963036,152.14179997565225,8594.066999998176,68.0
1778882836,100,GET,GET /api/ -> https://books.toscrape.com/,2.700000,0.000000,9700,9800,9900,10000,10000,10000,10000,10000,10000,10000,10000,127,0,5400.0,7545.224847244997,1420.6043999874964,23526.405799988424,8223.0
1778882836,100,GET,GET /api/ -> https://docs.docker.com/,0.000000,0.000000,0,0,0,0,0,0,0,0,0,0,0,100,0,7900.0,8288.427768001566,1854.564000008395,20923.895399988396,1856.0
1778882836,100,GET,GET /api/ -> https://flask.palletsprojects.com/,1.500000,0.000000,9700,9700,9700,9700,9700,9700,9700,9700,9700,9700,9700,100,0,8000.0,7331.289760999207,3289.9209999886807,12528.07150001172,20936.0
1778882836,100,GET,GET /api/ -> https://github.com/ibnesayeed/linkextractor,0.800000,0.000000,13000,13000,13000,13000,13000,14000,14000,14000,14000,14000,14000,48,0,8600.0,9136.795981247511,4752.979500015499,13690.352699981304,12313.0
1778882836,100,GET,GET /api/ -> https://httpbin.org/,0.000000,0.000000,8700,8700,8800,9000,9200,9200,9200,9200,9200,9200,9200,110,0,4100.0,6258.087190000118,648.5395999916364,17840.323299984448,332.0
1778882836,100,GET,GET /api/ -> https://locust.io/,1.100000,0.000000,9500,9800,10000,10000,10000,10000,10000,10000,10000,10000,10000,68,1,9900.0,11569.753994117918,5962.842200009618,21117.292200011434,5025.308823529412
1778882836,100,GET,GET /api/ -> https://redis.io/,2.900000,0.000000,13000,14000,14000,14000,15000,15000,15000,15000,15000,15000,15000,85,1,12000.0,11266.276065884364,3833.823900000425,24291.69440001715,7691.070588235294
1778882836,100,GET,GET /api/ -> https://training.play-with-docker.com/,0.300000,0.000000,8600,8600,9100,9100,9100,9100,9100,9100,9100,9100,9100,34,0,8000.0,7955.05969117649,5740.448299999116,9301.942499994766,1503.0
1778882836,100,GET,GET /api/ -> https://www.python.org/,0.000000,0.000000,0,0,0,0,0,0,0,0,0,0,0,100,0,6000.0,8571.773165000486,3415.3032999893185,25193.092000001343,14427.0
1778882836,100,,Aggregated,9.400000,0.000000,9900,11000,12000,13000,14000,14000,15000,15000,15000,15000,15000,901,2,6500.0,7675.855287126025,152.14179997565225,25193.092000001343,7157.714761376249
1778882838,100,GET,GET /api/ -> http://example.com/,0.100000,0.000000,7700,7700,7700,7700,7700,7700,7700,7700,7700,7700,7700,131,0,3100.0,3140.0152267192807,152.14179997565225,8594.066999998176,68.0
1778882838,100,GET,GET /api/ -> https://books.toscrape.com/,2.700000,0.000000,9800,9900,10000,10000,10000,10000,10000,10000,10000,10000,10000,127,0,5400.0,7545.224847244997,1420.6043999874964,23526.405799988424,8223.0
1778882838,100,GET,GET /api/ -> https://docs.docker.com/,0.000000,0.000000,0,0,0,0,0,0,0,0,0,0,0,100,0,7900.0,8288.427768001566,1854.564000008395,20923.895399988396,1856.0
1778882838,100,GET,GET /api/ -> https://flask.palletsprojects.com/,1.400000,0.000000,9700,9700,9700,9700,9700,9700,9700,9700,9700,9700,9700,100,0,8000.0,7331.289760999207,3289.9209999886807,12528.07150001172,20936.0
1778882838,100,GET,GET /api/ -> https://github.com/ibnesayeed/linkextractor,1.300000,0.000000,13000,13000,13000,13000,13000,14000,14000,14000,14000,14000,14000,48,0,8600.0,9136.795981247511,4752.979500015499,13690.352699981304,12313.0
1778882838,100,GET,GET /api/ -> https://httpbin.org/,0.100000,0.000000,8400,8600,8700,8700,9000,9200,9200,9200,9200,9200,9200,117,0,4200.0,6378.109510256172,648.5395999916364,17840.323299984448,332.0
1778882838,100,GET,GET /api/ -> https://locust.io/,1.300000,0.000000,9400,9600,9900,10000,10000,10000,10000,10000,10000,10000,10000,72,1,9800.0,11418.724044444793,5962.842200009618,21117.292200011434,5029.291666666667
1778882838,100,GET,GET /api/ -> https://redis.io/,2.700000,0.000000,14000,14000,14000,14000,15000,15000,15000,15000,15000,15000,15000,87,1,12000.0,11301.144501151204,3833.823900000425,24291.69440001715,7693.114942528736
1778882838,100,GET,GET /api/ -> https://training.play-with-docker.com/,0.400000,0.000000,8600,8600,9100,9100,9100,9100,9100,9100,9100,9100,9100,34,0,8000.0,7955.05969117649,5740.448299999116,9301.942499994766,1503.0
1778882838,100,GET,GET /api/ -> https://www.python.org/,0.000000,0.000000,0,0,0,0,0,0,0,0,0,0,0,100,0,6000.0,8571.773165000486,3415.3032999893185,25193.092000001343,14427.0
1778882838,100,,Aggregated,10.000000,0.000000,9800,10000,12000,13000,14000,14000,15000,15000,15000,15000,15000,916,2,6600.0,7695.807174454695,152.14179997565225,25193.092000001343,7082.433406113537
1778882839,100,GET,GET /api/ -> http://example.com/,0.200000,0.000000,7700,7700,7700,7700,7700,7700,7700,7700,7700,7700,7700,131,0,3100.0,3140.0152267192807,152.14179997565225,8594.066999998176,68.0
1778882839,100,GET,GET /api/ -> https://books.toscrape.com/,2.100000,0.000000,10000,10000,10000,10000,10000,10000,10000,10000,10000,10000,10000,127,0,5400.0,7545.224847244997,1420.6043999874964,23526.405799988424,8223.0
1778882839,100,GET,GET /api/ -> https://docs.docker.com/,0.000000,0.000000,0,0,0,0,0,0,0,0,0,0,0,100,0,7900.0,8288.427768001566,1854.564000008395,20923.895399988396,1856.0
1778882839,100,GET,GET /api/ -> https://flask.palletsprojects.com/,0.600000,0.000000,9700,9700,9700,9700,9700,9700,9700,9700,9700,9700,9700,100,0,8000.0,7331.289760999207,3289.9209999886807,12528.07150001172,20936.0
1778882839,100,GET,GET /api/ -> https://github.com/ibnesayeed/linkextractor,1.600000,0.000000,13000,13000,13000,13000,13000,14000,14000,14000,14000,14000,14000,48,0,8600.0,9136.795981247511,4752.979500015499,13690.352699981304,12313.0
1778882839,100,GET,GET /api/ -> https://httpbin.org/,1.000000,0.000000,8300,8600,8600,8700,8800,9000,9200,9200,9200,9200,9200,125,0,4300.0,6476.503039199626,648.5395999916364,17840.323299984448,332.0
1778882839,100,GET,GET /api/ -> https://locust.io/,2.000000,0.000000,9200,9500,9800,9900,10000,10000,10000,10000,10000,10000,10000,76,1,9500.0,11256.458765789208,5962.842200009618,21117.292200011434,5032.855263157895
1778882839,100,GET,GET /api/ -> https://redis.io/,2.100000,0.000000,14000,14000,14000,14000,15000,15000,15000,15000,15000,15000,15000,90,1,12000.0,11365.512072224132,3833.823900000425,24291.69440001715,7696.011111111111
1778882839,100,GET,GET /api/ -> https://training.play-with-docker.com/,0.500000,0.000000,8400,8400,8600,8600,9100,9100,9100,9100,9100,9100,9100,36,0,8000.0,7914.611730555609,5740.448299999116,9301.942499994766,1503.0
1778882839,100,GET,GET /api/ -> https://www.python.org/,0.000000,0.000000,0,0,0,0,0,0,0,0,0,0,0,100,0,6000.0,8571.773165000486,3415.3032999893185,25193.092000001343,14427.0
1778882839,100,,Aggregated,10.100000,0.000000,9400,10000,12000,13000,14000,14000,15000,15000,15000,15000,15000,933,2,6800.0,7717.231170096953,152.14179997565225,25193.092000001343,7006.322615219721
1778882840,100,GET,GET /api/ -> http://example.com/,0.200000,0.000000,7700,7700,7700,7700,7700,7700,7700,7700,7700,7700,7700,131,0,3100.0,3140.0152267192807,152.14179997565225,8594.066999998176,68.0
1778882840,100,GET,GET /api/ -> https://books.toscrape.com/,2.100000,0.000000,10000,10000,10000,10000,10000,10000,10000,10000,10000,10000,10000,127,0,5400.0,7545.224847244997,1420.6043999874964,23526.405799988424,8223.0
1778882840,100,GET,GET /api/ -> https://docs.docker.com/,0.000000,0.000000,0,0,0,0,0,0,0,0,0,0,0,100,0,7900.0,8288.427768001566,1854.564000008395,20923.895399988396,1856.0
1778882840,100,GET,GET /api/ -> https://flask.palletsprojects.com/,0.600000,0.000000,9700,9700,9700,9700,9700,9700,9700,9700,9700,9700,9700,100,0,8000.0,7331.289760999207,3289.9209999886807,12528.07150001172,20936.0
1778882840,100,GET,GET /api/ -> https://github.com/ibnesayeed/linkextractor,1.600000,0.000000,13000,13000,13000,13000,13000,14000,14000,14000,14000,14000,14000,48,0,8600.0,9136.795981247511,4752.979500015499,13690.352699981304,12313.0
1778882840,100,GET,GET /api/ -> https://httpbin.org/,1.000000,0.000000,8300,8600,8600,8700,8800,9000,9200,9200,9200,9200,9200,126,0,4300.0,6487.390391269444,648.5395999916364,17840.323299984448,332.0
1778882840,100,GET,GET /api/ -> https://locust.io/,2.000000,0.000000,9100,9400,9800,9800,10000,10000,10000,10000,10000,10000,10000,79,1,9400.0,11146.790065822528,5962.842200009618,21117.292200011434,5035.291139240507
1778882840,100,GET,GET /api/ -> https://redis.io/,2.100000,0.000000,14000,14000,14000,14000,15000,15000,15000,15000,15000,15000,15000,90,1,12000.0,11365.512072224132,3833.823900000425,24291.69440001715,7696.011111111111
1778882840,100,GET,GET /api/ -> https://training.play-with-docker.com/,0.500000,0.000000,8400,8400,8600,8600,9100,9100,9100,9100,9100,9100,9100,36,0,8000.0,7914.611730555609,5740.448299999116,9301.942499994766,1503.0
1778882840,100,GET,GET /api/ -> https://www.python.org/,0.000000,0.000000,0,0,0,0,0,0,0,0,0,0,0,100,0,6000.0,8571.773165000486,3415.3032999893185,25193.092000001343,14427.0
1778882840,100,,Aggregated,10.100000,0.000000,9000,10000,12000,13000,14000,14000,15000,15000,15000,15000,15000,937,2,6900.0,7719.456286126418,152.14179997565225,25193.092000001343,6993.086446104589
1778882841,100,GET,GET /api/ -> http://example.com/,0.400000,0.000000,7700,7700,7700,7700,7700,7700,7700,7700,7700,7700,7700,131,0,3100.0,3140.0152267192807,152.14179997565225,8594.066999998176,68.0
1778882841,100,GET,GET /api/ -> https://books.toscrape.com/,1.600000,0.000000,10000,10000,10000,10000,10000,10000,10000,10000,10000,10000,10000,127,0,5400.0,7545.224847244997,1420.6043999874964,23526.405799988424,8223.0
1778882841,100,GET,GET /api/ -> https://docs.docker.com/,0.000000,0.000000,0,0,0,0,0,0,0,0,0,0,0,100,0,7900.0,8288.427768001566,1854.564000008395,20923.895399988396,1856.0
1778882841,100,GET,GET /api/ -> https://flask.palletsprojects.com/,0.000000,0.000000,9700,9700,9700,9700,9700,9700,9700,9700,9700,9700,9700,100,0,8000.0,7331.289760999207,3289.9209999886807,12528.07150001172,20936.0
1778882841,100,GET,GET /api/ -> https://github.com/ibnesayeed/linkextractor,1.400000,0.000000,13000,13000,13000,13000,13000,14000,14000,14000,14000,14000,14000,48,0,8600.0,9136.795981247511,4752.979500015499,13690.352699981304,12313.0
1778882841,100,GET,GET /api/ -> https://httpbin.org/,2.500000,0.000000,8300,8400,8600,8700,8800,9000,9200,9200,9200,9200,9200,127,0,4300.0,6494.4915732279,648.5395999916364,17840.323299984448,332.0
1778882841,100,GET,GET /api/ -> https://locust.io/,2.700000,0.000000,8900,9200,9400,9500,9800,10000,10000,10000,10000,10000,10000,82,1,9400.0,11068.561639024156,5962.842200009618,21117.292200011434,5037.548780487805
1778882841,100,GET,GET /api/ -> https://redis.io/,1.900000,0.000000,14000,14000,15000,15000,15000,15000,15000,15000,15000,15000,15000,93,1,12000.0,11471.074745163536,3833.823900000425,24291.69440001715,7698.720430107527
1778882841,100,GET,GET /api/ -> https://training.play-with-docker.com/,0.500000,0.000000,8100,8100,8400,8400,8600,8600,8600,8600,8600,8600,8600,37,0,8000.0,7899.107056756416,5740.448299999116,9301.942499994766,1503.0
1778882841,100,GET,GET /api/ -> https://www.python.org/,0.000000,0.000000,0,0,0,0,0,0,0,0,0,0,0,100,0,6000.0,8571.773165000486,3415.3032999893185,25193.092000001343,14427.0
1778882841,100,,Aggregated,11.000000,0.000000,8800,9400,10000,12000,13000,14000,15000,15000,15000,15000,15000,945,2,7000.0,7744.762141164519,152.14179997565225,25193.092000001343,6976.706878306878
1778882842,100,GET,GET /api/ -> http://example.com/,0.400000,0.000000,7700,7700,7700,7700,7700,7700,7700,7700,7700,7700,7700,131,0,3100.0,3140.0152267192807,152.14179997565225,8594.066999998176,68.0
1778882842,100,GET,GET /api/ -> https://books.toscrape.com/,0.800000,0.000000,10000,10000,10000,10000,10000,10000,10000,10000,10000,10000,10000,128,0,5400.0,7556.923416407017,1420.6043999874964,23526.405799988424,8223.0
1778882842,100,GET,GET /api/ -> https://docs.docker.com/,0.000000,0.000000,0,0,0,0,0,0,0,0,0,0,0,100,0,7900.0,8288.427768001566,1854.564000008395,20923.895399988396,1856.0
1778882842,100,GET,GET /api/ -> https://flask.palletsprojects.com/,0.000000,0.000000,9700,9700,9700,9700,9700,9700,9700,9700,9700,9700,9700,100,0,8000.0,7331.289760999207,3289.9209999886807,12528.07150001172,20936.0
1778882842,100,GET,GET /api/ -> https://github.com/ibnesayeed/linkextractor,1.400000,0.000000,13000,13000,13000,13000,13000,14000,14000,14000,14000,14000,14000,48,0,8600.0,9136.795981247511,4752.979500015499,13690.352699981304,12313.0
1778882842,100,GET,GET /api/ -> https://httpbin.org/,2.600000,0.000000,8300,8400,8600,8700,8800,9000,9200,9200,9200,9200,9200,127,0,4300.0,6494.4915732279,648.5395999916364,17840.323299984448,332.0
1778882842,100,GET,GET /api/ -> https://locust.io/,3.100000,0.000000,8900,9100,9200,9400,9500,9800,10000,10000,10000,10000,10000,85,1,9400.0,10997.697914117496,5962.842200009618,21117.292200011434,5039.64705882353
1778882842,100,GET,GET /api/ -> https://redis.io/,1.600000,0.000000,14000,14000,15000,15000,15000,15000,15000,15000,15000,15000,15000,97,1,12000.0,11581.993210311264,3833.823900000425,24291.69440001715,7702.072164948454
1778882842,100,GET,GET /api/ -> https://training.play-with-docker.com/,0.500000,0.000000,7600,7900,8100,8100,8400,8600,8600,8600,8600,8600,8600,42,0,7900.0,7865.684433332977,5740.448299999116,9301.942499994766,1503.0
1778882842,100,GET,GET /api/ -> https://www.python.org/,0.000000,0.000000,0,0,0,0,0,0,0,0,0,0,0,100,0,6000.0,8571.773165000486,3415.3032999893185,25193.092000001343,14427.0
1778882842,100,,Aggregated,10.400000,0.000000,8800,9200,10000,12000,13000,14000,15000,15000,15000,15000,15000,958,2,7200.0,7776.367754280211,152.14179997565225,25193.092000001343,6946.907098121085
1778882843,100,GET,GET /api/ -> http://example.com/,0.400000,0.000000,7400,7400,7700,7700,7700,7700,7700,7700,7700,7700,7700,131,0,3100.0,3140.0152267192807,152.14179997565225,8594.066999998176,68.0
1778882843,100,GET,GET /api/ -> https://books.toscrape.com/,0.800000,0.000000,10000,10000,10000,10000,10000,10000,10000,10000,10000,10000,10000,128,0,5400.0,7556.923416407017,1420.6043999874964,23526.405799988424,8223.0
1778882843,100,GET,GET /api/ -> https://docs.docker.com/,0.000000,0.000000,0,0,0,0,0,0,0,0,0,0,0,100,0,7900.0,8288.427768001566,1854.564000008395,20923.895399988396,1856.0
1778882843,100,GET,GET /api/ -> https://flask.palletsprojects.com/,0.000000,0.000000,9700,9700,9700,9700,9700,9700,9700,9700,9700,9700,9700,100,0,8000.0,7331.289760999207,3289.9209999886807,12528.07150001172,20936.0
1778882843,100,GET,GET /api/ -> https://github.com/ibnesayeed/linkextractor,1.400000,0.000000,12000,13000,13000,13000,13000,14000,14000,14000,14000,14000,14000,51,0,8700.0,9250.152901958048,4752.979500015499,13690.352699981304,12313.0
1778882843,100,GET,GET /api/ -> https://httpbin.org/,2.600000,0.000000,8300,8400,8600,8700,8800,9000,9200,9200,9200,9200,9200,127,0,4300.0,6494.4915732279,648.5395999916364,17840.323299984448,332.0
1778882843,100,GET,GET /api/ -> https://locust.io/,3.100000,0.000000,8900,9100,9200,9200,9500,9600,9800,9800,9800,9800,9800,85,1,9400.0,10997.697914117496,5962.842200009618,21117.292200011434,5039.64705882353
1778882843,100,GET,GET /api/ -> https://redis.io/,1.600000,0.000000,14000,14000,15000,15000,15000,15000,15000,15000,15000,15000,15000,99,1,12000.0,11641.015014143466,3833.823900000425,24291.69440001715,7703.646464646465
1778882843,100,GET,GET /api/ -> https://training.play-with-docker.com/,0.500000,0.000000,7600,7700,7900,8100,8400,8600,8600,8600,8600,8600,8600,45,0,7800.0,7841.633488887844,5740.448299999116,9301.942499994766,1503.0
1778882843,100,GET,GET /api/ -> https://www.python.org/,0.000000,0.000000,8700,8700,8700,8700,8700,8700,8700,8700,8700,8700,8700,101,0,6000.0,8572.921757426373,3415.3032999893185,25193.092000001343,14427.0
1778882843,100,,Aggregated,10.400000,0.000000,8700,9200,11000,12000,13000,14000,15000,15000,15000,15000,15000,967,2,7300.0,7800.580751086261,152.14179997565225,25193.092000001343,6956.124095139607
1778882844,100,GET,GET /api/ -> http://example.com/,0.400000,0.000000,7500,7500,7700,7700,7700,7700,7700,7700,7700,7700,7700,132,0,3100.0,3172.962675759195,152.14179997565225,8594.066999998176,68.0
1778882844,100,GET,GET /api/ -> https://books.toscrape.com/,0.200000,0.000000,10000,10000,10000,10000,10000,10000,10000,10000,10000,10000,10000,128,0,5400.0,7556.923416407017,1420.6043999874964,23526.405799988424,8223.0
1778882844,100,GET,GET /api/ -> https://docs.docker.com/,0.000000,0.000000,0,0,0,0,0,0,0,0,0,0,0,100,0,7900.0,8288.427768001566,1854.564000008395,20923.895399988396,1856.0
1778882844,100,GET,GET /api/ -> https://flask.palletsprojects.com/,0.000000,0.000000,9700,9700,9700,9700,9700,9700,9700,9700,9700,9700,9700,100,0,8000.0,7331.289760999207,3289.9209999886807,12528.07150001172,20936.0
1778882844,100,GET,GET /api/ -> https://github.com/ibnesayeed/linkextractor,1.200000,0.000000,11000,12000,12000,12000,13000,13000,13000,13000,13000,13000,13000,54,0,8900.0,9376.53388518299,4752.979500015499,13690.352699981304,12313.0
1778882844,100,GET,GET /api/ -> https://httpbin.org/,2.700000,0.000000,8300,8400,8600,8700,8800,9000,9200,9200,9200,9200,9200,127,0,4300.0,6494.4915732279,648.5395999916364,17840.323299984448,332.0
1778882844,100,GET,GET /api/ -> https://locust.io/,3.400000,0.000000,8900,8900,9000,9200,9400,9400,9600,9600,9600,9600,9600,85,1,9400.0,10997.697914117496,5962.842200009618,21117.292200011434,5039.64705882353
1778882844,100,GET,GET /api/ -> https://redis.io/,1.400000,0.000000,14000,14000,15000,15000,15000,15000,15000,15000,15000,15000,15000,99,1,12000.0,11641.015014143466,3833.823900000425,24291.69440001715,7703.646464646465
1778882844,100,GET,GET /api/ -> https://training.play-with-docker.com/,0.900000,0.000000,7600,7700,7900,8100,8200,8400,8400,8400,8400,8400,8400,46,0,7800.0,7848.838360868799,5740.448299999116,9301.942499994766,1503.0
1778882844,100,GET,GET /api/ -> https://www.python.org/,0.000000,0.000000,8700,8700,8700,8700,8700,8700,8700,8700,8700,8700,8700,101,0,6000.0,8572.921757426373,3415.3032999893185,25193.092000001343,14427.0
1778882844,100,,Aggregated,10.200000,0.000000,8700,9000,11000,11000,13000,14000,15000,15000,15000,15000,15000,972,2,7300.0,7812.138636008679,152.14179997565225,25193.092000001343,6959.960905349794
1778882845,100,GET,GET /api/ -> http://example.com/,0.300000,0.000000,7500,7700,7700,7900,7900,7900,7900,7900,7900,7900,7900,133,0,3100.0,3208.5922090242584,152.14179997565225,8594.066999998176,68.0
1778882845,100,GET,GET /api/ -> https://books.toscrape.com/,0.200000,0.000000,10000,10000,10000,10000,10000,10000,10000,10000,10000,10000,10000,128,0,5400.0,7556.923416407017,1420.6043999874964,23526.405799988424,8223.0
1778882845,100,GET,GET /api/ -> https://docs.docker.com/,0.000000,0.000000,0,0,0,0,0,0,0,0,0,0,0,100,0,7900.0,8288.427768001566,1854.564000008395,20923.895399988396,1856.0
1778882845,100,GET,GET /api/ -> https://flask.palletsprojects.com/,0.000000,0.000000,9700,9700,9700,9700,9700,9700,9700,9700,9700,9700,9700,100,0,8000.0,7331.289760999207,3289.9209999886807,12528.07150001172,20936.0
1778882845,100,GET,GET /api/ -> https://github.com/ibnesayeed/linkextractor,1.400000,0.000000,11000,11000,12000,12000,12000,12000,12000,12000,12000,12000,12000,54,0,8900.0,9376.53388518299,4752.979500015499,13690.352699981304,12313.0
1778882845,100,GET,GET /api/ -> https://httpbin.org/,2.700000,0.000000,8200,8300,8300,8400,8600,8600,8700,8700,8700,8700,8700,127,0,4300.0,6494.4915732279,648.5395999916364,17840.323299984448,332.0
1778882845,100,GET,GET /api/ -> https://locust.io/,3.100000,0.000000,8900,8900,8900,9000,9200,9200,9400,9400,9400,9400,9400,85,1,9400.0,10997.697914117496,5962.842200009618,21117.292200011434,5039.64705882353
1778882845,100,GET,GET /api/ -> https://redis.io/,1.400000,0.000000,14000,14000,15000,15000,15000,16000,16000,16000,16000,16000,16000,100,1,12000.0,11689.17832900217,3833.823900000425,24291.69440001715,7704.41
1778882845,100,GET,GET /api/ -> https://training.play-with-docker.com/,1.400000,0.000000,7600,7700,7900,8100,8100,8200,8200,8200,8200,8200,8200,47,0,7900.0,7854.154185105259,5740.448299999116,9301.942499994766,1503.0
1778882845,100,GET,GET /api/ -> https://www.python.org/,0.100000,0.000000,10000,10000,10000,10000,10000,10000,10000,10000,10000,10000,10000,102,0,6000.0,8587.559842157598,3415.3032999893185,25193.092000001343,14427.0
1778882845,100,,Aggregated,10.600000,0.000000,8600,9000,11000,11000,14000,15000,15000,16000,16000,16000,16000,976,2,7400.0,7823.701311270959,152.14179997565225,25193.092000001343,6955.799180327869
1778882846,100,GET,GET /api/ -> http://example.com/,0.300000,0.000000,7500,7500,7900,7900,7900,7900,7900,7900,7900,7900,7900,133,0,3100.0,3208.5922090242584,152.14179997565225,8594.066999998176,68.0
1778882846,100,GET,GET /api/ -> https://books.toscrape.com/,0.100000,0.000000,9300,9300,10000,10000,10000,10000,10000,10000,10000,10000,10000,129,0,5400.0,7570.808041861097,1420.6043999874964,23526.405799988424,8223.0
1778882846,100,GET,GET /api/ -> https://docs.docker.com/,0.000000,0.000000,0,0,0,0,0,0,0,0,0,0,0,100,0,7900.0,8288.427768001566,1854.564000008395,20923.895399988396,1856.0
1778882846,100,GET,GET /api/ -> https://flask.palletsprojects.com/,0.000000,0.000000,0,0,0,0,0,0,0,0,0,0,0,100,0,8000.0,7331.289760999207,3289.9209999886807,12528.07150001172,20936.0
1778882846,100,GET,GET /api/ -> https://github.com/ibnesayeed/linkextractor,1.300000,0.000000,11000,12000,12000,12000,12000,12000,12000,12000,12000,12000,12000,56,0,9300.0,9470.130208926483,4752.979500015499,13690.352699981304,12313.0
1778882846,100,GET,GET /api/ -> https://httpbin.org/,2.700000,0.000000,8000,8300,8300,8300,8600,8700,8700,8700,8700,8700,8700,127,0,4300.0,6494.4915732279,648.5395999916364,17840.323299984448,332.0
1778882846,100,GET,GET /api/ -> https://locust.io/,2.900000,0.000000,8900,8900,8900,9000,9200,9200,9200,9200,9200,9200,9200,85,1,9400.0,10997.697914117496,5962.842200009618,21117.292200011434,5039.64705882353
1778882846,100,GET,GET /api/ -> https://redis.io/,1.400000,0.000000,14000,14000,15000,15000,15000,16000,16000,16000,16000,16000,16000,100,1,12000.0,11689.17832900217,3833.823900000425,24291.69440001715,7704.41
1778882846,100,GET,GET /api/ -> https://training.play-with-docker.com/,1.400000,0.000000,7600,7700,8100,8100,8200,9200,9200,9200,9200,9200,9200,48,0,7900.0,7881.844056249368,5740.448299999116,9301.942499994766,1503.0
1778882846,100,GET,GET /api/ -> https://www.python.org/,0.100000,0.000000,10000,10000,10000,10000,10000,10000,10000,10000,10000,10000,10000,103,0,6000.0,8604.706098059096,3415.3032999893185,25193.092000001343,14427.0
1778882846,100,,Aggregated,10.200000,0.000000,8700,9200,11000,12000,14000,15000,15000,16000,16000,16000,16000,981,2,7400.0,7837.728719674286,152.14179997565225,25193.092000001343,6970.070336391437
1778882847,100,GET,GET /api/ -> http://example.com/,0.500000,0.000000,7500,7500,7900,7900,7900,7900,7900,7900,7900,7900,7900,133,0,3100.0,3208.5922090242584,152.14179997565225,8594.066999998176,68.0
1778882847,100,GET,GET /api/ -> https://books.toscrape.com/,0.100000,0.000000,9300,9300,9300,9300,9300,9300,9300,9300,9300,9300,9300,129,0,5400.0,7570.808041861097,1420.6043999874964,23526.405799988424,8223.0
1778882847,100,GET,GET /api/ -> https://docs.docker.com/,0.000000,0.000000,0,0,0,0,0,0,0,0,0,0,0,100,0,7900.0,8288.427768001566,1854.564000008395,20923.895399988396,1856.0
1778882847,100,GET,GET /api/ -> https://flask.palletsprojects.com/,0.000000,0.000000,0,0,0,0,0,0,0,0,0,0,0,100,0,8000.0,7331.289760999207,3289.9209999886807,12528.07150001172,20936.0
1778882847,100,GET,GET /api/ -> https://github.com/ibnesayeed/linkextractor,1.000000,0.000000,11000,12000,12000,12000,12000,13000,13000,13000,13000,13000,13000,57,0,9400.0,9530.466912278554,4752.979500015499,13690.352699981304,12313.0
1778882847,100,GET,GET /api/ -> https://httpbin.org/,2.600000,0.000000,7800,7800,8000,8300,8700,8700,8700,8700,8700,8700,8700,127,0,4300.0,6494.4915732279,648.5395999916364,17840.323299984448,332.0
1778882847,100,GET,GET /api/ -> https://locust.io/,2.400000,0.000000,8900,8900,8900,9000,9200,9200,9200,9200,9200,9200,9200,85,1,9400.0,10997.697914117496,5962.842200009618,21117.292200011434,5039.64705882353
1778882847,100,GET,GET /api/ -> https://redis.io/,1.500000,0.000000,14000,15000,15000,15000,15000,16000,16000,16000,16000,16000,16000,100,1,12000.0,11689.17832900217,3833.823900000425,24291.69440001715,7704.41
1778882847,100,GET,GET /api/ -> https://training.play-with-docker.com/,1.500000,0.000000,7600,7700,7900,8100,8200,9200,9200,9200,9200,9200,9200,48,0,7900.0,7881.844056249368,5740.448299999116,9301.942499994766,1503.0
1778882847,100,GET,GET /api/ -> https://www.python.org/,0.100000,0.000000,11000,11000,11000,11000,12000,12000,12000,12000,12000,12000,12000,106,0,6000.0,8678.785444340803,3415.3032999893185,25193.092000001343,14427.0
1778882847,100,,Aggregated,9.700000,0.000000,8900,11000,12000,13000,14000,15000,15000,16000,16000,16000,16000,985,2,7400.0,7853.185507919298,152.14179997565225,25193.092000001343,6998.206091370558
1778882848,100,GET,GET /api/ -> http://example.com/,0.400000,0.000000,7500,7500,7900,7900,7900,7900,7900,7900,7900,7900,7900,133,0,3100.0,3208.5922090242584,152.14179997565225,8594.066999998176,68.0
1778882848,100,GET,GET /api/ -> https://books.toscrape.com/,0.200000,0.000000,9300,9300,11000,11000,11000,11000,11000,11000,11000,11000,11000,130,0,5400.0,7596.705817693146,1420.6043999874964,23526.405799988424,8223.0
1778882848,100,GET,GET /api/ -> https://docs.docker.com/,0.000000,0.000000,0,0,0,0,0,0,0,0,0,0,0,100,0,7900.0,8288.427768001566,1854.564000008395,20923.895399988396,1856.0
1778882848,100,GET,GET /api/ -> https://flask.palletsprojects.com/,0.000000,0.000000,0,0,0,0,0,0,0,0,0,0,0,100,0,8000.0,7331.289760999207,3289.9209999886807,12528.07150001172,20936.0
1778882848,100,GET,GET /api/ -> https://github.com/ibnesayeed/linkextractor,0.900000,0.000000,12000,12000,12000,13000,13000,13000,13000,13000,13000,13000,13000,59,0,11000.0,9655.134128811631,4752.979500015499,13690.352699981304,12313.0
1778882848,100,GET,GET /api/ -> https://httpbin.org/,2.100000,0.000000,7800,7800,7800,7800,7800,7800,7800,7800,7800,7800,7800,127,0,4300.0,6494.4915732279,648.5395999916364,17840.323299984448,332.0
1778882848,100,GET,GET /api/ -> https://locust.io/,2.200000,0.000000,8900,8900,9000,9200,9200,9200,9200,9200,9200,9200,9200,85,1,9400.0,10997.697914117496,5962.842200009618,21117.292200011434,5039.64705882353
1778882848,100,GET,GET /api/ -> https://redis.io/,1.500000,0.000000,14000,15000,15000,15000,15000,16000,16000,16000,16000,16000,16000,100,1,12000.0,11689.17832900217,3833.823900000425,24291.69440001715,7704.41
1778882848,100,GET,GET /api/ -> https://training.play-with-docker.com/,1.500000,0.000000,7600,7700,7900,8100,8200,9200,9200,9200,9200,9200,9200,48,0,7900.0,7881.844056249368,5740.448299999116,9301.942499994766,1503.0
1778882848,100,GET,GET /api/ -> https://www.python.org/,0.300000,0.000000,11000,11000,12000,12000,12000,12000,12000,12000,12000,12000,12000,107,0,6300.0,8708.338233646087,3415.3032999893185,25193.092000001343,14427.0
1778882848,100,,Aggregated,9.100000,0.000000,9300,11000,12000,13000,14000,15000,15000,16000,16000,16000,16000,989,2,7400.0,7871.165295956067,152.14179997565225,25193.092000001343,7017.70374115268
1778882849,100,GET,GET /api/ -> http://example.com/,0.400000,0.000000,7500,7500,7900,7900,7900,7900,7900,7900,7900,7900,7900,133,0,3100.0,3208.5922090242584,152.14179997565225,8594.066999998176,68.0
1778882849,100,GET,GET /api/ -> https://books.toscrape.com/,0.200000,0.000000,9300,9300,11000,11000,11000,11000,11000,11000,11000,11000,11000,130,0,5400.0,7596.705817693146,1420.6043999874964,23526.405799988424,8223.0
1778882849,100,GET,GET /api/ -> https://docs.docker.com/,0.000000,0.000000,0,0,0,0,0,0,0,0,0,0,0,100,0,7900.0,8288.427768001566,1854.564000008395,20923.895399988396,1856.0
1778882849,100,GET,GET /api/ -> https://flask.palletsprojects.com/,0.000000,0.000000,0,0,0,0,0,0,0,0,0,0,0,100,0,8000.0,7331.289760999207,3289.9209999886807,12528.07150001172,20936.0
1778882849,100,GET,GET /api/ -> https://github.com/ibnesayeed/linkextractor,0.900000,0.000000,12000,12000,13000,13000,13000,13000,13000,13000,13000,13000,13000,59,0,11000.0,9655.134128811631,4752.979500015499,13690.352699981304,12313.0
1778882849,100,GET,GET /api/ -> https://httpbin.org/,1.700000,0.000000,7800,7800,7800,7800,7800,7800,7800,7800,7800,7800,7800,127,0,4300.0,6494.4915732279,648.5395999916364,17840.323299984448,332.0
1778882849,100,GET,GET /api/ -> https://locust.io/,1.700000,0.000000,9000,9200,9200,9200,12000,12000,12000,12000,12000,12000,12000,86,1,9400.0,11004.904577906886,5962.842200009618,21117.292200011434,5040.313953488372
1778882849,100,GET,GET /api/ -> https://redis.io/,1.500000,0.000000,15000,15000,15000,15000,16000,16000,16000,16000,16000,16000,16000,100,1,12000.0,11689.17832900217,3833.823900000425,24291.69440001715,7704.41
1778882849,100,GET,GET /api/ -> https://training.play-with-docker.com/,1.400000,0.000000,7700,7700,8100,8100,8200,9200,9200,9200,9200,9200,9200,48,0,7900.0,7881.844056249368,5740.448299999116,9301.942499994766,1503.0
1778882849,100,GET,GET /api/ -> https://www.python.org/,0.500000,0.000000,11000,12000,12000,12000,12000,12000,12000,12000,12000,12000,12000,109,0,6600.0,8768.980792661918,3415.3032999893185,25193.092000001343,14427.0
1778882849,100,,Aggregated,8.300000,0.000000,11000,12000,12000,13000,14000,15000,15000,16000,16000,16000,16000,992,2,7400.0,7883.2930081659,152.14179997565225,25193.092000001343,7030.705645161291
1778882850,100,GET,GET /api/ -> http://example.com/,0.200000,0.000000,7900,7900,7900,7900,7900,7900,7900,7900,7900,7900,7900,133,0,3100.0,3208.5922090242584,152.14179997565225,8594.066999998176,68.0
1778882850,100,GET,GET /api/ -> https://books.toscrape.com/,0.200000,0.000000,11000,11000,13000,13000,13000,13000,13000,13000,13000,13000,13000,131,0,5500.0,7635.77263969537,1420.6043999874964,23526.405799988424,8223.0
1778882850,100,GET,GET /api/ -> https://docs.docker.com/,0.000000,0.000000,0,0,0,0,0,0,0,0,0,0,0,100,0,7900.0,8288.427768001566,1854.564000008395,20923.895399988396,1856.0
1778882850,100,GET,GET /api/ -> https://flask.palletsprojects.com/,0.000000,0.000000,0,0,0,0,0,0,0,0,0,0,0,100,0,8000.0,7331.289760999207,3289.9209999886807,12528.07150001172,20936.0
1778882850,100,GET,GET /api/ -> https://github.com/ibnesayeed/linkextractor,1.100000,0.000000,12000,13000,15000,15000,15000,15000,15000,15000,15000,15000,15000,63,0,11000.0,9979.401877775903,4752.979500015499,15017.533899983391,12313.0
1778882850,100,GET,GET /api/ -> https://httpbin.org/,1.000000,0.000000,7400,7400,7400,7400,7400,7400,7400,7400,7400,7400,7400,127,0,4300.0,6494.4915732279,648.5395999916364,17840.323299984448,332.0
1778882850,100,GET,GET /api/ -> https://locust.io/,1.300000,0.000000,9200,12000,12000,12000,12000,12000,12000,12000,12000,12000,12000,87,1,9400.0,11014.983180459742,5962.842200009618,21117.292200011434,5040.9655172413795
1778882850,100,GET,GET /api/ -> https://redis.io/,1.300000,0.000000,14000,15000,15000,15000,16000,16000,16000,16000,16000,16000,16000,100,1,12000.0,11689.17832900217,3833.823900000425,24291.69440001715,7704.41
1778882850,100,GET,GET /api/ -> https://training.play-with-docker.com/,1.400000,0.000000,7700,7900,8100,8100,8200,9200,9200,9200,9200,9200,9200,48,0,7900.0,7881.844056249368,5740.448299999116,9301.942499994766,1503.0
1778882850,100,GET,GET /api/ -> https://www.python.org/,0.600000,0.000000,12000,12000,12000,12000,13000,13000,13000,13000,13000,13000,13000,116,0,7400.0,8997.279023277173,3415.3032999893185,25193.092000001343,14427.0
1778882850,100,,Aggregated,7.100000,0.000000,12000,12000,13000,13000,15000,15000,15000,16000,16000,16000,16000,1005,2,7600.0,7951.977842388619,152.14179997565225,25193.092000001343,7102.508457711443
1778882851,100,GET,GET /api/ -> http://example.com/,0.200000,0.000000,7900,7900,11000,11000,11000,11000,11000,11000,11000,11000,11000,134,0,3100.0,3270.1785186583215,152.14179997565225,11461.15769998869,68.0
1778882851,100,GET,GET /api/ -> https://books.toscrape.com/,0.300000,0.000000,11000,11000,13000,13000,13000,13000,13000,13000,13000,13000,13000,131,0,5500.0,7635.77263969537,1420.6043999874964,23526.405799988424,8223.0
1778882851,100,GET,GET /api/ -> https://docs.docker.com/,0.000000,0.000000,0,0,0,0,0,0,0,0,0,0,0,100,0,7900.0,8288.427768001566,1854.564000008395,20923.895399988396,1856.0
1778882851,100,GET,GET /api/ -> https://flask.palletsprojects.com/,0.000000,0.000000,0,0,0,0,0,0,0,0,0,0,0,100,0,8000.0,7331.289760999207,3289.9209999886807,12528.07150001172,20936.0
1778882851,100,GET,GET /api/ -> https://github.com/ibnesayeed/linkextractor,1.100000,0.000000,13000,14000,15000,15000,15000,15000,15000,15000,15000,15000,15000,69,0,11000.0,10367.17061883942,4752.979500015499,15017.533899983391,12313.0
1778882851,100,GET,GET /api/ -> https://httpbin.org/,0.200000,0.000000,7400,7400,7400,7400,7400,7400,7400,7400,7400,7400,7400,127,0,4300.0,6494.4915732279,648.5395999916364,17840.323299984448,332.0
1778882851,100,GET,GET /api/ -> https://locust.io/,1.100000,0.000000,12000,12000,12000,12000,13000,13000,13000,13000,13000,13000,13000,88,1,9400.0,11033.390598863743,5962.842200009618,21117.292200011434,5041.602272727273
1778882851,100,GET,GET /api/ -> https://redis.io/,1.000000,0.000000,15000,15000,16000,16000,16000,16000,16000,16000,16000,16000,16000,100,1,12000.0,11689.17832900217,3833.823900000425,24291.69440001715,7704.41
1778882851,100,GET,GET /api/ -> https://training.play-with-docker.com/,1.200000,0.000000,7700,8100,8200,8200,9200,9200,9200,9200,9200,9200,9200,48,0,7900.0,7881.844056249368,5740.448299999116,9301.942499994766,1503.0
1778882851,100,GET,GET /api/ -> https://www.python.org/,0.800000,0.000000,12000,12000,13000,13000,13000,13000,13000,13000,13000,13000,13000,119,0,8100.0,9093.176610085246,3415.3032999893185,25193.092000001343,14427.0
1778882851,100,,Aggregated,5.900000,0.000000,12000,13000,13000,14000,15000,15000,15000,16000,16000,16000,16000,1016,2,7600.0,8012.667155118695,152.14179997565225,25193.092000001343,7146.008858267716
1778882852,100,GET,GET /api/ -> http://example.com/,0.200000,0.000000,11000,11000,11000,11000,11000,11000,11000,11000,11000,11000,11000,137,0,3200.0,3431.5600416074544,152.14179997565225,11461.15769998869,68.0
1778882852,100,GET,GET /api/ -> https://books.toscrape.com/,0.300000,0.000000,11000,11000,13000,13000,13000,13000,13000,13000,13000,13000,13000,131,0,5500.0,7635.77263969537,1420.6043999874964,23526.405799988424,8223.0
1778882852,100,GET,GET /api/ -> https://docs.docker.com/,0.000000,0.000000,0,0,0,0,0,0,0,0,0,0,0,100,0,7900.0,8288.427768001566,1854.564000008395,20923.895399988396,1856.0
1778882852,100,GET,GET /api/ -> https://flask.palletsprojects.com/,0.000000,0.000000,0,0,0,0,0,0,0,0,0,0,0,100,0,8000.0,7331.289760999207,3289.9209999886807,12528.07150001172,20936.0
1778882852,100,GET,GET /api/ -> https://github.com/ibnesayeed/linkextractor,1.500000,0.000000,14000,15000,15000,15000,15000,15000,15000,15000,15000,15000,15000,73,0,11000.0,10575.842097259288,4752.979500015499,15017.533899983391,12313.0
1778882852,100,GET,GET /api/ -> https://httpbin.org/,0.100000,0.000000,7400,7400,7400,7400,7400,7400,7400,7400,7400,7400,7400,127,0,4300.0,6494.4915732279,648.5395999916364,17840.323299984448,332.0
1778882852,100,GET,GET /api/ -> https://locust.io/,0.800000,0.000000,12000,13000,13000,13000,13000,13000,13000,13000,13000,13000,13000,90,1,9400.0,11073.718304444143,5962.842200009618,21117.292200011434,5042.833333333333
1778882852,100,GET,GET /api/ -> https://redis.io/,1.000000,0.000000,15000,15000,16000,16000,16000,16000,16000,16000,16000,16000,16000,100,1,12000.0,11689.17832900217,3833.823900000425,24291.69440001715,7704.41
1778882852,100,GET,GET /api/ -> https://training.play-with-docker.com/,1.200000,0.000000,7700,8100,8200,8200,9200,9200,9200,9200,9200,9200,9200,48,0,7900.0,7881.844056249368,5740.448299999116,9301.942499994766,1503.0
1778882852,100,GET,GET /api/ -> https://www.python.org/,1.400000,0.000000,12000,13000,13000,13000,13000,13000,14000,14000,14000,14000,14000,125,0,8300.0,9294.468440001132,3415.3032999893185,25193.092000001343,14427.0
1778882852,100,,Aggregated,6.500000,0.000000,13000,13000,14000,14000,15000,15000,15000,16000,16000,16000,16000,1031,2,7700.0,8084.295002231396,152.14179997565225,25193.092000001343,7183.857419980602
1778882853,100,GET,GET /api/ -> http://example.com/,0.300000,0.000000,10000,11000,11000,11000,11000,11000,11000,11000,11000,11000,11000,138,0,3200.0,3480.109960871219,152.14179997565225,11461.15769998869,68.0
1778882853,100,GET,GET /api/ -> https://books.toscrape.com/,0.400000,0.000000,11000,11000,13000,13000,13000,13000,13000,13000,13000,13000,13000,131,0,5500.0,7635.77263969537,1420.6043999874964,23526.405799988424,8223.0
1778882853,100,GET,GET /api/ -> https://docs.docker.com/,0.000000,0.000000,0,0,0,0,0,0,0,0,0,0,0,100,0,7900.0,8288.427768001566,1854.564000008395,20923.895399988396,1856.0
1778882853,100,GET,GET /api/ -> https://flask.palletsprojects.com/,0.000000,0.000000,0,0,0,0,0,0,0,0,0,0,0,100,0,8000.0,7331.289760999207,3289.9209999886807,12528.07150001172,20936.0
1778882853,100,GET,GET /api/ -> https://github.com/ibnesayeed/linkextractor,1.700000,0.000000,14000,15000,15000,15000,15000,15000,15000,15000,15000,15000,15000,75,0,11000.0,10674.693042665798,4752.979500015499,15017.533899983391,12313.0
1778882853,100,GET,GET /api/ -> https://httpbin.org/,0.100000,0.000000,7400,7400,7400,7400,7400,7400,7400,7400,7400,7400,7400,127,0,4300.0,6494.4915732279,648.5395999916364,17840.323299984448,332.0
1778882853,100,GET,GET /api/ -> https://locust.io/,0.500000,0.000000,12000,12000,13000,13000,13000,13000,13000,13000,13000,13000,13000,94,1,9500.0,11112.782791488497,5962.842200009618,21117.292200011434,5045.13829787234
1778882853,100,GET,GET /api/ -> https://redis.io/,0.700000,0.000000,16000,16000,16000,16000,16000,16000,16000,16000,16000,16000,16000,100,1,12000.0,11689.17832900217,3833.823900000425,24291.69440001715,7704.41
1778882853,100,GET,GET /api/ -> https://training.play-with-docker.com/,1.100000,0.000000,8200,8200,9200,9200,9200,9200,9200,9200,9200,9200,9200,48,0,7900.0,7881.844056249368,5740.448299999116,9301.942499994766,1503.0
1778882853,100,GET,GET /api/ -> https://www.python.org/,1.800000,0.000000,13000,13000,13000,13000,13000,13000,14000,14000,14000,14000,14000,127,0,8400.0,9342.884514174437,3415.3032999893185,25193.092000001343,14427.0
1778882853,100,,Aggregated,6.600000,0.000000,13000,13000,14000,14000,15000,15000,15000,16000,16000,16000,16000,1040,2,7700.0,8121.451744808213,152.14179997565225,25193.092000001343,7192.781730769231
1778882854,100,GET,GET /api/ -> http://example.com/,0.300000,0.000000,10000,10000,11000,11000,11000,11000,11000,11000,11000,11000,11000,143,0,3200.0,3711.8330300715184,152.14179997565225,11461.15769998869,68.0
1778882854,100,GET,GET /api/ -> https://books.toscrape.com/,0.300000,0.000000,11000,11000,13000,13000,13000,13000,13000,13000,13000,13000,13000,131,0,5500.0,7635.77263969537,1420.6043999874964,23526.405799988424,8223.0
1778882854,100,GET,GET /api/ -> https://docs.docker.com/,0.000000,0.000000,0,0,0,0,0,0,0,0,0,0,0,100,0,7900.0,8288.427768001566,1854.564000008395,20923.895399988396,1856.0
1778882854,100,GET,GET /api/ -> https://flask.palletsprojects.com/,0.000000,0.000000,0,0,0,0,0,0,0,0,0,0,0,100,0,8000.0,7331.289760999207,3289.9209999886807,12528.07150001172,20936.0
1778882854,100,GET,GET /api/ -> https://github.com/ibnesayeed/linkextractor,2.200000,0.000000,14000,15000,15000,15000,15000,15000,15000,15000,15000,15000,15000,79,0,11000.0,10879.473511391552,4752.979500015499,15265.87189998827,12313.0
1778882854,100,GET,GET /api/ -> https://httpbin.org/,0.000000,0.000000,12000,12000,12000,12000,12000,12000,12000,12000,12000,12000,12000,128,0,4300.0,6538.041407030732,648.5395999916364,17840.323299984448,332.0
1778882854,100,GET,GET /api/ -> https://locust.io/,0.500000,0.000000,12000,13000,13000,13000,13000,13000,13000,13000,13000,13000,13000,99,1,9800.0,11161.161550504421,5962.842200009618,21117.292200011434,5047.757575757576
1778882854,100,GET,GET /api/ -> https://redis.io/,0.300000,0.000000,16000,16000,16000,16000,16000,16000,16000,16000,16000,16000,16000,100,1,12000.0,11689.17832900217,3833.823900000425,24291.69440001715,7704.41
1778882854,100,GET,GET /api/ -> https://training.play-with-docker.com/,0.800000,0.000000,11000,11000,11000,11000,11000,11000,11000,11000,11000,11000,11000,53,0,8000.0,8167.8134566030185,5740.448299999116,11464.326899993466,1503.0
1778882854,100,GET,GET /api/ -> https://www.python.org/,2.300000,0.000000,13000,13000,13000,13000,13000,13000,14000,14000,14000,14000,14000,127,0,8400.0,9342.884514174437,3415.3032999893185,25193.092000001343,14427.0
1778882854,100,,Aggregated,6.700000,0.000000,12000,13000,13000,14000,15000,15000,15000,15000,15000,15000,15000,1060,2,7800.0,8191.236860755224,152.14179997565225,25193.092000001343,7135.299056603773
1778882855,100,GET,GET /api/ -> http://example.com/,0.700000,0.000000,9900,10000,10000,10000,11000,11000,11000,11000,11000,11000,11000,148,0,3300.0,3887.3137418932683,152.14179997565225,11461.15769998869,68.0
1778882855,100,GET,GET /api/ -> https://books.toscrape.com/,0.300000,0.000000,13000,13000,13000,13000,13000,13000,13000,13000,13000,13000,13000,131,0,5500.0,7635.77263969537,1420.6043999874964,23526.405799988424,8223.0
1778882855,100,GET,GET /api/ -> https://docs.docker.com/,0.000000,0.000000,12000,12000,12000,12000,12000,12000,12000,12000,12000,12000,12000,102,0,7900.0,8337.639255883736,1854.564000008395,20923.895399988396,1856.0
1778882855,100,GET,GET /api/ -> https://flask.palletsprojects.com/,0.000000,0.000000,0,0,0,0,0,0,0,0,0,0,0,100,0,8000.0,7331.289760999207,3289.9209999886807,12528.07150001172,20936.0
1778882855,100,GET,GET /api/ -> https://github.com/ibnesayeed/linkextractor,2.400000,0.000000,14000,15000,15000,15000,15000,15000,15000,15000,15000,15000,15000,84,0,12000.0,11044.972899999439,4752.979500015499,15265.87189998827,12313.0
1778882855,100,GET,GET /api/ -> https://httpbin.org/,0.000000,0.000000,9800,9800,12000,12000,12000,12000,12000,12000,12000,12000,12000,129,0,4400.0,6563.151196898828,648.5395999916364,17840.323299984448,332.0
1778882855,100,GET,GET /api/ -> https://locust.io/,0.800000,0.000000,12000,12000,13000,13000,13000,13000,13000,13000,13000,13000,13000,100,1,9800.0,11150.460970999266,5962.842200009618,21117.292200011434,5048.25
1778882855,100,GET,GET /api/ -> https://redis.io/,0.100000,0.000000,16000,16000,16000,16000,16000,16000,16000,16000,16000,16000,16000,100,1,12000.0,11689.17832900217,3833.823900000425,24291.69440001715,7704.41
1778882855,100,GET,GET /api/ -> https://training.play-with-docker.com/,0.300000,0.000000,10000,11000,11000,11000,11000,11000,11000,11000,11000,11000,11000,55,0,8000.0,8234.744894544234,5740.448299999116,11464.326899993466,1503.0
1778882855,100,GET,GET /api/ -> https://www.python.org/,2.500000,0.000000,13000,13000,13000,13000,13000,13000,14000,14000,14000,14000,14000,127,0,8400.0,9342.884514174437,3415.3032999893185,25193.092000001343,14427.0
1778882855,100,,Aggregated,7.100000,0.000000,13000,13000,14000,14000,15000,15000,15000,15000,15000,15000,15000,1076,2,7900.0,8231.43335529786,152.14179997565225,25193.092000001343,7098.019516728625
1778882857,100,GET,GET /api/ -> http://example.com/,1.500000,0.000000,10000,10000,10000,11000,11000,11000,11000,11000,11000,11000,11000,148,0,3300.0,3887.3137418932683,152.14179997565225,11461.15769998869,68.0
1778882857,100,GET,GET /api/ -> https://books.toscrape.com/,0.300000,0.000000,12000,12000,13000,13000,13000,13000,13000,13000,13000,13000,13000,133,0,5500.0,7704.006490978164,1420.6043999874964,23526.405799988424,8223.0
1778882857,100,GET,GET /api/ -> https://docs.docker.com/,0.200000,0.000000,10000,10000,11000,11000,12000,12000,12000,12000,12000,12000,12000,108,0,8000.0,8412.490935186388,1854.564000008395,20923.895399988396,1856.0
1778882857,100,GET,GET /api/ -> https://flask.palletsprojects.com/,0.000000,0.000000,0,0,0,0,0,0,0,0,0,0,0,100,0,8000.0,7331.289760999207,3289.9209999886807,12528.07150001172,20936.0
1778882857,100,GET,GET /api/ -> https://github.com/ibnesayeed/linkextractor,3.000000,0.000000,14000,15000,15000,15000,15000,15000,15000,15000,15000,15000,15000,85,0,12000.0,11090.171317646265,4752.979500015499,15265.87189998827,12313.0
1778882857,100,GET,GET /api/ -> https://httpbin.org/,0.100000,0.000000,9800,9800,12000,12000,12000,12000,12000,12000,12000,12000,12000,130,0,4400.0,6581.327558461076,648.5395999916364,17840.323299984448,332.0
1778882857,100,GET,GET /api/ -> https://locust.io/,1.500000,0.000000,12000,12000,13000,13000,13000,13000,13000,13000,13000,13000,13000,100,1,9800.0,11150.460970999266,5962.842200009618,21117.292200011434,5048.25
1778882857,100,GET,GET /api/ -> https://redis.io/,0.000000,0.000000,16000,16000,16000,16000,16000,16000,16000,16000,16000,16000,16000,100,1,12000.0,11689.17832900217,3833.823900000425,24291.69440001715,7704.41
1778882857,100,GET,GET /api/ -> https://training.play-with-docker.com/,0.800000,0.000000,9800,10000,10000,11000,11000,11000,11000,11000,11000,11000,11000,62,0,8000.0,8301.101737096154,5740.448299999116,11464.326899993466,1503.0
1778882857,100,GET,GET /api/ -> https://www.python.org/,2.600000,0.000000,13000,13000,13000,13000,13000,13000,14000,14000,14000,14000,14000,127,0,8400.0,9342.884514174437,3415.3032999893185,25193.092000001343,14427.0
1778882857,100,,Aggregated,10.000000,0.000000,12000,13000,13000,14000,15000,15000,15000,15000,15000,15000,15000,1093,2,8000.0,8257.13541610292,152.14179997565225,25193.092000001343,7034.05032021958
1778882858,100,GET,GET /api/ -> http://example.com/,1.500000,0.000000,10000,10000,10000,11000,11000,11000,11000,11000,11000,11000,11000,148,0,3300.0,3887.3137418932683,152.14179997565225,11461.15769998869,68.0
1778882858,100,GET,GET /api/ -> https://books.toscrape.com/,0.200000,0.000000,12000,12000,13000,13000,13000,13000,13000,13000,13000,13000,13000,133,0,5500.0,7704.006490978164,1420.6043999874964,23526.405799988424,8223.0
1778882858,100,GET,GET /api/ -> https://docs.docker.com/,0.200000,0.000000,9400,9800,10000,10000,11000,12000,12000,12000,12000,12000,12000,114,0,8100.0,8421.939404387478,1854.564000008395,20923.895399988396,1856.0
1778882858,100,GET,GET /api/ -> https://flask.palletsprojects.com/,0.000000,0.000000,0,0,0,0,0,0,0,0,0,0,0,100,0,8000.0,7331.289760999207,3289.9209999886807,12528.07150001172,20936.0
1778882858,100,GET,GET /api/ -> https://github.com/ibnesayeed/linkextractor,2.900000,0.000000,14000,15000,15000,15000,15000,15000,15000,15000,15000,15000,15000,85,0,12000.0,11090.171317646265,4752.979500015499,15265.87189998827,12313.0
1778882858,100,GET,GET /api/ -> https://httpbin.org/,0.200000,0.000000,9800,9800,12000,12000,12000,12000,12000,12000,12000,12000,12000,131,0,4400.0,6593.150575571953,648.5395999916364,17840.323299984448,332.0
1778882858,100,GET,GET /api/ -> https://locust.io/,1.500000,0.000000,12000,13000,13000,13000,13000,13000,13000,13000,13000,13000,13000,100,1,9800.0,11150.460970999266,5962.842200009618,21117.292200011434,5048.25
1778882858,100,GET,GET /api/ -> https://redis.io/,0.000000,0.000000,16000,16000,16000,16000,16000,16000,16000,16000,16000,16000,16000,100,1,12000.0,11689.17832900217,3833.823900000425,24291.69440001715,7704.41
1778882858,100,GET,GET /api/ -> https://training.play-with-docker.com/,0.700000,0.000000,9100,9500,10000,10000,11000,11000,11000,11000,11000,11000,11000,71,0,7900.0,8127.363201409076,5740.448299999116,11464.326899993466,1503.0
1778882858,100,GET,GET /api/ -> https://www.python.org/,2.400000,0.000000,13000,13000,13000,13000,13000,14000,14000,14000,14000,14000,14000,127,0,8400.0,9342.884514174437,3415.3032999893185,25193.092000001343,14427.0
1778882858,100,,Aggregated,9.600000,0.000000,12000,13000,13000,14000,14000,15000,15000,15000,15000,15000,15000,1109,2,8000.0,8248.066459243104,152.14179997565225,25193.092000001343,6955.105500450856
1778882859,100,GET,GET /api/ -> http://example.com/,1.500000,0.000000,10000,10000,10000,11000,11000,11000,11000,11000,11000,11000,11000,148,0,3300.0,3887.3137418932683,152.14179997565225,11461.15769998869,68.0
1778882859,100,GET,GET /api/ -> https://books.toscrape.com/,0.400000,0.000000,8800,12000,12000,12000,13000,13000,13000,13000,13000,13000,13000,137,0,5500.0,7697.34594671597,1420.6043999874964,23526.405799988424,8223.0
1778882859,100,GET,GET /api/ -> https://docs.docker.com/,0.700000,0.000000,8500,9000,9400,9500,10000,11000,12000,12000,12000,12000,12000,126,0,8000.0,8356.216190478002,1854.564000008395,20923.895399988396,1856.0
1778882859,100,GET,GET /api/ -> https://flask.palletsprojects.com/,0.000000,0.000000,0,0,0,0,0,0,0,0,0,0,0,100,0,8000.0,7331.289760999207,3289.9209999886807,12528.07150001172,20936.0
1778882859,100,GET,GET /api/ -> https://github.com/ibnesayeed/linkextractor,2.800000,0.000000,14000,14000,15000,15000,15000,15000,15000,15000,15000,15000,15000,86,0,12000.0,11080.076024417838,4752.979500015499,15265.87189998827,12313.0
1778882859,100,GET,GET /api/ -> https://httpbin.org/,0.200000,0.000000,9800,9800,12000,12000,12000,12000,12000,12000,12000,12000,12000,131,0,4400.0,6593.150575571953,648.5395999916364,17840.323299984448,332.0
1778882859,100,GET,GET /api/ -> https://locust.io/,1.500000,0.000000,12000,13000,13000,13000,13000,13000,13000,13000,13000,13000,13000,100,1,9800.0,11150.460970999266,5962.842200009618,21117.292200011434,5048.25
1778882859,100,GET,GET /api/ -> https://redis.io/,0.000000,0.000000,16000,16000,16000,16000,16000,16000,16000,16000,16000,16000,16000,100,1,12000.0,11689.17832900217,3833.823900000425,24291.69440001715,7704.41
1778882859,100,GET,GET /api/ -> https://training.play-with-docker.com/,1.100000,0.000000,7600,9400,10000,10000,11000,11000,11000,11000,11000,11000,11000,75,0,7800.0,8045.654500000334,5740.448299999116,11464.326899993466,1503.0
1778882859,100,GET,GET /api/ -> https://www.python.org/,2.200000,0.000000,13000,13000,13000,13000,13000,14000,14000,14000,14000,14000,14000,127,0,8400.0,9342.884514174437,3415.3032999893185,25193.092000001343,14427.0
1778882859,100,,Aggregated,10.400000,0.000000,10000,12000,13000,13000,14000,15000,15000,15000,15000,15000,15000,1130,2,7900.0,8235.747485752772,152.14179997565225,25193.092000001343,6890.885840707964
1778882860,100,GET,GET /api/ -> http://example.com/,1.500000,0.000000,10000,10000,10000,11000,11000,11000,11000,11000,11000,11000,11000,148,0,3300.0,3887.3137418932683,152.14179997565225,11461.15769998869,68.0
1778882860,100,GET,GET /api/ -> https://books.toscrape.com/,0.400000,0.000000,8800,12000,12000,12000,13000,13000,13000,13000,13000,13000,13000,138,0,5500.0,7691.6318094208955,1420.6043999874964,23526.405799988424,8223.0
1778882860,100,GET,GET /api/ -> https://docs.docker.com/,1.000000,0.000000,8500,8700,9400,9500,10000,11000,12000,12000,12000,12000,12000,127,0,8000.0,8344.354420474328,1854.564000008395,20923.895399988396,1856.0
1778882860,100,GET,GET /api/ -> https://flask.palletsprojects.com/,0.000000,0.000000,0,0,0,0,0,0,0,0,0,0,0,100,0,8000.0,7331.289760999207,3289.9209999886807,12528.07150001172,20936.0
1778882860,100,GET,GET /api/ -> https://github.com/ibnesayeed/linkextractor,2.600000,0.000000,14000,14000,15000,15000,15000,15000,15000,15000,15000,15000,15000,89,0,12000.0,11010.102722471387,4752.979500015499,15265.87189998827,12313.0
1778882860,100,GET,GET /api/ -> https://httpbin.org/,0.300000,0.000000,9800,9800,12000,12000,12000,12000,12000,12000,12000,12000,12000,131,0,4400.0,6593.150575571953,648.5395999916364,17840.323299984448,332.0
1778882860,100,GET,GET /api/ -> https://locust.io/,1.500000,0.000000,12000,13000,13000,13000,13000,13000,13000,13000,13000,13000,13000,100,1,9800.0,11150.460970999266,5962.842200009618,21117.292200011434,5048.25
1778882860,100,GET,GET /api/ -> https://redis.io/,0.000000,0.000000,16000,16000,16000,16000,16000,16000,16000,16000,16000,16000,16000,100,1,12000.0,11689.17832900217,3833.823900000425,24291.69440001715,7704.41
1778882860,100,GET,GET /api/ -> https://training.play-with-docker.com/,1.800000,0.000000,7500,9400,9800,10000,11000,11000,11000,11000,11000,11000,11000,77,0,7800.0,7984.058919480651,5602.478899993002,11464.326899993466,1503.0
1778882860,100,GET,GET /api/ -> https://www.python.org/,2.100000,0.000000,13000,13000,13000,13000,14000,14000,14000,14000,14000,14000,14000,127,0,8400.0,9342.884514174437,3415.3032999893185,25193.092000001343,14427.0
1778882860,100,,Aggregated,11.200000,0.000000,10000,12000,13000,13000,14000,14000,15000,15000,15000,15000,15000,1137,2,7900.0,8230.883270712971,152.14179997565225,25193.092000001343,6892.458223394899
1778882861,100,GET,GET /api/ -> http://example.com/,1.500000,0.000000,10000,10000,10000,10000,11000,11000,11000,11000,11000,11000,11000,148,0,3300.0,3887.3137418932683,152.14179997565225,11461.15769998869,68.0
1778882861,100,GET,GET /api/ -> https://books.toscrape.com/,0.400000,0.000000,8800,12000,12000,12000,13000,13000,13000,13000,13000,13000,13000,138,0,5500.0,7691.6318094208955,1420.6043999874964,23526.405799988424,8223.0
1778882861,100,GET,GET /api/ -> https://docs.docker.com/,1.000000,0.000000,8500,8700,9400,9500,10000,11000,12000,12000,12000,12000,12000,127,0,8000.0,8344.354420474328,1854.564000008395,20923.895399988396,1856.0
1778882861,100,GET,GET /api/ -> https://flask.palletsprojects.com/,0.000000,0.000000,0,0,0,0,0,0,0,0,0,0,0,100,0,8000.0,7331.289760999207,3289.9209999886807,12528.07150001172,20936.0
1778882861,100,GET,GET /api/ -> https://github.com/ibnesayeed/linkextractor,2.600000,0.000000,14000,14000,14000,14000,15000,15000,15000,15000,15000,15000,15000,89,0,12000.0,11010.102722471387,4752.979500015499,15265.87189998827,12313.0
1778882861,100,GET,GET /api/ -> https://httpbin.org/,0.300000,0.000000,9800,9800,12000,12000,12000,12000,12000,12000,12000,12000,12000,131,0,4400.0,6593.150575571953,648.5395999916364,17840.323299984448,332.0
1778882861,100,GET,GET /api/ -> https://locust.io/,1.500000,0.000000,12000,12000,12000,13000,13000,13000,13000,13000,13000,13000,13000,100,1,9800.0,11150.460970999266,5962.842200009618,21117.292200011434,5048.25
1778882861,100,GET,GET /api/ -> https://redis.io/,0.000000,0.000000,16000,16000,16000,16000,16000,16000,16000,16000,16000,16000,16000,100,1,12000.0,11689.17832900217,3833.823900000425,24291.69440001715,7704.41
1778882861,100,GET,GET /api/ -> https://training.play-with-docker.com/,1.800000,0.000000,7500,9400,9800,10000,11000,11000,11000,11000,11000,11000,11000,77,0,7800.0,7984.058919480651,5602.478899993002,11464.326899993466,1503.0
1778882861,100,GET,GET /api/ -> https://www.python.org/,2.100000,0.000000,13000,13000,14000,14000,14000,14000,14000,14000,14000,14000,14000,127,0,8400.0,9342.884514174437,3415.3032999893185,25193.092000001343,14427.0
1778882861,100,,Aggregated,11.200000,0.000000,9800,10000,12000,12000,14000,14000,15000,15000,15000,15000,15000,1137,2,7900.0,8230.883270712971,152.14179997565225,25193.092000001343,6892.458223394899
1778882862,100,GET,GET /api/ -> http://example.com/,1.500000,0.000000,9800,9900,10000,10000,10000,10000,10000,10000,10000,10000,10000,148,0,3300.0,3887.3137418932683,152.14179997565225,11461.15769998869,68.0
1778882862,100,GET,GET /api/ -> https://books.toscrape.com/,0.800000,0.000000,8000,8400,8800,12000,12000,13000,13000,13000,13000,13000,13000,144,0,5600.0,7705.292978472951,1420.6043999874964,23526.405799988424,8223.0
1778882862,100,GET,GET /api/ -> https://docs.docker.com/,2.700000,0.000000,8500,8700,9400,9500,10000,11000,12000,12000,12000,12000,12000,127,0,8000.0,8344.354420474328,1854.564000008395,20923.895399988396,1856.0
1778882862,100,GET,GET /api/ -> https://flask.palletsprojects.com/,0.000000,0.000000,0,0,0,0,0,0,0,0,0,0,0,100,0,8000.0,7331.289760999207,3289.9209999886807,12528.07150001172,20936.0
1778882862,100,GET,GET /api/ -> https://github.com/ibnesayeed/linkextractor,2.400000,0.000000,14000,14000,14000,14000,15000,15000,15000,15000,15000,15000,15000,93,0,11000.0,10953.838451611822,4752.979500015499,15265.87189998827,12313.0
1778882862,100,GET,GET /api/ -> https://httpbin.org/,0.400000,0.000000,9800,9800,12000,12000,12000,12000,12000,12000,12000,12000,12000,131,0,4400.0,6593.150575571953,648.5395999916364,17840.323299984448,332.0
1778882862,100,GET,GET /api/ -> https://locust.io/,1.300000,0.000000,12000,12000,13000,13000,13000,13000,13000,13000,13000,13000,13000,100,1,9800.0,11150.460970999266,5962.842200009618,21117.292200011434,5048.25
1778882862,100,GET,GET /api/ -> https://redis.io/,0.000000,0.000000,0,0,0,0,0,0,0,0,0,0,0,100,1,12000.0,11689.17832900217,3833.823900000425,24291.69440001715,7704.41
1778882862,100,GET,GET /api/ -> https://training.play-with-docker.com/,2.900000,0.000000,7500,7800,9500,10000,10000,11000,11000,11000,11000,11000,11000,83,0,7700.0,7947.8906831323275,5602.478899993002,11464.326899993466,1503.0
1778882862,100,GET,GET /api/ -> https://www.python.org/,1.300000,0.000000,12000,12000,12000,12000,12000,12000,12000,12000,12000,12000,12000,128,0,8300.0,9333.737571876327,3415.3032999893185,25193.092000001343,14427.0
1778882862,100,,Aggregated,13.300000,0.000000,8800,9800,10000,11000,13000,14000,15000,15000,15000,15000,15000,1154,2,7900.0,8230.947640815082,152.14179997565225,25193.092000001343,6896.672443674177
1778882863,100,GET,GET /api/ -> http://example.com/,1.400000,0.000000,8400,9300,9700,9900,10000,10000,10000,10000,10000,10000,10000,154,0,3300.0,3979.928519481728,152.14179997565225,11461.15769998869,68.0
1778882863,100,GET,GET /api/ -> https://books.toscrape.com/,0.700000,0.000000,8100,8300,8400,8500,12000,12000,12000,12000,12000,12000,12000,148,0,5700.0,7721.144735136084,1420.6043999874964,23526.405799988424,8223.0
1778882863,100,GET,GET /api/ -> https://docs.docker.com/,2.700000,0.000000,8500,8700,9400,9500,10000,11000,12000,12000,12000,12000,12000,127,0,8000.0,8344.354420474328,1854.564000008395,20923.895399988396,1856.0
1778882863,100,GET,GET /api/ -> https://flask.palletsprojects.com/,0.000000,0.000000,0,0,0,0,0,0,0,0,0,0,0,102,0,8100.0,7351.445076469556,3289.9209999886807,12528.07150001172,20936.0
1778882863,100,GET,GET /api/ -> https://github.com/ibnesayeed/linkextractor,2.400000,0.000000,11000,14000,14000,14000,15000,15000,15000,15000,15000,15000,15000,96,0,11000.0,10906.153933332158,4752.979500015499,15265.87189998827,12313.0
1778882863,100,GET,GET /api/ -> https://httpbin.org/,0.400000,0.000000,8900,8900,9800,9800,12000,12000,12000,12000,12000,12000,12000,133,0,4400.0,6593.468859397869,648.5395999916364,17840.323299984448,332.0
1778882863,100,GET,GET /api/ -> https://locust.io/,1.300000,0.000000,13000,13000,13000,13000,13000,13000,13000,13000,13000,13000,13000,100,1,9800.0,11150.460970999266,5962.842200009618,21117.292200011434,5048.25
1778882863,100,GET,GET /api/ -> https://redis.io/,0.000000,0.000000,0,0,0,0,0,0,0,0,0,0,0,100,1,12000.0,11689.17832900217,3833.823900000425,24291.69440001715,7704.41
1778882863,100,GET,GET /api/ -> https://training.play-with-docker.com/,2.900000,0.000000,7500,7700,9500,9800,10000,11000,11000,11000,11000,11000,11000,84,0,7700.0,7945.205271428374,5602.478899993002,11464.326899993466,1503.0
1778882863,100,GET,GET /api/ -> https://www.python.org/,0.900000,0.000000,8200,8200,12000,12000,12000,12000,12000,12000,12000,12000,12000,129,0,8300.0,9325.105005427844,3415.3032999893185,25193.092000001343,14427.0
1778882863,100,,Aggregated,12.700000,0.000000,8400,9400,10000,10000,12000,14000,15000,15000,15000,15000,15000,1173,2,7900.0,8221.177047229834,152.14179997565225,25193.092000001343,6894.684569479966
1778882864,100,GET,GET /api/ -> http://example.com/,1.400000,0.000000,6400,8400,9300,9700,10000,10000,10000,10000,10000,10000,10000,159,0,3500.0,4044.2097962276757,152.14179997565225,11461.15769998869,68.0
1778882864,100,GET,GET /api/ -> https://books.toscrape.com/,0.900000,0.000000,8100,8300,8400,8500,12000,12000,12000,12000,12000,12000,12000,148,0,5700.0,7721.144735136084,1420.6043999874964,23526.405799988424,8223.0
1778882864,100,GET,GET /api/ -> https://docs.docker.com/,2.700000,0.000000,8500,8700,9400,9500,10000,11000,12000,12000,12000,12000,12000,127,0,8000.0,8344.354420474328,1854.564000008395,20923.895399988396,1856.0
1778882864,100,GET,GET /api/ -> https://flask.palletsprojects.com/,0.000000,0.000000,7300,7500,8100,8100,8600,8600,8600,8600,8600,8600,8600,107,0,7900.0,7346.881110279355,3289.9209999886807,12528.07150001172,20936.0
1778882864,100,GET,GET /api/ -> https://github.com/ibnesayeed/linkextractor,2.100000,0.000000,10000,14000,14000,14000,15000,15000,15000,15000,15000,15000,15000,100,0,11000.0,10860.153590998962,4752.979500015499,15265.87189998827,12313.0
1778882864,100,GET,GET /api/ -> https://httpbin.org/,0.400000,0.000000,8100,8900,8900,9800,9800,9800,9800,9800,9800,9800,9800,133,0,4400.0,6593.468859397869,648.5395999916364,17840.323299984448,332.0
1778882864,100,GET,GET /api/ -> https://locust.io/,1.000000,0.000000,13000,13000,13000,13000,13000,13000,13000,13000,13000,13000,13000,100,1,9800.0,11150.460970999266,5962.842200009618,21117.292200011434,5048.25
1778882864,100,GET,GET /api/ -> https://redis.io/,0.000000,0.000000,0,0,0,0,0,0,0,0,0,0,0,100,1,12000.0,11689.17832900217,3833.823900000425,24291.69440001715,7704.41
1778882864,100,GET,GET /api/ -> https://training.play-with-docker.com/,3.300000,0.000000,7500,7700,9400,9800,10000,11000,11000,11000,11000,11000,11000,85,0,7700.0,7931.66220470585,5602.478899993002,11464.326899993466,1503.0
1778882864,100,GET,GET /api/ -> https://www.python.org/,0.400000,0.000000,8200,8200,12000,12000,12000,12000,12000,12000,12000,12000,12000,129,0,8300.0,9325.105005427844,3415.3032999893185,25193.092000001343,14427.0
1778882864,100,,Aggregated,12.200000,0.000000,7800,8400,8900,9300,9900,10000,12000,12000,15000,15000,15000,1188,2,7900.0,8211.825378030835,152.14179997565225,25193.092000001343,6938.754208754209
1778882865,100,GET,GET /api/ -> http://example.com/,1.200000,0.000000,6300,8000,9100,9300,9900,10000,10000,10000,10000,10000,10000,161,0,3500.0,4066.558305591508,152.14179997565225,11461.15769998869,68.0
1778882865,100,GET,GET /api/ -> https://books.toscrape.com/,1.500000,0.000000,8100,8300,8400,8500,12000,12000,12000,12000,12000,12000,12000,148,0,5700.0,7721.144735136084,1420.6043999874964,23526.405799988424,8223.0
1778882865,100,GET,GET /api/ -> https://docs.docker.com/,2.700000,0.000000,8200,8700,9000,9400,10000,10000,11000,11000,11000,11000,11000,127,0,8000.0,8344.354420474328,1854.564000008395,20923.895399988396,1856.0
1778882865,100,GET,GET /api/ -> https://flask.palletsprojects.com/,0.000000,0.000000,7100,7300,7400,7500,8100,8600,8600,8600,8600,8600,8600,114,0,7600.0,7322.02373684145,3289.9209999886807,12528.07150001172,20936.0
1778882865,100,GET,GET /api/ -> https://github.com/ibnesayeed/linkextractor,2.100000,0.000000,9500,9900,10000,10000,11000,15000,15000,15000,15000,15000,15000,100,0,11000.0,10860.153590998962,4752.979500015499,15265.87189998827,12313.0
1778882865,100,GET,GET /api/ -> https://httpbin.org/,0.500000,0.000000,8100,8900,8900,9800,9800,9800,9800,9800,9800,9800,9800,133,0,4400.0,6593.468859397869,648.5395999916364,17840.323299984448,332.0
1778882865,100,GET,GET /api/ -> https://locust.io/,0.700000,0.000000,13000,13000,13000,13000,13000,13000,13000,13000,13000,13000,13000,100,1,9800.0,11150.460970999266,5962.842200009618,21117.292200011434,5048.25
1778882865,100,GET,GET /api/ -> https://redis.io/,0.000000,0.000000,0,0,0,0,0,0,0,0,0,0,0,100,1,12000.0,11689.17832900217,3833.823900000425,24291.69440001715,7704.41
1778882865,100,GET,GET /api/ -> https://training.play-with-docker.com/,3.600000,0.000000,7400,7500,7700,7700,9400,9800,10000,10000,10000,10000,10000,85,0,7700.0,7931.66220470585,5602.478899993002,11464.326899993466,1503.0
1778882865,100,GET,GET /api/ -> https://www.python.org/,0.200000,0.000000,8200,8200,12000,12000,12000,12000,12000,12000,12000,12000,12000,130,0,8300.0,9312.66199307843,3415.3032999893185,25193.092000001343,14427.0
1778882865,100,,Aggregated,12.500000,0.000000,7700,8200,8700,9200,9800,10000,12000,12000,15000,15000,15000,1198,2,7800.0,8200.030900918784,152.14179997565225,25193.092000001343,7015.321368948247
1778882866,100,GET,GET /api/ -> http://example.com/,1.500000,0.000000,6200,6400,6500,8000,9700,10000,10000,10000,10000,10000,10000,177,0,3900.0,4206.444551414017,152.14179997565225,11461.15769998869,68.0
1778882866,100,GET,GET /api/ -> https://books.toscrape.com/,1.700000,0.000000,8100,8300,8400,8500,12000,12000,12000,12000,12000,12000,12000,148,0,5700.0,7721.144735136084,1420.6043999874964,23526.405799988424,8223.0
1778882866,100,GET,GET /api/ -> https://docs.docker.com/,2.700000,0.000000,8100,8500,8600,8700,9300,9400,9400,9400,9400,9400,9400,127,0,8000.0,8344.354420474328,1854.564000008395,20923.895399988396,1856.0
1778882866,100,GET,GET /api/ -> https://flask.palletsprojects.com/,0.400000,0.000000,7000,7100,7300,7300,7500,8100,8600,8600,8600,8600,8600,126,0,7400.0,7291.468689682208,3289.9209999886807,12528.07150001172,20936.0
1778882866,100,GET,GET /api/ -> https://github.com/ibnesayeed/linkextractor,2.200000,0.000000,9500,9900,10000,10000,11000,15000,15000,15000,15000,15000,15000,100,0,11000.0,10860.153590998962,4752.979500015499,15265.87189998827,12313.0
1778882866,100,GET,GET /api/ -> https://httpbin.org/,0.600000,0.000000,7000,7000,8100,8100,8900,8900,8900,8900,8900,8900,8900,137,0,4600.0,6602.988789050523,648.5395999916364,17840.323299984448,332.0
1778882866,100,GET,GET /api/ -> https://locust.io/,0.400000,0.000000,13000,13000,13000,13000,13000,13000,13000,13000,13000,13000,13000,100,1,9800.0,11150.460970999266,5962.842200009618,21117.292200011434,5048.25
1778882866,100,GET,GET /api/ -> https://redis.io/,0.000000,0.000000,0,0,0,0,0,0,0,0,0,0,0,100,1,12000.0,11689.17832900217,3833.823900000425,24291.69440001715,7704.41
1778882866,100,GET,GET /api/ -> https://training.play-with-docker.com/,3.700000,0.000000,7000,7400,7500,7500,7700,7700,7800,7800,7800,7800,7800,89,0,7700.0,7868.482792134896,5602.478899993002,11464.326899993466,1503.0
1778882866,100,GET,GET /api/ -> https://www.python.org/,0.200000,0.000000,8200,8200,8200,12000,12000,12000,12000,12000,12000,12000,12000,131,0,8300.0,9297.92695954346,3415.3032999893185,25193.092000001343,14427.0
1778882866,100,,Aggregated,13.400000,0.000000,7100,7600,8100,8200,9200,9500,10000,10000,11000,11000,11000,1235,2,7700.0,8144.648037328581,152.14179997565225,25193.092000001343,7027.078542510121
1778882867,100,GET,GET /api/ -> http://example.com/,1.200000,0.000000,6100,6300,6500,6500,9300,9900,10000,10000,10000,10000,10000,184,0,3700.0,4165.98797282764,152.14179997565225,11461.15769998869,68.0
1778882867,100,GET,GET /api/ -> https://books.toscrape.com/,1.700000,0.000000,8000,8100,8300,8400,8500,8800,8800,8800,8800,8800,8800,148,0,5700.0,7721.144735136084,1420.6043999874964,23526.405799988424,8223.0
1778882867,100,GET,GET /api/ -> https://docs.docker.com/,2.500000,0.000000,7800,8200,8500,8600,8700,9300,9300,9300,9300,9300,9300,129,0,8000.0,8284.042536435818,1854.564000008395,20923.895399988396,1856.0
1778882867,100,GET,GET /api/ -> https://flask.palletsprojects.com/,1.200000,0.000000,7000,7100,7300,7300,7500,8100,8600,8600,8600,8600,8600,127,0,7400.0,7288.311127558814,3289.9209999886807,12528.07150001172,20936.0
1778882867,100,GET,GET /api/ -> https://github.com/ibnesayeed/linkextractor,1.600000,0.000000,9500,9800,10000,10000,10000,11000,11000,11000,11000,11000,11000,100,0,11000.0,10860.153590998962,4752.979500015499,15265.87189998827,12313.0
1778882867,100,GET,GET /api/ -> https://httpbin.org/,0.500000,0.000000,5000,6700,6900,7000,7000,8100,8100,8100,8100,8100,8100,148,0,4600.0,6466.928595944852,648.5395999916364,17840.323299984448,332.0
1778882867,100,GET,GET /api/ -> https://locust.io/,0.000000,0.000000,13000,13000,13000,13000,13000,13000,13000,13000,13000,13000,13000,100,1,9800.0,11150.460970999266,5962.842200009618,21117.292200011434,5048.25
1778882867,100,GET,GET /api/ -> https://redis.io/,0.000000,0.000000,0,0,0,0,0,0,0,0,0,0,0,100,1,12000.0,11689.17832900217,3833.823900000425,24291.69440001715,7704.41
1778882867,100,GET,GET /api/ -> https://training.play-with-docker.com/,3.000000,0.000000,6600,6800,7400,7500,7500,7700,7700,7700,7700,7700,7700,96,0,7600.0,7620.282788542075,4123.96450000233,11464.326899993466,1503.0
1778882867,100,GET,GET /api/ -> https://www.python.org/,0.300000,0.000000,7700,7700,8200,8200,8200,8200,8200,8200,8200,8200,8200,133,0,8200.0,9220.914636091968,3415.3032999893185,25193.092000001343,14427.0
1778882867,100,,Aggregated,12.000000,0.000000,6900,7300,7700,8100,8700,9500,10000,10000,11000,11000,11000,1265,2,7600.0,8054.183180870186,152.14179997565225,25193.092000001343,6914.302766798419
1778882868,100,GET,GET /api/ -> http://example.com/,1.500000,0.000000,5800,6100,6200,6300,6400,6500,6500,6500,6500,6500,6500,185,0,3700.0,4157.66175027191,152.14179997565225,11461.15769998869,68.0
1778882868,100,GET,GET /api/ -> https://books.toscrape.com/,1.700000,0.000000,7600,8000,8100,8300,8400,8500,8800,8800,8800,8800,8800,155,0,5600.0,7593.357657420546,1420.6043999874964,23526.405799988424,8223.0
1778882868,100,GET,GET /api/ -> https://docs.docker.com/,2.500000,0.000000,7000,7200,7800,7800,8700,9300,9300,9300,9300,9300,9300,130,0,8000.0,8246.060453847838,1854.564000008395,20923.895399988396,1856.0
1778882868,100,GET,GET /api/ -> https://flask.palletsprojects.com/,2.400000,0.000000,7000,7100,7300,7300,7500,8100,8600,8600,8600,8600,8600,127,0,7400.0,7288.311127558814,3289.9209999886807,12528.07150001172,20936.0
1778882868,100,GET,GET /api/ -> https://github.com/ibnesayeed/linkextractor,1.600000,0.000000,9500,9800,10000,10000,10000,11000,11000,11000,11000,11000,11000,100,0,11000.0,10860.153590998962,4752.979500015499,15265.87189998827,12313.0
1778882868,100,GET,GET /api/ -> https://httpbin.org/,0.500000,0.000000,5000,6700,6900,7000,7000,8100,8100,8100,8100,8100,8100,148,0,4600.0,6466.928595944852,648.5395999916364,17840.323299984448,332.0
1778882868,100,GET,GET /api/ -> https://locust.io/,0.000000,0.000000,13000,13000,13000,13000,13000,13000,13000,13000,13000,13000,13000,100,1,9800.0,11150.460970999266,5962.842200009618,21117.292200011434,5048.25
1778882868,100,GET,GET /api/ -> https://redis.io/,0.000000,0.000000,0,0,0,0,0,0,0,0,0,0,0,100,1,12000.0,11689.17832900217,3833.823900000425,24291.69440001715,7704.41
1778882868,100,GET,GET /api/ -> https://training.play-with-docker.com/,3.100000,0.000000,6300,6600,7400,7400,7500,7700,7700,7700,7700,7700,7700,100,0,7600.0,7468.548396000406,3558.947999990778,11464.326899993466,1503.0
1778882868,100,GET,GET /api/ -> https://www.python.org/,0.400000,0.000000,7700,7700,8200,8200,8200,8200,8200,8200,8200,8200,8200,133,0,8200.0,9220.914636091968,3415.3032999893185,25193.092000001343,14427.0
1778882868,100,,Aggregated,13.700000,0.000000,6800,7000,7500,7700,8600,9500,10000,10000,11000,11000,11000,1278,2,7500.0,8015.698310172809,152.14179997565225,25193.092000001343,6895.2190923317685
1778882869,100,GET,GET /api/ -> http://example.com/,3.000000,0.000000,5800,6100,6200,6300,6400,6500,6500,6500,6500,6500,6500,185,0,3700.0,4157.66175027191,152.14179997565225,11461.15769998869,68.0
1778882869,100,GET,GET /api/ -> https://books.toscrape.com/,1.500000,0.000000,6900,7900,8100,8100,8400,8500,8800,8800,8800,8800,8800,161,0,5500.0,7480.678072050995,1420.6043999874964,23526.405799988424,8223.0
1778882869,100,GET,GET /api/ -> https://docs.docker.com/,2.100000,0.000000,7000,7200,7800,7800,8700,9300,9300,9300,9300,9300,9300,130,0,8000.0,8246.060453847838,1854.564000008395,20923.895399988396,1856.0
1778882869,100,GET,GET /api/ -> https://flask.palletsprojects.com/,2.700000,0.000000,7000,7100,7300,7300,7500,8100,8600,8600,8600,8600,8600,127,0,7400.0,7288.311127558814,3289.9209999886807,12528.07150001172,20936.0
1778882869,100,GET,GET /api/ -> https://github.com/ibnesayeed/linkextractor,1.500000,0.000000,9500,9500,9800,9900,10000,11000,11000,11000,11000,11000,11000,100,0,11000.0,10860.153590998962,4752.979500015499,15265.87189998827,12313.0
1778882869,100,GET,GET /api/ -> https://httpbin.org/,1.300000,0.000000,5000,6700,6900,7000,7000,8100,8100,8100,8100,8100,8100,148,0,4600.0,6466.928595944852,648.5395999916364,17840.323299984448,332.0
1778882869,100,GET,GET /api/ -> https://locust.io/,0.000000,0.000000,13000,13000,13000,13000,13000,13000,13000,13000,13000,13000,13000,100,1,9800.0,11150.460970999266,5962.842200009618,21117.292200011434,5048.25
1778882869,100,GET,GET /api/ -> https://redis.io/,0.000000,0.000000,5900,5900,5900,5900,5900,5900,5900,5900,5900,5900,5900,102,1,12000.0,11571.002447060891,3833.823900000425,24291.69440001715,7705.892156862745
1778882869,100,GET,GET /api/ -> https://training.play-with-docker.com/,3.600000,0.000000,6300,6600,7400,7400,7500,7700,7700,7700,7700,7700,7700,100,0,7600.0,7468.548396000406,3558.947999990778,11464.326899993466,1503.0
1778882869,100,GET,GET /api/ -> https://www.python.org/,0.400000,0.000000,7700,7700,8200,8200,8200,8200,8200,8200,8200,8200,8200,133,0,8200.0,9220.914636091968,3415.3032999893185,25193.092000001343,14427.0
1778882869,100,,Aggregated,16.100000,0.000000,6400,7000,7400,7500,8400,9400,9800,10000,11000,11000,11000,1286,2,7500.0,7995.960800778283,152.14179997565225,25193.092000001343,6902.790046656299
