Timestamp,User Count,Type,Name,Requests/s,Failures/s,50%,66%,75%,80%,90%,95%,98%,99%,99.9%,99.99%,100%,Total Request Count,Total Failure Count,Total Median Response Time,Total Average Response Time,Total Min Response Time,Total Max Response Time,Total Average Content Size
1778884046,0,,Aggregated,0.000000,0.000000,N/A,N/A,N/A,N/A,N/A,N/A,N/A,N/A,N/A,N/A,N/A,0,0,0,0.0,0,0,0
1778884047,5,GET,GET /api/ -> http://example.com/,0.000000,0.000000,0,0,0,0,0,0,0,0,0,0,0,5,0,160.0,156.22578001348302,132.20210000872612,180.8741000131704,68.0
1778884047,5,,Aggregated,0.000000,0.000000,0,0,0,0,0,0,0,0,0,0,0,5,0,160.0,156.22578001348302,132.20210000872612,180.8741000131704,68.0
1778884048,10,GET,GET /api/ -> http://example.com/,0.000000,0.000000,38,42,42,51,51,51,51,51,51,51,51,10,0,51,98.55707001115661,35.65490001346916,180.8741000131704,68.0
1778884048,10,,Aggregated,0.000000,0.000000,38,42,42,51,51,51,51,51,51,51,51,10,0,51,98.55707001115661,35.65490001346916,180.8741000131704,68.0
1778884049,20,GET,GET /api/ -> http://example.com/,5.000000,0.000000,51,730,800,820,820,820,820,820,820,820,820,15,0,130.0,277.7295933434895,16.405200003646314,819.9999000062235,68.0
1778884049,20,,Aggregated,5.000000,0.000000,51,730,800,820,820,820,820,820,820,820,820,15,0,130.0,277.7295933434895,16.405200003646314,819.9999000062235,68.0
1778884050,25,GET,GET /api/ -> http://example.com/,5.000000,0.000000,490,530,730,800,820,820,820,820,820,820,820,20,0,160.0,321.04092000663513,16.405200003646314,819.9999000062235,68.0
1778884050,25,GET,GET /api/ -> https://books.toscrape.com/,0.000000,0.000000,0,0,0,0,0,0,0,0,0,0,0,10,0,420.0,1780.9723000071244,61.85430000186898,3434.4083000032697,8223.0
1778884050,25,,Aggregated,5.000000,0.000000,490,730,820,3400,3400,3400,3400,3400,3400,3400,3400,30,0,170.0,807.6847133401316,16.405200003646314,3434.4083000032697,2786.3333333333335
1778884051,30,GET,GET /api/ -> http://example.com/,3.666667,0.000000,490,560,710,730,820,820,820,820,820,820,820,25,0,180.0,333.48215200472623,16.405200003646314,819.9999000062235,68.0
1778884051,30,GET,GET /api/ -> https://books.toscrape.com/,0.000000,0.000000,0,0,0,0,0,0,0,0,0,0,0,25,0,2000.0,1955.1580080052372,61.85430000186898,3804.7308000095654,8223.0
1778884051,30,GET,GET /api/ -> https://httpbin.org/,0.000000,0.000000,0,0,0,0,0,0,0,0,0,0,0,25,0,160.0,560.5368760006968,87.48390001710504,1249.493800016353,332.0
1778884051,30,,Aggregated,3.666667,0.000000,530,1100,1200,2000,3400,3600,3700,3800,3800,3800,3800,75,0,480.0,949.7256786702201,16.405200003646314,3804.7308000095654,2874.3333333333335
1778884052,35,GET,GET /api/ -> http://example.com/,3.666667,0.000000,160,530,560,710,800,820,820,820,820,820,820,30,0,160.0,291.2086866699004,16.405200003646314,819.9999000062235,68.0
1778884052,35,GET,GET /api/ -> https://books.toscrape.com/,0.000000,0.000000,2000,2000,3400,3600,3700,3800,3800,3800,3800,3800,3800,30,0,600.0,1638.068540005285,39.283899997826666,3804.7308000095654,8223.0
1778884052,35,GET,GET /api/ -> https://httpbin.org/,0.000000,0.000000,0,0,0,0,0,0,0,0,0,0,0,30,0,150.0,476.8609366661015,35.609599988674745,1249.493800016353,332.0
1778884052,35,,Aggregated,3.666667,0.000000,190,730,1200,1200,3400,3400,3700,3800,3800,3800,3800,90,0,170.0,802.0460544470957,16.405200003646314,3804.7308000095654,2874.3333333333335
1778884053,40,GET,GET /api/ -> http://example.com/,4.600000,0.000000,300,560,710,730,820,820,850,850,850,850,850,33,0,170.0,331.3687848514581,16.405200003646314,848.0058000131976,68.0
1778884053,40,GET,GET /api/ -> https://books.toscrape.com/,2.000000,0.000000,2000,2000,3400,3600,3700,3800,3800,3800,3800,3800,3800,30,0,600.0,1638.068540005285,39.283899997826666,3804.7308000095654,8223.0
1778884053,40,GET,GET /api/ -> https://httpbin.org/,0.000000,0.000000,150,400,1200,1200,1200,1200,1200,1200,1200,1200,1200,30,0,150.0,476.8609366661015,35.609599988674745,1249.493800016353,332.0
1778884053,40,GET,GET /api/ -> https://www.python.org/,0.000000,0.000000,0,0,0,0,0,0,0,0,0,0,0,2,0,2049.293399992166,2111.3791999960085,2049.293399992166,2173.464999999851,13844.0
1778884053,40,,Aggregated,6.600000,0.000000,400,800,1200,1200,3400,3400,3700,3800,3800,3800,3800,95,0,190.0,827.4296063182287,16.405200003646314,3804.7308000095654,3016.6526315789474
1778884054,45,GET,GET /api/ -> http://example.com/,5.000000,0.000000,300,570,710,740,820,850,1500,1500,1500,1500,1500,34,0,170.0,366.08447647321395,16.405200003646314,1511.702299991157,68.0
1778884054,45,GET,GET /api/ -> https://books.toscrape.com/,5.000000,0.000000,2000,2000,3400,3600,3700,3800,3800,3800,3800,3800,3800,30,0,600.0,1638.068540005285,39.283899997826666,3804.7308000095654,8223.0
1778884054,45,GET,GET /api/ -> https://httpbin.org/,5.000000,0.000000,150,400,1200,1200,1200,1200,1200,1200,1200,1200,1200,30,0,150.0,476.8609366661015,35.609599988674745,1249.493800016353,332.0
1778884054,45,GET,GET /api/ -> https://www.python.org/,0.000000,0.000000,0,0,0,0,0,0,0,0,0,0,0,5,0,2600.0,2577.945999999065,2049.293399992166,3148.976099997526,13844.0
1778884054,45,,Aggregated,15.000000,0.000000,480,850,1200,2000,3400,3400,3700,3800,3800,3800,3800,99,0,300.0,896.8129949517797,16.405200003646314,3804.7308000095654,3314.969696969697
1778884055,50,GET,GET /api/ -> http://example.com/,4.285714,0.000000,490,570,730,800,850,1500,2100,2100,2100,2100,2100,35,0,180.0,414.38808571630426,16.405200003646314,2056.7107999813743,68.0
1778884055,50,GET,GET /api/ -> https://books.toscrape.com/,4.285714,0.000000,2000,2000,3400,3600,3700,3800,3800,3800,3800,3800,3800,30,0,600.0,1638.068540005285,39.283899997826666,3804.7308000095654,8223.0
1778884055,50,GET,GET /api/ -> https://httpbin.org/,4.285714,0.000000,150,400,1200,1200,1200,1200,1200,1200,1200,1200,1200,30,0,150.0,476.8609366661015,35.609599988674745,1249.493800016353,332.0
1778884055,50,GET,GET /api/ -> https://www.python.org/,0.000000,0.000000,3700,3700,4100,4100,4300,4300,4300,4300,4300,4300,4300,10,0,3100.0,3204.6125499968184,2049.293399992166,4321.465399989393,13844.0
1778884055,50,,Aggregated,12.857143,0.000000,530,1200,2000,2200,3400,3700,4100,4300,4300,4300,4300,105,0,480.0,1047.5961219064802,16.405200003646314,4321.465399989393,3785.4285714285716
1778884056,55,GET,GET /api/ -> http://example.com/,4.125000,0.000000,490,570,730,800,850,1500,2100,2100,2100,2100,2100,35,0,180.0,414.38808571630426,16.405200003646314,2056.7107999813743,68.0
1778884056,55,GET,GET /api/ -> https://books.toscrape.com/,3.750000,0.000000,2000,2500,2900,3400,3700,3700,3800,3800,3800,3800,3800,33,0,2000.0,1725.6798030337616,39.283899997826666,3804.7308000095654,8223.0
1778884056,55,GET,GET /api/ -> https://httpbin.org/,3.750000,0.000000,150,400,1200,1200,1200,1200,1200,1200,1200,1200,1200,30,0,150.0,476.8609366661015,35.609599988674745,1249.493800016353,332.0
1778884056,55,GET,GET /api/ -> https://www.python.org/,0.375000,0.000000,4100,4400,4800,4800,5100,5200,5200,5200,5200,5200,5200,14,0,3700.0,3685.6645499979745,2049.293399992166,5212.838500010548,13844.0
1778884056,55,,Aggregated,12.000000,0.000000,590,1200,2200,2900,3700,4100,4800,5100,5200,5200,5200,112,0,530.0,1226.3941812512453,16.405200003646314,5212.838500010548,4263.526785714285
1778884057,60,GET,GET /api/ -> http://example.com/,3.888889,0.000000,820,1800,1800,2600,3100,3200,3400,3400,3400,3400,3400,55,0,730.0,1036.928916363236,16.405200003646314,3444.0658999956213,68.0
1778884057,60,GET,GET /api/ -> https://books.toscrape.com/,3.333333,0.000000,2000,2300,2800,3100,3700,3700,3800,3800,3800,3800,3800,40,0,830.0,1654.7622775033233,39.283899997826666,3804.7308000095654,8223.0
1778884057,60,GET,GET /api/ -> https://docs.docker.com/,0.000000,0.000000,0,0,0,0,0,0,0,0,0,0,0,19,0,970.0,1564.7032526291073,550.2278000058141,3904.6972999931313,1856.0
1778884057,60,GET,GET /api/ -> https://httpbin.org/,3.333333,0.000000,150,1100,1200,1200,1200,1700,1800,1800,1800,1800,1800,33,0,150.0,569.9702303020538,35.609599988674745,1756.191399996169,332.0
1778884057,60,GET,GET /api/ -> https://www.python.org/,0.666667,0.000000,5300,5500,5500,5600,5700,5800,5800,5800,5800,5800,5800,30,0,5200.0,4658.2127166669425,2049.293399992166,5839.07210000325,13844.0
1778884057,60,,Aggregated,11.222222,0.000000,1200,2300,3200,3400,5200,5500,5700,5800,5800,5800,5800,177,0,1100.0,1759.9228384183052,16.405200003646314,5839.07210000325,4487.005649717514
1778884058,65,GET,GET /api/ -> http://example.com/,3.500000,0.000000,820,1500,1800,2600,3100,3200,3400,3400,3400,3400,3400,60,0,740.0,1013.3443033322692,16.405200003646314,3444.0658999956213,68.0
1778884058,65,GET,GET /api/ -> https://books.toscrape.com/,3.200000,0.000000,730,830,2000,2700,3400,3700,3800,3800,3800,3800,3800,55,0,730.0,1396.733641819711,39.283899997826666,3804.7308000095654,8223.0
1778884058,65,GET,GET /api/ -> https://docs.docker.com/,0.000000,0.000000,0,0,0,0,0,0,0,0,0,0,0,30,0,730.0,1517.9758766646653,550.2278000058141,3904.6972999931313,1856.0
1778884058,65,GET,GET /api/ -> https://httpbin.org/,3.000000,0.000000,680,790,1100,1200,1200,1200,1800,1800,1800,1800,1800,43,0,680.0,606.4774651157529,35.609599988674745,1756.191399996169,332.0
1778884058,65,GET,GET /api/ -> https://www.python.org/,1.100000,0.000000,5200,5400,5500,5500,5700,5800,5800,5800,5800,5800,5800,34,0,5100.0,4196.24028823626,702.6945000106934,5839.07210000325,13844.0
1778884058,65,,Aggregated,10.800000,0.000000,790,1800,2700,3300,4100,5400,5600,5700,5800,5800,5800,222,0,770.0,1585.1846198196868,16.405200003646314,5839.07210000325,4490.977477477478
1778884059,70,GET,GET /api/ -> http://example.com/,3.300000,0.000000,830,1800,2100,2600,3100,3200,3400,3400,3400,3400,3400,60,0,740.0,1013.3443033322692,16.405200003646314,3444.0658999956213,68.0
1778884059,70,GET,GET /api/ -> https://books.toscrape.com/,3.300000,0.000000,730,830,2000,2700,3400,3700,3800,3800,3800,3800,3800,55,0,730.0,1396.733641819711,39.283899997826666,3804.7308000095654,8223.0
1778884059,70,GET,GET /api/ -> https://docs.docker.com/,0.000000,0.000000,710,710,730,3300,3800,3800,3800,3800,3800,3800,3800,33,0,710.0,1442.0630666647799,550.2278000058141,3904.6972999931313,1856.0
1778884059,70,GET,GET /api/ -> https://httpbin.org/,3.000000,0.000000,680,790,1100,1200,1200,1200,1700,1800,1800,1800,1800,55,0,680.0,645.7486381812487,35.609599988674745,1756.191399996169,332.0
1778884059,70,GET,GET /api/ -> https://www.python.org/,1.800000,0.000000,5100,5400,5500,5500,5700,5800,5800,5800,5800,5800,5800,38,0,4400.0,3868.4001210533193,702.6945000106934,5839.07210000325,13844.0
1778884059,70,,Aggregated,11.400000,0.000000,780,1800,2600,3200,3900,5400,5600,5700,5800,5800,5800,241,0,770.0,1525.8276738587253,16.405200003646314,5839.07210000325,4406.327800829876
1778884060,75,GET,GET /api/ -> http://example.com/,4.500000,0.000000,840,1800,2600,2600,3200,3300,3400,3400,3400,3400,3400,60,0,740.0,1013.3443033322692,16.405200003646314,3444.0658999956213,68.0
1778884060,75,GET,GET /api/ -> https://books.toscrape.com/,4.300000,0.000000,730,1900,2100,2500,3400,3700,3800,3800,3800,3800,3800,58,0,730.0,1423.0613655185905,39.283899997826666,3804.7308000095654,8223.0
1778884060,75,GET,GET /api/ -> https://docs.docker.com/,2.300000,0.000000,710,710,730,3300,3800,3800,3800,3800,3800,3800,3800,33,0,710.0,1442.0630666647799,550.2278000058141,3904.6972999931313,1856.0
1778884060,75,GET,GET /api/ -> https://flask.palletsprojects.com/,0.000000,0.000000,0,0,0,0,0,0,0,0,0,0,0,1,0,2800.243400008185,2800.243400008185,2800.243400008185,2800.243400008185,20936.0
1778884060,75,GET,GET /api/ -> https://httpbin.org/,3.400000,0.000000,680,790,1100,1200,1200,1200,1700,1800,1800,1800,1800,55,0,680.0,645.7486381812487,35.609599988674745,1756.191399996169,332.0
1778884060,75,GET,GET /api/ -> https://www.python.org/,3.000000,0.000000,5100,5300,5500,5500,5700,5800,5800,5800,5800,5800,5800,39,0,4400.0,3807.30787179588,702.6945000106934,5839.07210000325,13844.0
1778884060,75,,Aggregated,17.500000,0.000000,820,1800,2600,3100,4100,5400,5600,5700,5800,5800,5800,246,0,770.0,1535.4785532519038,16.405200003646314,5839.07210000325,4558.430894308943
1778884061,80,GET,GET /api/ -> http://example.com/,4.900000,0.000000,840,1800,2600,2600,3200,3300,3400,3400,3400,3400,3400,60,0,740.0,1013.3443033322692,16.405200003646314,3444.0658999956213,68.0
1778884061,80,GET,GET /api/ -> https://books.toscrape.com/,5.500000,0.000000,730,2000,2100,2700,3400,3700,3800,3800,3800,3800,3800,59,0,730.0,1452.6740067808148,39.283899997826666,3804.7308000095654,8223.0
1778884061,80,GET,GET /api/ -> https://docs.docker.com/,3.300000,0.000000,710,710,730,3300,3800,3800,3800,3800,3800,3800,3800,33,0,710.0,1442.0630666647799,550.2278000058141,3904.6972999931313,1856.0
1778884061,80,GET,GET /api/ -> https://flask.palletsprojects.com/,0.000000,0.000000,0,0,0,0,0,0,0,0,0,0,0,2,0,2800.243400008185,3464.7491500072647,2800.243400008185,4129.2549000063445,20936.0
1778884061,80,GET,GET /api/ -> https://httpbin.org/,5.100000,0.000000,680,790,1100,1200,1200,1200,1700,1800,1800,1800,1800,55,0,680.0,645.7486381812487,35.609599988674745,1756.191399996169,332.0
1778884061,80,GET,GET /api/ -> https://www.python.org/,3.500000,0.000000,5100,5300,5500,5500,5700,5800,5800,5800,5800,5800,5800,39,0,4400.0,3807.30787179588,702.6945000106934,5839.07210000325,13844.0
1778884061,80,,Aggregated,22.300000,0.000000,830,1800,2600,3100,4100,5400,5600,5700,5800,5800,5800,248,0,770.0,1552.52897661276,16.405200003646314,5839.07210000325,4639.245967741936
1778884062,85,GET,GET /api/ -> http://example.com/,4.400000,0.000000,1800,2100,2600,2700,3200,3300,3400,3400,3400,3400,3400,60,0,740.0,1013.3443033322692,16.405200003646314,3444.0658999956213,68.0
1778884062,85,GET,GET /api/ -> https://books.toscrape.com/,5.500000,0.000000,770,2000,2300,2800,3500,3700,3800,3800,3800,3800,3800,60,0,730.0,1486.2335783346982,39.283899997826666,3804.7308000095654,8223.0
1778884062,85,GET,GET /api/ -> https://docs.docker.com/,3.300000,0.000000,710,710,730,3300,3800,3800,3800,3800,3800,3800,3800,33,0,710.0,1442.0630666647799,550.2278000058141,3904.6972999931313,1856.0
1778884062,85,GET,GET /api/ -> https://flask.palletsprojects.com/,0.000000,0.000000,4800,4900,4900,5100,5100,5100,5100,5100,5100,5100,5100,6,0,4500.0,4392.142433338449,2800.243400008185,5116.135300020687,20936.0
1778884062,85,GET,GET /api/ -> https://httpbin.org/,5.500000,0.000000,680,790,1100,1200,1200,1200,1700,1800,1800,1800,1800,55,0,680.0,645.7486381812487,35.609599988674745,1756.191399996169,332.0
1778884062,85,GET,GET /api/ -> https://www.python.org/,3.900000,0.000000,4800,5300,5500,5500,5700,5800,5800,5800,5800,5800,5800,40,0,4300.0,3813.3267250013887,702.6945000106934,5839.07210000325,13844.0
1778884062,85,,Aggregated,22.600000,0.000000,1200,2600,3200,3700,5200,5500,5700,5800,5800,5800,5800,254,0,790.0,1621.9088692913808,16.405200003646314,5839.07210000325,4946.236220472441
1778884063,90,GET,GET /api/ -> http://example.com/,4.400000,0.000000,1800,2600,2700,2700,3200,3300,3400,3400,3400,3400,3400,60,0,740.0,1013.3443033322692,16.405200003646314,3444.0658999956213,68.0
1778884063,90,GET,GET /api/ -> https://books.toscrape.com/,5.500000,0.000000,770,830,2100,2500,3100,3200,3500,3500,3500,3500,3500,60,0,730.0,1486.2335783346982,39.283899997826666,3804.7308000095654,8223.0
1778884063,90,GET,GET /api/ -> https://docs.docker.com/,3.300000,0.000000,710,710,730,3300,3800,3800,3800,3800,3800,3800,3800,33,0,710.0,1442.0630666647799,550.2278000058141,3904.6972999931313,1856.0
1778884063,90,GET,GET /api/ -> https://flask.palletsprojects.com/,0.000000,0.000000,4800,4900,4900,5100,5100,5100,5100,5100,5100,5100,5100,6,0,4500.0,4392.142433338449,2800.243400008185,5116.135300020687,20936.0
1778884063,90,GET,GET /api/ -> https://httpbin.org/,5.500000,0.000000,680,790,1100,1200,1200,1200,1700,1800,1800,1800,1800,55,0,680.0,645.7486381812487,35.609599988674745,1756.191399996169,332.0
1778884063,90,GET,GET /api/ -> https://www.python.org/,3.900000,0.000000,4800,5300,5500,5500,5700,5800,5800,5800,5800,5800,5800,40,0,4300.0,3813.3267250013887,702.6945000106934,5839.07210000325,13844.0
1778884063,90,,Aggregated,22.600000,0.000000,1200,2600,3300,3700,5200,5500,5700,5800,5800,5800,5800,254,0,790.0,1621.9088692913808,16.405200003646314,5839.07210000325,4946.236220472441
1778884065,95,GET,GET /api/ -> http://example.com/,3.000000,0.000000,2600,3400,4300,4400,5200,6000,6000,6000,6000,6000,6000,90,0,1500.0,1948.7597955542797,16.405200003646314,6037.083800008986,68.0
1778884065,95,GET,GET /api/ -> https://books.toscrape.com/,3.000000,0.000000,730,780,1900,2100,3100,3200,3500,3500,3500,3500,3500,60,0,730.0,1486.2335783346982,39.283899997826666,3804.7308000095654,8223.0
1778884065,95,GET,GET /api/ -> https://docs.docker.com/,3.300000,0.000000,2600,5100,5200,5300,6000,6000,6000,6000,6000,6000,6000,40,0,830.0,2081.620144997578,550.2278000058141,6031.2760999950115,1856.0
1778884065,95,GET,GET /api/ -> https://flask.palletsprojects.com/,0.600000,0.000000,6800,6900,7000,7000,7000,7100,7300,7300,7300,7300,7300,33,0,6800.0,6333.564287878813,2800.243400008185,7262.006400007522,20936.0
1778884065,95,GET,GET /api/ -> https://httpbin.org/,2.500000,0.000000,790,860,1200,1800,4400,4600,4900,4900,4900,4900,4900,60,0,700.0,934.3590333330212,35.609599988674745,4868.868199991994,332.0
1778884065,95,GET,GET /api/ -> https://www.python.org/,4.000000,0.000000,5500,5700,5900,5900,6000,6000,6000,6000,6000,6000,6000,55,0,5300.0,4372.892267271792,702.6945000106934,6024.967799981823,13844.0
1778884065,95,,Aggregated,16.400000,0.000000,2700,4900,5400,5800,6600,6900,7000,7100,7300,7300,7300,338,0,1700.0,2524.868166567458,16.405200003646314,7262.006400007522,6053.15976331361
1778884066,100,GET,GET /api/ -> http://example.com/,2.700000,0.000000,2500,3400,4300,4400,5200,6000,6000,6000,6000,6000,6000,93,0,1500.0,1930.4615591386062,16.405200003646314,6037.083800008986,68.0
1778884066,100,GET,GET /api/ -> https://books.toscrape.com/,3.000000,0.000000,780,800,950,1300,2100,3100,3500,3500,3500,3500,3500,81,0,780.0,1331.5110283966296,39.283899997826666,3804.7308000095654,8223.0
1778884066,100,GET,GET /api/ -> https://docs.docker.com/,3.300000,0.000000,880,1400,3300,3800,5300,6000,6000,6000,6000,6000,6000,55,0,830.0,1785.4049654539929,550.2278000058141,6031.2760999950115,1856.0
1778884066,100,GET,GET /api/ -> https://flask.palletsprojects.com/,0.600000,0.000000,6500,6800,6900,6900,7000,7100,7300,7300,7300,7300,7300,48,0,5900.0,4629.093377083336,716.4951000013389,7262.006400007522,20936.0
1778884066,100,GET,GET /api/ -> https://httpbin.org/,2.500000,0.000000,790,860,1200,1700,3500,4600,4900,4900,4900,4900,4900,63,0,740.0,929.707442857011,35.609599988674745,4868.868199991994,332.0
1778884066,100,GET,GET /api/ -> https://www.python.org/,3.700000,0.000000,5500,5800,5900,5900,6000,6000,6000,6000,6000,6000,6000,58,0,5300.0,4213.068299999075,702.6945000106934,6024.967799981823,13844.0
1778884066,100,,Aggregated,15.800000,0.000000,1400,3400,5100,5500,6000,6800,7000,7100,7300,7300,7300,398,0,1200.0,2288.212572361621,16.405200003646314,7262.006400007522,6540.861809045226
1778884067,105,GET,GET /api/ -> http://example.com/,3.600000,0.000000,3400,4300,5200,5200,6000,6000,6000,6000,6000,6000,6000,95,0,1500.0,1927.5799694725338,16.405200003646314,6037.083800008986,68.0
1778884067,105,GET,GET /api/ -> https://books.toscrape.com/,3.000000,0.000000,790,960,1500,1800,2100,2200,3500,3500,3500,3500,3500,92,0,780.0,1355.8440836967075,39.283899997826666,3804.7308000095654,8223.0
1778884067,105,GET,GET /api/ -> https://docs.docker.com/,3.900000,0.000000,800,1400,2600,3800,5300,6000,6000,6000,6000,6000,6000,58,0,800.0,1721.2249586205119,526.8034000182524,6031.2760999950115,1856.0
1778884067,105,GET,GET /api/ -> https://flask.palletsprojects.com/,3.300000,0.000000,5900,6700,6900,6900,7000,7100,7100,7300,7300,7300,7300,52,0,5900.0,4315.264036538652,512.5390000175685,7262.006400007522,20936.0
1778884067,105,GET,GET /api/ -> https://httpbin.org/,2.800000,0.000000,740,790,860,1200,3500,4600,4900,4900,4900,4900,4900,73,0,680.0,903.1264383560333,35.609599988674745,4868.868199991994,332.0
1778884067,105,GET,GET /api/ -> https://www.python.org/,4.900000,0.000000,1900,5800,5900,5900,6000,6000,6000,6000,6000,6000,6000,65,0,5100.0,3866.9337661524946,485.5981999717187,6024.967799981823,13844.0
1778884067,105,,Aggregated,21.500000,0.000000,1300,2600,4600,5400,6000,6900,7000,7100,7300,7300,7300,435,0,1200.0,2182.440126666414,16.405200003646314,7262.006400007522,6628.487356321839
1778884068,110,GET,GET /api/ -> http://example.com/,5.500000,0.000000,3400,4300,5200,5200,6000,6000,6000,6000,6000,6000,6000,95,0,1500.0,1927.5799694725338,16.405200003646314,6037.083800008986,68.0
1778884068,110,GET,GET /api/ -> https://books.toscrape.com/,4.100000,0.000000,790,1300,1700,1900,2100,2500,3500,3500,3500,3500,3500,93,0,790.0,1368.2748645172273,39.283899997826666,3804.7308000095654,8223.0
1778884068,110,GET,GET /api/ -> https://docs.docker.com/,4.900000,0.000000,800,1400,2600,3800,5300,6000,6000,6000,6000,6000,6000,58,0,800.0,1721.2249586205119,526.8034000182524,6031.2760999950115,1856.0
1778884068,110,GET,GET /api/ -> https://flask.palletsprojects.com/,3.900000,0.000000,5900,6700,6900,6900,7000,7100,7100,7300,7300,7300,7300,53,0,5900.0,4276.832905660585,512.5390000175685,7262.006400007522,20936.0
1778884068,110,GET,GET /api/ -> https://httpbin.org/,3.000000,0.000000,880,2100,2400,2500,4400,4600,4900,4900,4900,4900,4900,77,0,700.0,976.2460285712293,35.609599988674745,4868.868199991994,332.0
1778884068,110,GET,GET /api/ -> https://www.python.org/,4.400000,0.000000,5400,5900,5900,6000,6000,6000,6000,6000,6000,6000,6000,65,0,5100.0,3866.9337661524946,485.5981999717187,6024.967799981823,13844.0
1778884068,110,,Aggregated,25.800000,0.000000,1900,4100,5200,5900,6600,6900,7000,7100,7300,7300,7300,441,0,1200.0,2184.568004761656,16.405200003646314,7262.006400007522,6607.43537414966
1778884069,115,GET,GET /api/ -> http://example.com/,5.500000,0.000000,3400,4300,5200,5200,6000,6000,6000,6000,6000,6000,6000,95,0,1500.0,1927.5799694725338,16.405200003646314,6037.083800008986,68.0
1778884069,115,GET,GET /api/ -> https://books.toscrape.com/,4.100000,0.000000,950,1700,1900,1900,2200,3200,3500,3500,3500,3500,3500,93,0,790.0,1368.2748645172273,39.283899997826666,3804.7308000095654,8223.0
1778884069,115,GET,GET /api/ -> https://docs.docker.com/,4.900000,0.000000,800,1400,2600,3800,5300,6000,6000,6000,6000,6000,6000,58,0,800.0,1721.2249586205119,526.8034000182524,6031.2760999950115,1856.0
1778884069,115,GET,GET /api/ -> https://flask.palletsprojects.com/,3.900000,0.000000,5900,6700,6900,6900,7000,7100,7100,7300,7300,7300,7300,53,0,5900.0,4276.832905660585,512.5390000175685,7262.006400007522,20936.0
1778884069,115,GET,GET /api/ -> https://httpbin.org/,3.000000,0.000000,1200,2400,2500,3000,4400,4600,4900,4900,4900,4900,4900,80,0,710.0,1044.2593825002405,35.609599988674745,4868.868199991994,332.0
1778884069,115,GET,GET /api/ -> https://www.python.org/,4.400000,0.000000,5400,5900,5900,6000,6000,6000,6000,6000,6000,6000,6000,65,0,5100.0,3866.9337661524946,485.5981999717187,6024.967799981823,13844.0
1778884069,115,,Aggregated,25.800000,0.000000,2100,4300,5300,5900,6600,6900,7000,7100,7300,7300,7300,444,0,1200.0,2188.6583254502816,16.405200003646314,7262.006400007522,6565.033783783784
1778884070,120,GET,GET /api/ -> http://example.com/,4.000000,0.000000,3400,4300,5200,5200,6000,6000,6000,6000,6000,6000,6000,95,0,1500.0,1927.5799694725338,16.405200003646314,6037.083800008986,68.0
1778884070,120,GET,GET /api/ -> https://books.toscrape.com/,5.000000,0.000000,940,1500,1900,2100,3200,3500,3600,3600,3600,3600,3600,95,0,790.0,1412.728681053513,39.283899997826666,3804.7308000095654,8223.0
1778884070,120,GET,GET /api/ -> https://docs.docker.com/,3.500000,0.000000,800,1400,3100,3300,5300,6000,6000,6000,6000,6000,6000,59,0,800.0,1744.7812779662515,526.8034000182524,6031.2760999950115,1856.0
1778884070,120,GET,GET /api/ -> https://flask.palletsprojects.com/,5.200000,0.000000,5100,6700,6800,6900,7000,7100,7100,7300,7300,7300,7300,56,0,4900.0,4212.424907142641,512.5390000175685,7262.006400007522,20936.0
1778884070,120,GET,GET /api/ -> https://httpbin.org/,4.000000,0.000000,1200,2500,3000,3200,3500,4600,4900,4900,4900,4900,4900,82,0,740.0,1103.5905658535762,35.609599988674745,4868.868199991994,332.0
1778884070,120,GET,GET /api/ -> https://redis.io/,0.000000,0.000000,0,0,0,0,0,0,0,0,0,0,0,8,0,4200.0,5115.67890000515,3107.6524000091013,8203.603900008602,7780.0
1778884070,120,GET,GET /api/ -> https://www.python.org/,3.500000,0.000000,5400,5900,5900,6000,6000,6000,6000,6000,6000,6000,6000,66,0,4800.0,3852.257193937972,485.5981999717187,6024.967799981823,13844.0
1778884070,120,,Aggregated,25.200000,0.000000,2400,4300,5300,5900,6700,6900,7000,7100,8200,8200,8200,461,0,1300.0,2259.948035574646,16.405200003646314,8203.603900008602,6665.36442516269
1778884071,125,GET,GET /api/ -> http://example.com/,3.500000,0.000000,3400,4400,5200,5200,6000,6000,6000,6000,6000,6000,6000,97,0,1500.0,1984.9505515450483,16.405200003646314,6037.083800008986,68.0
1778884071,125,GET,GET /api/ -> https://books.toscrape.com/,3.800000,0.000000,940,1500,1900,2100,3200,3500,3600,3600,3600,3600,3600,95,0,790.0,1412.728681053513,39.283899997826666,3804.7308000095654,8223.0
1778884071,125,GET,GET /api/ -> https://docs.docker.com/,2.500000,0.000000,1300,1400,3900,5100,5400,6000,6000,6000,6000,6000,6000,60,0,800.0,1780.328613333404,526.8034000182524,6031.2760999950115,1856.0
1778884071,125,GET,GET /api/ -> https://flask.palletsprojects.com/,5.300000,0.000000,5400,6700,6800,6900,7000,7100,7100,7300,7300,7300,7300,58,0,4900.0,4242.189481034012,512.5390000175685,7262.006400007522,20936.0
1778884071,125,GET,GET /api/ -> https://httpbin.org/,2.900000,0.000000,2100,2500,3200,3400,4400,4600,4900,4900,4900,4900,4900,82,0,740.0,1103.5905658535762,35.609599988674745,4868.868199991994,332.0
1778884071,125,GET,GET /api/ -> https://redis.io/,0.000000,0.000000,5700,5700,6200,6200,8200,8200,8200,8200,8200,8200,8200,9,0,5300.0,5233.407788893803,3107.6524000091013,8203.603900008602,7780.0
1778884071,125,GET,GET /api/ -> https://www.python.org/,3.000000,0.000000,5400,5900,5900,6000,6000,6000,6000,6000,6000,6000,6000,66,0,4800.0,3852.257193937972,485.5981999717187,6024.967799981823,13844.0
1778884071,125,,Aggregated,21.000000,0.000000,2400,4400,5400,5900,6700,6900,7000,7100,8200,8200,8200,467,0,1300.0,2294.3473366164326,16.405200003646314,8203.603900008602,6690.314775160599
1778884072,130,GET,GET /api/ -> http://example.com/,3.500000,0.000000,4300,4800,5200,5500,6000,6000,6100,6100,6100,6100,6100,100,0,1500.0,2099.843094998796,16.405200003646314,6130.704500013962,68.0
1778884072,130,GET,GET /api/ -> https://books.toscrape.com/,3.800000,0.000000,940,1500,1900,2100,3200,3500,3600,3600,3600,3600,3600,95,0,790.0,1412.728681053513,39.283899997826666,3804.7308000095654,8223.0
1778884072,130,GET,GET /api/ -> https://docs.docker.com/,2.600000,0.000000,1300,1400,3900,5100,5400,6000,6000,6000,6000,6000,6000,60,0,800.0,1780.328613333404,526.8034000182524,6031.2760999950115,1856.0
1778884072,130,GET,GET /api/ -> https://flask.palletsprojects.com/,5.600000,0.000000,5400,6700,6800,6900,7000,7100,7100,7300,7300,7300,7300,58,0,4900.0,4242.189481034012,512.5390000175685,7262.006400007522,20936.0
1778884072,130,GET,GET /api/ -> https://httpbin.org/,2.500000,0.000000,2200,3000,3400,3500,4900,5000,5700,5700,5700,5700,5700,84,0,750.0,1205.1179107140688,35.609599988674745,5709.834799985401,332.0
1778884072,130,GET,GET /api/ -> https://redis.io/,0.300000,0.000000,6200,7000,7300,7300,7800,8200,8200,8200,8200,8200,8200,15,0,5700.0,5813.997913334363,3107.6524000091013,8203.603900008602,7780.0
1778884072,130,GET,GET /api/ -> https://www.python.org/,2.700000,0.000000,5400,5900,5900,6000,6000,6000,6000,6000,6000,6000,6000,67,0,5100.0,3871.274840296941,485.5981999717187,6024.967799981823,13844.0
1778884072,130,,Aggregated,21.000000,0.000000,2600,4900,5700,5900,6800,7000,7100,7300,8200,8200,8200,479,0,1400.0,2390.1368025048696,16.405200003646314,8203.603900008602,6650.874739039666
1778884073,135,GET,GET /api/ -> http://example.com/,3.600000,0.000000,4300,4800,5200,5500,6000,6000,6100,6100,6100,6100,6100,100,0,1500.0,2099.843094998796,16.405200003646314,6130.704500013962,68.0
1778884073,135,GET,GET /api/ -> https://books.toscrape.com/,3.700000,0.000000,940,1500,1800,1900,2200,3400,3600,3600,3600,3600,3600,95,0,790.0,1412.728681053513,39.283899997826666,3804.7308000095654,8223.0
1778884073,135,GET,GET /api/ -> https://docs.docker.com/,2.700000,0.000000,1300,1400,3900,5100,5400,6000,6000,6000,6000,6000,6000,60,0,800.0,1780.328613333404,526.8034000182524,6031.2760999950115,1856.0
1778884073,135,GET,GET /api/ -> https://flask.palletsprojects.com/,5.600000,0.000000,5900,6700,6900,6900,7000,7100,7100,7300,7300,7300,7300,58,0,4900.0,4242.189481034012,512.5390000175685,7262.006400007522,20936.0
1778884073,135,GET,GET /api/ -> https://httpbin.org/,2.700000,0.000000,2400,3000,3500,4400,5000,5700,6500,6500,6500,6500,6500,85,0,750.0,1267.3978799998567,35.609599988674745,6498.915300006047,332.0
1778884073,135,GET,GET /api/ -> https://redis.io/,0.900000,0.000000,6200,7000,7300,7800,8100,8200,8200,8200,8200,8200,8200,16,0,5700.0,5956.089100000099,3107.6524000091013,8203.603900008602,7780.0
1778884073,135,GET,GET /api/ -> https://www.python.org/,2.700000,0.000000,5900,6000,6000,6000,6100,6300,6500,6500,6500,6500,6500,72,0,5200.0,4035.4235472210953,485.5981999717187,6513.685499987332,13844.0
1778884073,135,,Aggregated,21.900000,0.000000,2900,5200,5900,6000,6800,7000,7300,7800,8200,8200,8200,486,0,1400.0,2449.8703327157377,16.405200003646314,8203.603900008602,6714.199588477366
1778884074,140,GET,GET /api/ -> http://example.com/,3.800000,0.000000,2500,3400,4400,4400,5500,5900,6100,6100,6100,6100,6100,100,0,1500.0,2099.843094998796,16.405200003646314,6130.704500013962,68.0
1778884074,140,GET,GET /api/ -> https://books.toscrape.com/,3.500000,0.000000,940,1500,1800,1900,2200,3400,3600,3600,3600,3600,3600,95,0,790.0,1412.728681053513,39.283899997826666,3804.7308000095654,8223.0
1778884074,140,GET,GET /api/ -> https://docs.docker.com/,2.700000,0.000000,1200,1400,2600,3100,6700,6800,7700,7700,7700,7700,7700,63,0,880.0,2032.0815952381097,526.8034000182524,7716.941499995301,1856.0
1778884074,140,GET,GET /api/ -> https://flask.palletsprojects.com/,5.500000,0.000000,880,930,1400,2900,3200,4800,5400,5400,5400,5400,5400,58,0,4900.0,4242.189481034012,512.5390000175685,7262.006400007522,20936.0
1778884074,140,GET,GET /api/ -> https://httpbin.org/,2.900000,0.000000,2200,2800,3400,3500,5700,6500,6900,6900,6900,6900,6900,86,0,750.0,1333.3115174416805,35.609599988674745,6935.9706999966875,332.0
1778884074,140,GET,GET /api/ -> https://redis.io/,1.300000,0.000000,7300,7800,8200,9300,11000,14000,14000,14000,14000,14000,14000,21,0,7000.0,6969.794833334163,3107.6524000091013,13716.819699999178,7780.0
1778884074,140,GET,GET /api/ -> https://www.python.org/,2.700000,0.000000,5900,6000,6000,6000,6100,6300,6500,6500,6500,6500,6500,72,0,5200.0,4035.4235472210953,485.5981999717187,6513.685499987332,13844.0
1778884074,140,,Aggregated,22.400000,0.000000,1500,3000,3600,4800,6500,7300,9300,11000,14000,14000,14000,495,0,1500.0,2565.3386707067834,16.405200003646314,13716.819699999178,6682.628282828283
1778884075,145,GET,GET /api/ -> http://example.com/,4.000000,0.000000,4600,5500,5900,5900,6100,8300,8300,8300,8300,8300,8300,101,0,1500.0,2160.942534652151,16.405200003646314,8270.886499987682,68.0
1778884075,145,GET,GET /api/ -> https://books.toscrape.com/,3.500000,0.000000,1500,1900,2100,2100,2500,3400,3600,3600,3600,3600,3600,95,0,790.0,1412.728681053513,39.283899997826666,3804.7308000095654,8223.0
1778884075,145,GET,GET /api/ -> https://docs.docker.com/,2.700000,0.000000,1400,3100,3900,6700,6800,7700,7700,7700,7700,7700,7700,63,0,880.0,2032.0815952381097,526.8034000182524,7716.941499995301,1856.0
1778884075,145,GET,GET /api/ -> https://flask.palletsprojects.com/,5.200000,0.000000,870,1400,2900,3200,4800,5400,5400,5400,5400,5400,5400,58,0,4900.0,4242.189481034012,512.5390000175685,7262.006400007522,20936.0
1778884075,145,GET,GET /api/ -> https://httpbin.org/,2.900000,0.000000,2400,3400,5700,6500,7600,7900,8200,8200,8200,8200,8200,91,0,790.0,1690.3819142857433,35.609599988674745,8239.650799980154,332.0
1778884075,145,GET,GET /api/ -> https://redis.io/,1.600000,0.000000,8100,9600,11000,11000,11000,12000,14000,14000,14000,14000,14000,27,0,7300.0,7822.546648150483,3107.6524000091013,13716.819699999178,7780.0
1778884075,145,GET,GET /api/ -> https://www.python.org/,3.100000,0.000000,1900,5100,6000,6100,6300,6500,6500,6500,6500,6500,6500,72,0,5200.0,4035.4235472210953,485.5981999717187,6513.685499987332,13844.0
1778884075,145,,Aggregated,23.000000,0.000000,2200,4800,6000,6500,7900,10000,11000,12000,14000,14000,14000,507,0,1700.0,2726.0681660747714,16.405200003646314,13716.819699999178,6619.9388560157795
1778884076,150,GET,GET /api/ -> http://example.com/,4.000000,0.000000,4800,5500,6100,6100,8300,8900,8900,8900,8900,8900,8900,102,0,1500.0,2227.0377431359875,16.405200003646314,8902.653800003463,68.0
1778884076,150,GET,GET /api/ -> https://books.toscrape.com/,3.500000,0.000000,2100,2200,2500,3400,3600,3600,3600,3600,3600,3600,3600,95,0,790.0,1412.728681053513,39.283899997826666,3804.7308000095654,8223.0
1778884076,150,GET,GET /api/ -> https://docs.docker.com/,2.900000,0.000000,1400,3100,3900,6700,6800,7700,7700,7700,7700,7700,7700,63,0,880.0,2032.0815952381097,526.8034000182524,7716.941499995301,1856.0
1778884076,150,GET,GET /api/ -> https://flask.palletsprojects.com/,5.200000,0.000000,870,1400,2900,3200,4800,5400,5400,5400,5400,5400,5400,58,0,4900.0,4242.189481034012,512.5390000175685,7262.006400007522,20936.0
1778884076,150,GET,GET /api/ -> https://httpbin.org/,3.100000,0.000000,3500,6500,7600,7600,7900,8200,8200,8200,8200,8200,8200,91,0,790.0,1690.3819142857433,35.609599988674745,8239.650799980154,332.0
1778884076,150,GET,GET /api/ -> https://redis.io/,1.900000,0.000000,9300,11000,11000,11000,12000,14000,15000,15000,15000,15000,15000,32,0,8100.0,8487.621156251407,3107.6524000091013,14923.79770000116,7780.0
1778884076,150,GET,GET /api/ -> https://www.python.org/,3.200000,0.000000,5100,6100,6200,6200,6300,6500,6500,6500,6500,6500,6500,72,0,5200.0,4035.4235472210953,485.5981999717187,6513.685499987332,13844.0
1778884076,150,,Aggregated,23.800000,0.000000,5700,7000,7800,8200,11000,12000,14000,15000,15000,15000,15000,513,0,1800.0,2829.2677027288396,16.405200003646314,14923.79770000116,6618.473684210527
1778884077,155,GET,GET /api/ -> http://example.com/,2.900000,0.000000,5900,8300,9300,9300,9500,9500,9500,9500,9500,9500,9500,106,0,1800.0,2498.8026301874033,16.405200003646314,9482.375099993078,68.0
1778884077,155,GET,GET /api/ -> https://books.toscrape.com/,3.500000,0.000000,2100,2200,2500,3400,3600,3600,3600,3600,3600,3600,3600,95,0,790.0,1412.728681053513,39.283899997826666,3804.7308000095654,8223.0
1778884077,155,GET,GET /api/ -> https://docs.docker.com/,2.400000,0.000000,6800,7700,9700,9700,9900,9900,9900,9900,9900,9900,9900,65,0,970.0,2270.8976061540084,526.8034000182524,9882.137000007788,1856.0
1778884077,155,GET,GET /api/ -> https://flask.palletsprojects.com/,2.500000,0.000000,3200,3200,4800,4800,5400,5400,5400,5400,5400,5400,5400,58,0,4900.0,4242.189481034012,512.5390000175685,7262.006400007522,20936.0
1778884077,155,GET,GET /api/ -> https://httpbin.org/,3.100000,0.000000,5700,7600,7900,7900,9600,9800,9800,9800,9800,9800,9800,93,0,790.0,1862.1132999999068,35.609599988674745,9771.776699984912,332.0
1778884077,155,GET,GET /api/ -> https://redis.io/,2.400000,0.000000,10000,11000,12000,12000,13000,14000,15000,15000,15000,15000,15000,39,0,9600.0,9077.505171797477,3107.6524000091013,14923.79770000116,7780.0
1778884077,155,GET,GET /api/ -> https://www.python.org/,1.700000,0.000000,6000,6200,6300,6500,9500,9800,9800,9800,9800,9800,9800,74,0,5200.0,4186.605627025946,485.5981999717187,9805.812200007495,13844.0
1778884077,155,,Aggregated,18.500000,0.000000,7000,9300,9600,10000,12000,12000,14000,15000,15000,15000,15000,530,0,1800.0,3074.991873207443,16.405200003646314,14923.79770000116,6569.949056603774
1778884078,160,GET,GET /api/ -> http://example.com/,1.100000,0.000000,6800,7700,8500,8900,9400,9500,9500,9500,9500,9500,9500,140,0,2700.0,3526.6144442854315,16.405200003646314,9482.375099993078,68.0
1778884078,160,GET,GET /api/ -> https://books.toscrape.com/,2.200000,0.000000,6000,6400,6900,6900,7100,7100,7100,7100,7100,7100,7100,100,0,800.0,1664.1983260007692,39.283899997826666,7134.64869998279,8223.0
1778884078,160,GET,GET /api/ -> https://docs.docker.com/,1.400000,0.000000,6200,6800,7700,8200,9700,9900,9900,9900,9900,9900,9900,72,0,1300.0,2628.2281694447092,526.8034000182524,9882.137000007788,1856.0
1778884078,160,GET,GET /api/ -> https://flask.palletsprojects.com/,1.900000,0.000000,4800,4800,5400,7300,8000,8000,8000,8000,8000,8000,8000,63,0,4900.0,4363.9471841262775,512.5390000175685,7998.387500003446,20936.0
1778884078,160,GET,GET /api/ -> https://httpbin.org/,3.100000,0.000000,6500,7600,7700,7900,8200,9600,9800,9800,9800,9800,9800,95,0,800.0,1983.9509431576037,35.609599988674745,9771.776699984912,332.0
1778884078,160,GET,GET /api/ -> https://redis.io/,2.900000,0.000000,11000,11000,12000,12000,13000,13000,14000,15000,15000,15000,15000,58,0,11000.0,9657.560691381463,3107.6524000091013,14923.79770000116,7780.0
1778884078,160,GET,GET /api/ -> https://www.python.org/,1.700000,0.000000,6300,7700,9000,9400,9500,9500,9800,9800,9800,9800,9800,90,0,5300.0,4647.991965555249,485.5981999717187,9805.812200007495,13844.0
1778884078,160,,Aggregated,14.300000,0.000000,7300,8500,9500,9800,12000,12000,13000,14000,15000,15000,15000,618,0,2700.0,3707.5082398059544,16.405200003646314,14923.79770000116,6493.78640776699
1778884079,165,GET,GET /api/ -> http://example.com/,1.000000,0.000000,6800,7700,8500,8600,9400,9500,9500,9500,9500,9500,9500,142,0,3100.0,3535.7310795772437,16.405200003646314,9482.375099993078,68.0
1778884079,165,GET,GET /api/ -> https://books.toscrape.com/,1.000000,0.000000,6000,6400,6900,6900,7100,7100,7100,7100,7100,7100,7100,100,0,800.0,1664.1983260007692,39.283899997826666,7134.64869998279,8223.0
1778884079,165,GET,GET /api/ -> https://docs.docker.com/,0.500000,0.000000,6200,6800,7700,8200,9700,9900,9900,9900,9900,9900,9900,72,0,1300.0,2628.2281694447092,526.8034000182524,9882.137000007788,1856.0
1778884079,165,GET,GET /api/ -> https://flask.palletsprojects.com/,0.600000,0.000000,4800,5400,7300,7300,8000,8000,8000,8000,8000,8000,8000,63,0,4900.0,4363.9471841262775,512.5390000175685,7998.387500003446,20936.0
1778884079,165,GET,GET /api/ -> https://httpbin.org/,1.900000,0.000000,7600,7700,7900,8200,9600,9800,9800,9800,9800,9800,9800,95,0,800.0,1983.9509431576037,35.609599988674745,9771.776699984912,332.0
1778884079,165,GET,GET /api/ -> https://redis.io/,3.400000,0.000000,11000,11000,12000,12000,13000,13000,14000,15000,15000,15000,15000,58,0,11000.0,9657.560691381463,3107.6524000091013,14923.79770000116,7780.0
1778884079,165,GET,GET /api/ -> https://www.python.org/,1.100000,0.000000,6300,7700,9000,9400,9500,9500,9800,9800,9800,9800,9800,90,0,5300.0,4647.991965555249,485.5981999717187,9805.812200007495,13844.0
1778884079,165,,Aggregated,9.500000,0.000000,7600,8600,9500,9900,12000,12000,13000,14000,15000,15000,15000,620,0,2800.0,3709.0127150001417,16.405200003646314,14923.79770000116,6473.058064516129
1778884080,170,GET,GET /api/ -> http://example.com/,2.000000,0.000000,6800,7700,8500,8600,9400,9500,9500,9500,9500,9500,9500,145,0,3200.0,3557.965201379105,16.405200003646314,9482.375099993078,68.0
1778884080,170,GET,GET /api/ -> https://books.toscrape.com/,0.200000,0.000000,6000,6400,6900,6900,7100,7100,7100,7100,7100,7100,7100,100,0,800.0,1664.1983260007692,39.283899997826666,7134.64869998279,8223.0
1778884080,170,GET,GET /api/ -> https://docs.docker.com/,0.800000,0.000000,6200,6800,7700,8200,9700,9900,9900,9900,9900,9900,9900,72,0,1300.0,2628.2281694447092,526.8034000182524,9882.137000007788,1856.0
1778884080,170,GET,GET /api/ -> https://flask.palletsprojects.com/,0.700000,0.000000,5400,5400,7300,7300,8000,8000,8000,8000,8000,8000,8000,63,0,4900.0,4363.9471841262775,512.5390000175685,7998.387500003446,20936.0
1778884080,170,GET,GET /api/ -> https://httpbin.org/,2.000000,0.000000,7600,7900,7900,8200,9600,9800,9800,9800,9800,9800,9800,95,0,800.0,1983.9509431576037,35.609599988674745,9771.776699984912,332.0
1778884080,170,GET,GET /api/ -> https://redis.io/,5.600000,0.000000,11000,12000,12000,12000,13000,13000,15000,15000,15000,15000,15000,58,0,11000.0,9657.560691381463,3107.6524000091013,14923.79770000116,7780.0
1778884080,170,GET,GET /api/ -> https://www.python.org/,1.500000,0.000000,6400,7700,9200,9400,9500,9500,9800,9800,9800,9800,9800,90,0,5300.0,4647.991965555249,485.5981999717187,9805.812200007495,13844.0
1778884080,170,,Aggregated,12.800000,0.000000,7700,9200,9500,10000,12000,13000,13000,14000,15000,15000,15000,623,0,2800.0,3713.353168860496,16.405200003646314,14923.79770000116,6442.215088282504
1778884081,175,GET,GET /api/ -> http://example.com/,4.500000,0.000000,6800,7700,8500,8600,9400,9500,9500,9500,9500,9500,9500,145,0,3200.0,3557.965201379105,16.405200003646314,9482.375099993078,68.0
1778884081,175,GET,GET /api/ -> https://books.toscrape.com/,0.700000,0.000000,6000,6400,6900,6900,7100,7100,7100,7100,7100,7100,7100,101,0,820.0,1705.6402960402595,39.283899997826666,7134.64869998279,8223.0
1778884081,175,GET,GET /api/ -> https://docs.docker.com/,1.400000,0.000000,6700,6800,8200,8200,9700,9900,9900,9900,9900,9900,9900,72,0,1300.0,2628.2281694447092,526.8034000182524,9882.137000007788,1856.0
1778884081,175,GET,GET /api/ -> https://flask.palletsprojects.com/,1.000000,0.000000,5400,5400,7300,7300,8000,8000,8000,8000,8000,8000,8000,63,0,4900.0,4363.9471841262775,512.5390000175685,7998.387500003446,20936.0
1778884081,175,GET,GET /api/ -> https://httpbin.org/,1.500000,0.000000,7600,7900,7900,8200,9600,9800,9800,9800,9800,9800,9800,95,0,800.0,1983.9509431576037,35.609599988674745,9771.776699984912,332.0
1778884081,175,GET,GET /api/ -> https://locust.io/,0.000000,0.000000,0,0,0,0,0,0,0,0,0,0,0,2,0,10125.134000001708,10566.148799989605,10125.134000001708,11007.163599977503,5097.0
1778884081,175,GET,GET /api/ -> https://redis.io/,5.800000,0.000000,11000,12000,12000,12000,13000,13000,15000,15000,15000,15000,15000,58,0,11000.0,9657.560691381463,3107.6524000091013,14923.79770000116,7780.0
1778884081,175,GET,GET /api/ -> https://www.python.org/,2.500000,0.000000,6300,7700,9000,9400,9500,9500,9800,9800,9800,9800,9800,91,0,5300.0,4658.585210988978,485.5981999717187,9805.812200007495,13844.0
1778884081,175,,Aggregated,17.400000,0.000000,7700,9400,9700,11000,12000,13000,13000,14000,15000,15000,15000,627,0,2900.0,3741.6477454546766,16.405200003646314,14923.79770000116,6452.56937799043
1778884082,180,GET,GET /api/ -> http://example.com/,4.800000,0.000000,6800,7700,8500,8600,9400,9500,9500,9500,9500,9500,9500,145,0,3200.0,3557.965201379105,16.405200003646314,9482.375099993078,68.0
1778884082,180,GET,GET /api/ -> https://books.toscrape.com/,0.700000,0.000000,6000,6400,6900,6900,7100,7100,7100,7100,7100,7100,7100,101,0,820.0,1705.6402960402595,39.283899997826666,7134.64869998279,8223.0
1778884082,180,GET,GET /api/ -> https://docs.docker.com/,1.300000,0.000000,6700,6800,8200,8200,9700,9900,9900,9900,9900,9900,9900,72,0,1300.0,2628.2281694447092,526.8034000182524,9882.137000007788,1856.0
1778884082,180,GET,GET /api/ -> https://flask.palletsprojects.com/,0.700000,0.000000,5400,5400,7300,7300,8000,8000,8000,8000,8000,8000,8000,63,0,4900.0,4363.9471841262775,512.5390000175685,7998.387500003446,20936.0
1778884082,180,GET,GET /api/ -> https://httpbin.org/,1.500000,0.000000,7700,7900,8200,8200,9600,9800,9800,9800,9800,9800,9800,95,0,800.0,1983.9509431576037,35.609599988674745,9771.776699984912,332.0
1778884082,180,GET,GET /api/ -> https://locust.io/,0.000000,0.000000,0,0,0,0,0,0,0,0,0,0,0,6,0,11000.0,10900.669083329072,6832.008700002916,12575.260399986291,5097.0
1778884082,180,GET,GET /api/ -> https://redis.io/,5.500000,0.000000,11000,12000,12000,12000,13000,13000,15000,15000,15000,15000,15000,58,0,11000.0,9657.560691381463,3107.6524000091013,14923.79770000116,7780.0
1778884082,180,GET,GET /api/ -> https://www.python.org/,2.400000,0.000000,7600,9000,9400,9400,9500,9800,9800,9800,9800,9800,9800,91,0,5300.0,4658.585210988978,485.5981999717187,9805.812200007495,13844.0
1778884082,180,,Aggregated,16.900000,0.000000,7900,9500,10000,11000,12000,13000,13000,14000,15000,15000,15000,631,0,2900.0,3788.0901003170793,16.405200003646314,14923.79770000116,6443.9762282091915
1778884083,185,GET,GET /api/ -> http://example.com/,4.900000,0.000000,6800,7700,8500,8600,9400,9500,9500,9500,9500,9500,9500,146,0,3200.0,3583.839336986062,16.405200003646314,9482.375099993078,68.0
1778884083,185,GET,GET /api/ -> https://books.toscrape.com/,0.500000,0.000000,6000,6400,6900,7100,7300,7300,7300,7300,7300,7300,7300,102,0,820.0,1760.5560803925732,39.283899997826666,7307.050299976254,8223.0
1778884083,185,GET,GET /api/ -> https://docs.docker.com/,1.200000,0.000000,6200,7700,8200,9700,9900,9900,9900,9900,9900,9900,9900,72,0,1300.0,2628.2281694447092,526.8034000182524,9882.137000007788,1856.0
1778884083,185,GET,GET /api/ -> https://flask.palletsprojects.com/,0.600000,0.000000,5400,5400,7300,7300,8000,8000,8000,8000,8000,8000,8000,63,0,4900.0,4363.9471841262775,512.5390000175685,7998.387500003446,20936.0
1778884083,185,GET,GET /api/ -> https://httpbin.org/,1.300000,0.000000,7900,7900,8200,9600,9800,9800,9800,9800,9800,9800,9800,95,0,800.0,1983.9509431576037,35.609599988674745,9771.776699984912,332.0
1778884083,185,GET,GET /api/ -> https://locust.io/,0.000000,0.000000,12000,13000,13000,13000,13000,13000,13000,13000,13000,13000,13000,13,0,12000.0,10947.051599997883,6832.008700002916,13137.332899990724,5097.0
1778884083,185,GET,GET /api/ -> https://redis.io/,4.900000,0.000000,11000,12000,12000,12000,13000,13000,15000,15000,15000,15000,15000,58,0,11000.0,9657.560691381463,3107.6524000091013,14923.79770000116,7780.0
1778884083,185,GET,GET /api/ -> https://www.python.org/,2.400000,0.000000,7600,9000,9400,9400,9500,9800,9800,9800,9800,9800,9800,91,0,5300.0,4658.585210988978,485.5981999717187,9805.812200007495,13844.0
1778884083,185,,Aggregated,15.800000,0.000000,8000,9500,11000,11000,12000,13000,13000,13000,15000,15000,15000,640,0,3100.0,3877.8674201563203,16.405200003646314,14923.79770000116,6422.0609375
1778884085,190,GET,GET /api/ -> http://example.com/,4.500000,0.000000,6800,7700,7700,8500,9400,9400,9500,9500,9500,9500,9500,165,0,4200.0,3953.372780000085,16.405200003646314,9482.375099993078,68.0
1778884085,190,GET,GET /api/ -> https://books.toscrape.com/,0.600000,0.000000,6900,7000,7000,7100,7300,7400,7500,7500,7500,7500,7500,142,0,2100.0,3198.078771126514,39.283899997826666,7466.256699990481,8223.0
1778884085,190,GET,GET /api/ -> https://docs.docker.com/,1.200000,0.000000,6900,7000,7000,7100,8200,9700,9900,9900,9900,9900,9900,90,0,2300.0,3471.64860555624,526.8034000182524,9882.137000007788,1856.0
1778884085,190,GET,GET /api/ -> https://flask.palletsprojects.com/,0.500000,0.000000,7000,7100,7200,7200,7300,8000,8000,8000,8000,8000,8000,72,0,5900.0,4695.2977597219515,512.5390000175685,7998.387500003446,20936.0
1778884085,190,GET,GET /api/ -> https://httpbin.org/,1.100000,0.000000,7600,7900,8200,8200,9600,9800,9800,9800,9800,9800,9800,100,0,830.0,2229.777981999796,35.609599988674745,9771.776699984912,332.0
1778884085,190,GET,GET /api/ -> https://locust.io/,0.700000,0.000000,7600,9500,11000,12000,13000,13000,14000,14000,14000,14000,14000,58,0,7600.0,9005.803648275043,6832.008700002916,14296.782799996436,5097.0
1778884085,190,GET,GET /api/ -> https://redis.io/,4.200000,0.000000,11000,12000,12000,13000,13000,13000,15000,15000,15000,15000,15000,63,0,10000.0,9426.501374605337,3107.6524000091013,14923.79770000116,7780.0
1778884085,190,GET,GET /api/ -> https://www.python.org/,2.000000,0.000000,7000,8900,9200,9400,9500,9500,9800,9800,9800,9800,9800,95,0,5400.0,4757.119905262708,485.5981999717187,9805.812200007495,13844.0
1778884085,190,,Aggregated,14.800000,0.000000,7000,7600,9000,9500,12000,13000,13000,14000,15000,15000,15000,785,0,4700.0,4519.813878726168,16.405200003646314,14923.79770000116,6353.457324840764
1778884086,195,GET,GET /api/ -> http://example.com/,4.700000,0.000000,5900,6800,7300,7700,8500,9400,9400,9500,9500,9500,9500,185,0,4000.0,3909.8821967569606,16.405200003646314,9482.375099993078,68.0
1778884086,195,GET,GET /api/ -> https://books.toscrape.com/,0.700000,0.000000,6800,6900,7000,7000,7100,7300,7400,7500,7500,7500,7500,160,0,1900.0,3081.585973750043,39.283899997826666,7466.256699990481,8223.0
1778884086,195,GET,GET /api/ -> https://docs.docker.com/,1.000000,0.000000,6700,6900,7000,7100,8200,9700,9900,9900,9900,9900,9900,93,0,2300.0,3445.7084387102695,526.8034000182524,9882.137000007788,1856.0
1778884086,195,GET,GET /api/ -> https://flask.palletsprojects.com/,0.500000,0.000000,6900,7000,7100,7200,7300,8000,8000,8000,8000,8000,8000,78,0,5100.0,4432.674188461627,512.5390000175685,7998.387500003446,20936.0
1778884086,195,GET,GET /api/ -> https://httpbin.org/,0.900000,0.000000,1700,2100,6700,6800,7600,9600,9800,9800,9800,9800,9800,124,0,1100.0,2071.0705233866447,35.609599988674745,9771.776699984912,332.0
1778884086,195,GET,GET /api/ -> https://locust.io/,2.000000,0.000000,7400,9300,10000,12000,13000,13000,14000,14000,14000,14000,14000,61,0,7400.0,8604.288352458245,585.1105999900028,14296.782799996436,5097.0
1778884086,195,GET,GET /api/ -> https://redis.io/,3.900000,0.000000,11000,12000,12000,12000,13000,13000,13000,13000,13000,13000,13000,66,0,9600.0,9058.417516668365,549.8022999963723,14923.79770000116,7780.0
1778884086,195,GET,GET /api/ -> https://www.python.org/,1.900000,0.000000,6900,7600,9000,9200,9500,9500,9800,9800,9800,9800,9800,99,0,5300.0,4595.99512121158,485.5981999717187,9805.812200007495,13844.0
1778884086,195,,Aggregated,15.600000,0.000000,6900,7100,7600,8200,10000,12000,13000,13000,14000,14000,14000,866,0,4000.0,4292.280417090138,16.405200003646314,14923.79770000116,6200.920323325635
1778884087,200,GET,GET /api/ -> http://example.com/,5.500000,0.000000,5800,6600,6800,7000,7700,7700,7700,7800,7800,7800,7800,185,0,4000.0,3909.8821967569606,16.405200003646314,9482.375099993078,68.0
1778884087,200,GET,GET /api/ -> https://books.toscrape.com/,2.500000,0.000000,6800,6900,7000,7000,7100,7300,7400,7500,7500,7500,7500,160,0,1900.0,3081.585973750043,39.283899997826666,7466.256699990481,8223.0
1778884087,200,GET,GET /api/ -> https://docs.docker.com/,2.000000,0.000000,6700,6900,7000,7000,7100,7200,7300,7300,7300,7300,7300,93,0,2300.0,3445.7084387102695,526.8034000182524,9882.137000007788,1856.0
1778884087,200,GET,GET /api/ -> https://flask.palletsprojects.com/,0.800000,0.000000,4700,6900,7000,7000,7200,7200,7300,7300,7300,7300,7300,83,0,4800.0,4289.266204819468,512.5390000175685,7998.387500003446,20936.0
1778884087,200,GET,GET /api/ -> https://httpbin.org/,0.700000,0.000000,1500,2100,2400,4300,6800,7200,7600,7600,7600,7600,7600,129,0,1100.0,2060.4600852708218,35.609599988674745,9771.776699984912,332.0
1778884087,200,GET,GET /api/ -> https://locust.io/,5.400000,0.000000,7400,9300,10000,12000,13000,13000,14000,14000,14000,14000,14000,61,0,7400.0,8604.288352458245,585.1105999900028,14296.782799996436,5097.0
1778884087,200,GET,GET /api/ -> https://redis.io/,3.500000,0.000000,6600,6700,6900,7200,7200,7200,7200,7200,7200,7200,7200,66,0,9600.0,9058.417516668365,549.8022999963723,14923.79770000116,7780.0
1778884087,200,GET,GET /api/ -> https://www.python.org/,2.300000,0.000000,4600,6300,6900,6900,7200,7600,7700,7700,7700,7700,7700,102,0,5300.0,4489.155271568212,485.5981999717187,9805.812200007495,13844.0
1778884087,200,,Aggregated,22.700000,0.000000,6700,6900,7000,7200,7700,10000,13000,13000,14000,14000,14000,879,0,3800.0,4253.984387144564,16.405200003646314,14923.79770000116,6277.439135381115
1778884088,205,GET,GET /api/ -> http://example.com/,8.400000,0.000000,5000,5800,6700,7000,7300,7700,7800,7800,7800,7800,7800,185,0,4000.0,3909.8821967569606,16.405200003646314,9482.375099993078,68.0
1778884088,205,GET,GET /api/ -> https://books.toscrape.com/,5.500000,0.000000,6800,6900,7000,7000,7100,7300,7400,7500,7500,7500,7500,160,0,1900.0,3081.585973750043,39.283899997826666,7466.256699990481,8223.0
1778884088,205,GET,GET /api/ -> https://docs.docker.com/,2.800000,0.000000,6700,6900,7000,7000,7100,7200,7300,7300,7300,7300,7300,93,0,2300.0,3445.7084387102695,526.8034000182524,9882.137000007788,1856.0
1778884088,205,GET,GET /api/ -> https://flask.palletsprojects.com/,1.400000,0.000000,4700,6900,7000,7000,7200,7200,7300,7300,7300,7300,7300,83,0,4800.0,4289.266204819468,512.5390000175685,7998.387500003446,20936.0
1778884088,205,GET,GET /api/ -> https://httpbin.org/,1.400000,0.000000,1700,2100,2400,2600,6800,7200,7600,7600,7600,7600,7600,130,0,1100.0,2063.1243207688944,35.609599988674745,9771.776699984912,332.0
1778884088,205,GET,GET /api/ -> https://locust.io/,5.800000,0.000000,7400,9300,10000,12000,13000,13000,14000,14000,14000,14000,14000,61,0,7400.0,8604.288352458245,585.1105999900028,14296.782799996436,5097.0
1778884088,205,GET,GET /api/ -> https://redis.io/,3.400000,0.000000,6600,6700,6900,7200,7200,7200,7200,7200,7200,7200,7200,66,0,9600.0,9058.417516668365,549.8022999963723,14923.79770000116,7780.0
1778884088,205,GET,GET /api/ -> https://www.python.org/,2.300000,0.000000,3900,5600,6400,6900,7200,7600,7700,7700,7700,7700,7700,105,0,5300.0,4411.861520952135,485.5981999717187,9805.812200007495,13844.0
1778884088,205,,Aggregated,31.000000,0.000000,6700,7000,7100,7200,9000,11000,13000,13000,14000,14000,14000,883,0,3800.0,4243.500236693214,16.405200003646314,14923.79770000116,6296.413363533409
1778884089,210,GET,GET /api/ -> http://example.com/,8.400000,0.000000,5000,6600,6700,7000,7300,7700,7800,7800,7800,7800,7800,185,0,4000.0,3909.8821967569606,16.405200003646314,9482.375099993078,68.0
1778884089,210,GET,GET /api/ -> https://books.toscrape.com/,5.500000,0.000000,6800,6900,7000,7000,7300,7400,7400,7500,7500,7500,7500,160,0,1900.0,3081.585973750043,39.283899997826666,7466.256699990481,8223.0
1778884089,210,GET,GET /api/ -> https://docs.docker.com/,2.800000,0.000000,6700,6900,7000,7000,7100,7200,7300,7300,7300,7300,7300,93,0,2300.0,3445.7084387102695,526.8034000182524,9882.137000007788,1856.0
1778884089,210,GET,GET /api/ -> https://flask.palletsprojects.com/,1.400000,0.000000,4700,6900,7000,7000,7200,7200,7300,7300,7300,7300,7300,83,0,4800.0,4289.266204819468,512.5390000175685,7998.387500003446,20936.0
1778884089,210,GET,GET /api/ -> https://httpbin.org/,1.400000,0.000000,1700,2100,2400,2600,6800,7200,7600,7600,7600,7600,7600,130,0,1100.0,2063.1243207688944,35.609599988674745,9771.776699984912,332.0
1778884089,210,GET,GET /api/ -> https://locust.io/,5.800000,0.000000,7400,9300,10000,12000,13000,13000,14000,14000,14000,14000,14000,61,0,7400.0,8604.288352458245,585.1105999900028,14296.782799996436,5097.0
1778884089,210,GET,GET /api/ -> https://redis.io/,3.400000,0.000000,6600,6700,6900,7200,7200,7200,7200,7200,7200,7200,7200,66,0,9600.0,9058.417516668365,549.8022999963723,14923.79770000116,7780.0
1778884089,210,GET,GET /api/ -> https://www.python.org/,2.300000,0.000000,1500,2200,6900,6900,7000,7200,7200,7200,7200,7200,7200,105,0,5300.0,4411.861520952135,485.5981999717187,9805.812200007495,13844.0
1778884089,210,,Aggregated,31.000000,0.000000,6700,7000,7100,7200,9000,11000,13000,13000,14000,14000,14000,883,0,3800.0,4243.500236693214,16.405200003646314,14923.79770000116,6296.413363533409
1778884090,215,GET,GET /api/ -> http://example.com/,7.000000,0.000000,5000,6600,6700,7000,7300,7700,7800,7800,7800,7800,7800,185,0,4000.0,3909.8821967569606,16.405200003646314,9482.375099993078,68.0
1778884090,215,GET,GET /api/ -> https://books.toscrape.com/,6.500000,0.000000,6800,6900,7000,7000,7300,7400,7400,7500,7500,7500,7500,160,0,1900.0,3081.585973750043,39.283899997826666,7466.256699990481,8223.0
1778884090,215,GET,GET /api/ -> https://docs.docker.com/,2.700000,0.000000,6700,6900,7000,7000,7100,7200,7300,7300,7300,7300,7300,93,0,2300.0,3445.7084387102695,526.8034000182524,9882.137000007788,1856.0
1778884090,215,GET,GET /api/ -> https://flask.palletsprojects.com/,2.400000,0.000000,4700,6900,7000,7000,7200,7200,7300,7300,7300,7300,7300,83,0,4800.0,4289.266204819468,512.5390000175685,7998.387500003446,20936.0
1778884090,215,GET,GET /api/ -> https://httpbin.org/,3.500000,0.000000,1700,2200,2400,4300,6800,7200,7600,7600,7600,7600,7600,131,0,1200.0,2091.3675381677167,35.609599988674745,9771.776699984912,332.0
1778884090,215,GET,GET /api/ -> https://locust.io/,6.100000,0.000000,7400,9300,10000,12000,13000,13000,14000,14000,14000,14000,14000,62,0,7400.0,8534.454253225234,585.1105999900028,14296.782799996436,5097.0
1778884090,215,GET,GET /api/ -> https://redis.io/,1.000000,0.000000,6600,6700,6900,7200,7200,7200,7200,7200,7200,7200,7200,66,0,9600.0,9058.417516668365,549.8022999963723,14923.79770000116,7780.0
1778884090,215,GET,GET /api/ -> https://www.python.org/,2.400000,0.000000,1500,2200,6900,6900,7000,7200,7200,7200,7200,7200,7200,105,0,5300.0,4411.861520952135,485.5981999717187,9805.812200007495,13844.0
1778884090,215,,Aggregated,31.600000,0.000000,6700,7000,7100,7200,9000,11000,13000,13000,14000,14000,14000,885,0,3800.0,4245.2522813560845,16.405200003646314,14923.79770000116,6288.318644067796
1778884091,220,GET,GET /api/ -> http://example.com/,4.500000,0.000000,5800,6600,7000,7200,7600,7700,7800,7800,7800,7800,7800,185,0,4000.0,3909.8821967569606,16.405200003646314,9482.375099993078,68.0
1778884091,220,GET,GET /api/ -> https://books.toscrape.com/,6.000000,0.000000,6800,6900,7000,7000,7300,7400,7400,7500,7500,7500,7500,160,0,1900.0,3081.585973750043,39.283899997826666,7466.256699990481,8223.0
1778884091,220,GET,GET /api/ -> https://docs.docker.com/,2.100000,0.000000,6900,6900,7000,7000,7100,7200,7300,7300,7300,7300,7300,93,0,2300.0,3445.7084387102695,526.8034000182524,9882.137000007788,1856.0
1778884091,220,GET,GET /api/ -> https://flask.palletsprojects.com/,2.000000,0.000000,2500,7000,7000,7000,7200,7200,7200,7200,7200,7200,7200,83,0,4800.0,4289.266204819468,512.5390000175685,7998.387500003446,20936.0
1778884091,220,GET,GET /api/ -> https://httpbin.org/,3.500000,0.000000,1700,2100,2400,2600,6800,7100,7200,7200,7200,7200,7200,131,0,1200.0,2091.3675381677167,35.609599988674745,9771.776699984912,332.0
1778884091,220,GET,GET /api/ -> https://locust.io/,6.100000,0.000000,7400,9300,10000,12000,13000,13000,14000,14000,14000,14000,14000,62,0,7400.0,8534.454253225234,585.1105999900028,14296.782799996436,5097.0
1778884091,220,GET,GET /api/ -> https://redis.io/,0.800000,0.000000,6500,6600,6900,6900,7200,7200,7200,7200,7200,7200,7200,66,0,9600.0,9058.417516668365,549.8022999963723,14923.79770000116,7780.0
1778884091,220,GET,GET /api/ -> https://www.python.org/,1.500000,0.000000,1600,5000,6900,6900,7000,7200,7200,7200,7200,7200,7200,106,0,5200.0,4417.499610377181,485.5981999717187,9805.812200007495,13844.0
1778884091,220,,Aggregated,26.500000,0.000000,6700,7000,7100,7200,7800,12000,13000,13000,14000,14000,14000,886,0,3800.0,4246.114862302643,16.405200003646314,14923.79770000116,6296.846501128668
1778884092,225,GET,GET /api/ -> http://example.com/,4.500000,0.000000,5800,6600,7000,7200,7600,7700,7800,7800,7800,7800,7800,185,0,4000.0,3909.8821967569606,16.405200003646314,9482.375099993078,68.0
1778884092,225,GET,GET /api/ -> https://books.toscrape.com/,6.000000,0.000000,6800,6900,7000,7000,7300,7400,7400,7500,7500,7500,7500,160,0,1900.0,3081.585973750043,39.283899997826666,7466.256699990481,8223.0
1778884092,225,GET,GET /api/ -> https://docs.docker.com/,2.100000,0.000000,6900,6900,7000,7000,7100,7200,7300,7300,7300,7300,7300,93,0,2300.0,3445.7084387102695,526.8034000182524,9882.137000007788,1856.0
1778884092,225,GET,GET /api/ -> https://flask.palletsprojects.com/,2.000000,0.000000,2500,7000,7000,7000,7200,7200,7200,7200,7200,7200,7200,83,0,4800.0,4289.266204819468,512.5390000175685,7998.387500003446,20936.0
1778884092,225,GET,GET /api/ -> https://httpbin.org/,3.500000,0.000000,1700,2100,2400,2600,6800,7100,7200,7200,7200,7200,7200,131,0,1200.0,2091.3675381677167,35.609599988674745,9771.776699984912,332.0
1778884092,225,GET,GET /api/ -> https://locust.io/,6.100000,0.000000,7300,9000,9800,10000,12000,13000,14000,14000,14000,14000,14000,62,0,7400.0,8534.454253225234,585.1105999900028,14296.782799996436,5097.0
1778884092,225,GET,GET /api/ -> https://redis.io/,0.800000,0.000000,6500,6600,6900,6900,7200,7200,7200,7200,7200,7200,7200,66,0,9600.0,9058.417516668365,549.8022999963723,14923.79770000116,7780.0
1778884092,225,GET,GET /api/ -> https://www.python.org/,1.500000,0.000000,1500,2200,6900,6900,7000,7200,7200,7200,7200,7200,7200,106,0,5200.0,4417.499610377181,485.5981999717187,9805.812200007495,13844.0
1778884092,225,,Aggregated,26.500000,0.000000,6700,7000,7000,7200,7600,10000,12000,13000,14000,14000,14000,886,0,3800.0,4246.114862302643,16.405200003646314,14923.79770000116,6296.846501128668
1778884093,230,GET,GET /api/ -> http://example.com/,4.500000,0.000000,5000,6600,6700,7000,7300,7700,7800,7800,7800,7800,7800,185,0,4000.0,3909.8821967569606,16.405200003646314,9482.375099993078,68.0
1778884093,230,GET,GET /api/ -> https://books.toscrape.com/,6.000000,0.000000,6800,6900,7000,7000,7100,7400,7400,7500,7500,7500,7500,160,0,1900.0,3081.585973750043,39.283899997826666,7466.256699990481,8223.0
1778884093,230,GET,GET /api/ -> https://docs.docker.com/,2.100000,0.000000,6900,6900,7000,7000,7100,7200,7300,7300,7300,7300,7300,93,0,2300.0,3445.7084387102695,526.8034000182524,9882.137000007788,1856.0
1778884093,230,GET,GET /api/ -> https://flask.palletsprojects.com/,2.000000,0.000000,2500,7000,7000,7000,7200,7200,7200,7200,7200,7200,7200,83,0,4800.0,4289.266204819468,512.5390000175685,7998.387500003446,20936.0
1778884093,230,GET,GET /api/ -> https://httpbin.org/,3.500000,0.000000,1700,2100,2400,2600,6800,7100,7200,7200,7200,7200,7200,131,0,1200.0,2091.3675381677167,35.609599988674745,9771.776699984912,332.0
1778884093,230,GET,GET /api/ -> https://locust.io/,6.100000,0.000000,7100,7300,7600,9000,9700,10000,14000,14000,14000,14000,14000,62,0,7400.0,8534.454253225234,585.1105999900028,14296.782799996436,5097.0
1778884093,230,GET,GET /api/ -> https://redis.io/,0.800000,0.000000,6500,6600,6900,6900,7200,7200,7200,7200,7200,7200,7200,66,0,9600.0,9058.417516668365,549.8022999963723,14923.79770000116,7780.0
1778884093,230,GET,GET /api/ -> https://www.python.org/,1.500000,0.000000,1500,2200,6900,6900,7000,7200,7200,7200,7200,7200,7200,106,0,5200.0,4417.499610377181,485.5981999717187,9805.812200007495,13844.0
1778884093,230,,Aggregated,26.500000,0.000000,6600,6900,7000,7000,7300,7700,9700,10000,14000,14000,14000,886,0,3800.0,4246.114862302643,16.405200003646314,14923.79770000116,6296.846501128668
1778884094,235,GET,GET /api/ -> http://example.com/,4.500000,0.000000,5000,5000,5800,5800,6700,6700,6700,6700,6700,6700,6700,185,0,4000.0,3909.8821967569606,16.405200003646314,9482.375099993078,68.0
1778884094,235,GET,GET /api/ -> https://books.toscrape.com/,6.000000,0.000000,6500,6700,6900,6900,7100,7300,7300,7300,7300,7300,7300,160,0,1900.0,3081.585973750043,39.283899997826666,7466.256699990481,8223.0
1778884094,235,GET,GET /api/ -> https://docs.docker.com/,2.100000,0.000000,6500,6500,6700,7000,7300,7300,7300,7300,7300,7300,7300,93,0,2300.0,3445.7084387102695,526.8034000182524,9882.137000007788,1856.0
1778884094,235,GET,GET /api/ -> https://flask.palletsprojects.com/,2.000000,0.000000,2300,6900,7000,7000,7000,7200,7200,7200,7200,7200,7200,83,0,4800.0,4289.266204819468,512.5390000175685,7998.387500003446,20936.0
1778884094,235,GET,GET /api/ -> https://httpbin.org/,3.500000,0.000000,1500,2100,2400,2600,6700,7100,7200,7200,7200,7200,7200,131,0,1200.0,2091.3675381677167,35.609599988674745,9771.776699984912,332.0
1778884094,235,GET,GET /api/ -> https://locust.io/,6.100000,0.000000,7100,7100,7200,7200,7200,7200,7200,7200,7200,7200,7200,62,0,7400.0,8534.454253225234,585.1105999900028,14296.782799996436,5097.0
1778884094,235,GET,GET /api/ -> https://redis.io/,0.800000,0.000000,6500,6500,6600,6600,7200,7200,7200,7200,7200,7200,7200,66,0,9600.0,9058.417516668365,549.8022999963723,14923.79770000116,7780.0
1778884094,235,GET,GET /api/ -> https://www.python.org/,1.500000,0.000000,1500,2200,6900,6900,7000,7200,7200,7200,7200,7200,7200,106,0,5200.0,4417.499610377181,485.5981999717187,9805.812200007495,13844.0
1778884094,235,,Aggregated,26.500000,0.000000,3100,5800,6500,6700,7000,7200,7200,7300,7300,7300,7300,886,0,3800.0,4246.114862302643,16.405200003646314,14923.79770000116,6296.846501128668
1778884096,240,GET,GET /api/ -> http://example.com/,4.000000,0.000000,5000,5000,5800,5800,6700,6700,6700,6700,6700,6700,6700,185,0,4000.0,3909.8821967569606,16.405200003646314,9482.375099993078,68.0
1778884096,240,GET,GET /api/ -> https://books.toscrape.com/,5.900000,0.000000,1500,1600,1600,1800,1800,1800,1800,1800,1800,1800,1800,160,0,1900.0,3081.585973750043,39.283899997826666,7466.256699990481,8223.0
1778884096,240,GET,GET /api/ -> https://docs.docker.com/,2.100000,0.000000,1700,1700,9400,9400,9400,9400,9400,9400,9400,9400,9400,94,0,2300.0,3509.0013978729753,526.8034000182524,9882.137000007788,1856.0
1778884096,240,GET,GET /api/ -> https://flask.palletsprojects.com/,2.000000,0.000000,2500,2500,11000,11000,11000,11000,11000,11000,11000,11000,11000,84,0,4800.0,4367.3441678575255,512.5390000175685,10847.815100016305,20936.0
1778884096,240,GET,GET /api/ -> https://httpbin.org/,3.600000,0.000000,2400,2400,2600,2600,5800,5800,5800,5800,5800,5800,5800,131,0,1200.0,2091.3675381677167,35.609599988674745,9771.776699984912,332.0
1778884096,240,GET,GET /api/ -> https://locust.io/,5.500000,0.000000,1300,1300,4300,4300,4300,4300,4300,4300,4300,4300,4300,62,0,7400.0,8534.454253225234,585.1105999900028,14296.782799996436,5097.0
1778884096,240,GET,GET /api/ -> https://redis.io/,0.800000,0.000000,1700,1700,1700,1700,1700,1700,1700,1700,1700,1700,1700,66,0,9600.0,9058.417516668365,549.8022999963723,14923.79770000116,7780.0
1778884096,240,GET,GET /api/ -> https://www.python.org/,1.500000,0.000000,1600,2200,5000,5000,8600,8600,8600,8600,8600,8600,8600,107,0,5300.0,4456.998235513956,485.5981999717187,9805.812200007495,13844.0
1778884096,240,,Aggregated,25.400000,0.000000,2400,2600,5000,5800,9400,11000,11000,11000,11000,11000,11000,889,0,3800.0,4264.279732508633,16.405200003646314,14923.79770000116,6316.80764904387
1778884097,245,GET,GET /api/ -> http://example.com/,3.800000,0.000000,5000,5000,5800,5800,6700,6700,6700,6700,6700,6700,6700,185,0,4000.0,3909.8821967569606,16.405200003646314,9482.375099993078,68.0
1778884097,245,GET,GET /api/ -> https://books.toscrape.com/,5.800000,0.000000,1500,1600,1600,1800,1800,1800,1800,1800,1800,1800,1800,160,0,1900.0,3081.585973750043,39.283899997826666,7466.256699990481,8223.0
1778884097,245,GET,GET /api/ -> https://docs.docker.com/,2.100000,0.000000,9400,9400,12000,12000,12000,12000,12000,12000,12000,12000,12000,95,0,2600.0,3597.852720000695,526.8034000182524,11949.877000006381,1856.0
1778884097,245,GET,GET /api/ -> https://flask.palletsprojects.com/,2.000000,0.000000,2500,2500,11000,11000,11000,11000,11000,11000,11000,11000,11000,84,0,4800.0,4367.3441678575255,512.5390000175685,10847.815100016305,20936.0
1778884097,245,GET,GET /api/ -> https://httpbin.org/,3.600000,0.000000,5800,5800,11000,11000,11000,11000,11000,11000,11000,11000,11000,132,0,1200.0,2161.9094333330972,35.609599988674745,11402.897699997993,332.0
1778884097,245,GET,GET /api/ -> https://locust.io/,4.200000,0.000000,1300,1300,4300,4300,4300,4300,4300,4300,4300,4300,4300,62,0,7400.0,8534.454253225234,585.1105999900028,14296.782799996436,5097.0
1778884097,245,GET,GET /api/ -> https://redis.io/,0.800000,0.000000,1700,1700,9800,9800,9800,9800,9800,9800,9800,9800,9800,67,0,9800.0,9068.74314179286,549.8022999963723,14923.79770000116,7780.0
1778884097,245,GET,GET /api/ -> https://www.python.org/,1.500000,0.000000,5000,5000,8600,8600,8600,8600,8600,8600,8600,8600,8600,107,0,5300.0,4456.998235513956,485.5981999717187,9805.812200007495,13844.0
1778884097,245,,Aggregated,23.800000,0.000000,8600,9800,11000,11000,11000,12000,12000,12000,12000,12000,12000,892,0,3900.0,4287.048981278238,16.405200003646314,14923.79770000116,6306.737668161435
1778884098,250,GET,GET /api/ -> http://example.com/,3.000000,0.000000,5000,5000,5800,5800,6700,6700,6700,6700,6700,6700,6700,185,0,4000.0,3909.8821967569606,16.405200003646314,9482.375099993078,68.0
1778884098,250,GET,GET /api/ -> https://books.toscrape.com/,4.000000,0.000000,1500,1600,1600,1800,1800,1800,1800,1800,1800,1800,1800,160,0,1900.0,3081.585973750043,39.283899997826666,7466.256699990481,8223.0
1778884098,250,GET,GET /api/ -> https://docs.docker.com/,1.000000,0.000000,9400,9400,12000,12000,12000,12000,12000,12000,12000,12000,12000,95,0,2600.0,3597.852720000695,526.8034000182524,11949.877000006381,1856.0
1778884098,250,GET,GET /api/ -> https://flask.palletsprojects.com/,1.700000,0.000000,2500,2500,11000,11000,11000,11000,11000,11000,11000,11000,11000,84,0,4800.0,4367.3441678575255,512.5390000175685,10847.815100016305,20936.0
1778884098,250,GET,GET /api/ -> https://github.com/ibnesayeed/linkextractor,0.000000,0.000000,0,0,0,0,0,0,0,0,0,0,0,1,0,13688.07140001445,13688.07140001445,13688.07140001445,13688.07140001445,12313.0
1778884098,250,GET,GET /api/ -> https://httpbin.org/,3.500000,0.000000,11000,11000,13000,13000,13000,13000,13000,13000,13000,13000,13000,133,0,1200.0,2241.6729233081055,35.609599988674745,12770.453600009205,332.0
1778884098,250,GET,GET /api/ -> https://locust.io/,0.800000,0.000000,4300,4300,4300,4300,4300,4300,4300,4300,4300,4300,4300,62,0,7400.0,8534.454253225234,585.1105999900028,14296.782799996436,5097.0
1778884098,250,GET,GET /api/ -> https://redis.io/,0.700000,0.000000,1700,1700,9800,9800,9800,9800,9800,9800,9800,9800,9800,67,0,9800.0,9068.74314179286,549.8022999963723,14923.79770000116,7780.0
1778884098,250,GET,GET /api/ -> https://www.python.org/,1.100000,0.000000,5000,5000,8600,8600,8600,8600,8600,8600,8600,8600,8600,107,0,5300.0,4456.998235513956,485.5981999717187,9805.812200007495,13844.0
1778884098,250,,Aggregated,15.800000,0.000000,9400,11000,11000,12000,13000,14000,14000,14000,14000,14000,14000,894,0,3900.0,4307.053933221713,16.405200003646314,14923.79770000116,6306.77293064877
1778884099,255,GET,GET /api/ -> http://example.com/,0.000000,0.000000,5000,5000,5800,5800,6700,6700,6700,6700,6700,6700,6700,185,0,4000.0,3909.8821967569606,16.405200003646314,9482.375099993078,68.0
1778884099,255,GET,GET /api/ -> https://books.toscrape.com/,0.000000,0.000000,1500,1600,1600,1800,1800,1800,1800,1800,1800,1800,1800,160,0,1900.0,3081.585973750043,39.283899997826666,7466.256699990481,8223.0
1778884099,255,GET,GET /api/ -> https://docs.docker.com/,0.200000,0.000000,9400,9400,12000,12000,12000,12000,12000,12000,12000,12000,12000,95,0,2600.0,3597.852720000695,526.8034000182524,11949.877000006381,1856.0
1778884099,255,GET,GET /api/ -> https://flask.palletsprojects.com/,0.400000,0.000000,2500,2500,11000,11000,11000,11000,11000,11000,11000,11000,11000,84,0,4800.0,4367.3441678575255,512.5390000175685,10847.815100016305,20936.0
1778884099,255,GET,GET /api/ -> https://github.com/ibnesayeed/linkextractor,0.000000,0.000000,15000,15000,15000,15000,15000,15000,15000,15000,15000,15000,15000,3,0,15000.0,14587.102600004679,13688.07140001445,15119.76020000293,12313.0
1778884099,255,GET,GET /api/ -> https://httpbin.org/,0.700000,0.000000,13000,13000,14000,14000,14000,14000,14000,14000,14000,14000,14000,134,0,1200.0,2328.6384902983546,35.609599988674745,13895.058900001459,332.0
1778884099,255,GET,GET /api/ -> https://locust.io/,0.100000,0.000000,4300,4300,4300,4300,4300,4300,4300,4300,4300,4300,4300,62,0,7400.0,8534.454253225234,585.1105999900028,14296.782799996436,5097.0
1778884099,255,GET,GET /api/ -> https://redis.io/,0.100000,0.000000,1700,1700,9800,9800,9800,9800,9800,9800,9800,9800,9800,67,0,9800.0,9068.74314179286,549.8022999963723,14923.79770000116,7780.0
1778884099,255,GET,GET /api/ -> https://www.python.org/,0.800000,0.000000,8600,8600,8600,8600,8600,8600,8600,8600,8600,8600,8600,107,0,5300.0,4456.998235513956,485.5981999717187,9805.812200007495,13844.0
1778884099,255,,Aggregated,2.300000,0.000000,11000,13000,14000,14000,15000,15000,15000,15000,15000,15000,15000,897,0,3900.0,4341.666122185299,16.405200003646314,15119.76020000293,6313.503901895207
1778884100,260,GET,GET /api/ -> http://example.com/,0.000000,0.000000,5000,5000,5800,5800,6700,6700,6700,6700,6700,6700,6700,185,0,4000.0,3909.8821967569606,16.405200003646314,9482.375099993078,68.0
1778884100,260,GET,GET /api/ -> https://books.toscrape.com/,0.000000,0.000000,1500,1600,1600,1800,1800,1800,1800,1800,1800,1800,1800,160,0,1900.0,3081.585973750043,39.283899997826666,7466.256699990481,8223.0
1778884100,260,GET,GET /api/ -> https://docs.docker.com/,0.200000,0.000000,12000,12000,12000,12000,12000,12000,12000,12000,12000,12000,12000,95,0,2600.0,3597.852720000695,526.8034000182524,11949.877000006381,1856.0
1778884100,260,GET,GET /api/ -> https://flask.palletsprojects.com/,0.100000,0.000000,2500,2500,11000,11000,11000,11000,11000,11000,11000,11000,11000,84,0,4800.0,4367.3441678575255,512.5390000175685,10847.815100016305,20936.0
1778884100,260,GET,GET /api/ -> https://github.com/ibnesayeed/linkextractor,0.100000,0.000000,15000,15000,16000,16000,17000,17000,17000,17000,17000,17000,17000,7,0,15000.0,15301.96000000329,13688.07140001445,16701.04060001904,12313.0
1778884100,260,GET,GET /api/ -> https://httpbin.org/,0.400000,0.000000,13000,14000,14000,15000,15000,15000,15000,15000,15000,15000,15000,135,0,1200.0,2419.879272592435,35.609599988674745,14646.14409999922,332.0
1778884100,260,GET,GET /api/ -> https://locust.io/,0.100000,0.000000,4300,4300,4300,4300,4300,4300,4300,4300,4300,4300,4300,62,0,7400.0,8534.454253225234,585.1105999900028,14296.782799996436,5097.0
1778884100,260,GET,GET /api/ -> https://redis.io/,0.100000,0.000000,1700,1700,9800,9800,9800,9800,9800,9800,9800,9800,9800,67,0,9800.0,9068.74314179286,549.8022999963723,14923.79770000116,7780.0
1778884100,260,GET,GET /api/ -> https://www.python.org/,0.300000,0.000000,8600,8600,8600,8600,8600,8600,8600,8600,8600,8600,8600,107,0,5300.0,4456.998235513956,485.5981999717187,9805.812200007495,13844.0
1778884100,260,,Aggregated,1.300000,0.000000,14000,15000,15000,15000,16000,17000,17000,17000,17000,17000,17000,902,0,4000.0,4404.072137361664,16.405200003646314,16701.04060001904,6333.477827050998
1778884101,265,GET,GET /api/ -> http://example.com/,0.000000,0.000000,5000,5000,5800,5800,6700,6700,6700,6700,6700,6700,6700,185,0,4000.0,3909.8821967569606,16.405200003646314,9482.375099993078,68.0
1778884101,265,GET,GET /api/ -> https://books.toscrape.com/,0.000000,0.000000,1500,1600,1600,1800,1800,1800,1800,1800,1800,1800,1800,160,0,1900.0,3081.585973750043,39.283899997826666,7466.256699990481,8223.0
1778884101,265,GET,GET /api/ -> https://docs.docker.com/,0.200000,0.000000,12000,12000,12000,12000,12000,12000,12000,12000,12000,12000,12000,95,0,2600.0,3597.852720000695,526.8034000182524,11949.877000006381,1856.0
1778884101,265,GET,GET /api/ -> https://flask.palletsprojects.com/,0.100000,0.000000,11000,11000,11000,11000,11000,11000,11000,11000,11000,11000,11000,84,0,4800.0,4367.3441678575255,512.5390000175685,10847.815100016305,20936.0
1778884101,265,GET,GET /api/ -> https://github.com/ibnesayeed/linkextractor,0.100000,0.000000,15000,15000,16000,16000,17000,17000,17000,17000,17000,17000,17000,7,0,15000.0,15301.96000000329,13688.07140001445,16701.04060001904,12313.0
1778884101,265,GET,GET /api/ -> https://httpbin.org/,0.400000,0.000000,13000,14000,14000,15000,15000,15000,15000,15000,15000,15000,15000,135,0,1200.0,2419.879272592435,35.609599988674745,14646.14409999922,332.0
1778884101,265,GET,GET /api/ -> https://locust.io/,0.100000,0.000000,4300,4300,4300,4300,4300,4300,4300,4300,4300,4300,4300,62,0,7400.0,8534.454253225234,585.1105999900028,14296.782799996436,5097.0
1778884101,265,GET,GET /api/ -> https://redis.io/,0.100000,0.000000,9800,9800,9800,9800,9800,9800,9800,9800,9800,9800,9800,67,0,9800.0,9068.74314179286,549.8022999963723,14923.79770000116,7780.0
1778884101,265,GET,GET /api/ -> https://www.python.org/,0.300000,0.000000,8600,8600,8600,8600,8600,8600,8600,8600,8600,8600,8600,107,0,5300.0,4456.998235513956,485.5981999717187,9805.812200007495,13844.0
1778884101,265,,Aggregated,1.300000,0.000000,14000,15000,15000,15000,16000,17000,17000,17000,17000,17000,17000,902,0,4000.0,4404.072137361664,16.405200003646314,16701.04060001904,6333.477827050998
1778884102,270,GET,GET /api/ -> http://example.com/,0.000000,0.000000,5000,5000,5800,5800,6700,6700,6700,6700,6700,6700,6700,185,0,4000.0,3909.8821967569606,16.405200003646314,9482.375099993078,68.0
1778884102,270,GET,GET /api/ -> https://books.toscrape.com/,0.000000,0.000000,1500,1600,1600,1800,1800,1800,1800,1800,1800,1800,1800,160,0,1900.0,3081.585973750043,39.283899997826666,7466.256699990481,8223.0
1778884102,270,GET,GET /api/ -> https://docs.docker.com/,0.200000,0.000000,12000,12000,12000,12000,12000,12000,12000,12000,12000,12000,12000,95,0,2600.0,3597.852720000695,526.8034000182524,11949.877000006381,1856.0
1778884102,270,GET,GET /api/ -> https://flask.palletsprojects.com/,0.100000,0.000000,11000,11000,11000,11000,11000,11000,11000,11000,11000,11000,11000,84,0,4800.0,4367.3441678575255,512.5390000175685,10847.815100016305,20936.0
1778884102,270,GET,GET /api/ -> https://github.com/ibnesayeed/linkextractor,0.200000,0.000000,15000,15000,16000,16000,17000,17000,17000,17000,17000,17000,17000,7,0,15000.0,15301.96000000329,13688.07140001445,16701.04060001904,12313.0
1778884102,270,GET,GET /api/ -> https://httpbin.org/,0.400000,0.000000,13000,14000,14000,15000,15000,15000,15000,15000,15000,15000,15000,135,0,1200.0,2419.879272592435,35.609599988674745,14646.14409999922,332.0
1778884102,270,GET,GET /api/ -> https://locust.io/,0.100000,0.000000,4300,4300,4300,4300,4300,4300,4300,4300,4300,4300,4300,62,0,7400.0,8534.454253225234,585.1105999900028,14296.782799996436,5097.0
1778884102,270,GET,GET /api/ -> https://redis.io/,0.100000,0.000000,9800,9800,9800,9800,9800,9800,9800,9800,9800,9800,9800,67,0,9800.0,9068.74314179286,549.8022999963723,14923.79770000116,7780.0
1778884102,270,GET,GET /api/ -> https://www.python.org/,0.200000,0.000000,8600,8600,15000,15000,15000,15000,15000,15000,15000,15000,15000,108,0,5300.0,4554.915574999877,485.5981999717187,15032.070899993414,13844.0
1778884102,270,,Aggregated,1.300000,0.000000,14000,15000,15000,15000,16000,17000,17000,17000,17000,17000,17000,903,0,4000.0,4415.841792691267,16.405200003646314,16701.04060001904,6341.795127353267
1778884103,275,GET,GET /api/ -> http://example.com/,0.000000,0.000000,0,0,0,0,0,0,0,0,0,0,0,185,0,4000.0,3909.8821967569606,16.405200003646314,9482.375099993078,68.0
1778884103,275,GET,GET /api/ -> https://books.toscrape.com/,0.000000,0.000000,1500,1600,1600,1800,1800,1800,1800,1800,1800,1800,1800,160,0,1900.0,3081.585973750043,39.283899997826666,7466.256699990481,8223.0
1778884103,275,GET,GET /api/ -> https://docs.docker.com/,0.200000,0.000000,12000,12000,12000,12000,12000,12000,12000,12000,12000,12000,12000,95,0,2600.0,3597.852720000695,526.8034000182524,11949.877000006381,1856.0
1778884103,275,GET,GET /api/ -> https://flask.palletsprojects.com/,0.100000,0.000000,11000,11000,11000,11000,11000,11000,11000,11000,11000,11000,11000,84,0,4800.0,4367.3441678575255,512.5390000175685,10847.815100016305,20936.0
1778884103,275,GET,GET /api/ -> https://github.com/ibnesayeed/linkextractor,0.700000,0.000000,16000,17000,19000,19000,21000,21000,21000,21000,21000,21000,21000,10,0,15000.0,16539.704459998757,13688.07140001445,21195.730999985244,12313.0
1778884103,275,GET,GET /api/ -> https://httpbin.org/,0.400000,0.000000,14000,14000,15000,15000,15000,15000,15000,15000,15000,15000,15000,135,0,1200.0,2419.879272592435,35.609599988674745,14646.14409999922,332.0
1778884103,275,GET,GET /api/ -> https://locust.io/,0.000000,0.000000,4300,4300,4300,4300,4300,4300,4300,4300,4300,4300,4300,62,0,7400.0,8534.454253225234,585.1105999900028,14296.782799996436,5097.0
1778884103,275,GET,GET /api/ -> https://redis.io/,0.100000,0.000000,9800,9800,9800,9800,9800,9800,9800,9800,9800,9800,9800,67,0,9800.0,9068.74314179286,549.8022999963723,14923.79770000116,7780.0
1778884103,275,GET,GET /api/ -> https://www.python.org/,0.200000,0.000000,15000,15000,15000,15000,15000,15000,15000,15000,15000,15000,15000,108,0,5300.0,4554.915574999877,485.5981999717187,15032.070899993414,13844.0
1778884103,275,,Aggregated,1.700000,0.000000,15000,15000,16000,17000,19000,21000,21000,21000,21000,21000,21000,906,0,4000.0,4465.550180353398,16.405200003646314,21195.730999985244,6361.567328918322
1778884104,280,GET,GET /api/ -> http://example.com/,0.000000,0.000000,0,0,0,0,0,0,0,0,0,0,0,185,0,4000.0,3909.8821967569606,16.405200003646314,9482.375099993078,68.0
1778884104,280,GET,GET /api/ -> https://books.toscrape.com/,0.000000,0.000000,0,0,0,0,0,0,0,0,0,0,0,160,0,1900.0,3081.585973750043,39.283899997826666,7466.256699990481,8223.0
1778884104,280,GET,GET /api/ -> https://docs.docker.com/,0.200000,0.000000,12000,12000,12000,12000,12000,12000,12000,12000,12000,12000,12000,95,0,2600.0,3597.852720000695,526.8034000182524,11949.877000006381,1856.0
1778884104,280,GET,GET /api/ -> https://flask.palletsprojects.com/,0.100000,0.000000,11000,11000,11000,11000,11000,11000,11000,11000,11000,11000,11000,84,0,4800.0,4367.3441678575255,512.5390000175685,10847.815100016305,20936.0
1778884104,280,GET,GET /api/ -> https://github.com/ibnesayeed/linkextractor,0.700000,0.000000,17000,19000,20000,20000,20000,21000,21000,21000,21000,21000,21000,12,0,16000.0,17112.83382500066,13688.07140001445,21195.730999985244,12313.0
1778884104,280,GET,GET /api/ -> https://httpbin.org/,0.400000,0.000000,14000,14000,15000,15000,15000,15000,15000,15000,15000,15000,15000,135,0,1200.0,2419.879272592435,35.609599988674745,14646.14409999922,332.0
1778884104,280,GET,GET /api/ -> https://locust.io/,0.000000,0.000000,19000,19000,19000,19000,19000,19000,19000,19000,19000,19000,19000,63,0,7400.0,8699.071788888274,585.1105999900028,18905.35899999668,5097.0
1778884104,280,GET,GET /api/ -> https://redis.io/,0.100000,0.000000,9800,9800,9800,9800,9800,9800,9800,9800,9800,9800,9800,67,0,9800.0,9068.74314179286,549.8022999963723,14923.79770000116,7780.0
1778884104,280,GET,GET /api/ -> https://www.python.org/,0.200000,0.000000,15000,15000,15000,15000,15000,15000,15000,15000,15000,15000,15000,108,0,5300.0,4554.915574999877,485.5981999717187,15032.070899993414,13844.0
1778884104,280,,Aggregated,1.700000,0.000000,15000,16000,19000,19000,20000,20000,21000,21000,21000,21000,21000,909,0,4100.0,4515.567418812096,16.405200003646314,21195.730999985244,6373.270627062706
1778884105,285,GET,GET /api/ -> http://example.com/,0.000000,0.000000,0,0,0,0,0,0,0,0,0,0,0,185,0,4000.0,3909.8821967569606,16.405200003646314,9482.375099993078,68.0
1778884105,285,GET,GET /api/ -> https://books.toscrape.com/,0.000000,0.000000,0,0,0,0,0,0,0,0,0,0,0,160,0,1900.0,3081.585973750043,39.283899997826666,7466.256699990481,8223.0
1778884105,285,GET,GET /api/ -> https://docs.docker.com/,0.200000,0.000000,12000,12000,12000,12000,12000,12000,12000,12000,12000,12000,12000,95,0,2600.0,3597.852720000695,526.8034000182524,11949.877000006381,1856.0
1778884105,285,GET,GET /api/ -> https://flask.palletsprojects.com/,0.100000,0.000000,11000,11000,11000,11000,11000,11000,11000,11000,11000,11000,11000,84,0,4800.0,4367.3441678575255,512.5390000175685,10847.815100016305,20936.0
1778884105,285,GET,GET /api/ -> https://github.com/ibnesayeed/linkextractor,0.900000,0.000000,19000,20000,20000,21000,21000,22000,22000,22000,22000,22000,22000,14,0,17000.0,17790.92809285794,13688.07140001445,22222.73030001088,12313.0
1778884105,285,GET,GET /api/ -> https://httpbin.org/,0.400000,0.000000,14000,15000,15000,20000,20000,20000,20000,20000,20000,20000,20000,136,0,1200.0,2548.9506257350404,35.609599988674745,19973.583299986785,332.0
1778884105,285,GET,GET /api/ -> https://locust.io/,0.000000,0.000000,19000,19000,19000,19000,19000,19000,19000,19000,19000,19000,19000,63,0,7400.0,8699.071788888274,585.1105999900028,18905.35899999668,5097.0
1778884105,285,GET,GET /api/ -> https://redis.io/,0.100000,0.000000,9800,9800,9800,9800,9800,9800,9800,9800,9800,9800,9800,67,0,9800.0,9068.74314179286,549.8022999963723,14923.79770000116,7780.0
1778884105,285,GET,GET /api/ -> https://www.python.org/,0.200000,0.000000,15000,15000,15000,15000,15000,15000,15000,15000,15000,15000,15000,108,0,5300.0,4554.915574999877,485.5981999717187,15032.070899993414,13844.0
1778884105,285,,Aggregated,1.900000,0.000000,15000,19000,20000,20000,21000,21000,22000,22000,22000,22000,22000,912,0,4100.0,4570.551923684415,16.405200003646314,22222.73030001088,6379.672149122807
1778884106,290,GET,GET /api/ -> http://example.com/,0.000000,0.000000,0,0,0,0,0,0,0,0,0,0,0,185,0,4000.0,3909.8821967569606,16.405200003646314,9482.375099993078,68.0
1778884106,290,GET,GET /api/ -> https://books.toscrape.com/,0.000000,0.000000,0,0,0,0,0,0,0,0,0,0,0,160,0,1900.0,3081.585973750043,39.283899997826666,7466.256699990481,8223.0
1778884106,290,GET,GET /api/ -> https://docs.docker.com/,0.200000,0.000000,12000,12000,12000,12000,12000,12000,12000,12000,12000,12000,12000,95,0,2600.0,3597.852720000695,526.8034000182524,11949.877000006381,1856.0
1778884106,290,GET,GET /api/ -> https://flask.palletsprojects.com/,0.100000,0.000000,21000,21000,21000,21000,21000,21000,21000,21000,21000,21000,21000,85,0,4900.0,4563.50770117715,512.5390000175685,21041.24450002564,20936.0
1778884106,290,GET,GET /api/ -> https://github.com/ibnesayeed/linkextractor,1.000000,0.000000,20000,21000,22000,22000,22000,23000,23000,23000,23000,23000,23000,20,0,20000.0,19032.99662000063,13688.07140001445,23156.905899988487,12313.0
1778884106,290,GET,GET /api/ -> https://httpbin.org/,0.400000,0.000000,15000,15000,20000,20000,20000,20000,20000,20000,20000,20000,20000,136,0,1200.0,2548.9506257350404,35.609599988674745,19973.583299986785,332.0
1778884106,290,GET,GET /api/ -> https://locust.io/,0.100000,0.000000,19000,19000,19000,19000,19000,19000,19000,19000,19000,19000,19000,63,0,7400.0,8699.071788888274,585.1105999900028,18905.35899999668,5097.0
1778884106,290,GET,GET /api/ -> https://redis.io/,0.100000,0.000000,9800,9800,9800,9800,9800,9800,9800,9800,9800,9800,9800,67,0,9800.0,9068.74314179286,549.8022999963723,14923.79770000116,7780.0
1778884106,290,GET,GET /api/ -> https://www.python.org/,0.200000,0.000000,15000,15000,15000,15000,15000,15000,15000,15000,15000,15000,15000,108,0,5300.0,4554.915574999877,485.5981999717187,15032.070899993414,13844.0
1778884106,290,,Aggregated,2.100000,0.000000,19000,21000,21000,22000,22000,22000,23000,23000,23000,23000,23000,919,0,4100.0,4701.8188661591,16.405200003646314,23156.905899988487,6434.249183895538
1778884107,295,GET,GET /api/ -> http://example.com/,0.000000,0.000000,0,0,0,0,0,0,0,0,0,0,0,185,0,4000.0,3909.8821967569606,16.405200003646314,9482.375099993078,68.0
1778884107,295,GET,GET /api/ -> https://books.toscrape.com/,0.000000,0.000000,0,0,0,0,0,0,0,0,0,0,0,160,0,1900.0,3081.585973750043,39.283899997826666,7466.256699990481,8223.0
1778884107,295,GET,GET /api/ -> https://docs.docker.com/,0.200000,0.000000,12000,12000,12000,12000,12000,12000,12000,12000,12000,12000,12000,95,0,2600.0,3597.852720000695,526.8034000182524,11949.877000006381,1856.0
1778884107,295,GET,GET /api/ -> https://flask.palletsprojects.com/,0.100000,0.000000,21000,21000,21000,21000,21000,21000,21000,21000,21000,21000,21000,85,0,4900.0,4563.50770117715,512.5390000175685,21041.24450002564,20936.0
1778884107,295,GET,GET /api/ -> https://github.com/ibnesayeed/linkextractor,1.200000,0.000000,22000,23000,23000,23000,24000,24000,24000,24000,24000,24000,24000,30,0,22000.0,20462.00968333481,13688.07140001445,24390.782799979206,12313.0
1778884107,295,GET,GET /api/ -> https://httpbin.org/,0.500000,0.000000,20000,20000,22000,22000,22000,22000,22000,22000,22000,22000,22000,137,0,1200.0,2694.0221489047253,35.609599988674745,22423.749299981864,332.0
1778884107,295,GET,GET /api/ -> https://locust.io/,0.100000,0.000000,19000,19000,19000,19000,19000,19000,19000,19000,19000,19000,19000,63,0,7400.0,8699.071788888274,585.1105999900028,18905.35899999668,5097.0
1778884107,295,GET,GET /api/ -> https://redis.io/,0.100000,0.000000,9800,9800,9800,9800,9800,9800,9800,9800,9800,9800,9800,67,0,9800.0,9068.74314179286,549.8022999963723,14923.79770000116,7780.0
1778884107,295,GET,GET /api/ -> https://www.python.org/,0.200000,0.000000,15000,15000,22000,22000,22000,22000,22000,22000,22000,22000,22000,109,0,5300.0,4717.313053210825,485.5981999717187,22256.240699993214,13844.0
1778884107,295,,Aggregated,2.400000,0.000000,21000,22000,23000,23000,23000,24000,24000,24000,24000,24000,24000,931,0,4200.0,4939.6905328681205,16.405200003646314,24390.782799979206,6498.798066595059
1778884110,300,GET,GET /api/ -> http://example.com/,0.000000,0.000000,0,0,0,0,0,0,0,0,0,0,0,190,0,4100.0,4456.352220000362,16.405200003646314,24725.798600004055,68.0
1778884110,300,GET,GET /api/ -> https://books.toscrape.com/,0.000000,0.000000,0,0,0,0,0,0,0,0,0,0,0,185,0,2700.0,6003.32257459475,39.283899997826666,24816.83980001253,8223.0
1778884110,300,GET,GET /api/ -> https://docs.docker.com/,0.100000,0.000000,23000,23000,23000,23000,24000,24000,24000,24000,24000,24000,24000,100,0,3300.0,4571.7087700008415,526.8034000182524,24265.85610001348,1856.0
1778884110,300,GET,GET /api/ -> https://flask.palletsprojects.com/,0.100000,0.000000,25000,25000,25000,25000,25000,25000,25000,25000,25000,25000,25000,93,0,5900.0,6265.728849463255,512.5390000175685,24747.947399999248,20936.0
1778884110,300,GET,GET /api/ -> https://github.com/ibnesayeed/linkextractor,3.300000,0.000000,24000,24000,25000,25000,25000,25000,26000,26000,26000,26000,26000,60,0,23000.0,22442.08105999957,13688.07140001445,26307.59529999341,12313.0
1778884110,300,GET,GET /api/ -> https://httpbin.org/,0.500000,0.000000,24000,25000,25000,25000,25000,25000,25000,25000,25000,25000,25000,159,0,1300.0,5696.318218867813,35.609599988674745,24736.423599999398,332.0
1778884110,300,GET,GET /api/ -> https://locust.io/,0.100000,0.000000,25000,25000,25000,25000,25000,25000,25000,25000,25000,25000,25000,66,0,7600.0,9413.683981817238,585.1105999900028,24618.32979999599,5097.0
1778884110,300,GET,GET /api/ -> https://redis.io/,0.000000,0.000000,24000,24000,25000,25000,25000,25000,25000,25000,25000,25000,25000,81,0,11000.0,11600.943770372442,549.8022999963723,24737.871599994833,7780.0
1778884110,300,GET,GET /api/ -> https://www.python.org/,0.200000,0.000000,24000,24000,24000,25000,25000,25000,25000,25000,25000,25000,25000,126,0,5500.0,7285.415973015858,485.5981999717187,24685.272300004726,13844.0
1778884110,300,,Aggregated,4.300000,0.000000,24000,25000,25000,25000,25000,25000,25000,26000,26000,26000,26000,1060,0,5400.0,7290.930867264453,16.405200003646314,26307.59529999341,6763.506603773585
1778884112,310,GET,GET /api/ -> http://example.com/,0.000000,0.000000,15000,18000,20000,21000,23000,24000,25000,25000,25000,25000,25000,300,0,6000.0,8007.790772667018,16.405200003646314,24725.798600004055,68.0
1778884112,310,GET,GET /api/ -> https://books.toscrape.com/,0.000000,0.000000,25000,25000,25000,25000,25000,25000,25000,25000,25000,25000,25000,185,0,2700.0,6003.32257459475,39.283899997826666,24816.83980001253,8223.0
1778884112,310,GET,GET /api/ -> https://docs.docker.com/,0.300000,0.000000,23000,23000,23000,24000,24000,24000,24000,24000,24000,24000,24000,110,0,3900.0,5716.498727273376,526.8034000182524,24265.85610001348,1856.0
1778884112,310,GET,GET /api/ -> https://flask.palletsprojects.com/,0.800000,0.000000,24000,25000,25000,25000,25000,25000,25000,25000,25000,25000,25000,96,0,5900.0,6429.501147917411,512.5390000175685,24747.947399999248,20936.0
1778884112,310,GET,GET /api/ -> https://github.com/ibnesayeed/linkextractor,5.400000,0.000000,24000,24000,25000,25000,25000,25000,26000,26000,26000,26000,26000,63,0,23000.0,22206.44637936401,8137.627199990675,26307.59529999341,12313.0
1778884112,310,GET,GET /api/ -> https://httpbin.org/,1.200000,0.000000,24000,25000,25000,25000,25000,25000,25000,25000,25000,25000,25000,160,0,1300.0,5812.525221249962,35.609599988674745,24736.423599999398,332.0
1778884112,310,GET,GET /api/ -> https://locust.io/,0.400000,0.000000,24000,24000,25000,25000,25000,25000,25000,25000,25000,25000,25000,68,0,7600.0,9417.480598528688,585.1105999900028,24618.32979999599,5097.0
1778884112,310,GET,GET /api/ -> https://redis.io/,1.100000,0.000000,24000,24000,25000,25000,25000,25000,25000,25000,25000,25000,25000,85,0,11000.0,11874.306436472996,549.8022999963723,24737.871599994833,7780.0
1778884112,310,GET,GET /api/ -> https://training.play-with-docker.com/,0.000000,0.000000,0,0,0,0,0,0,0,0,0,0,0,39,0,5800.0,6997.865300001696,4035.1157000113744,14491.566600016085,1503.0
1778884112,310,GET,GET /api/ -> https://www.python.org/,0.900000,0.000000,23000,24000,24000,24000,25000,25000,25000,25000,25000,25000,25000,138,0,5600.0,8001.493909420274,485.5981999717187,24685.272300004726,13844.0
1778884112,310,,Aggregated,10.100000,0.000000,22000,24000,24000,25000,25000,25000,25000,25000,26000,26000,26000,1244,0,6000.0,8130.8976443733245,16.405200003646314,26307.59529999341,6078.372186495177
1778884114,315,GET,GET /api/ -> http://example.com/,9.400000,0.000000,15000,18000,20000,21000,23000,24000,25000,25000,25000,25000,25000,300,0,6000.0,8007.790772667018,16.405200003646314,24725.798600004055,68.0
1778884114,315,GET,GET /api/ -> https://books.toscrape.com/,2.500000,0.000000,25000,25000,25000,25000,25000,25000,25000,25000,25000,25000,25000,194,0,2200.0,5754.285152577441,39.283899997826666,24816.83980001253,8223.0
1778884114,315,GET,GET /api/ -> https://docs.docker.com/,1.300000,0.000000,20000,23000,23000,23000,24000,24000,24000,24000,24000,24000,24000,117,0,3800.0,5467.130841881099,304.70200002309866,24265.85610001348,1856.0
1778884114,315,GET,GET /api/ -> https://flask.palletsprojects.com/,1.100000,0.000000,24000,25000,25000,25000,25000,25000,25000,25000,25000,25000,25000,98,0,5900.0,6308.939994898463,335.1478999829851,24747.947399999248,20936.0
1778884114,315,GET,GET /api/ -> https://github.com/ibnesayeed/linkextractor,5.600000,0.000000,23000,24000,25000,25000,25000,25000,26000,26000,26000,26000,26000,69,0,23000.0,20392.46282463706,416.936399997212,26307.59529999341,12313.0
1778884114,315,GET,GET /api/ -> https://httpbin.org/,2.500000,0.000000,24000,25000,25000,25000,25000,25000,25000,25000,25000,25000,25000,170,0,1400.0,5569.088790588156,35.609599988674745,24736.423599999398,332.0
1778884114,315,GET,GET /api/ -> https://locust.io/,0.500000,0.000000,4700,15000,24000,24000,25000,25000,25000,25000,25000,25000,25000,74,0,7400.0,8898.592674323654,585.1105999900028,24618.32979999599,5097.0
1778884114,315,GET,GET /api/ -> https://redis.io/,1.700000,0.000000,24000,24000,24000,25000,25000,25000,25000,25000,25000,25000,25000,90,0,11000.0,11370.089031113053,549.8022999963723,24737.871599994833,7780.0
1778884114,315,GET,GET /api/ -> https://training.play-with-docker.com/,0.000000,0.000000,4900,5800,6700,8200,12000,13000,14000,14000,14000,14000,14000,53,0,4900.0,6014.988579246422,1364.343099994585,14491.566600016085,1503.0
1778884114,315,GET,GET /api/ -> https://www.python.org/,2.700000,0.000000,22000,24000,24000,24000,24000,25000,25000,25000,25000,25000,25000,149,0,5500.0,7563.655003355644,485.5981999717187,24685.272300004726,13844.0
1778884114,315,,Aggregated,27.300000,0.000000,17000,23000,24000,24000,25000,25000,25000,25000,26000,26000,26000,1314,0,5800.0,7806.70233607335,16.405200003646314,26307.59529999341,6096.173515981735
1778884115,320,GET,GET /api/ -> http://example.com/,11.500000,0.000000,14000,17000,19000,21000,23000,24000,25000,25000,25000,25000,25000,306,0,5900.0,7867.739376143969,16.405200003646314,24725.798600004055,68.0
1778884115,320,GET,GET /api/ -> https://books.toscrape.com/,3.400000,0.000000,25000,25000,25000,25000,25000,25000,25000,25000,25000,25000,25000,194,0,2200.0,5754.285152577441,39.283899997826666,24816.83980001253,8223.0
1778884115,320,GET,GET /api/ -> https://docs.docker.com/,1.800000,0.000000,5000,22000,23000,23000,24000,24000,24000,24000,24000,24000,24000,123,0,3400.0,5274.263300813689,304.70200002309866,24265.85610001348,1856.0
1778884115,320,GET,GET /api/ -> https://flask.palletsprojects.com/,1.400000,0.000000,4300,23000,24000,25000,25000,25000,25000,25000,25000,25000,25000,107,0,4800.0,5891.417659814502,335.1478999829851,24747.947399999248,20936.0
1778884115,320,GET,GET /api/ -> https://github.com/ibnesayeed/linkextractor,5.700000,0.000000,24000,24000,25000,25000,25000,25000,26000,26000,26000,26000,26000,72,0,23000.0,19586.469897221832,416.936399997212,26307.59529999341,12313.0
1778884115,320,GET,GET /api/ -> https://httpbin.org/,2.900000,0.000000,24000,25000,25000,25000,25000,25000,25000,25000,25000,25000,25000,170,0,1400.0,5569.088790588156,35.609599988674745,24736.423599999398,332.0
1778884115,320,GET,GET /api/ -> https://locust.io/,1.100000,0.000000,3500,4700,19000,19000,25000,25000,25000,25000,25000,25000,25000,78,0,7200.0,8512.393314102203,585.1105999900028,24618.32979999599,5097.0
1778884115,320,GET,GET /api/ -> https://redis.io/,2.100000,0.000000,22000,24000,24000,25000,25000,25000,25000,25000,25000,25000,25000,92,0,11000.0,11145.380170653958,549.8022999963723,24737.871599994833,7780.0
1778884115,320,GET,GET /api/ -> https://training.play-with-docker.com/,5.100000,0.000000,4700,5300,6400,8100,12000,13000,14000,14000,14000,14000,14000,59,0,4700.0,5600.4981000007965,979.8494999995455,14491.566600016085,1503.0
1778884115,320,GET,GET /api/ -> https://www.python.org/,3.700000,0.000000,15000,23000,24000,24000,24000,25000,25000,25000,25000,25000,25000,155,0,5400.0,7313.151478064772,485.5981999717187,24685.272300004726,13844.0
1778884115,320,,Aggregated,38.700000,0.000000,15000,23000,24000,24000,25000,25000,25000,25000,26000,26000,26000,1356,0,5400.0,7605.646085914814,16.405200003646314,26307.59529999341,6176.4815634218285
1778884117,325,GET,GET /api/ -> http://example.com/,11.500000,0.000000,14000,17000,19000,20000,23000,24000,25000,25000,25000,25000,25000,312,0,5900.0,7736.997233974531,16.405200003646314,24725.798600004055,68.0
1778884117,325,GET,GET /api/ -> https://books.toscrape.com/,3.400000,0.000000,25000,25000,25000,25000,25000,25000,25000,25000,25000,25000,25000,203,0,2000.0,5550.999163053993,39.283899997826666,24816.83980001253,8223.0
1778884117,325,GET,GET /api/ -> https://docs.docker.com/,2.800000,0.000000,3600,16000,23000,23000,23000,24000,24000,24000,24000,24000,24000,128,0,2600.0,5109.993774219447,304.70200002309866,24265.85610001348,1856.0
1778884117,325,GET,GET /api/ -> https://flask.palletsprojects.com/,2.000000,0.000000,1400,4300,23000,24000,25000,25000,25000,25000,25000,25000,25000,115,0,4500.0,5547.997601740771,335.1478999829851,24747.947399999248,20936.0
1778884117,325,GET,GET /api/ -> https://github.com/ibnesayeed/linkextractor,5.700000,0.000000,24000,25000,25000,25000,25000,25000,26000,26000,26000,26000,26000,74,0,23000.0,19085.739432432143,416.936399997212,26307.59529999341,12313.0
1778884117,325,GET,GET /api/ -> https://httpbin.org/,3.400000,0.000000,24000,24000,25000,25000,25000,25000,25000,25000,25000,25000,25000,173,0,1400.0,5486.039316762814,35.609599988674745,24736.423599999398,332.0
1778884117,325,GET,GET /api/ -> https://locust.io/,1.300000,0.000000,2500,3500,4700,7700,24000,25000,25000,25000,25000,25000,25000,85,0,7100.0,7986.560261176954,585.1105999900028,24618.32979999599,5097.0
1778884117,325,GET,GET /api/ -> https://redis.io/,2.300000,0.000000,6100,24000,24000,24000,25000,25000,25000,25000,25000,25000,25000,102,0,9600.0,10164.292836275898,549.8022999963723,24737.871599994833,7780.0
1778884117,325,GET,GET /api/ -> https://training.play-with-docker.com/,5.800000,0.000000,4600,5300,6300,6800,12000,13000,14000,14000,14000,14000,14000,64,0,4500.0,5239.681279688739,666.1423000041395,14491.566600016085,1503.0
1778884117,325,GET,GET /api/ -> https://www.python.org/,4.200000,0.000000,15000,23000,24000,24000,24000,25000,25000,25000,25000,25000,25000,155,0,5400.0,7313.151478064772,485.5981999717187,24685.272300004726,13844.0
1778884117,325,,Aggregated,42.400000,0.000000,9700,20000,24000,24000,25000,25000,25000,25000,26000,26000,26000,1411,0,5200.0,7355.647049397967,16.405200003646314,26307.59529999341,6217.652728561304
1778884118,330,GET,GET /api/ -> http://example.com/,12.500000,0.000000,13000,16000,19000,20000,23000,24000,25000,25000,25000,25000,25000,320,0,5800.0,7557.399652812822,16.405200003646314,24725.798600004055,68.0
1778884118,330,GET,GET /api/ -> https://books.toscrape.com/,3.400000,0.000000,25000,25000,25000,25000,25000,25000,25000,25000,25000,25000,25000,210,0,2100.0,5559.565409523618,39.283899997826666,24816.83980001253,8223.0
1778884118,330,GET,GET /api/ -> https://docs.docker.com/,2.800000,0.000000,4100,8000,20000,23000,23000,24000,24000,24000,24000,24000,24000,135,0,3300.0,5146.108720741338,304.70200002309866,24265.85610001348,1856.0
1778884118,330,GET,GET /api/ -> https://flask.palletsprojects.com/,2.500000,0.000000,1400,7800,15000,24000,25000,25000,25000,25000,25000,25000,25000,119,0,4700.0,5565.433147060587,335.1478999829851,24747.947399999248,20936.0
1778884118,330,GET,GET /api/ -> https://github.com/ibnesayeed/linkextractor,5.500000,0.000000,8100,24000,25000,25000,25000,25000,25000,25000,25000,25000,25000,80,0,23000.0,17873.92417749943,386.4268999896012,26307.59529999341,12313.0
1778884118,330,GET,GET /api/ -> https://httpbin.org/,3.400000,0.000000,8100,24000,25000,25000,25000,25000,25000,25000,25000,25000,25000,183,0,1500.0,5623.451293442306,35.609599988674745,24736.423599999398,332.0
1778884118,330,GET,GET /api/ -> https://locust.io/,1.500000,0.000000,1700,4000,8000,8000,15000,25000,25000,25000,25000,25000,25000,94,0,7100.0,7591.045744681206,336.83479999308474,24618.32979999599,5097.0
1778884118,330,GET,GET /api/ -> https://redis.io/,2.900000,0.000000,3900,16000,24000,24000,25000,25000,25000,25000,25000,25000,25000,111,0,8200.0,9716.523420722182,333.724500000244,24737.871599994833,7780.0
1778884118,330,GET,GET /api/ -> https://training.play-with-docker.com/,5.900000,0.000000,4700,5900,7800,8000,9700,13000,14000,14000,14000,14000,14000,73,0,4700.0,5366.771167124245,377.35670001711696,14491.566600016085,1503.0
1778884118,330,GET,GET /api/ -> https://www.python.org/,4.700000,0.000000,8000,22000,24000,24000,24000,25000,25000,25000,25000,25000,25000,163,0,5500.0,7342.536178527848,485.5981999717187,24685.272300004726,13844.0
1778884118,330,,Aggregated,45.100000,0.000000,8000,15000,22000,24000,25000,25000,25000,25000,25000,25000,25000,1488,0,5200.0,7246.366572312195,16.405200003646314,26307.59529999341,6213.252016129032
1778884119,335,GET,GET /api/ -> http://example.com/,12.700000,0.000000,13000,16000,19000,20000,23000,24000,25000,25000,25000,25000,25000,323,0,5800.0,7542.26201733783,16.405200003646314,24725.798600004055,68.0
1778884119,335,GET,GET /api/ -> https://books.toscrape.com/,3.900000,0.000000,8100,25000,25000,25000,25000,25000,25000,25000,25000,25000,25000,211,0,2100.0,5535.435933649117,39.283899997826666,24816.83980001253,8223.0
1778884119,335,GET,GET /api/ -> https://docs.docker.com/,3.300000,0.000000,1700,8000,8600,8600,23000,24000,24000,24000,24000,24000,24000,158,0,2300.0,4921.347910760647,304.70200002309866,24265.85610001348,1856.0
1778884119,335,GET,GET /api/ -> https://flask.palletsprojects.com/,2.600000,0.000000,1100,1400,1700,7800,8600,15000,25000,25000,25000,25000,25000,126,0,4100.0,5345.313477779171,332.2897999896668,24747.947399999248,20936.0
1778884119,335,GET,GET /api/ -> https://github.com/ibnesayeed/linkextractor,5.100000,0.000000,1100,1100,3600,7600,8100,20000,24000,24000,24000,24000,24000,84,0,22000.0,17043.378813094198,386.4268999896012,26307.59529999341,12313.0
1778884119,335,GET,GET /api/ -> https://httpbin.org/,3.400000,0.000000,8100,8200,24000,24000,25000,25000,25000,25000,25000,25000,25000,198,0,1700.0,5659.813827777551,35.609599988674745,24736.423599999398,332.0
1778884119,335,GET,GET /api/ -> https://locust.io/,1.700000,0.000000,3400,7700,8000,8300,15000,25000,25000,25000,25000,25000,25000,97,0,7200.0,7616.821268041133,336.83479999308474,24618.32979999599,5097.0
1778884119,335,GET,GET /api/ -> https://redis.io/,3.200000,0.000000,1200,3900,7800,8000,24000,24000,24000,24000,24000,24000,24000,115,0,8100.0,9395.302952175363,333.724500000244,24737.871599994833,7780.0
1778884119,335,GET,GET /api/ -> https://training.play-with-docker.com/,6.300000,0.000000,4600,5800,6800,8000,9700,13000,14000,14000,14000,14000,14000,77,0,4600.0,5112.2733480527595,377.35670001711696,14491.566600016085,1503.0
1778884119,335,GET,GET /api/ -> https://www.python.org/,4.700000,0.000000,4400,8100,13000,20000,24000,24000,25000,25000,25000,25000,25000,187,0,5300.0,6712.261752941226,229.62559998268262,24685.272300004726,13844.0
1778884119,335,,Aggregated,46.900000,0.000000,5900,8300,13000,16000,24000,25000,25000,25000,25000,25000,25000,1576,0,5200.0,7027.681813452116,16.405200003646314,26307.59529999341,6270.23921319797
1778884120,340,GET,GET /api/ -> http://example.com/,13.300000,0.000000,9900,14000,16000,17000,19000,20000,21000,21000,21000,21000,21000,330,0,5800.0,7470.063011212345,16.405200003646314,24725.798600004055,68.0
1778884120,340,GET,GET /api/ -> https://books.toscrape.com/,4.300000,0.000000,7900,25000,25000,25000,25000,25000,25000,25000,25000,25000,25000,220,0,1900.0,5334.496411363414,39.283899997826666,24816.83980001253,8223.0
1778884120,340,GET,GET /api/ -> https://docs.docker.com/,3.600000,0.000000,1100,4300,8000,8200,8600,10000,16000,20000,20000,20000,20000,160,0,2300.0,4867.432079376158,304.70200002309866,24265.85610001348,1856.0
1778884120,340,GET,GET /api/ -> https://flask.palletsprojects.com/,3.200000,0.000000,710,1100,1400,1700,8000,9100,15000,15000,15000,15000,15000,142,0,2300.0,4862.883009156294,332.2897999896668,24747.947399999248,20936.0
1778884120,340,GET,GET /api/ -> https://github.com/ibnesayeed/linkextractor,4.400000,0.000000,760,1100,1100,1400,7800,8100,20000,20000,20000,20000,20000,88,0,22000.0,16295.823540907639,386.4268999896012,26307.59529999341,12313.0
1778884120,340,GET,GET /api/ -> https://httpbin.org/,3.500000,0.000000,8000,8200,8200,24000,25000,25000,25000,25000,25000,25000,25000,202,0,1700.0,5558.953431683032,35.609599988674745,24736.423599999398,332.0
1778884120,340,GET,GET /api/ -> https://locust.io/,2.700000,0.000000,1700,3500,8000,8000,8400,9100,15000,15000,15000,15000,15000,102,0,7100.0,7356.100231372265,336.83479999308474,24618.32979999599,5097.0
1778884120,340,GET,GET /api/ -> https://redis.io/,4.100000,0.000000,1000,1100,1400,3700,7800,8000,16000,16000,16000,16000,16000,131,0,7300.0,8324.872628245583,333.724500000244,24737.871599994833,7780.0
1778884120,340,GET,GET /api/ -> https://training.play-with-docker.com/,7.100000,0.000000,4500,5800,6800,8000,9700,13000,14000,14000,14000,14000,14000,79,0,4500.0,4996.828449367622,377.35670001711696,14491.566600016085,1503.0
1778884120,340,GET,GET /api/ -> https://www.python.org/,5.100000,0.000000,2300,7700,8000,8300,12000,15000,20000,22000,22000,22000,22000,188,0,5300.0,6724.116488297946,229.62559998268262,24685.272300004726,13844.0
1778884120,340,,Aggregated,51.300000,0.000000,2300,7700,8100,8600,14000,17000,20000,21000,22000,22000,22000,1642,0,4800.0,6799.472274178105,16.405200003646314,26307.59529999341,6402.230816077954
1778884122,345,GET,GET /api/ -> http://example.com/,13.500000,0.000000,1100,5200,6100,7000,8000,8900,8900,9000,9000,9000,9000,333,0,5800.0,7407.391706306518,16.405200003646314,24725.798600004055,68.0
1778884122,345,GET,GET /api/ -> https://books.toscrape.com/,5.100000,0.000000,670,1100,1100,1200,7900,8000,8100,8100,8100,8100,8100,223,0,1900.0,5271.273438564779,39.283899997826666,24816.83980001253,8223.0
1778884122,345,GET,GET /api/ -> https://docs.docker.com/,4.200000,0.000000,1000,1700,8000,8100,8600,8600,8600,8600,8600,8600,8600,161,0,2300.0,4840.801006833435,304.70200002309866,24265.85610001348,1856.0
1778884122,345,GET,GET /api/ -> https://flask.palletsprojects.com/,3.600000,0.000000,690,1000,1200,1600,8000,8600,11000,11000,11000,11000,11000,144,0,2300.0,4873.712311806837,332.2897999896668,24747.947399999248,20936.0
1778884122,345,GET,GET /api/ -> https://github.com/ibnesayeed/linkextractor,3.700000,0.000000,640,730,1100,1100,1100,7600,7800,7800,7800,7800,7800,101,0,20000.0,14279.22772178092,386.4268999896012,26307.59529999341,12313.0
1778884122,345,GET,GET /api/ -> https://httpbin.org/,6.000000,0.000000,1400,8000,8100,8100,8200,8200,8200,8200,8200,8200,8200,208,0,1400.0,5414.5452331729475,35.609599988674745,24736.423599999398,332.0
1778884122,345,GET,GET /api/ -> https://locust.io/,3.300000,0.000000,1000,1700,3400,4700,8100,8400,9100,9100,9100,9100,9100,117,0,7000.0,6491.715088888901,336.83479999308474,24618.32979999599,5097.0
1778884122,345,GET,GET /api/ -> https://redis.io/,4.300000,0.000000,700,1100,1100,1200,7700,7900,8100,8100,8100,8100,8100,133,0,7300.0,8209.328692482348,333.724500000244,24737.871599994833,7780.0
1778884122,345,GET,GET /api/ -> https://training.play-with-docker.com/,7.500000,0.000000,4400,5300,6700,7900,9500,12000,14000,14000,14000,14000,14000,83,0,4400.0,4786.364356627062,377.35670001711696,14491.566600016085,1503.0
1778884122,345,GET,GET /api/ -> https://www.python.org/,6.600000,0.000000,690,1100,7900,8000,8300,8700,8700,8900,8900,8900,8900,197,0,5200.0,6446.080584771905,229.62559998268262,24685.272300004726,13844.0
1778884122,345,,Aggregated,57.800000,0.000000,740,1100,1700,7800,8100,8500,8700,8900,11000,11000,11000,1700,0,4300.0,6594.284621588529,16.405200003646314,26307.59529999341,6450.44
1778884123,350,GET,GET /api/ -> http://example.com/,12.700000,0.000000,700,980,1100,1100,8900,8900,9000,9000,9000,9000,9000,336,0,5200.0,7345.1947830360195,16.405200003646314,24725.798600004055,68.0
1778884123,350,GET,GET /api/ -> https://books.toscrape.com/,3.500000,0.000000,1200,12000,12000,12000,12000,12000,12000,12000,12000,12000,12000,256,0,2500.0,5975.682313671086,39.283899997826666,24816.83980001253,8223.0
1778884123,350,GET,GET /api/ -> https://docs.docker.com/,5.500000,0.000000,1000,1700,8200,8500,8600,12000,12000,12000,12000,12000,12000,173,0,2000.0,4868.683307515754,304.70200002309866,24265.85610001348,1856.0
1778884123,350,GET,GET /api/ -> https://flask.palletsprojects.com/,5.000000,0.000000,690,1100,1400,1700,9100,12000,12000,12000,12000,12000,12000,152,0,2300.0,4937.917383553691,332.2897999896668,24747.947399999248,20936.0
1778884123,350,GET,GET /api/ -> https://github.com/ibnesayeed/linkextractor,2.700000,0.000000,640,710,740,1000,1100,7600,7800,7800,7800,7800,7800,105,0,20000.0,13759.977301903667,386.4268999896012,26307.59529999341,12313.0
1778884123,350,GET,GET /api/ -> https://httpbin.org/,4.600000,0.000000,660,1400,8000,8100,8100,8200,8200,8200,8200,8200,8200,228,0,1200.0,4974.426731140212,35.609599988674745,24736.423599999398,332.0
1778884123,350,GET,GET /api/ -> https://locust.io/,3.900000,0.000000,730,1200,1700,7700,8300,8600,12000,12000,12000,12000,12000,120,0,7000.0,6435.736216666798,336.83479999308474,24618.32979999599,5097.0
1778884123,350,GET,GET /api/ -> https://redis.io/,4.800000,0.000000,700,1100,1100,1200,7700,7900,8100,8100,8100,8100,8100,137,0,7200.0,7982.818509489859,333.724500000244,24737.871599994833,7780.0
1778884123,350,GET,GET /api/ -> https://training.play-with-docker.com/,7.900000,0.000000,670,1100,1700,5000,8000,8100,12000,12000,12000,12000,12000,99,0,4000.0,4321.54804646482,377.35670001711696,14491.566600016085,1503.0
1778884123,350,GET,GET /api/ -> https://www.python.org/,6.000000,0.000000,660,1100,7900,8000,8300,8700,8700,8900,8900,8900,8900,201,0,5100.0,6325.444984079926,229.62559998268262,24685.272300004726,13844.0
1778884123,350,,Aggregated,56.600000,0.000000,700,1200,7700,8000,8700,12000,12000,12000,12000,12000,12000,1807,0,4200.0,6494.053605700253,16.405200003646314,26307.59529999341,6424.348644161594
1778884124,350,GET,GET /api/ -> http://example.com/,5.400000,0.000000,660,930,1000,1100,8900,8900,9000,9000,9000,9000,9000,340,0,5200.0,7262.962201176905,16.405200003646314,24725.798600004055,68.0
1778884124,350,GET,GET /api/ -> https://books.toscrape.com/,3.800000,0.000000,12000,12000,12000,12000,12000,12000,12000,13000,13000,13000,13000,275,0,3400.0,6237.766570181015,39.283899997826666,24816.83980001253,8223.0
1778884124,350,GET,GET /api/ -> https://docs.docker.com/,5.300000,0.000000,620,1500,8000,8200,8600,12000,12000,12000,12000,12000,12000,187,0,1700.0,4534.025209626391,266.8056999973487,24265.85610001348,1856.0
1778884124,350,GET,GET /api/ -> https://flask.palletsprojects.com/,4.900000,0.000000,520,690,1000,1100,9100,12000,12000,12000,12000,12000,12000,163,0,1700.0,4631.890114724987,295.77890000655316,24747.947399999248,20936.0
1778884124,350,GET,GET /api/ -> https://github.com/ibnesayeed/linkextractor,3.800000,0.000000,620,690,730,760,1100,7600,7800,7800,7800,7800,7800,108,0,19000.0,13387.32820277666,269.647699984489,26307.59529999341,12313.0
1778884124,350,GET,GET /api/ -> https://httpbin.org/,4.800000,0.000000,480,760,7900,8000,8100,8200,8200,8200,8200,8200,8200,246,0,1200.0,4640.611823983263,35.609599988674745,24736.423599999398,332.0
1778884124,350,GET,GET /api/ -> https://locust.io/,5.000000,0.000000,710,1100,1200,8000,8400,9100,13000,13000,13000,13000,13000,122,0,7000.0,6436.8557893445895,273.04100000765175,24618.32979999599,5097.0
1778884124,350,GET,GET /api/ -> https://redis.io/,4.900000,0.000000,680,1000,1100,1100,7700,7900,8100,8100,8100,8100,8100,139,0,7000.0,7873.582474820788,333.724500000244,24737.871599994833,7780.0
1778884124,350,GET,GET /api/ -> https://training.play-with-docker.com/,8.300000,0.000000,610,730,1100,7800,8000,8100,12000,12000,12000,12000,12000,101,0,3800.0,4245.391984158691,377.35670001711696,14491.566600016085,1503.0
1778884124,350,GET,GET /api/ -> https://www.python.org/,6.200000,0.000000,460,640,1100,7700,8000,8700,8700,8900,8900,8900,8900,225,0,3900.0,5690.022139111534,229.62559998268262,24685.272300004726,13844.0
1778884124,350,,Aggregated,52.400000,0.000000,640,1000,7700,8000,11000,12000,12000,12000,13000,13000,13000,1906,0,3800.0,6276.935810440845,16.405200003646314,26307.59529999341,6519.159496327387
1778884125,350,GET,GET /api/ -> http://example.com/,3.500000,0.000000,490,610,660,710,8900,8900,9000,9000,9000,9000,9000,348,0,5200.0,7103.390376149792,16.405200003646314,24725.798600004055,68.0
1778884125,350,GET,GET /api/ -> https://books.toscrape.com/,5.300000,0.000000,12000,12000,12000,12000,13000,14000,14000,14000,14000,14000,14000,298,0,3400.0,6532.655715435312,39.283899997826666,24816.83980001253,8223.0
1778884125,350,GET,GET /api/ -> https://docs.docker.com/,5.900000,0.000000,510,1000,8000,8200,12000,12000,14000,14000,14000,14000,14000,200,0,1400.0,4456.7990060008015,238.93950000638142,24265.85610001348,1856.0
1778884125,350,GET,GET /api/ -> https://flask.palletsprojects.com/,5.200000,0.000000,480,570,690,1000,9100,12000,12000,13000,13000,13000,13000,172,0,1600.0,4481.414156977417,277.9162999941036,24747.947399999248,20936.0
1778884125,350,GET,GET /api/ -> https://github.com/ibnesayeed/linkextractor,3.900000,0.000000,570,620,690,710,1100,7600,13000,13000,13000,13000,13000,120,0,15000.0,12186.870541665849,228.12529999646358,26307.59529999341,12313.0
1778884125,350,GET,GET /api/ -> https://httpbin.org/,5.200000,0.000000,450,560,780,8000,8100,8200,8200,8200,8200,8200,8200,259,0,910.0,4421.535860231096,35.609599988674745,24736.423599999398,332.0
1778884125,350,GET,GET /api/ -> https://locust.io/,4.600000,0.000000,620,730,1200,1200,8300,9100,12000,13000,13000,13000,13000,135,0,6900.0,5848.790116296624,265.6931999954395,24618.32979999599,5097.0
1778884125,350,GET,GET /api/ -> https://redis.io/,4.700000,0.000000,610,680,710,1100,7800,8100,13000,13000,13000,13000,13000,156,0,6500.0,7213.241563461428,264.8324999900069,24737.871599994833,7780.0
1778884125,350,GET,GET /api/ -> https://training.play-with-docker.com/,4.700000,0.000000,540,670,1000,1100,8000,8100,12000,12000,12000,12000,12000,108,0,3400.0,3988.728732407455,240.26160000357777,14491.566600016085,1503.0
1778884125,350,GET,GET /api/ -> https://www.python.org/,5.300000,0.000000,450,580,700,1100,8000,8400,8700,8900,8900,8900,8900,231,0,3700.0,5550.298059740692,229.62559998268262,24685.272300004726,13844.0
1778884125,350,,Aggregated,48.300000,0.000000,550,710,7800,8000,12000,12000,13000,14000,14000,14000,14000,2027,0,3400.0,6076.088035323144,16.405200003646314,26307.59529999341,6547.568327577701
1778884126,350,GET,GET /api/ -> http://example.com/,3.900000,0.000000,450,550,610,660,8900,8900,9000,9000,9000,9000,9000,352,0,5200.0,7025.995447727673,16.405200003646314,24725.798600004055,68.0
1778884126,350,GET,GET /api/ -> https://books.toscrape.com/,7.800000,0.000000,12000,12000,13000,13000,14000,15000,15000,15000,15000,15000,15000,312,0,3700.0,6845.255458011916,39.283899997826666,24816.83980001253,8223.0
1778884126,350,GET,GET /api/ -> https://docs.docker.com/,6.600000,0.000000,480,620,8000,8200,12000,12000,14000,14000,14000,14000,14000,211,0,1200.0,4309.686801896592,238.93950000638142,24265.85610001348,1856.0
1778884126,350,GET,GET /api/ -> https://flask.palletsprojects.com/,5.600000,0.000000,460,510,620,830,8600,12000,12000,13000,13000,13000,13000,183,0,1200.0,4236.68943989139,277.9162999941036,24747.947399999248,20936.0
1778884126,350,GET,GET /api/ -> https://github.com/ibnesayeed/linkextractor,3.900000,0.000000,510,600,640,690,730,7600,7800,13000,13000,13000,13000,127,0,8100.0,11539.825868503169,228.12529999646358,26307.59529999341,12313.0
1778884126,350,GET,GET /api/ -> https://httpbin.org/,7.100000,0.000000,450,490,670,7900,8100,8200,8200,8200,8200,8200,8200,272,0,830.0,4230.497911764092,35.609599988674745,24736.423599999398,332.0
1778884126,350,GET,GET /api/ -> https://locust.io/,4.800000,0.000000,550,660,740,1200,8100,8600,12000,13000,13000,13000,13000,143,0,6900.0,5541.467435664695,265.6931999954395,24618.32979999599,5097.0
1778884126,350,GET,GET /api/ -> https://redis.io/,4.800000,0.000000,510,660,690,700,7700,8000,13000,13000,13000,13000,13000,164,0,5500.0,6883.722573170395,264.8324999900069,24737.871599994833,7780.0
1778884126,350,GET,GET /api/ -> https://training.play-with-docker.com/,4.900000,0.000000,480,560,640,730,8000,8100,11000,12000,12000,12000,12000,117,0,3300.0,3711.492711965703,240.26160000357777,14491.566600016085,1503.0
1778884126,350,GET,GET /api/ -> https://www.python.org/,6.400000,0.000000,440,500,580,680,8000,8400,8700,8900,8900,8900,8900,245,0,2900.0,5257.482416734898,229.62559998268262,24685.272300004726,13844.0
1778884126,350,,Aggregated,55.800000,0.000000,500,670,7700,8000,12000,13000,14000,14000,15000,15000,15000,2126,0,2900.0,5904.736446472212,16.405200003646314,26307.59529999341,6603.430385700846
1778884127,350,GET,GET /api/ -> http://example.com/,4.700000,0.000000,370,480,500,550,8900,8900,9000,9000,9000,9000,9000,356,0,5100.0,6950.566817977968,16.405200003646314,24725.798600004055,68.0
1778884127,350,GET,GET /api/ -> https://books.toscrape.com/,8.800000,0.000000,12000,13000,14000,15000,15000,15000,15000,15000,15000,15000,15000,338,0,6000.0,7257.3526541415,39.283899997826666,24816.83980001253,8223.0
1778884127,350,GET,GET /api/ -> https://docs.docker.com/,7.100000,0.000000,470,580,8000,8500,12000,14000,15000,15000,15000,15000,15000,223,0,1100.0,4297.516963678133,238.93950000638142,24265.85610001348,1856.0
1778884127,350,GET,GET /api/ -> https://flask.palletsprojects.com/,6.500000,0.000000,430,490,520,580,9100,12000,13000,15000,15000,15000,15000,193,0,1000.0,4111.796854922959,277.9162999941036,24747.947399999248,20936.0
1778884127,350,GET,GET /api/ -> https://github.com/ibnesayeed/linkextractor,4.100000,0.000000,440,540,610,640,700,730,740,13000,13000,13000,13000,132,0,3600.0,11116.8750954541,228.12529999646358,26307.59529999341,12313.0
1778884127,350,GET,GET /api/ -> https://httpbin.org/,7.900000,0.000000,420,470,500,660,8100,8200,8200,8200,8200,8200,8200,291,0,770.0,3976.6864876281447,35.609599988674745,24736.423599999398,332.0
1778884127,350,GET,GET /api/ -> https://locust.io/,5.600000,0.000000,410,610,640,660,8300,9100,12000,13000,13000,13000,13000,148,0,4700.0,5365.538786486935,265.6931999954395,24618.32979999599,5097.0
1778884127,350,GET,GET /api/ -> https://redis.io/,6.000000,0.000000,420,530,660,670,700,7900,13000,13000,13000,13000,13000,172,0,4100.0,6579.425831976466,264.8324999900069,24737.871599994833,7780.0
1778884127,350,GET,GET /api/ -> https://training.play-with-docker.com/,4.400000,0.000000,440,510,560,610,700,11000,12000,15000,15000,15000,15000,122,0,2800.0,3691.8328172132683,240.26160000357777,14854.068300017389,1503.0
1778884127,350,GET,GET /api/ -> https://www.python.org/,7.700000,0.000000,400,450,500,520,700,8300,8700,8700,8900,8900,8900,261,0,2200.0,4955.628600766146,229.62559998268262,24685.272300004726,13844.0
1778884127,350,,Aggregated,62.800000,0.000000,460,600,710,8100,12000,14000,15000,15000,15000,15000,15000,2236,0,2400.0,5802.118511940992,16.405200003646314,26307.59529999341,6649.915921288014
1778884129,350,GET,GET /api/ -> http://example.com/,4.000000,0.000000,310,360,400,410,500,660,700,700,700,700,700,361,0,5100.0,6858.097208864727,16.405200003646314,24725.798600004055,68.0
1778884129,350,GET,GET /api/ -> https://books.toscrape.com/,11.900000,0.000000,12000,14000,14000,15000,15000,15000,16000,16000,17000,17000,17000,348,0,6000.0,7288.4510965513045,39.283899997826666,24816.83980001253,8223.0
1778884129,350,GET,GET /api/ -> https://docs.docker.com/,8.500000,0.000000,360,480,580,650,12000,14000,15000,15000,15000,15000,15000,238,0,830.0,4045.9265088241355,222.240300005069,24265.85610001348,1856.0
1778884129,350,GET,GET /api/ -> https://flask.palletsprojects.com/,7.200000,0.000000,390,430,460,480,11000,12000,15000,17000,17000,17000,17000,211,0,920.0,3867.584269194918,257.72199998027645,24747.947399999248,20936.0
1778884129,350,GET,GET /api/ -> https://github.com/ibnesayeed/linkextractor,5.500000,0.000000,390,510,590,620,690,720,740,13000,13000,13000,13000,146,0,1100.0,10079.726773971805,228.12529999646358,26307.59529999341,12313.0
1778884129,350,GET,GET /api/ -> https://httpbin.org/,10.400000,0.000000,360,420,450,450,490,600,660,670,680,680,680,299,0,740.0,3877.7262665546286,35.609599988674745,24736.423599999398,332.0
1778884129,350,GET,GET /api/ -> https://locust.io/,6.400000,0.000000,360,410,550,610,660,710,12000,13000,13000,13000,13000,165,0,1700.0,4844.403343030541,228.22210000595078,24618.32979999599,5097.0
1778884129,350,GET,GET /api/ -> https://redis.io/,6.600000,0.000000,370,500,560,630,700,710,13000,16000,16000,16000,16000,191,0,1400.0,6035.7374795807,251.81139999767765,24737.871599994833,7780.0
1778884129,350,GET,GET /api/ -> https://training.play-with-docker.com/,5.500000,0.000000,400,480,510,600,670,11000,12000,15000,15000,15000,15000,131,0,1400.0,3460.6420839694597,240.26160000357777,14854.068300017389,1503.0
1778884129,350,GET,GET /api/ -> https://www.python.org/,9.100000,0.000000,360,410,440,480,580,660,690,700,700,700,700,267,0,1900.0,4850.946442696614,229.62559998268262,24685.272300004726,13844.0
1778884129,350,,Aggregated,75.100000,0.000000,390,500,630,690,12000,15000,15000,15000,17000,17000,17000,2357,0,1800.0,5567.638672040707,16.405200003646314,26307.59529999341,6729.982180738227
1778884130,350,GET,GET /api/ -> http://example.com/,3.800000,0.000000,310,370,410,450,17000,17000,18000,18000,18000,18000,18000,368,0,5100.0,6963.956198641863,16.405200003646314,24725.798600004055,68.0
1778884130,350,GET,GET /api/ -> https://books.toscrape.com/,13.600000,0.000000,12000,14000,14000,15000,15000,15000,16000,16000,17000,17000,17000,355,0,5800.0,7153.451232675505,39.283899997826666,24816.83980001253,8223.0
1778884130,350,GET,GET /api/ -> https://docs.docker.com/,9.100000,0.000000,360,470,510,620,12000,14000,15000,15000,15000,15000,15000,245,0,800.0,3941.006025306795,222.240300005069,24265.85610001348,1856.0
1778884130,350,GET,GET /api/ -> https://flask.palletsprojects.com/,7.800000,0.000000,390,430,450,500,11000,12000,15000,17000,17000,17000,17000,217,0,880.0,3775.462845161993,257.72199998027645,24747.947399999248,20936.0
1778884130,350,GET,GET /api/ -> https://github.com/ibnesayeed/linkextractor,5.400000,0.000000,380,500,520,590,690,730,13000,17000,17000,17000,17000,161,0,710.0,9277.57856335331,228.12529999646358,26307.59529999341,12313.0
1778884130,350,GET,GET /api/ -> https://httpbin.org/,11.900000,0.000000,360,410,430,450,500,620,18000,18000,18000,18000,18000,306,0,700.0,3910.1735604569326,35.609599988674745,24736.423599999398,332.0
1778884130,350,GET,GET /api/ -> https://locust.io/,6.000000,0.000000,350,390,490,610,660,710,13000,18000,18000,18000,18000,174,0,1200.0,4711.209433333414,228.22210000595078,24618.32979999599,5097.0
1778884130,350,GET,GET /api/ -> https://redis.io/,6.500000,0.000000,320,370,390,400,560,670,13000,16000,16000,16000,16000,194,0,1300.0,5946.900770102673,251.81139999767765,24737.871599994833,7780.0
1778884130,350,GET,GET /api/ -> https://training.play-with-docker.com/,5.200000,0.000000,400,480,550,570,640,730,12000,15000,15000,15000,15000,148,0,700.0,3113.5756486487603,240.26160000357777,14854.068300017389,1503.0
1778884130,350,GET,GET /api/ -> https://www.python.org/,10.400000,0.000000,350,410,430,450,580,660,690,700,700,700,700,277,0,1300.0,4688.3414126352645,229.62559998268262,24685.272300004726,13844.0
1778884130,350,,Aggregated,79.700000,0.000000,380,470,590,670,13000,15000,16000,17000,18000,18000,18000,2445,0,1600.0,5443.830347075638,16.405200003646314,26307.59529999341,6740.055623721882
1778884131,350,GET,GET /api/ -> http://example.com/,4.100000,0.000000,400,16000,17000,17000,17000,17000,18000,18000,18000,18000,18000,387,0,5200.0,7325.528689664647,16.405200003646314,24725.798600004055,68.0
1778884131,350,GET,GET /api/ -> https://books.toscrape.com/,13.500000,0.000000,12000,14000,14000,15000,15000,15000,16000,16000,17000,17000,17000,359,0,5600.0,7085.846411141445,39.283899997826666,24816.83980001253,8223.0
1778884131,350,GET,GET /api/ -> https://docs.docker.com/,10.000000,0.000000,370,470,520,620,12000,14000,15000,15000,15000,15000,15000,249,0,800.0,3890.17834498051,222.240300005069,24265.85610001348,1856.0
1778884131,350,GET,GET /api/ -> https://flask.palletsprojects.com/,8.900000,0.000000,390,420,440,500,600,12000,15000,17000,17000,17000,17000,218,0,880.0,3759.821801376823,257.72199998027645,24747.947399999248,20936.0
1778884131,350,GET,GET /api/ -> https://github.com/ibnesayeed/linkextractor,6.300000,0.000000,340,390,430,460,520,720,13000,17000,17000,17000,17000,162,0,700.0,9222.568795678348,228.12529999646358,26307.59529999341,12313.0
1778884131,350,GET,GET /api/ -> https://httpbin.org/,10.000000,0.000000,360,410,430,450,480,620,18000,18000,18000,18000,18000,311,0,700.0,3912.181815112004,35.609599988674745,24736.423599999398,332.0
1778884131,350,GET,GET /api/ -> https://locust.io/,6.600000,0.000000,320,360,380,410,620,12000,13000,18000,18000,18000,18000,176,0,1200.0,4673.017836931897,228.22210000595078,24618.32979999599,5097.0
1778884131,350,GET,GET /api/ -> https://redis.io/,7.800000,0.000000,330,370,390,420,530,1200,13000,16000,16000,16000,16000,198,0,1200.0,5839.459159090466,251.81139999767765,24737.871599994833,7780.0
1778884131,350,GET,GET /api/ -> https://training.play-with-docker.com/,5.600000,0.000000,400,480,520,570,730,1300,12000,15000,15000,15000,15000,152,0,730.0,3057.228518421509,240.26160000357777,14854.068300017389,1503.0
1778884131,350,GET,GET /api/ -> https://www.python.org/,9.000000,0.000000,350,400,430,440,550,1100,1300,1400,1400,1400,1400,284,0,1300.0,4600.320679929519,229.62559998268262,24685.272300004726,13844.0
1778884131,350,,Aggregated,81.800000,0.000000,380,450,570,1300,14000,15000,17000,17000,18000,18000,18000,2496,0,1500.0,5459.8127304487125,16.405200003646314,26307.59529999341,6690.780048076923
1778884133,350,GET,GET /api/ -> http://example.com/,4.400000,0.000000,16000,17000,17000,17000,17000,18000,18000,18000,18000,18000,18000,440,0,5900.0,7999.6751909097275,16.405200003646314,24725.798600004055,68.0
1778884133,350,GET,GET /api/ -> https://books.toscrape.com/,13.600000,0.000000,13000,15000,15000,15000,15000,16000,16000,17000,17000,17000,17000,375,0,3600.0,6933.7591810661825,39.283899997826666,24816.83980001253,8223.0
1778884133,350,GET,GET /api/ -> https://docs.docker.com/,8.700000,0.000000,350,400,490,520,13000,15000,15000,17000,17000,17000,17000,258,0,790.0,3840.2982205433395,222.240300005069,24265.85610001348,1856.0
1778884133,350,GET,GET /api/ -> https://flask.palletsprojects.com/,7.500000,0.000000,380,410,440,450,550,730,15000,17000,17000,17000,17000,222,0,850.0,3700.915546397294,257.72199998027645,24747.947399999248,20936.0
1778884133,350,GET,GET /api/ -> https://github.com/ibnesayeed/linkextractor,7.400000,0.000000,350,420,510,520,15000,15000,16000,17000,17000,17000,17000,172,0,740.0,9318.314599999678,228.12529999646358,26307.59529999341,12313.0
1778884133,350,GET,GET /api/ -> https://httpbin.org/,10.400000,0.000000,350,420,450,480,1300,15000,18000,18000,18000,18000,18000,331,0,680.0,3970.0141435039222,35.609599988674745,24736.423599999398,332.0
1778884133,350,GET,GET /api/ -> https://locust.io/,6.900000,0.000000,330,360,410,430,1400,15000,15000,18000,18000,18000,18000,182,0,1200.0,4856.7581538462455,228.22210000595078,24618.32979999599,5097.0
1778884133,350,GET,GET /api/ -> https://redis.io/,6.600000,0.000000,330,370,390,450,1200,15000,15000,16000,16000,16000,16000,202,0,1200.0,5950.453153464887,251.81139999767765,24737.871599994833,7780.0
1778884133,350,GET,GET /api/ -> https://training.play-with-docker.com/,7.000000,0.000000,360,400,500,550,600,1300,15000,15000,15000,15000,15000,158,0,670.0,3048.8833012663513,240.26160000357777,15062.470200005919,1503.0
1778884133,350,GET,GET /api/ -> https://www.python.org/,8.900000,0.000000,370,430,480,500,1100,1400,15000,15000,15000,15000,15000,292,0,1300.0,4637.715787671156,229.62559998268262,24685.272300004726,13844.0
1778884133,350,,Aggregated,81.400000,0.000000,380,500,1100,13000,15000,17000,17000,18000,18000,18000,18000,2632,0,1500.0,5612.1200054712,16.405200003646314,26307.59529999341,6552.830167173252
1778884134,350,GET,GET /api/ -> http://example.com/,8.200000,0.000000,16000,17000,17000,17000,17000,18000,18000,18000,18000,18000,18000,450,0,5900.0,8003.421790445122,16.405200003646314,24725.798600004055,68.0
1778884134,350,GET,GET /api/ -> https://books.toscrape.com/,13.700000,0.000000,14000,15000,15000,15000,15000,16000,16000,17000,17000,17000,17000,386,0,3500.0,6909.126940673057,39.283899997826666,24816.83980001253,8223.0
1778884134,350,GET,GET /api/ -> https://docs.docker.com/,8.900000,0.000000,370,480,540,990,15000,16000,16000,17000,17000,17000,17000,269,0,760.0,3931.9001434950355,222.240300005069,24265.85610001348,1856.0
1778884134,350,GET,GET /api/ -> https://flask.palletsprojects.com/,7.400000,0.000000,380,430,500,500,730,16000,16000,17000,17000,17000,17000,237,0,810.0,3754.184343882557,257.72199998027645,24747.947399999248,20936.0
1778884134,350,GET,GET /api/ -> https://github.com/ibnesayeed/linkextractor,6.100000,0.000000,380,420,510,520,15000,15000,16000,17000,17000,17000,17000,178,0,720.0,9104.92929382043,228.12529999646358,26307.59529999341,12313.0
1778884134,350,GET,GET /api/ -> https://httpbin.org/,10.300000,0.000000,350,390,450,480,1300,15000,18000,18000,18000,18000,18000,340,0,670.0,3874.7114741170662,35.609599988674745,24736.423599999398,332.0
1778884134,350,GET,GET /api/ -> https://locust.io/,5.900000,0.000000,340,410,490,510,15000,16000,16000,18000,18000,18000,18000,193,0,1200.0,4843.566444041352,228.22210000595078,24618.32979999599,5097.0
1778884134,350,GET,GET /api/ -> https://redis.io/,6.500000,0.000000,350,370,430,480,530,15000,15000,16000,16000,16000,16000,212,0,1100.0,5688.4785636786955,251.81139999767765,24737.871599994833,7780.0
1778884134,350,GET,GET /api/ -> https://training.play-with-docker.com/,6.900000,0.000000,360,410,490,550,600,1300,15000,16000,16000,16000,16000,163,0,670.0,3062.3008539886614,240.26160000357777,15907.768300006865,1503.0
1778884134,350,GET,GET /api/ -> https://www.python.org/,8.700000,0.000000,360,400,430,490,1100,1400,15000,15000,15000,15000,15000,303,0,1100.0,4481.9880633662215,229.62559998268262,24685.272300004726,13844.0
1778884134,350,,Aggregated,82.600000,0.000000,390,510,1300,15000,16000,17000,17000,18000,18000,18000,18000,2731,0,1400.0,5548.124551446445,16.405200003646314,26307.59529999341,6606.799707067008
1778884135,350,GET,GET /api/ -> http://example.com/,10.500000,0.000000,16000,17000,17000,17000,17000,18000,18000,18000,18000,18000,18000,455,0,5900.0,7919.948088791886,16.405200003646314,24725.798600004055,68.0
1778884135,350,GET,GET /api/ -> https://books.toscrape.com/,12.800000,0.000000,1300,15000,15000,15000,16000,16000,17000,17000,17000,17000,17000,393,0,3400.0,6833.577676335339,39.283899997826666,24816.83980001253,8223.0
1778884135,350,GET,GET /api/ -> https://docs.docker.com/,8.500000,0.000000,400,500,550,990,16000,16000,17000,17000,17000,17000,17000,280,0,750.0,4024.1929350007144,222.240300005069,24265.85610001348,1856.0
1778884135,350,GET,GET /api/ -> https://flask.palletsprojects.com/,7.200000,0.000000,380,440,500,530,15000,16000,16000,17000,17000,17000,17000,241,0,790.0,3765.1860518678077,257.72199998027645,24747.947399999248,20936.0
1778884135,350,GET,GET /api/ -> https://github.com/ibnesayeed/linkextractor,6.600000,0.000000,400,500,520,540,15000,16000,16000,17000,17000,17000,17000,189,0,690.0,8767.416219577031,228.12529999646358,26307.59529999341,12313.0
1778884135,350,GET,GET /api/ -> https://httpbin.org/,11.200000,0.000000,360,420,500,590,15000,17000,18000,18000,18000,18000,18000,350,0,660.0,3960.1880391423556,35.609599988674745,24736.423599999398,332.0
1778884135,350,GET,GET /api/ -> https://locust.io/,6.300000,0.000000,350,480,520,1400,16000,16000,17000,18000,18000,18000,18000,205,0,1200.0,4973.471918048922,228.22210000595078,24618.32979999599,5097.0
1778884135,350,GET,GET /api/ -> https://redis.io/,6.700000,0.000000,350,390,450,510,560,15000,16000,16000,16000,16000,16000,219,0,1100.0,5591.153809131887,251.81139999767765,24737.871599994833,7780.0
1778884135,350,GET,GET /api/ -> https://training.play-with-docker.com/,5.900000,0.000000,380,420,500,570,980,15000,15000,16000,16000,16000,16000,166,0,620.0,3013.299852410466,240.26160000357777,15907.768300006865,1503.0
1778884135,350,GET,GET /api/ -> https://www.python.org/,9.300000,0.000000,370,450,550,600,15000,16000,17000,17000,17000,17000,17000,319,0,1100.0,4631.595389968585,229.62559998268262,24685.272300004726,13844.0
1778884135,350,,Aggregated,85.000000,0.000000,410,540,1300,15000,16000,17000,17000,18000,18000,18000,18000,2817,0,1300.0,5533.60840575092,16.405200003646314,26307.59529999341,6633.166844160454
1778884136,350,GET,GET /api/ -> http://example.com/,10.700000,0.000000,16000,17000,17000,17000,17000,18000,18000,18000,18000,18000,18000,464,0,5800.0,7881.551301509061,16.405200003646314,24725.798600004055,68.0
1778884136,350,GET,GET /api/ -> https://books.toscrape.com/,11.300000,0.000000,560,1300,15000,15000,16000,16000,17000,17000,17000,17000,17000,401,0,3400.0,6705.156604737696,39.283899997826666,24816.83980001253,8223.0
1778884136,350,GET,GET /api/ -> https://docs.docker.com/,8.500000,0.000000,420,540,1100,15000,16000,17000,17000,17000,17000,17000,17000,292,0,750.0,4155.914413356697,222.240300005069,24265.85610001348,1856.0
1778884136,350,GET,GET /api/ -> https://flask.palletsprojects.com/,7.700000,0.000000,380,410,450,500,730,16000,16000,17000,17000,17000,17000,261,0,600.0,3505.2381973183747,257.72199998027645,24747.947399999248,20936.0
1778884136,350,GET,GET /api/ -> https://github.com/ibnesayeed/linkextractor,7.000000,0.000000,390,460,520,540,15000,16000,16000,17000,17000,17000,17000,195,0,680.0,8509.22721692328,228.12529999646358,26307.59529999341,12313.0
1778884136,350,GET,GET /api/ -> https://httpbin.org/,9.700000,0.000000,360,420,500,590,15000,17000,18000,18000,18000,18000,18000,355,0,660.0,3909.9168594361736,35.609599988674745,24736.423599999398,332.0
1778884136,350,GET,GET /api/ -> https://locust.io/,6.700000,0.000000,400,480,510,1400,16000,16000,17000,18000,18000,18000,18000,214,0,740.0,4782.726281776097,228.22210000595078,24618.32979999599,5097.0
1778884136,350,GET,GET /api/ -> https://redis.io/,7.300000,0.000000,340,390,440,450,550,15000,16000,17000,17000,17000,17000,236,0,700.0,5285.000416948421,251.81139999767765,24737.871599994833,7780.0
1778884136,350,GET,GET /api/ -> https://training.play-with-docker.com/,6.100000,0.000000,380,420,440,550,600,1300,15000,16000,16000,16000,16000,175,0,600.0,2877.7137205723143,240.26160000357777,15907.768300006865,1503.0
1778884136,350,GET,GET /api/ -> https://www.python.org/,8.900000,0.000000,360,450,560,1100,15000,17000,17000,17000,17000,17000,17000,325,0,1100.0,4554.156382461437,229.62559998268262,24685.272300004726,13844.0
1778884136,350,,Aggregated,83.900000,0.000000,400,520,1300,15000,16000,17000,17000,18000,18000,18000,18000,2918,0,1200.0,5406.4379099041025,16.405200003646314,26307.59529999341,6697.491775188485
1778884137,350,GET,GET /api/ -> http://example.com/,10.500000,0.000000,16000,17000,17000,17000,17000,18000,18000,18000,18000,18000,18000,473,0,5800.0,7921.023104863033,16.405200003646314,24725.798600004055,68.0
1778884137,350,GET,GET /api/ -> https://books.toscrape.com/,11.100000,0.000000,500,650,890,1300,16000,16000,17000,17000,17000,17000,17000,407,0,3100.0,6613.547413513174,39.283899997826666,24816.83980001253,8223.0
1778884137,350,GET,GET /api/ -> https://docs.docker.com/,7.700000,0.000000,430,540,990,16000,17000,17000,18000,18000,18000,18000,18000,301,0,730.0,4162.6712568112,222.240300005069,24265.85610001348,1856.0
1778884137,350,GET,GET /api/ -> https://flask.palletsprojects.com/,7.100000,0.000000,390,440,500,530,16000,18000,18000,18000,18000,18000,18000,267,0,620.0,3699.313492509724,257.72199998027645,24747.947399999248,20936.0
1778884137,350,GET,GET /api/ -> https://github.com/ibnesayeed/linkextractor,7.500000,0.000000,420,500,520,550,15000,16000,16000,17000,17000,17000,17000,209,0,590.0,7971.8327827753865,228.12529999646358,26307.59529999341,12313.0
1778884137,350,GET,GET /api/ -> https://httpbin.org/,9.800000,0.000000,400,500,590,1300,16000,17000,18000,18000,18000,18000,18000,362,0,650.0,3843.53215276191,35.609599988674745,24736.423599999398,332.0
1778884137,350,GET,GET /api/ -> https://locust.io/,7.000000,0.000000,440,500,590,640,16000,16000,17000,18000,18000,18000,18000,226,0,660.0,4556.334988053747,228.22210000595078,24618.32979999599,5097.0
1778884137,350,GET,GET /api/ -> https://redis.io/,6.800000,0.000000,350,430,460,490,1200,16000,17000,18000,18000,18000,18000,246,0,690.0,5229.192918291925,251.81139999767765,24737.871599994833,7780.0
1778884137,350,GET,GET /api/ -> https://training.play-with-docker.com/,6.400000,0.000000,390,430,490,560,600,1300,16000,18000,18000,18000,18000,185,0,570.0,2840.1545497307216,240.26160000357777,18007.65300000785,1503.0
1778884137,350,GET,GET /api/ -> https://www.python.org/,8.600000,0.000000,430,530,600,1200,16000,17000,17000,17000,17000,17000,17000,330,0,1000.0,4492.002148181641,229.62559998268262,24685.272300004726,13844.0
1778884137,350,,Aggregated,82.500000,0.000000,430,550,1200,15000,17000,17000,18000,18000,18000,18000,18000,3006,0,1100.0,5342.7853071857235,16.405200003646314,26307.59529999341,6697.761477045909
1778884138,350,GET,GET /api/ -> http://example.com/,11.100000,0.000000,16000,17000,17000,17000,18000,18000,18000,18000,18000,18000,18000,494,0,5900.0,8074.547096356782,16.405200003646314,24725.798600004055,68.0
1778884138,350,GET,GET /api/ -> https://books.toscrape.com/,9.500000,0.000000,400,500,560,680,1300,16000,17000,17000,17000,17000,17000,431,0,2000.0,6263.052860556631,39.283899997826666,24816.83980001253,8223.0
1778884138,350,GET,GET /api/ -> https://docs.docker.com/,9.000000,0.000000,490,670,16000,16000,17000,17000,18000,18000,18000,18000,18000,308,0,710.0,4183.422293831699,222.240300005069,24265.85610001348,1856.0
1778884138,350,GET,GET /api/ -> https://flask.palletsprojects.com/,7.800000,0.000000,400,450,530,600,16000,18000,18000,18000,18000,18000,18000,277,0,590.0,3692.6553050546345,257.72199998027645,24747.947399999248,20936.0
1778884138,350,GET,GET /api/ -> https://github.com/ibnesayeed/linkextractor,7.200000,0.000000,450,520,540,570,15000,16000,16000,17000,17000,17000,17000,215,0,570.0,7758.230339070284,228.12529999646358,26307.59529999341,12313.0
1778884138,350,GET,GET /api/ -> https://httpbin.org/,8.700000,0.000000,370,440,530,590,15000,17000,18000,18000,18000,18000,18000,381,0,600.0,3668.2413858261475,35.609599988674745,24736.423599999398,332.0
1778884138,350,GET,GET /api/ -> https://locust.io/,6.800000,0.000000,460,510,600,1400,16000,16000,17000,18000,18000,18000,18000,231,0,660.0,4464.911873593727,228.22210000595078,24618.32979999599,5097.0
1778884138,350,GET,GET /api/ -> https://redis.io/,7.000000,0.000000,370,450,480,510,15000,16000,17000,18000,18000,18000,18000,252,0,670.0,5112.522362697674,251.81139999767765,24737.871599994833,7780.0
1778884138,350,GET,GET /api/ -> https://training.play-with-docker.com/,6.100000,0.000000,390,450,550,570,1200,16000,17000,18000,18000,18000,18000,195,0,560.0,2880.843692821098,240.26160000357777,18007.65300000785,1503.0
1778884138,350,GET,GET /api/ -> https://www.python.org/,8.600000,0.000000,390,490,570,1100,15000,17000,17000,17000,17000,17000,17000,343,0,780.0,4334.773496501422,229.62559998268262,24685.272300004726,13844.0
1778884138,350,,Aggregated,81.800000,0.000000,440,550,1300,15000,17000,17000,18000,18000,18000,18000,18000,3127,0,1000.0,5255.364001599099,16.405200003646314,26307.59529999341,6684.347937320115
1778884140,350,GET,GET /api/ -> http://example.com/,12.500000,0.000000,16000,17000,17000,17000,18000,18000,18000,18000,18000,18000,18000,503,0,5900.0,8101.3586914515645,16.405200003646314,24725.798600004055,68.0
1778884140,350,GET,GET /api/ -> https://books.toscrape.com/,7.100000,0.000000,410,500,560,680,1300,16000,17000,17000,17000,17000,17000,437,0,2000.0,6182.882051945033,39.283899997826666,24816.83980001253,8223.0
1778884140,350,GET,GET /api/ -> https://docs.docker.com/,7.800000,0.000000,480,670,16000,16000,17000,17000,18000,18000,18000,18000,18000,319,0,710.0,4053.20183511022,222.240300005069,24265.85610001348,1856.0
1778884140,350,GET,GET /api/ -> https://flask.palletsprojects.com/,7.300000,0.000000,400,490,730,16000,17000,18000,18000,18000,18000,18000,18000,290,0,590.0,3943.001088276425,257.72199998027645,24747.947399999248,20936.0
1778884140,350,GET,GET /api/ -> https://github.com/ibnesayeed/linkextractor,7.800000,0.000000,450,510,550,760,15000,16000,17000,17000,17000,17000,17000,223,0,550.0,7643.496235874857,228.12529999646358,26307.59529999341,12313.0
1778884140,350,GET,GET /api/ -> https://httpbin.org/,7.100000,0.000000,380,510,1300,15000,17000,17000,17000,17000,17000,17000,17000,393,0,620.0,3990.13797073729,35.609599988674745,24736.423599999398,332.0
1778884140,350,GET,GET /api/ -> https://locust.io/,7.900000,0.000000,460,520,640,15000,16000,16000,17000,17000,17000,17000,17000,242,0,640.0,4415.031346281768,228.22210000595078,24618.32979999599,5097.0
1778884140,350,GET,GET /api/ -> https://redis.io/,7.400000,0.000000,400,460,510,560,17000,17000,17000,18000,18000,18000,18000,263,0,670.0,5167.5442216723995,251.81139999767765,24737.871599994833,7780.0
1778884140,350,GET,GET /api/ -> https://training.play-with-docker.com/,6.500000,0.000000,380,430,460,520,15000,17000,18000,18000,18000,18000,18000,199,0,540.0,2830.3762582922236,240.26160000357777,18007.65300000785,1503.0
1778884140,350,GET,GET /api/ -> https://www.python.org/,6.800000,0.000000,390,500,1100,1300,17000,17000,17000,17000,17000,17000,17000,357,0,740.0,4365.620359103717,229.62559998268262,24685.272300004726,13844.0
1778884140,350,,Aggregated,78.200000,0.000000,450,590,15000,16000,17000,17000,18000,18000,18000,18000,18000,3226,0,950.0,5280.6080354310225,16.405200003646314,26307.59529999341,6723.017048977062
1778884141,350,GET,GET /api/ -> http://example.com/,13.300000,0.000000,15000,16000,17000,17000,17000,18000,18000,18000,18000,18000,18000,508,0,5900.0,8028.663501575091,16.405200003646314,24725.798600004055,68.0
1778884141,350,GET,GET /api/ -> https://books.toscrape.com/,8.500000,0.000000,410,500,560,660,890,16000,16000,17000,17000,17000,17000,440,0,1900.0,6145.144534999881,39.283899997826666,24816.83980001253,8223.0
1778884141,350,GET,GET /api/ -> https://docs.docker.com/,7.000000,0.000000,500,670,1100,16000,17000,17000,18000,18000,18000,18000,18000,329,0,710.0,4001.187945897075,222.240300005069,24265.85610001348,1856.0
1778884141,350,GET,GET /api/ -> https://flask.palletsprojects.com/,6.600000,0.000000,400,500,730,16000,17000,18000,18000,18000,18000,18000,18000,293,0,600.0,3909.492707167734,257.72199998027645,24747.947399999248,20936.0
1778884141,350,GET,GET /api/ -> https://github.com/ibnesayeed/linkextractor,7.000000,0.000000,490,550,670,780,15000,16000,17000,17000,17000,17000,17000,231,0,570.0,7401.84340259797,228.12529999646358,26307.59529999341,12313.0
1778884141,350,GET,GET /api/ -> https://httpbin.org/,8.300000,0.000000,390,550,940,15000,17000,17000,17000,17000,17000,17000,17000,398,0,620.0,3989.989899245489,35.609599988674745,24736.423599999398,332.0
1778884141,350,GET,GET /api/ -> https://locust.io/,6.900000,0.000000,480,570,660,700,16000,16000,17000,17000,17000,17000,17000,251,0,640.0,4279.374861355316,228.22210000595078,24618.32979999599,5097.0
1778884141,350,GET,GET /api/ -> https://redis.io/,6.100000,0.000000,410,480,550,630,17000,17000,17000,18000,18000,18000,18000,268,0,660.0,5144.349670894887,251.81139999767765,24737.871599994833,7780.0
1778884141,350,GET,GET /api/ -> https://training.play-with-docker.com/,6.400000,0.000000,380,430,490,580,850,17000,17000,18000,18000,18000,18000,205,0,560.0,2766.8775907325808,240.26160000357777,18007.65300000785,1503.0
1778884141,350,GET,GET /api/ -> https://www.python.org/,7.600000,0.000000,410,510,580,770,17000,17000,17000,18000,18000,18000,18000,369,0,700.0,4288.987090514968,229.62559998268262,24685.272300004726,13844.0
1778884141,350,,Aggregated,77.700000,0.000000,450,560,850,15000,17000,17000,18000,18000,18000,18000,18000,3292,0,870.0,5208.017497569994,16.405200003646314,26307.59529999341,6729.924969623329
1778884142,350,GET,GET /api/ -> http://example.com/,13.400000,0.000000,880,17000,17000,17000,18000,18000,19000,19000,19000,19000,19000,518,0,5800.0,7993.468643436773,16.405200003646314,24725.798600004055,68.0
1778884142,350,GET,GET /api/ -> https://books.toscrape.com/,8.200000,0.000000,370,420,460,510,690,16000,16000,17000,17000,17000,17000,445,0,1900.0,6080.888984269683,39.283899997826666,24816.83980001253,8223.0
1778884142,350,GET,GET /api/ -> https://docs.docker.com/,7.400000,0.000000,500,700,940,16000,17000,17000,18000,19000,19000,19000,19000,336,0,710.0,3986.549913095587,222.240300005069,24265.85610001348,1856.0
1778884142,350,GET,GET /api/ -> https://flask.palletsprojects.com/,7.500000,0.000000,410,620,950,16000,17000,17000,18000,18000,18000,18000,18000,304,0,620.0,3792.6564825664077,239.17330001131631,24747.947399999248,20936.0
1778884142,350,GET,GET /api/ -> https://github.com/ibnesayeed/linkextractor,6.400000,0.000000,460,520,570,740,1100,16000,17000,17000,17000,17000,17000,239,0,570.0,7177.782638912614,228.12529999646358,26307.59529999341,12313.0
1778884142,350,GET,GET /api/ -> https://httpbin.org/,8.800000,0.000000,420,570,950,17000,17000,19000,19000,19000,19000,19000,19000,405,0,630.0,4117.048159258492,35.609599988674745,24736.423599999398,332.0
1778884142,350,GET,GET /api/ -> https://locust.io/,6.700000,0.000000,470,520,600,660,16000,16000,17000,17000,17000,17000,17000,257,0,620.0,4188.526648249734,228.22210000595078,24618.32979999599,5097.0
1778884142,350,GET,GET /api/ -> https://redis.io/,6.700000,0.000000,410,460,550,570,17000,17000,17000,18000,18000,18000,18000,280,0,630.0,4945.35398964238,198.64610000513494,24737.871599994833,7780.0
1778884142,350,GET,GET /api/ -> https://training.play-with-docker.com/,5.400000,0.000000,390,460,580,660,880,17000,17000,18000,18000,18000,18000,213,0,560.0,2686.581188263705,240.26160000357777,18007.65300000785,1503.0
1778884142,350,GET,GET /api/ -> https://www.python.org/,8.100000,0.000000,400,500,560,640,17000,17000,17000,18000,18000,18000,18000,375,0,690.0,4226.87081280017,229.62559998268262,24685.272300004726,13844.0
1778884142,350,,Aggregated,78.600000,0.000000,430,540,680,930,17000,17000,18000,19000,19000,19000,19000,3372,0,840.0,5142.474515302682,16.405200003646314,26307.59529999341,6749.660142348755
1778884144,350,GET,GET /api/ -> http://example.com/,9.300000,0.000000,900,17000,17000,18000,18000,19000,19000,19000,19000,19000,19000,525,0,5800.0,8032.210983428996,16.405200003646314,24725.798600004055,68.0
1778884144,350,GET,GET /api/ -> https://books.toscrape.com/,8.100000,0.000000,360,410,460,510,580,840,19000,19000,19000,19000,19000,455,0,1900.0,6076.520609670345,39.283899997826666,24816.83980001253,8223.0
1778884144,350,GET,GET /api/ -> https://docs.docker.com/,7.900000,0.000000,540,810,17000,17000,18000,19000,19000,19000,19000,19000,19000,349,0,710.0,4271.756446705101,222.240300005069,24265.85610001348,1856.0
1778884144,350,GET,GET /api/ -> https://flask.palletsprojects.com/,7.600000,0.000000,410,620,950,16000,18000,18000,19000,19000,19000,19000,19000,317,0,600.0,3882.1541419564355,239.17330001131631,24747.947399999248,20936.0
1778884144,350,GET,GET /api/ -> https://github.com/ibnesayeed/linkextractor,6.900000,0.000000,460,520,570,650,940,1100,17000,17000,17000,17000,17000,245,0,560.0,7009.72119183731,228.12529999646358,26307.59529999341,12313.0
1778884144,350,GET,GET /api/ -> https://httpbin.org/,8.700000,0.000000,450,790,17000,17000,19000,19000,19000,19000,19000,19000,19000,416,0,630.0,4235.955458172331,35.609599988674745,24736.423599999398,332.0
1778884144,350,GET,GET /api/ -> https://locust.io/,7.500000,0.000000,460,550,590,640,16000,17000,19000,19000,19000,19000,19000,267,0,610.0,4247.24060299672,228.22210000595078,24618.32979999599,5097.0
1778884144,350,GET,GET /api/ -> https://redis.io/,7.100000,0.000000,440,550,590,640,17000,17000,19000,19000,19000,19000,19000,288,0,620.0,4947.277922221676,198.64610000513494,24737.871599994833,7780.0
1778884144,350,GET,GET /api/ -> https://training.play-with-docker.com/,5.400000,0.000000,390,510,660,680,17000,19000,19000,19000,19000,19000,19000,225,0,560.0,2806.195524000537,240.26160000357777,18547.403600008693,1503.0
1778884144,350,GET,GET /api/ -> https://www.python.org/,8.500000,0.000000,480,570,670,16000,19000,19000,19000,19000,19000,19000,19000,392,0,690.0,4481.036657143036,229.62559998268262,24685.272300004726,13844.0
1778884144,350,,Aggregated,77.000000,0.000000,450,570,770,1100,17000,19000,19000,19000,19000,19000,19000,3479,0,820.0,5211.136048950996,16.405200003646314,26307.59529999341,6778.666283414775
1778884145,350,GET,GET /api/ -> http://example.com/,8.000000,0.000000,910,17000,17000,18000,18000,19000,19000,19000,19000,19000,19000,533,0,5800.0,7920.671170919722,16.405200003646314,24725.798600004055,68.0
1778884145,350,GET,GET /api/ -> https://books.toscrape.com/,7.300000,0.000000,370,440,480,510,680,18000,19000,19000,19000,19000,19000,460,0,1800.0,6053.719968695645,39.283899997826666,24816.83980001253,8223.0
1778884145,350,GET,GET /api/ -> https://docs.docker.com/,8.200000,0.000000,510,710,890,17000,19000,19000,19000,19000,19000,19000,19000,363,0,710.0,4177.749517906509,222.240300005069,24265.85610001348,1856.0
1778884145,350,GET,GET /api/ -> https://flask.palletsprojects.com/,8.300000,0.000000,420,730,16000,17000,18000,19000,19000,19000,19000,19000,19000,328,0,580.0,3875.2025966470414,239.17330001131631,24747.947399999248,20936.0
1778884145,350,GET,GET /api/ -> https://github.com/ibnesayeed/linkextractor,6.800000,0.000000,460,540,570,670,940,1100,17000,17000,17000,17000,17000,251,0,550.0,6854.144613546448,228.12529999646358,26307.59529999341,12313.0
1778884145,350,GET,GET /api/ -> https://httpbin.org/,8.100000,0.000000,510,950,17000,17000,19000,19000,19000,19000,19000,19000,19000,426,0,630.0,4317.554593895958,35.609599988674745,24736.423599999398,332.0
1778884145,350,GET,GET /api/ -> https://locust.io/,7.800000,0.000000,470,550,600,640,17000,18000,19000,19000,19000,19000,19000,275,0,610.0,4265.066081818341,228.22210000595078,24618.32979999599,5097.0
1778884145,350,GET,GET /api/ -> https://redis.io/,7.800000,0.000000,450,570,640,930,17000,18000,19000,19000,19000,19000,19000,296,0,630.0,5007.357749999485,198.64610000513494,24737.871599994833,7780.0
1778884145,350,GET,GET /api/ -> https://training.play-with-docker.com/,5.600000,0.000000,450,590,680,820,17000,19000,19000,19000,19000,19000,19000,228,0,560.0,2853.4660842111375,240.26160000357777,18547.403600008693,1503.0
1778884145,350,GET,GET /api/ -> https://www.python.org/,8.700000,0.000000,450,560,770,820,19000,19000,19000,19000,19000,19000,19000,398,0,680.0,4464.308186683566,229.62559998268262,24685.272300004726,13844.0
1778884145,350,,Aggregated,76.600000,0.000000,460,600,850,16000,18000,19000,19000,19000,19000,19000,19000,3558,0,800.0,5181.602864924241,16.405200003646314,26307.59529999341,6787.157391793142
1778884146,350,GET,GET /api/ -> http://example.com/,7.900000,0.000000,890,17000,17000,17000,18000,19000,19000,19000,19000,19000,19000,542,0,5200.0,7798.416945203215,16.405200003646314,24725.798600004055,68.0
1778884146,350,GET,GET /api/ -> https://books.toscrape.com/,7.000000,0.000000,370,400,460,500,680,18000,19000,19000,19000,19000,19000,469,0,1700.0,5945.241811087487,39.283899997826666,24816.83980001253,8223.0
1778884146,350,GET,GET /api/ -> https://docs.docker.com/,7.900000,0.000000,450,620,880,940,19000,19000,19000,19000,19000,19000,19000,375,0,670.0,4055.531784266777,222.240300005069,24265.85610001348,1856.0
1778884146,350,GET,GET /api/ -> https://flask.palletsprojects.com/,8.500000,0.000000,410,730,16000,17000,18000,19000,19000,19000,19000,19000,19000,335,0,580.0,3804.7526620902686,239.17330001131631,24747.947399999248,20936.0
1778884146,350,GET,GET /api/ -> https://github.com/ibnesayeed/linkextractor,6.800000,0.000000,440,500,570,740,950,1100,17000,17000,17000,17000,17000,260,0,530.0,6632.585144231584,228.12529999646358,26307.59529999341,12313.0
1778884146,350,GET,GET /api/ -> https://httpbin.org/,8.100000,0.000000,580,17000,17000,18000,19000,19000,19000,19000,19000,19000,19000,439,0,650.0,4504.193264463729,35.609599988674745,24736.423599999398,332.0
1778884146,350,GET,GET /api/ -> https://locust.io/,7.800000,0.000000,450,530,610,700,17000,18000,19000,19000,19000,19000,19000,285,0,600.0,4135.406829473836,228.22210000595078,24618.32979999599,5097.0
1778884146,350,GET,GET /api/ -> https://redis.io/,7.700000,0.000000,460,640,1000,1100,17000,18000,19000,19000,19000,19000,19000,302,0,630.0,4923.7903430457545,198.64610000513494,24737.871599994833,7780.0
1778884146,350,GET,GET /api/ -> https://training.play-with-docker.com/,6.100000,0.000000,420,630,760,880,17000,19000,19000,19000,19000,19000,19000,236,0,550.0,2775.870289830999,240.26160000357777,18547.403600008693,1503.0
1778884146,350,GET,GET /api/ -> https://www.python.org/,8.700000,0.000000,440,580,770,940,18000,19000,19000,19000,19000,19000,19000,412,0,660.0,4331.4351084952505,229.62559998268262,24685.272300004726,13844.0
1778884146,350,,Aggregated,76.600000,0.000000,450,620,900,1100,18000,19000,19000,19000,19000,19000,19000,3655,0,780.0,5093.71332922032,16.405200003646314,26307.59529999341,6788.172913816689
1778884148,350,GET,GET /api/ -> http://example.com/,7.400000,0.000000,610,910,17000,19000,19000,20000,20000,20000,20000,20000,20000,549,0,5200.0,7846.406685792653,16.405200003646314,24725.798600004055,68.0
1778884148,350,GET,GET /api/ -> https://books.toscrape.com/,6.400000,0.000000,450,500,520,580,840,19000,19000,19000,19000,19000,19000,475,0,1500.0,5876.382840631749,39.283899997826666,24816.83980001253,8223.0
1778884148,350,GET,GET /api/ -> https://docs.docker.com/,7.100000,0.000000,500,590,810,880,19000,19000,19000,19000,19000,19000,19000,384,0,650.0,3972.508314583441,222.240300005069,24265.85610001348,1856.0
1778884148,350,GET,GET /api/ -> https://flask.palletsprojects.com/,7.400000,0.000000,470,660,920,1100,17000,19000,19000,19000,19000,19000,19000,345,0,550.0,3708.111294783294,239.17330001131631,24747.947399999248,20936.0
1778884148,350,GET,GET /api/ -> https://github.com/ibnesayeed/linkextractor,5.700000,0.000000,450,540,740,840,980,1100,17000,17000,17000,17000,17000,263,0,520.0,6562.292176426721,228.12529999646358,26307.59529999341,12313.0
1778884148,350,GET,GET /api/ -> https://httpbin.org/,7.600000,0.000000,17000,17000,19000,19000,19000,19000,20000,20000,20000,20000,20000,447,0,630.0,4519.533453019199,35.609599988674745,24736.423599999398,332.0
1778884148,350,GET,GET /api/ -> https://locust.io/,7.000000,0.000000,490,570,660,700,17000,18000,19000,19000,19000,19000,19000,292,0,590.0,4048.7083753428187,228.22210000595078,24618.32979999599,5097.0
1778884148,350,GET,GET /api/ -> https://redis.io/,7.200000,0.000000,510,620,930,1000,17000,18000,19000,19000,19000,19000,19000,314,0,590.0,4753.760562738245,198.64610000513494,24737.871599994833,7780.0
1778884148,350,GET,GET /api/ -> https://training.play-with-docker.com/,5.800000,0.000000,490,660,760,850,1000,19000,19000,19000,19000,19000,19000,241,0,540.0,2727.196561411232,240.26160000357777,18547.403600008693,1503.0
1778884148,350,GET,GET /api/ -> https://www.python.org/,7.800000,0.000000,500,610,790,1000,19000,19000,19000,19000,19000,19000,19000,422,0,610.0,4239.895834360408,229.62559998268262,24685.272300004726,13844.0
1778884148,350,,Aggregated,69.400000,0.000000,500,660,900,1000,18000,19000,19000,19000,20000,20000,20000,3732,0,740.0,5029.798789094441,16.405200003646314,26307.59529999341,6806.334137191854
1778884149,350,GET,GET /api/ -> http://example.com/,7.700000,0.000000,600,900,920,19000,19000,20000,20000,20000,20000,20000,20000,552,0,5200.0,7805.443493659703,16.405200003646314,24725.798600004055,68.0
1778884149,350,GET,GET /api/ -> https://books.toscrape.com/,6.600000,0.000000,460,500,520,580,840,19000,19000,19000,19000,19000,19000,477,0,1500.0,5854.264440251693,39.283899997826666,24816.83980001253,8223.0
1778884149,350,GET,GET /api/ -> https://docs.docker.com/,8.000000,0.000000,520,630,820,890,19000,19000,19000,19000,19000,19000,19000,389,0,640.0,3928.190294601703,222.240300005069,24265.85610001348,1856.0
1778884149,350,GET,GET /api/ -> https://flask.palletsprojects.com/,7.400000,0.000000,480,620,710,720,1100,19000,19000,19000,19000,19000,19000,355,0,550.0,3619.9663639441624,239.17330001131631,24747.947399999248,20936.0
1778884149,350,GET,GET /api/ -> https://github.com/ibnesayeed/linkextractor,6.000000,0.000000,450,540,670,720,940,980,1100,1100,1100,1100,1100,275,0,520.0,6298.731334909733,228.12529999646358,26307.59529999341,12313.0
1778884149,350,GET,GET /api/ -> https://httpbin.org/,8.100000,0.000000,820,18000,19000,19000,19000,19000,20000,20000,20000,20000,20000,455,0,640.0,4494.221583735274,35.609599988674745,24736.423599999398,332.0
1778884149,350,GET,GET /api/ -> https://locust.io/,6.500000,0.000000,500,580,670,690,1000,18000,19000,19000,19000,19000,19000,302,0,580.0,3932.068213245223,228.22210000595078,24618.32979999599,5097.0
1778884149,350,GET,GET /api/ -> https://redis.io/,6.300000,0.000000,510,630,840,930,17000,18000,19000,19000,19000,19000,19000,325,0,570.0,4608.877746460941,198.64610000513494,24737.871599994833,7780.0
1778884149,350,GET,GET /api/ -> https://training.play-with-docker.com/,6.000000,0.000000,530,660,740,850,1000,19000,19000,19000,19000,19000,19000,249,0,540.0,2655.5083558235942,240.26160000357777,18547.403600008693,1503.0
1778884149,350,GET,GET /api/ -> https://www.python.org/,8.700000,0.000000,500,600,690,820,19000,19000,19000,19000,19000,19000,19000,430,0,600.0,4168.761429535076,229.62559998268262,24685.272300004726,13844.0
1778884149,350,,Aggregated,71.300000,0.000000,510,640,790,910,19000,19000,19000,20000,20000,20000,20000,3809,0,710.0,4943.66600979265,16.405200003646314,26307.59529999341,6838.085324232082
1778884150,350,GET,GET /api/ -> http://example.com/,6.700000,0.000000,600,910,19000,19000,20000,21000,21000,22000,22000,22000,22000,561,0,5200.0,7834.7598770056,16.405200003646314,24725.798600004055,68.0
1778884150,350,GET,GET /api/ -> https://books.toscrape.com/,6.200000,0.000000,490,580,680,840,19000,20000,20000,20000,20000,20000,20000,491,0,1500.0,5935.998189205902,39.283899997826666,24816.83980001253,8223.0
1778884150,350,GET,GET /api/ -> https://docs.docker.com/,7.900000,0.000000,520,650,820,880,19000,19000,19000,19000,19000,19000,19000,396,0,640.0,3915.6471747476394,222.240300005069,24265.85610001348,1856.0
1778884150,350,GET,GET /api/ -> https://flask.palletsprojects.com/,7.600000,0.000000,500,700,730,950,19000,20000,21000,22000,22000,22000,22000,365,0,580.0,3864.7170364388667,239.17330001131631,24747.947399999248,20936.0
1778884150,350,GET,GET /api/ -> https://github.com/ibnesayeed/linkextractor,5.200000,0.000000,460,600,680,720,940,980,1100,1100,1100,1100,1100,282,0,520.0,6155.942088298719,228.12529999646358,26307.59529999341,12313.0
1778884150,350,GET,GET /api/ -> https://httpbin.org/,8.400000,0.000000,820,18000,19000,19000,19000,20000,20000,20000,20000,20000,20000,457,0,640.0,4518.9296166291915,35.609599988674745,24736.423599999398,332.0
1778884150,350,GET,GET /api/ -> https://locust.io/,6.200000,0.000000,520,610,680,700,18000,19000,20000,21000,21000,21000,21000,312,0,590.0,3951.722090384768,228.22210000595078,24618.32979999599,5097.0
1778884150,350,GET,GET /api/ -> https://redis.io/,6.700000,0.000000,490,610,840,930,18000,19000,20000,20000,20000,20000,20000,334,0,570.0,4672.858691915471,198.64610000513494,24737.871599994833,7780.0
1778884150,350,GET,GET /api/ -> https://training.play-with-docker.com/,5.300000,0.000000,440,650,740,850,1000,19000,19000,22000,22000,22000,22000,256,0,520.0,2677.1860632815105,240.26160000357777,21684.759900002973,1503.0
1778884150,350,GET,GET /api/ -> https://www.python.org/,9.000000,0.000000,490,640,790,940,19000,19000,19000,20000,20000,20000,20000,432,0,600.0,4197.146864815026,229.62559998268262,24685.272300004726,13844.0
1778884150,350,,Aggregated,69.200000,0.000000,510,670,840,950,19000,19000,20000,21000,22000,22000,22000,3886,0,710.0,4983.123797786993,16.405200003646314,26307.59529999341,6852.909675759135
1778884151,350,GET,GET /api/ -> http://example.com/,5.500000,0.000000,470,910,19000,19000,20000,21000,21000,22000,22000,22000,22000,568,0,5200.0,7775.541085739724,16.405200003646314,24725.798600004055,68.0
1778884151,350,GET,GET /api/ -> https://books.toscrape.com/,4.600000,0.000000,670,19000,19000,20000,20000,20000,20000,20000,20000,20000,20000,529,0,1900.0,6685.077050283756,39.283899997826666,24816.83980001253,8223.0
1778884151,350,GET,GET /api/ -> https://docs.docker.com/,8.000000,0.000000,510,600,820,930,19000,19000,19000,19000,19000,19000,19000,401,0,640.0,3964.3958431422975,222.240300005069,24265.85610001348,1856.0
1778884151,350,GET,GET /api/ -> https://flask.palletsprojects.com/,7.700000,0.000000,480,640,720,920,19000,20000,21000,22000,22000,22000,22000,371,0,570.0,3859.100775741655,239.17330001131631,24747.947399999248,20936.0
1778884151,350,GET,GET /api/ -> https://github.com/ibnesayeed/linkextractor,5.900000,0.000000,390,490,540,600,890,950,1100,1100,1100,1100,1100,292,0,510.0,5955.256989726989,228.12529999646358,26307.59529999341,12313.0
1778884151,350,GET,GET /api/ -> https://httpbin.org/,7.300000,0.000000,510,1000,19000,19000,19000,20000,20000,20000,20000,20000,20000,477,0,600.0,4382.145472955123,35.609599988674745,24736.423599999398,332.0
1778884151,350,GET,GET /api/ -> https://locust.io/,6.800000,0.000000,490,560,630,680,18000,19000,20000,21000,21000,21000,21000,320,0,580.0,3919.9487053126177,228.22210000595078,24618.32979999599,5097.0
1778884151,350,GET,GET /api/ -> https://redis.io/,6.700000,0.000000,480,570,650,930,18000,19000,20000,20000,20000,20000,20000,339,0,560.0,4609.04679557449,198.64610000513494,24737.871599994833,7780.0
1778884151,350,GET,GET /api/ -> https://training.play-with-docker.com/,5.200000,0.000000,390,470,630,660,1000,19000,19000,22000,22000,22000,22000,269,0,490.0,2563.78352044641,240.26160000357777,21684.759900002973,1503.0
1778884151,350,GET,GET /api/ -> https://www.python.org/,8.300000,0.000000,460,520,690,940,19000,19000,19000,20000,20000,20000,20000,440,0,600.0,4169.373191818357,229.62559998268262,24685.272300004726,13844.0
1778884151,350,,Aggregated,66.000000,0.000000,480,630,900,18000,19000,20000,20000,21000,22000,22000,22000,4006,0,700.0,5028.610351872267,16.405200003646314,26307.59529999341,6844.231153270095
1778884152,350,GET,GET /api/ -> http://example.com/,5.300000,0.000000,460,920,20000,20000,20000,21000,21000,22000,22000,22000,22000,581,0,5200.0,7881.051224612978,16.405200003646314,24725.798600004055,68.0
1778884152,350,GET,GET /api/ -> https://books.toscrape.com/,4.700000,0.000000,19000,19000,20000,20000,20000,20000,20000,20000,20000,20000,20000,559,0,1900.0,6933.805087298776,39.283899997826666,24816.83980001253,8223.0
1778884152,350,GET,GET /api/ -> https://docs.docker.com/,7.600000,0.000000,400,510,550,630,18000,19000,19000,19000,19000,19000,19000,423,0,590.0,3770.3671825060433,185.35870002233423,24265.85610001348,1856.0
1778884152,350,GET,GET /api/ -> https://flask.palletsprojects.com/,7.000000,0.000000,410,510,640,710,19000,20000,21000,22000,22000,22000,22000,386,0,520.0,3720.24192538924,239.17330001131631,24747.947399999248,20936.0
1778884152,350,GET,GET /api/ -> https://github.com/ibnesayeed/linkextractor,5.700000,0.000000,390,480,540,600,890,20000,20000,20000,20000,20000,20000,298,0,520.0,6102.235277517852,198.58330002170987,26307.59529999341,12313.0
1778884152,350,GET,GET /api/ -> https://httpbin.org/,6.500000,0.000000,370,510,820,18000,19000,20000,20000,20000,20000,20000,20000,510,0,520.0,4196.110130783497,35.609599988674745,24736.423599999398,332.0
1778884152,350,GET,GET /api/ -> https://locust.io/,6.800000,0.000000,500,580,680,700,18000,19000,20000,21000,21000,21000,21000,323,0,580.0,3947.7548643964847,213.88490000390448,24618.32979999599,5097.0
1778884152,350,GET,GET /api/ -> https://redis.io/,6.600000,0.000000,490,590,650,910,18000,19000,20000,20000,20000,20000,20000,341,0,550.0,4583.991613782293,198.64610000513494,24737.871599994833,7780.0
1778884152,350,GET,GET /api/ -> https://training.play-with-docker.com/,5.500000,0.000000,380,490,630,740,19000,20000,20000,22000,22000,22000,22000,276,0,490.0,2789.1047369569383,204.4696999946609,21684.759900002973,1503.0
1778884152,350,GET,GET /api/ -> https://www.python.org/,7.400000,0.000000,400,510,600,690,19000,20000,20000,20000,20000,20000,20000,475,0,550.0,4048.374410526594,188.9147000038065,24685.272300004726,13844.0
1778884152,350,,Aggregated,63.100000,0.000000,450,580,840,18000,20000,20000,20000,21000,22000,22000,22000,4172,0,670.0,5027.633149568653,16.405200003646314,26307.59529999341,6862.699424736337
1778884153,350,GET,GET /api/ -> http://example.com/,6.000000,0.000000,410,890,19000,20000,20000,21000,21000,22000,22000,22000,22000,590,0,5100.0,7764.176445762964,16.405200003646314,24725.798600004055,68.0
1778884153,350,GET,GET /api/ -> https://books.toscrape.com/,6.400000,0.000000,18000,19000,20000,20000,20000,20000,20000,20000,20000,20000,20000,566,0,1900.0,6850.986520848048,39.283899997826666,24816.83980001253,8223.0
1778884153,350,GET,GET /api/ -> https://docs.docker.com/,7.600000,0.000000,400,520,600,690,19000,20000,20000,20000,20000,20000,20000,437,0,600.0,4012.3559922198083,178.58839998370968,24265.85610001348,1856.0
1778884153,350,GET,GET /api/ -> https://flask.palletsprojects.com/,7.700000,0.000000,380,480,600,700,19000,20000,21000,22000,22000,22000,22000,406,0,510.0,3690.6638283256284,189.32350000250153,24747.947399999248,20936.0
1778884153,350,GET,GET /api/ -> https://github.com/ibnesayeed/linkextractor,6.200000,0.000000,390,490,600,680,19000,20000,20000,20000,20000,20000,20000,314,0,510.0,6045.293534714373,179.9328999768477,26307.59529999341,12313.0
1778884153,350,GET,GET /api/ -> https://httpbin.org/,7.100000,0.000000,360,510,710,18000,19000,20000,20000,20000,20000,20000,20000,524,0,510.0,4237.885157251106,35.609599988674745,24736.423599999398,332.0
1778884153,350,GET,GET /api/ -> https://locust.io/,7.300000,0.000000,440,530,630,680,18000,20000,20000,21000,21000,21000,21000,345,0,540.0,3823.2421762318404,199.6670000080485,24618.32979999599,5097.0
1778884153,350,GET,GET /api/ -> https://redis.io/,6.900000,0.000000,390,510,630,840,18000,20000,20000,20000,20000,20000,20000,370,0,520.0,4503.360957837258,185.01459999242797,24737.871599994833,7780.0
1778884153,350,GET,GET /api/ -> https://training.play-with-docker.com/,6.100000,0.000000,380,440,630,740,19000,20000,20000,22000,22000,22000,22000,291,0,480.0,2919.8111240553817,185.2227000053972,21684.759900002973,1503.0
1778884153,350,GET,GET /api/ -> https://www.python.org/,7.300000,0.000000,380,500,520,680,19000,20000,20000,20000,20000,20000,20000,487,0,550.0,4154.247143737435,188.9147000038065,24685.272300004726,13844.0
1778884153,350,,Aggregated,68.600000,0.000000,400,520,700,18000,20000,20000,20000,21000,22000,22000,22000,4330,0,650.0,5008.603013926166,16.405200003646314,26307.59529999341,6896.568591224019
1778884154,350,GET,GET /api/ -> http://example.com/,6.100000,0.000000,400,900,18000,20000,20000,21000,21000,22000,22000,22000,22000,602,0,5100.0,7728.570468604757,16.405200003646314,24725.798600004055,68.0
1778884154,350,GET,GET /api/ -> https://books.toscrape.com/,10.600000,0.000000,640,19000,20000,20000,20000,20000,20000,20000,20000,20000,20000,578,0,1800.0,6797.7968337371085,39.283899997826666,24816.83980001253,8223.0
1778884154,350,GET,GET /api/ -> https://docs.docker.com/,7.200000,0.000000,340,510,600,690,19000,20000,20000,20000,20000,20000,20000,454,0,590.0,4141.4942129959745,170.89429998304695,24265.85610001348,1856.0
1778884154,350,GET,GET /api/ -> https://flask.palletsprojects.com/,7.800000,0.000000,370,480,620,710,19000,20000,21000,22000,22000,22000,22000,422,0,500.0,3808.0070078203576,174.4161999959033,24747.947399999248,20936.0
1778884154,350,GET,GET /api/ -> https://github.com/ibnesayeed/linkextractor,6.400000,0.000000,380,490,600,720,19000,19000,20000,20000,20000,20000,20000,333,0,500.0,6032.092919820789,164.22040000907145,26307.59529999341,12313.0
1778884154,350,GET,GET /api/ -> https://httpbin.org/,9.800000,0.000000,350,470,690,17000,19000,20000,20000,20000,20000,20000,20000,539,0,510.0,4344.017048607727,35.609599988674745,24736.423599999398,332.0
1778884154,350,GET,GET /api/ -> https://locust.io/,7.000000,0.000000,360,480,540,630,17000,19000,20000,21000,21000,21000,21000,367,0,510.0,3795.8983831061305,166.2994000071194,24618.32979999599,5097.0
1778884154,350,GET,GET /api/ -> https://redis.io/,7.100000,0.000000,350,470,520,610,17000,20000,20000,20000,20000,20000,20000,390,0,510.0,4497.960885384162,157.23790001356974,24737.871599994833,7780.0
1778884154,350,GET,GET /api/ -> https://training.play-with-docker.com/,6.600000,0.000000,370,400,540,740,19000,20000,20000,22000,22000,22000,22000,309,0,470.0,3112.259462783486,161.16350001539104,21684.759900002973,1503.0
1778884154,350,GET,GET /api/ -> https://www.python.org/,8.000000,0.000000,350,480,510,620,19000,20000,20000,20000,20000,20000,20000,502,0,530.0,4210.624881872682,169.73729999153875,24685.272300004726,13844.0
1778884154,350,,Aggregated,76.600000,0.000000,370,500,680,17000,20000,20000,20000,20000,22000,22000,22000,4496,0,630.0,5035.982377691346,16.405200003646314,26307.59529999341,6910.484208185054
1778884156,350,GET,GET /api/ -> http://example.com/,6.600000,0.000000,350,15000,17000,20000,20000,21000,21000,22000,22000,22000,22000,621,0,5000.0,7669.352628341511,16.405200003646314,24725.798600004055,68.0
1778884156,350,GET,GET /api/ -> https://books.toscrape.com/,11.300000,0.000000,13000,19000,20000,20000,20000,20000,20000,20000,20000,20000,20000,598,0,1700.0,6745.428222742631,39.283899997826666,24816.83980001253,8223.0
1778884156,350,GET,GET /api/ -> https://docs.docker.com/,9.300000,0.000000,350,630,16000,16000,19000,20000,20000,20000,20000,20000,20000,474,0,600.0,4349.259561393042,158.33149998798035,24265.85610001348,1856.0
1778884156,350,GET,GET /api/ -> https://flask.palletsprojects.com/,9.200000,0.000000,300,500,720,16000,19000,19000,21000,21000,22000,22000,22000,447,0,500.0,3938.111211857274,151.74530001240782,24747.947399999248,20936.0
1778884156,350,GET,GET /api/ -> https://github.com/ibnesayeed/linkextractor,7.300000,0.000000,290,460,600,680,19000,19000,20000,20000,20000,20000,20000,351,0,490.0,5776.8719433058095,155.87339998455718,26307.59529999341,12313.0
1778884156,350,GET,GET /api/ -> https://httpbin.org/,11.000000,0.000000,330,380,510,690,19000,20000,20000,20000,20000,20000,20000,558,0,500.0,4282.295116665946,35.609599988674745,24736.423599999398,332.0
1778884156,350,GET,GET /api/ -> https://locust.io/,8.100000,0.000000,290,410,530,610,16000,19000,20000,20000,21000,21000,21000,387,0,500.0,3725.9637467698217,158.52539998013526,24618.32979999599,5097.0
1778884156,350,GET,GET /api/ -> https://redis.io/,8.400000,0.000000,320,400,510,630,17000,19000,20000,20000,20000,20000,20000,412,0,500.0,4453.787822086967,154.55629999632947,24737.871599994833,7780.0
1778884156,350,GET,GET /api/ -> https://training.play-with-docker.com/,7.100000,0.000000,310,390,540,14000,19000,20000,20000,22000,22000,22000,22000,328,0,440.0,3129.455028963648,161.16350001539104,21684.759900002973,1503.0
1778884156,350,GET,GET /api/ -> https://www.python.org/,9.800000,0.000000,320,470,510,550,19000,20000,20000,20000,20000,20000,20000,513,0,520.0,4186.733183820837,167.1199999982491,24685.272300004726,13844.0
1778884156,350,,Aggregated,88.000000,0.000000,330,500,710,16000,19000,20000,20000,20000,22000,22000,22000,4689,0,610.0,5008.890052441997,16.405200003646314,26307.59529999341,6926.357858818511
1778884157,350,GET,GET /api/ -> http://example.com/,7.200000,0.000000,310,7900,12000,15000,20000,20000,21000,22000,22000,22000,22000,646,0,5000.0,7527.311918111505,16.405200003646314,24725.798600004055,68.0
1778884157,350,GET,GET /api/ -> https://books.toscrape.com/,11.800000,0.000000,12000,19000,20000,20000,20000,20000,20000,20000,20000,20000,20000,611,0,1800.0,6744.990434697314,39.283899997826666,24816.83980001253,8223.0
1778884157,350,GET,GET /api/ -> https://docs.docker.com/,9.600000,0.000000,260,630,13000,16000,19000,20000,20000,20000,20000,20000,20000,493,0,580.0,4314.117751319164,151.41910000238568,24265.85610001348,1856.0
1778884157,350,GET,GET /api/ -> https://flask.palletsprojects.com/,9.600000,0.000000,280,520,11000,13000,17000,19000,21000,21000,22000,22000,22000,465,0,500.0,3970.8664761294776,151.74530001240782,24747.947399999248,20936.0
1778884157,350,GET,GET /api/ -> https://github.com/ibnesayeed/linkextractor,8.300000,0.000000,290,480,680,12000,17000,19000,20000,20000,20000,20000,20000,371,0,480.0,5766.731348248859,150.27589999954216,26307.59529999341,12313.0
1778884157,350,GET,GET /api/ -> https://httpbin.org/,11.800000,0.000000,290,370,510,690,17000,19000,20000,20000,20000,20000,20000,573,0,500.0,4264.480763175632,35.609599988674745,24736.423599999398,332.0
1778884157,350,GET,GET /api/ -> https://locust.io/,9.300000,0.000000,250,340,490,630,16000,19000,20000,20000,21000,21000,21000,408,0,490.0,3665.940808333093,154.6412000025157,24618.32979999599,5097.0
1778884157,350,GET,GET /api/ -> https://redis.io/,9.700000,0.000000,240,360,630,12000,16000,19000,20000,20000,20000,20000,20000,437,0,490.0,4494.337020594601,154.55629999632947,24737.871599994833,7780.0
1778884157,350,GET,GET /api/ -> https://training.play-with-docker.com/,8.200000,0.000000,270,370,440,7900,19000,19000,20000,20000,22000,22000,22000,349,0,430.0,3035.9040730662696,150.344399997266,21684.759900002973,1503.0
1778884157,350,GET,GET /api/ -> https://www.python.org/,10.500000,0.000000,290,350,520,12000,19000,20000,20000,20000,20000,20000,20000,534,0,510.0,4169.155869475779,157.36439998727292,24685.272300004726,13844.0
1778884157,350,,Aggregated,96.000000,0.000000,290,490,12000,14000,19000,20000,20000,20000,22000,22000,22000,4887,0,600.0,4969.4576035605805,16.405200003646314,26307.59529999341,6931.341722938408
1778884158,350,GET,GET /api/ -> http://example.com/,7.200000,0.000000,300,470,11000,15000,20000,20000,21000,21000,22000,22000,22000,655,0,4800.0,7427.299007328318,16.405200003646314,24725.798600004055,68.0
1778884158,350,GET,GET /api/ -> https://books.toscrape.com/,11.800000,0.000000,670,19000,19000,20000,20000,20000,20000,20000,20000,20000,20000,622,0,1500.0,6630.63812057892,39.283899997826666,24816.83980001253,8223.0
1778884158,350,GET,GET /api/ -> https://docs.docker.com/,9.600000,0.000000,250,650,13000,16000,19000,20000,20000,20000,20000,20000,20000,496,0,580.0,4289.62502278292,151.41910000238568,24265.85610001348,1856.0
1778884158,350,GET,GET /api/ -> https://flask.palletsprojects.com/,9.600000,0.000000,280,370,12000,16000,19000,19000,21000,21000,22000,22000,22000,469,0,500.0,3939.7004253735126,151.74530001240782,24747.947399999248,20936.0
1778884158,350,GET,GET /api/ -> https://github.com/ibnesayeed/linkextractor,8.300000,0.000000,280,320,600,12000,17000,19000,20000,20000,20000,20000,20000,380,0,460.0,5655.84599921146,150.27589999954216,26307.59529999341,12313.0
1778884158,350,GET,GET /api/ -> https://httpbin.org/,11.800000,0.000000,290,350,400,510,17000,19000,20000,20000,20000,20000,20000,580,0,490.0,4215.8785641373015,35.609599988674745,24736.423599999398,332.0
1778884158,350,GET,GET /api/ -> https://locust.io/,9.300000,0.000000,250,300,370,530,16000,19000,20000,20000,21000,21000,21000,415,0,490.0,3628.0167667467304,154.6412000025157,24618.32979999599,5097.0
1778884158,350,GET,GET /api/ -> https://redis.io/,9.700000,0.000000,230,350,490,12000,16000,19000,20000,20000,20000,20000,20000,443,0,480.0,4436.686406094351,154.55629999632947,24737.871599994833,7780.0
1778884158,350,GET,GET /api/ -> https://training.play-with-docker.com/,8.200000,0.000000,270,320,380,7900,19000,19000,20000,20000,22000,22000,22000,356,0,420.0,2982.18284269698,150.344399997266,21684.759900002973,1503.0
1778884158,350,GET,GET /api/ -> https://www.python.org/,10.500000,0.000000,270,330,520,12000,19000,20000,20000,20000,20000,20000,20000,537,0,510.0,4147.3020582869185,157.36439998727292,24685.272300004726,13844.0
1778884158,350,,Aggregated,96.000000,0.000000,280,370,11000,14000,19000,20000,20000,20000,22000,22000,22000,4953,0,590.0,4909.909075691606,16.405200003646314,26307.59529999341,6925.377952755905
1778884159,350,GET,GET /api/ -> http://example.com/,7.200000,0.000000,270,480,11000,15000,20000,20000,21000,21000,21000,21000,21000,655,0,4800.0,7427.299007328318,16.405200003646314,24725.798600004055,68.0
1778884159,350,GET,GET /api/ -> https://books.toscrape.com/,11.800000,0.000000,11000,19000,19000,20000,20000,20000,20000,20000,20000,20000,20000,622,0,1500.0,6630.63812057892,39.283899997826666,24816.83980001253,8223.0
1778884159,350,GET,GET /api/ -> https://docs.docker.com/,9.600000,0.000000,250,11000,15000,16000,19000,20000,20000,20000,20000,20000,20000,496,0,580.0,4289.62502278292,151.41910000238568,24265.85610001348,1856.0
1778884159,350,GET,GET /api/ -> https://flask.palletsprojects.com/,9.600000,0.000000,280,320,11000,13000,17000,19000,19000,20000,20000,20000,20000,469,0,500.0,3939.7004253735126,151.74530001240782,24747.947399999248,20936.0
1778884159,350,GET,GET /api/ -> https://github.com/ibnesayeed/linkextractor,8.300000,0.000000,260,300,500,12000,17000,19000,20000,20000,20000,20000,20000,380,0,460.0,5655.84599921146,150.27589999954216,26307.59529999341,12313.0
1778884159,350,GET,GET /api/ -> https://httpbin.org/,11.800000,0.000000,280,340,400,510,17000,19000,20000,20000,20000,20000,20000,580,0,490.0,4215.8785641373015,35.609599988674745,24736.423599999398,332.0
1778884159,350,GET,GET /api/ -> https://locust.io/,9.300000,0.000000,240,280,310,350,16000,19000,20000,20000,20000,20000,20000,415,0,490.0,3628.0167667467304,154.6412000025157,24618.32979999599,5097.0
1778884159,350,GET,GET /api/ -> https://redis.io/,9.700000,0.000000,230,320,490,13000,17000,19000,20000,20000,20000,20000,20000,443,0,480.0,4436.686406094351,154.55629999632947,24737.871599994833,7780.0
1778884159,350,GET,GET /api/ -> https://training.play-with-docker.com/,8.200000,0.000000,240,300,370,7900,19000,19000,20000,20000,20000,20000,20000,356,0,420.0,2982.18284269698,150.344399997266,21684.759900002973,1503.0
1778884159,350,GET,GET /api/ -> https://www.python.org/,10.500000,0.000000,260,320,520,13000,19000,20000,20000,20000,20000,20000,20000,537,0,510.0,4147.3020582869185,157.36439998727292,24685.272300004726,13844.0
1778884159,350,,Aggregated,96.000000,0.000000,260,350,12000,15000,19000,20000,20000,20000,21000,21000,21000,4953,0,590.0,4909.909075691606,16.405200003646314,26307.59529999341,6925.377952755905
1778884160,350,GET,GET /api/ -> http://example.com/,10.700000,0.000000,290,7600,8800,12000,17000,20000,20000,20000,20000,20000,20000,667,0,4800.0,7394.078370314835,16.405200003646314,24725.798600004055,68.0
1778884160,350,GET,GET /api/ -> https://books.toscrape.com/,15.000000,0.000000,1900,16000,19000,20000,20000,20000,20000,20000,20000,20000,20000,630,0,1600.0,6623.613246190606,39.283899997826666,24816.83980001253,8223.0
1778884160,350,GET,GET /api/ -> https://docs.docker.com/,11.600000,0.000000,310,8200,12000,13000,17000,19000,20000,20000,20000,20000,20000,522,0,620.0,4468.053727778548,151.41910000238568,24265.85610001348,1856.0
1778884160,350,GET,GET /api/ -> https://flask.palletsprojects.com/,12.500000,0.000000,280,370,9700,12000,16000,19000,19000,19000,19000,19000,19000,478,0,500.0,3998.2546395401173,151.74530001240782,24747.947399999248,20936.0
1778884160,350,GET,GET /api/ -> https://github.com/ibnesayeed/linkextractor,11.800000,0.000000,280,1900,8900,12000,17000,19000,20000,20000,20000,20000,20000,393,0,490.0,5679.332620357256,150.27589999954216,26307.59529999341,12313.0
1778884160,350,GET,GET /api/ -> https://httpbin.org/,13.300000,0.000000,320,1700,8400,8900,16000,19000,20000,20000,20000,20000,20000,608,0,510.0,4380.758773519022,35.609599988674745,24736.423599999398,332.0
1778884160,350,GET,GET /api/ -> https://locust.io/,12.400000,0.000000,240,290,440,7200,13000,17000,19000,20000,20000,20000,20000,426,0,490.0,3709.4901100936113,154.6412000025157,24618.32979999599,5097.0
1778884160,350,GET,GET /api/ -> https://redis.io/,12.900000,0.000000,230,360,8700,11000,16000,17000,19000,20000,20000,20000,20000,458,0,500.0,4544.01391986849,154.55629999632947,24737.871599994833,7780.0
1778884160,350,GET,GET /api/ -> https://training.play-with-docker.com/,11.500000,0.000000,240,350,7000,9600,19000,19000,20000,20000,20000,20000,20000,367,0,430.0,3067.724212261687,150.344399997266,21684.759900002973,1503.0
1778884160,350,GET,GET /api/ -> https://www.python.org/,11.500000,0.000000,320,7200,8300,8900,17000,20000,20000,20000,20000,20000,20000,564,0,550.0,4283.079077482452,157.36439998727292,24685.272300004726,13844.0
1778884160,350,,Aggregated,123.200000,0.000000,280,6900,8900,13000,18000,20000,20000,20000,20000,20000,20000,5113,0,620.0,4976.844901936319,16.405200003646314,26307.59529999341,6911.232153334638
1778884161,350,GET,GET /api/ -> http://example.com/,10.600000,0.000000,300,5600,8800,11000,17000,20000,20000,20000,20000,20000,20000,676,0,4700.0,7344.935391568065,16.405200003646314,24725.798600004055,68.0
1778884161,350,GET,GET /api/ -> https://books.toscrape.com/,14.500000,0.000000,320,5000,6100,8900,13000,16000,17000,17000,20000,20000,20000,649,0,1900.0,6585.855415254235,39.283899997826666,24816.83980001253,8223.0
1778884161,350,GET,GET /api/ -> https://docs.docker.com/,10.800000,0.000000,5000,8100,8900,13000,16000,19000,20000,20000,20000,20000,20000,537,0,660.0,4491.06854115545,151.41910000238568,24265.85610001348,1856.0
1778884161,350,GET,GET /api/ -> https://flask.palletsprojects.com/,11.500000,0.000000,290,5100,7800,11000,16000,17000,19000,19000,19000,19000,19000,496,0,520.0,4053.1407794357706,151.74530001240782,24747.947399999248,20936.0
1778884161,350,GET,GET /api/ -> https://github.com/ibnesayeed/linkextractor,10.600000,0.000000,310,5800,6700,8100,16000,19000,19000,19000,20000,20000,20000,413,0,510.0,5677.07296900835,150.27589999954216,26307.59529999341,12313.0
1778884161,350,GET,GET /api/ -> https://httpbin.org/,12.600000,0.000000,320,6900,8400,8900,16000,17000,19000,20000,20000,20000,20000,620,0,550.0,4405.237309192916,35.609599988674745,24736.423599999398,332.0
1778884161,350,GET,GET /api/ -> https://locust.io/,11.600000,0.000000,250,1800,5300,6600,12000,17000,19000,20000,20000,20000,20000,442,0,500.0,3768.6620158368137,154.6412000025157,24618.32979999599,5097.0
1778884161,350,GET,GET /api/ -> https://redis.io/,12.400000,0.000000,240,5400,7500,9700,16000,17000,19000,20000,20000,20000,20000,469,0,510.0,4564.200172280976,154.55629999632947,24737.871599994833,7780.0
1778884161,350,GET,GET /api/ -> https://training.play-with-docker.com/,10.900000,0.000000,250,4900,6600,7900,17000,19000,19000,19000,20000,20000,20000,379,0,450.0,3155.442193403854,150.344399997266,21684.759900002973,1503.0
1778884161,350,GET,GET /api/ -> https://www.python.org/,11.100000,0.000000,320,6100,8200,8600,16000,19000,20000,20000,20000,20000,20000,579,0,580.0,4315.2793837652025,157.36439998727292,24685.272300004726,13844.0
1778884161,350,,Aggregated,116.600000,0.000000,290,5600,8000,8900,16000,19000,20000,20000,20000,20000,20000,5260,0,660.0,4988.2422503042635,16.405200003646314,26307.59529999341,6947.098669201521
1778884162,350,GET,GET /api/ -> http://example.com/,10.400000,0.000000,2900,4200,5400,8200,12000,15000,17000,18000,18000,18000,18000,700,0,4300.0,7237.480708428538,16.405200003646314,24725.798600004055,68.0
1778884162,350,GET,GET /api/ -> https://books.toscrape.com/,14.800000,0.000000,1900,5300,6400,8900,13000,16000,17000,17000,17000,17000,17000,655,0,1900.0,6571.882716946577,39.283899997826666,24816.83980001253,8223.0
1778884162,350,GET,GET /api/ -> https://docs.docker.com/,11.400000,0.000000,5700,8200,11000,13000,16000,19000,20000,20000,20000,20000,20000,541,0,670.0,4481.684467283735,151.41910000238568,24265.85610001348,1856.0
1778884162,350,GET,GET /api/ -> https://flask.palletsprojects.com/,11.500000,0.000000,1800,6200,9700,12000,16000,17000,19000,19000,19000,19000,19000,496,0,520.0,4053.1407794357706,151.74530001240782,24747.947399999248,20936.0
1778884162,350,GET,GET /api/ -> https://github.com/ibnesayeed/linkextractor,10.700000,0.000000,320,5700,6500,7900,13000,19000,19000,19000,19000,19000,19000,416,0,510.0,5668.15232812601,150.27589999954216,26307.59529999341,12313.0
1778884162,350,GET,GET /api/ -> https://httpbin.org/,14.500000,0.000000,5100,8200,8700,9300,16000,17000,19000,20000,20000,20000,20000,623,0,570.0,4405.041954413447,35.609599988674745,24736.423599999398,332.0
1778884162,350,GET,GET /api/ -> https://locust.io/,11.100000,0.000000,270,3300,5300,6600,12000,17000,19000,19000,20000,20000,20000,444,0,510.0,3769.7758060808032,154.6412000025157,24618.32979999599,5097.0
1778884162,350,GET,GET /api/ -> https://redis.io/,12.400000,0.000000,260,5600,8300,9700,16000,17000,19000,19000,20000,20000,20000,473,0,510.0,4553.296357082046,154.55629999632947,24737.871599994833,7780.0
1778884162,350,GET,GET /api/ -> https://training.play-with-docker.com/,10.800000,0.000000,290,4900,6500,7200,16000,19000,19000,19000,19000,19000,19000,384,0,450.0,3161.4877041668783,150.344399997266,21684.759900002973,1503.0
1778884162,350,GET,GET /api/ -> https://www.python.org/,12.100000,0.000000,4900,7200,8300,8600,13000,17000,19000,19000,20000,20000,20000,582,0,580.0,4312.490300859164,157.36439998727292,24685.272300004726,13844.0
1778884162,350,,Aggregated,119.700000,0.000000,1800,5700,8100,8900,16000,17000,19000,19000,20000,20000,20000,5314,0,670.0,4979.192994599246,16.405200003646314,26307.59529999341,6911.635114791118
1778884163,350,GET,GET /api/ -> http://example.com/,10.400000,0.000000,3500,4300,5600,8200,11000,15000,15000,16000,16000,16000,16000,700,0,4300.0,7237.480708428538,16.405200003646314,24725.798600004055,68.0
1778884163,350,GET,GET /api/ -> https://books.toscrape.com/,14.800000,0.000000,4900,5300,6600,8900,13000,14000,16000,16000,16000,16000,16000,655,0,1900.0,6571.882716946577,39.283899997826666,24816.83980001253,8223.0
1778884163,350,GET,GET /api/ -> https://docs.docker.com/,11.400000,0.000000,5800,8200,8700,9700,13000,16000,16000,16000,16000,16000,16000,541,0,670.0,4481.684467283735,151.41910000238568,24265.85610001348,1856.0
1778884163,350,GET,GET /api/ -> https://flask.palletsprojects.com/,11.500000,0.000000,4900,6500,9600,11000,13000,16000,16000,16000,16000,16000,16000,496,0,520.0,4053.1407794357706,151.74530001240782,24747.947399999248,20936.0
1778884163,350,GET,GET /api/ -> https://github.com/ibnesayeed/linkextractor,10.700000,0.000000,4800,6100,6500,7200,11000,13000,13000,16000,16000,16000,16000,416,0,510.0,5668.15232812601,150.27589999954216,26307.59529999341,12313.0
1778884163,350,GET,GET /api/ -> https://httpbin.org/,14.500000,0.000000,5100,7800,8400,8600,9700,13000,16000,16000,16000,16000,16000,623,0,570.0,4405.041954413447,35.609599988674745,24736.423599999398,332.0
1778884163,350,GET,GET /api/ -> https://locust.io/,11.100000,0.000000,330,4900,6100,6900,9600,13000,16000,16000,16000,16000,16000,444,0,510.0,3769.7758060808032,154.6412000025157,24618.32979999599,5097.0
1778884163,350,GET,GET /api/ -> https://redis.io/,12.400000,0.000000,3300,6700,8700,9500,13000,13000,16000,16000,16000,16000,16000,473,0,510.0,4553.296357082046,154.55629999632947,24737.871599994833,7780.0
1778884163,350,GET,GET /api/ -> https://training.play-with-docker.com/,10.800000,0.000000,310,4900,6400,6600,9600,14000,16000,16000,16000,16000,16000,384,0,450.0,3161.4877041668783,150.344399997266,21684.759900002973,1503.0
1778884163,350,GET,GET /api/ -> https://www.python.org/,12.100000,0.000000,5100,7200,8200,8500,11000,13000,16000,16000,16000,16000,16000,582,0,580.0,4312.490300859164,157.36439998727292,24685.272300004726,13844.0
1778884163,350,,Aggregated,119.700000,0.000000,4700,6100,7900,8400,13000,14000,16000,16000,16000,16000,16000,5314,0,670.0,4979.192994599246,16.405200003646314,26307.59529999341,6911.635114791118
1778884168,350,GET,GET /api/ -> http://example.com/,9.800000,0.000000,4000,5000,5300,5600,8200,8200,8800,8800,8800,8800,8800,702,0,4400.0,7238.669322222132,16.405200003646314,24725.798600004055,68.0
1778884168,350,GET,GET /api/ -> https://books.toscrape.com/,7.700000,0.000000,5600,7200,7500,7600,8000,8900,9700,9700,9700,9700,9700,667,0,2000.0,6589.787511244322,39.283899997826666,24816.83980001253,8223.0
1778884168,350,GET,GET /api/ -> https://docs.docker.com/,8.700000,0.000000,7600,8000,8000,8200,8500,8900,8900,9700,9700,9700,9700,561,0,710.0,4595.014570945632,151.41910000238568,24265.85610001348,1856.0
1778884168,350,GET,GET /api/ -> https://flask.palletsprojects.com/,7.400000,0.000000,7500,7600,7700,7800,8000,9500,9600,9700,9700,9700,9700,522,0,580.0,4232.023153831912,151.74530001240782,24747.947399999248,20936.0
1778884168,350,GET,GET /api/ -> https://github.com/ibnesayeed/linkextractor,8.300000,0.000000,6400,7000,7400,7500,8000,8900,9700,9700,9700,9700,9700,424,0,520.0,5705.465523350077,150.27589999954216,26307.59529999341,12313.0
1778884168,350,GET,GET /api/ -> https://httpbin.org/,8.400000,0.000000,7900,8200,8400,8600,9200,9700,9700,9700,9700,9700,9700,631,0,590.0,4447.543646433562,35.609599988674745,24736.423599999398,332.0
1778884168,350,GET,GET /api/ -> https://locust.io/,7.700000,0.000000,6900,7400,7500,7700,8000,8700,9600,9600,9600,9600,9600,456,0,520.0,3872.0459383770694,154.6412000025157,24618.32979999599,5097.0
1778884168,350,GET,GET /api/ -> https://redis.io/,8.300000,0.000000,6700,7500,7600,8300,8900,9500,9700,9700,9700,9700,9700,477,0,520.0,4578.6514584901515,154.55629999632947,24737.871599994833,7780.0
1778884168,350,GET,GET /api/ -> https://training.play-with-docker.com/,7.500000,0.000000,6600,7200,7300,7500,8200,9600,9700,9700,9700,9700,9700,394,0,470.0,3270.5506718277115,150.344399997266,21684.759900002973,1503.0
1778884168,350,GET,GET /api/ -> https://www.python.org/,8.000000,0.000000,7600,8000,8000,8200,8600,8900,9100,9100,9100,9100,9100,607,0,640.0,4453.179044645697,157.36439998727292,24685.272300004726,13844.0
1778884168,350,,Aggregated,81.800000,0.000000,7000,7600,7900,8000,8400,8900,9600,9700,9700,9700,9700,5441,0,710.0,5041.484498437869,16.405200003646314,26307.59529999341,6977.259878698768
