Timestamp,User Count,Type,Name,Requests/s,Failures/s,50%,66%,75%,80%,90%,95%,98%,99%,99.9%,99.99%,100%,Total Request Count,Total Failure Count,Total Median Response Time,Total Average Response Time,Total Min Response Time,Total Max Response Time,Total Average Content Size
1778884843,0,,Aggregated,0.000000,0.000000,N/A,N/A,N/A,N/A,N/A,N/A,N/A,N/A,N/A,N/A,N/A,0,0,0,0.0,0,0,0
1778884844,5,GET,GET /api/ -> http://example.com/,0.000000,0.000000,0,0,0,0,0,0,0,0,0,0,0,5,0,120.0,128.5881999938283,112.72629999439232,156.28499997546896,65.0
1778884844,5,GET,GET /api/ -> https://books.toscrape.com/,0.000000,0.000000,0,0,0,0,0,0,0,0,0,0,0,4,0,760.0,759.0818250027951,734.1740000119898,774.9924000236206,7848.0
1778884844,5,,Aggregated,0.000000,0.000000,0,0,0,0,0,0,0,0,0,0,0,9,0,160.0,408.80758888670243,112.72629999439232,774.9924000236206,3524.1111111111113
1778884845,10,GET,GET /api/ -> http://example.com/,0.000000,0.000000,20,22,22,23,23,23,23,23,23,23,23,10,0,23,73.92496999527793,14.49170001433231,156.28499997546896,65.0
1778884845,10,GET,GET /api/ -> https://books.toscrape.com/,0.000000,0.000000,0,0,0,0,0,0,0,0,0,0,0,9,0,23,345.4937666667522,9.758300002431497,774.9924000236206,7848.0
1778884845,10,GET,GET /api/ -> https://httpbin.org/,0.000000,0.000000,0,0,0,0,0,0,0,0,0,0,0,9,0,570.0,568.0919888869134,523.5575000115205,604.0061000094283,313.0
1778884845,10,GET,GET /api/ -> https://www.python.org/,0.000000,0.000000,0,0,0,0,0,0,0,0,0,0,0,6,0,440.0,443.67408332861186,427.11819999385625,461.0580000153277,12980.0
1778884845,10,,Aggregated,0.000000,0.000000,450,570,570,590,760,760,770,770,770,770,770,34,0,430.0,341.8695882325718,9.758300002431497,774.9924000236206,4469.970588235294
1778884846,15,GET,GET /api/ -> http://example.com/,0.000000,0.000000,94,94,110,130,130,130,130,130,130,130,130,15,0,110.0,86.41030665991518,14.49170001433231,156.28499997546896,65.0
1778884846,15,GET,GET /api/ -> https://books.toscrape.com/,0.000000,0.000000,47,49,49,65,65,65,65,65,65,65,65,14,0,43,239.66431428977688,9.758300002431497,774.9924000236206,7848.0
1778884846,15,GET,GET /api/ -> https://docs.docker.com/,0.000000,0.000000,0,0,0,0,0,0,0,0,0,0,0,14,0,340.0,281.20781428463357,11.742999980924651,513.5802000004333,1741.0
1778884846,15,GET,GET /api/ -> https://httpbin.org/,0.000000,0.000000,82,88,88,99,99,99,99,99,99,99,99,14,0,530.0,393.90320714197253,59.090099995955825,604.0061000094283,313.0
1778884846,15,GET,GET /api/ -> https://www.python.org/,0.000000,0.000000,0,0,0,0,0,0,0,0,0,0,0,14,0,430.0,308.4142142823631,46.63550000987016,495.96429997473024,12980.0
1778884846,15,,Aggregated,0.000000,0.000000,130,430,470,510,590,730,760,770,770,770,770,71,0,120.0,259.4480042236785,9.758300002431497,774.9924000236206,4525.6760563380285
1778884847,25,GET,GET /api/ -> http://example.com/,0.000000,0.000000,94,94,110,130,130,130,130,130,130,130,130,15,0,110.0,86.41030665991518,14.49170001433231,156.28499997546896,65.0
1778884847,25,GET,GET /api/ -> https://books.toscrape.com/,0.000000,0.000000,47,49,49,65,65,65,65,65,65,65,65,14,0,43,239.66431428977688,9.758300002431497,774.9924000236206,7848.0
1778884847,25,GET,GET /api/ -> https://docs.docker.com/,0.000000,0.000000,340,380,420,430,510,510,510,510,510,510,510,14,0,340.0,281.20781428463357,11.742999980924651,513.5802000004333,1741.0
1778884847,25,GET,GET /api/ -> https://httpbin.org/,0.000000,0.000000,82,88,88,99,99,99,99,99,99,99,99,14,0,530.0,393.90320714197253,59.090099995955825,604.0061000094283,313.0
1778884847,25,GET,GET /api/ -> https://www.python.org/,0.000000,0.000000,430,450,450,460,470,500,500,500,500,500,500,14,0,430.0,308.4142142823631,46.63550000987016,495.96429997473024,12980.0
1778884847,25,,Aggregated,0.000000,0.000000,130,430,470,510,590,730,760,770,770,770,770,71,0,120.0,259.4480042236785,9.758300002431497,774.9924000236206,4525.6760563380285
1778884848,30,GET,GET /api/ -> http://example.com/,0.000000,0.000000,94,94,110,130,130,130,130,130,130,130,130,15,0,110.0,86.41030665991518,14.49170001433231,156.28499997546896,65.0
1778884848,30,GET,GET /api/ -> https://books.toscrape.com/,0.000000,0.000000,47,49,49,65,65,65,65,65,65,65,65,14,0,43,239.66431428977688,9.758300002431497,774.9924000236206,7848.0
1778884848,30,GET,GET /api/ -> https://docs.docker.com/,0.000000,0.000000,340,380,420,430,510,510,510,510,510,510,510,14,0,340.0,281.20781428463357,11.742999980924651,513.5802000004333,1741.0
1778884848,30,GET,GET /api/ -> https://httpbin.org/,0.000000,0.000000,82,88,88,99,99,99,99,99,99,99,99,14,0,530.0,393.90320714197253,59.090099995955825,604.0061000094283,313.0
1778884848,30,GET,GET /api/ -> https://www.python.org/,0.000000,0.000000,430,450,450,460,470,500,500,500,500,500,500,14,0,430.0,308.4142142823631,46.63550000987016,495.96429997473024,12980.0
1778884848,30,,Aggregated,0.000000,0.000000,130,430,470,510,590,730,760,770,770,770,770,71,0,120.0,259.4480042236785,9.758300002431497,774.9924000236206,4525.6760563380285
1778884849,35,GET,GET /api/ -> http://example.com/,3.750000,0.000000,320,1300,1300,2200,2300,2400,2400,2400,2400,2400,2400,30,0,160.0,700.6569166648356,14.49170001433231,2442.131799994968,65.0
1778884849,35,GET,GET /api/ -> https://books.toscrape.com/,3.500000,0.000000,100,130,160,170,300,360,5300,5300,5300,5300,5300,30,0,90,363.939290001872,9.758300002431497,5340.8102999965195,7848.0
1778884849,35,GET,GET /api/ -> https://docs.docker.com/,3.500000,0.000000,120,190,340,340,430,510,510,510,510,510,510,27,0,120.0,193.99634073919583,11.742999980924651,513.5802000004333,1741.0
1778884849,35,GET,GET /api/ -> https://flask.palletsprojects.com/,0.000000,0.000000,0,0,0,0,0,0,0,0,0,0,0,26,0,2900.0,1670.9174346156383,7.431000005453825,3260.0063999998383,19667.0
1778884849,35,GET,GET /api/ -> https://httpbin.org/,3.500000,0.000000,160,170,200,230,280,280,370,370,370,370,370,30,0,180.0,283.1000066692165,49.00379999889992,604.0061000094283,313.0
1778884849,35,GET,GET /api/ -> https://www.python.org/,3.500000,0.000000,83,130,430,440,460,470,500,500,500,500,500,30,0,80,183.03577333087256,10.889400000451133,495.96429997473024,12980.0
1778884849,35,,Aggregated,17.750000,0.000000,140,340,500,570,2400,3000,3200,3300,5300,5300,5300,173,0,140.0,546.8422780345016,7.431000005453825,5340.8102999965195,6904.791907514451
1778884850,40,GET,GET /api/ -> http://example.com/,3.750000,0.000000,230,540,1300,1300,2300,2400,2400,2400,2400,2400,2400,35,0,130.0,612.1555057138072,14.49170001433231,2442.131799994968,65.0
1778884850,40,GET,GET /api/ -> https://books.toscrape.com/,3.500000,0.000000,87,120,150,160,300,360,5300,5300,5300,5300,5300,35,0,82,319.4493257157904,9.758300002431497,5340.8102999965195,7848.0
1778884850,40,GET,GET /api/ -> https://docs.docker.com/,3.500000,0.000000,120,160,320,340,420,510,510,510,510,510,510,35,0,120.0,165.69018571255063,6.752399989636615,513.5802000004333,1741.0
1778884850,40,GET,GET /api/ -> https://flask.palletsprojects.com/,0.000000,0.000000,65,83,120,120,130,150,150,150,150,150,150,35,0,120.0,1259.0610971433177,7.431000005453825,3260.0063999998383,19667.0
1778884850,40,GET,GET /api/ -> https://httpbin.org/,3.500000,0.000000,130,170,180,200,280,280,370,370,370,370,370,35,0,170.0,256.377431430987,49.00379999889992,604.0061000094283,313.0
1778884850,40,GET,GET /api/ -> https://www.python.org/,3.500000,0.000000,71,110,410,430,450,470,500,500,500,500,500,35,0,71,161.35365428303234,6.83309999294579,495.96429997473024,12980.0
1778884850,40,,Aggregated,17.750000,0.000000,110,200,410,510,1300,3000,3200,3200,5300,5300,5300,210,0,120.0,462.34786666658084,6.752399989636615,5340.8102999965195,7102.333333333333
1778884851,45,GET,GET /api/ -> http://example.com/,5.000000,0.000000,280,540,1300,1300,2200,2400,2400,2400,2400,2400,2400,40,0,160.0,583.9723725002841,14.49170001433231,2442.131799994968,65.0
1778884851,45,GET,GET /api/ -> https://books.toscrape.com/,5.000000,0.000000,100,160,210,230,330,550,5300,5300,5300,5300,5300,40,0,90,318.78985750227,9.758300002431497,5340.8102999965195,7848.0
1778884851,45,GET,GET /api/ -> https://docs.docker.com/,3.500000,0.000000,120,160,320,340,420,510,510,510,510,510,510,35,0,120.0,165.69018571255063,6.752399989636615,513.5802000004333,1741.0
1778884851,45,GET,GET /api/ -> https://flask.palletsprojects.com/,3.166667,0.000000,65,83,120,120,130,150,150,150,150,150,150,35,0,120.0,1259.0610971433177,7.431000005453825,3260.0063999998383,19667.0
1778884851,45,GET,GET /api/ -> https://httpbin.org/,4.500000,0.000000,140,170,230,240,280,280,370,370,370,370,370,37,0,170.0,255.82351081302969,49.00379999889992,604.0061000094283,313.0
1778884851,45,GET,GET /api/ -> https://redis.io/,0.000000,0.000000,0,0,0,0,0,0,0,0,0,0,0,4,0,1800.0,1786.9888750065002,1549.2344000085723,2002.6511000178289,7221.0
1778884851,45,GET,GET /api/ -> https://www.python.org/,4.500000,0.000000,71,110,410,430,450,470,500,500,500,500,500,35,0,71,161.35365428303234,6.83309999294579,495.96429997473024,12980.0
1778884851,45,,Aggregated,25.666667,0.000000,130,270,430,520,1800,3000,3200,3200,5300,5300,5300,226,0,120.0,478.92737787642386,6.752399989636615,5340.8102999965195,6905.154867256637
1778884852,50,GET,GET /api/ -> http://example.com/,5.000000,0.000000,290,490,1200,1300,2200,2400,2400,2400,2400,2400,2400,45,0,230.0,571.9769911103261,14.49170001433231,2442.131799994968,65.0
1778884852,50,GET,GET /api/ -> https://books.toscrape.com/,5.000000,0.000000,110,170,230,300,460,590,5300,5300,5300,5300,5300,42,0,100.0,328.5078904785526,9.758300002431497,5340.8102999965195,7848.0
1778884852,50,GET,GET /api/ -> https://docs.docker.com/,5.000000,0.000000,120,180,340,340,460,510,970,970,970,970,970,37,0,120.0,195.48462972837828,6.752399989636615,973.3992000110447,1741.0
1778884852,50,GET,GET /api/ -> https://flask.palletsprojects.com/,5.000000,0.000000,65,83,120,120,130,150,150,150,150,150,150,35,0,120.0,1259.0610971433177,7.431000005453825,3260.0063999998383,19667.0
1778884852,50,GET,GET /api/ -> https://httpbin.org/,5.000000,0.000000,140,180,240,270,370,680,740,740,740,740,740,42,0,170.0,276.4169095247607,49.00379999889992,737.9493999760598,313.0
1778884852,50,GET,GET /api/ -> https://locust.io/,0.000000,0.000000,0,0,0,0,0,0,0,0,0,0,0,7,0,580.0,640.7748142789517,55.09179999353364,1518.7379000126384,4762.0
1778884852,50,GET,GET /api/ -> https://redis.io/,0.000000,0.000000,3000,3300,3400,3400,3500,3600,3600,3600,3600,3600,3600,15,0,2500.0,2600.0794800037206,1549.2344000085723,3585.7549000065774,7221.0
1778884852,50,GET,GET /api/ -> https://www.python.org/,5.000000,0.000000,73,130,410,430,460,500,500,500,500,500,500,39,0,73,172.45143333088774,6.83309999294579,498.3232000085991,12980.0
1778884852,50,,Aggregated,30.000000,0.000000,150,370,530,600,2400,3100,3300,3500,5300,5300,5300,262,0,150.0,582.6644950381033,6.752399989636615,5340.8102999965195,6665.335877862595
1778884853,55,GET,GET /api/ -> http://example.com/,5.000000,0.000000,230,400,580,1300,2200,2300,2400,2400,2400,2400,2400,50,0,160.0,529.0895719977561,14.49170001433231,2442.131799994968,65.0
1778884853,55,GET,GET /api/ -> https://books.toscrape.com/,4.625000,0.000000,130,210,330,360,610,1300,5300,5300,5300,5300,5300,45,0,120.0,367.283866668327,9.758300002431497,5340.8102999965195,7848.0
1778884853,55,GET,GET /api/ -> https://docs.docker.com/,4.375000,0.000000,130,190,340,380,510,970,1400,1400,1400,1400,1400,39,0,130.0,228.15167692188436,6.752399989636615,1433.4990000061225,1741.0
1778884853,55,GET,GET /api/ -> https://flask.palletsprojects.com/,4.375000,0.000000,72,110,130,130,170,830,830,830,830,830,830,37,0,130.0,1218.012935135866,7.431000005453825,3260.0063999998383,19667.0
1778884853,55,GET,GET /api/ -> https://github.com/ibnesayeed/linkextractor,0.000000,0.000000,0,0,0,0,0,0,0,0,0,0,0,3,0,720.0,824.445033329539,124.42599999485537,1626.2346000003163,11810.0
1778884853,55,GET,GET /api/ -> https://httpbin.org/,4.375000,0.000000,140,180,240,270,370,680,740,740,740,740,740,43,0,170.0,272.2017534894782,49.00379999889992,737.9493999760598,313.0
1778884853,55,GET,GET /api/ -> https://locust.io/,0.000000,0.000000,320,350,800,800,940,1600,1600,1600,1600,1600,1600,17,0,320.0,534.7153235291926,31.59060000325553,1558.2473000104073,4762.0
1778884853,55,GET,GET /api/ -> https://redis.io/,0.500000,0.000000,3500,3700,3800,3800,4100,4200,4500,4500,4500,4500,4500,33,0,3400.0,3212.3415303040847,1549.2344000085723,4522.812999988673,7221.0
1778884853,55,GET,GET /api/ -> https://www.python.org/,4.375000,0.000000,80,150,430,440,470,500,950,950,950,950,950,40,0,73,191.8776024976978,6.83309999294579,949.4982000032905,12980.0
1778884853,55,,Aggregated,27.625000,0.000000,190,460,730,1300,3100,3500,3800,4100,5300,5300,5300,307,0,180.0,761.8801048857271,6.752399989636615,5340.8102999965195,6642.7491856677525
1778884854,60,GET,GET /api/ -> http://example.com/,4.888889,0.000000,280,470,580,1300,2200,2300,2400,2400,2400,2400,2400,55,0,160.0,497.25212545229374,14.49170001433231,2442.131799994968,65.0
1778884854,60,GET,GET /api/ -> https://books.toscrape.com/,4.444444,0.000000,190,360,550,610,1200,1600,5300,5300,5300,5300,5300,55,0,170.0,458.391234545905,9.758300002431497,5340.8102999965195,7848.0
1778884854,60,GET,GET /api/ -> https://docs.docker.com/,3.888889,0.000000,120,190,340,340,510,970,1400,1400,1400,1400,1400,47,0,120.0,231.66177021228074,6.752399989636615,1433.4990000061225,1741.0
1778884854,60,GET,GET /api/ -> https://flask.palletsprojects.com/,3.888889,0.000000,83,120,130,170,830,1200,2000,2000,2000,2000,2000,44,0,120.0,1107.7051295466265,7.431000005453825,3260.0063999998383,19667.0
1778884854,60,GET,GET /api/ -> https://github.com/ibnesayeed/linkextractor,0.000000,0.000000,0,0,0,0,0,0,0,0,0,0,0,34,0,370.0,714.6135676465586,71.17140002083033,2479.5720000111032,11810.0
1778884854,60,GET,GET /api/ -> https://httpbin.org/,4.444444,0.000000,170,250,290,410,740,830,1200,1200,1200,1200,1200,53,0,200.0,317.90816603900583,49.00379999889992,1153.3598999958485,313.0
1778884854,60,GET,GET /api/ -> https://locust.io/,0.555556,0.000000,680,940,1200,1500,1800,2400,3400,3400,3400,3400,3400,39,0,650.0,822.7887538475139,27.650100004393607,3382.826200017007,4762.0
1778884854,60,GET,GET /api/ -> https://redis.io/,1.222222,0.000000,3400,3600,3800,3800,4200,4500,4500,4500,4500,4500,4500,42,0,3300.0,2793.3543309516695,10.668300004908815,4522.812999988673,7221.0
1778884854,60,GET,GET /api/ -> https://training.play-with-docker.com/,0.000000,0.000000,0,0,0,0,0,0,0,0,0,0,0,28,0,230.0,313.7780321423114,55.92889999388717,959.6750999917276,1424.0
1778884854,60,GET,GET /api/ -> https://www.python.org/,4.222222,0.000000,110,200,430,450,500,950,2000,2000,2000,2000,2000,50,0,94,263.87788599939086,6.83309999294579,1988.6878000106663,12980.0
1778884854,60,,Aggregated,27.555556,0.000000,240,500,940,1200,2900,3400,3800,4200,5300,5300,5300,447,0,230.0,726.4492847873768,6.752399989636615,5340.8102999965195,6663.067114093959
1778884855,65,GET,GET /api/ -> http://example.com/,5.000000,0.000000,160,320,490,580,1300,2300,2400,2400,2400,2400,2400,67,0,130.0,418.2258074605358,4.968399996869266,2442.131799994968,65.0
1778884855,65,GET,GET /api/ -> https://books.toscrape.com/,4.400000,0.000000,120,270,380,550,1200,1600,1800,5300,5300,5300,5300,66,0,120.0,389.81715303089004,3.993499994976446,5340.8102999965195,7848.0
1778884855,65,GET,GET /api/ -> https://docs.docker.com/,3.900000,0.000000,80,130,190,320,430,510,1400,1400,1400,1400,1400,62,0,80,189.11892419395548,4.307499999413267,1433.4990000061225,1741.0
1778884855,65,GET,GET /api/ -> https://flask.palletsprojects.com/,3.600000,0.000000,63,110,120,120,170,830,2000,2000,2000,2000,2000,62,0,83,801.8881758076942,4.115299991099164,3260.0063999998383,19667.0
1778884855,65,GET,GET /api/ -> https://github.com/ibnesayeed/linkextractor,0.000000,0.000000,73,160,230,260,390,590,2500,2500,2500,2500,2500,62,0,150.0,431.07897903105516,4.901999986032024,2479.5720000111032,11810.0
1778884855,65,GET,GET /api/ -> https://httpbin.org/,4.300000,0.000000,140,230,280,370,740,850,1000,1200,1200,1200,1200,62,0,170.0,303.60437742051397,44.09390001092106,1153.3598999958485,313.0
1778884855,65,GET,GET /api/ -> https://locust.io/,1.400000,0.000000,180,580,800,940,1600,1900,2400,3400,3400,3400,3400,62,0,220.0,543.7704709681472,3.704399976413697,3382.826200017007,4762.0
1778884855,65,GET,GET /api/ -> https://redis.io/,2.900000,0.000000,2400,3400,3600,3700,3900,4200,4500,4500,4500,4500,4500,62,0,2000.0,1912.7283145156275,3.8061000232119113,4522.812999988673,7221.0
1778884855,65,GET,GET /api/ -> https://training.play-with-docker.com/,0.000000,0.000000,120,160,230,250,420,480,620,960,960,960,960,62,0,120.0,201.34276774244367,45.37589999381453,959.6750999917276,1424.0
1778884855,65,GET,GET /api/ -> https://www.python.org/,4.000000,0.000000,80,130,240,430,470,900,1700,2000,2000,2000,2000,62,0,73,223.58234193422007,4.129899985855445,1988.6878000106663,12980.0
1778884855,65,,Aggregated,29.500000,0.000000,130,280,470,710,1800,3200,3700,3900,5300,5300,5300,629,0,130.0,539.5709872813059,3.704399976413697,5340.8102999965195,6736.468998410175
1778884856,70,GET,GET /api/ -> http://example.com/,5.000000,0.000000,90,220,330,490,1300,2200,2400,2400,2400,2400,2400,89,0,94,318.3187348287411,4.3428999779280275,2442.131799994968,65.0
1778884856,70,GET,GET /api/ -> https://books.toscrape.com/,5.200000,0.000000,82,160,310,380,860,1300,1800,5300,5300,5300,5300,86,0,72,301.7325639537925,3.993499994976446,5340.8102999965195,7848.0
1778884856,70,GET,GET /api/ -> https://docs.docker.com/,4.100000,0.000000,59,110,140,180,380,510,1400,1400,1400,1400,1400,82,0,57,145.3800304880133,3.915000008419156,1433.4990000061225,1741.0
1778884856,70,GET,GET /api/ -> https://flask.palletsprojects.com/,3.800000,0.000000,35,63,90,110,130,210,1200,2000,2000,2000,2000,82,0,58,609.0469292695805,4.0551999991294,3260.0063999998383,19667.0
1778884856,70,GET,GET /api/ -> https://github.com/ibnesayeed/linkextractor,1.700000,0.000000,33,73,150,190,310,500,1100,2500,2500,2500,2500,82,0,72,328.3038573167798,4.792399995494634,2479.5720000111032,11810.0
1778884856,70,GET,GET /api/ -> https://httpbin.org/,4.500000,0.000000,92,170,240,280,680,830,1000,1200,1200,1200,1200,83,0,110.0,240.0874048218984,44.09390001092106,1153.3598999958485,313.0
1778884856,70,GET,GET /api/ -> https://locust.io/,3.200000,0.000000,60,270,580,710,1300,1800,2400,3400,3400,3400,3400,82,0,76,413.76381463416647,3.704399976413697,3382.826200017007,4762.0
1778884856,70,GET,GET /api/ -> https://redis.io/,3.700000,0.000000,110,2600,3400,3500,3800,4200,4500,4500,4500,4500,4500,82,0,130.0,1449.334503657954,3.8061000232119113,4522.812999988673,7221.0
1778884856,70,GET,GET /api/ -> https://training.play-with-docker.com/,0.500000,0.000000,96,140,160,210,310,480,620,960,960,960,960,82,0,96,165.18449512162678,45.37589999381453,959.6750999917276,1424.0
1778884856,70,GET,GET /api/ -> https://www.python.org/,4.200000,0.000000,66,88,150,200,450,500,1700,2000,2000,2000,2000,82,0,65,171.4955878042241,4.005700000561774,1988.6878000106663,12980.0
1778884856,70,,Aggregated,35.900000,0.000000,72,150,270,410,1400,3000,3600,3900,5300,5300,5300,832,0,75,412.7071855768918,3.704399976413697,5340.8102999965195,6723.920673076923
1778884857,75,GET,GET /api/ -> http://example.com/,5.100000,0.000000,70,110,200,280,580,1300,2300,2400,2400,2400,2400,129,0,74,239.59054883574893,4.3428999779280275,2442.131799994968,65.0
1778884857,75,GET,GET /api/ -> https://books.toscrape.com/,5.200000,0.000000,78,140,190,230,550,1200,1600,1800,5300,5300,5300,126,0,65,236.74698730229423,3.993499994976446,5340.8102999965195,7848.0
1778884857,75,GET,GET /api/ -> https://docs.docker.com/,6.100000,0.000000,57,82,110,120,180,230,1400,1400,1400,1400,1400,108,0,61,128.82561666709887,3.915000008419156,1433.4990000061225,1741.0
1778884857,75,GET,GET /api/ -> https://flask.palletsprojects.com/,6.100000,0.000000,50,78,110,110,130,190,1200,2000,2000,2000,2000,102,0,59,505.37184411950875,4.0551999991294,3260.0063999998383,19667.0
1778884857,75,GET,GET /api/ -> https://github.com/ibnesayeed/linkextractor,6.100000,0.000000,51,94,160,190,290,500,1100,2500,2500,2500,2500,95,0,72,297.74190315756164,4.792399995494634,2479.5720000111032,11810.0
1778884857,75,GET,GET /api/ -> https://httpbin.org/,5.200000,0.000000,95,140,170,180,370,740,850,1000,1200,1200,1200,121,0,99,198.8596239681394,44.09390001092106,1153.3598999958485,313.0
1778884857,75,GET,GET /api/ -> https://locust.io/,6.100000,0.000000,68,160,330,590,1100,1600,2400,3400,3400,3400,3400,97,0,69,364.20824329882436,3.704399976413697,3382.826200017007,4762.0
1778884857,75,GET,GET /api/ -> https://redis.io/,6.100000,0.000000,85,960,3300,3400,3800,4100,4500,4500,4500,4500,4500,99,0,91,1214.3635717164748,3.8061000232119113,4522.812999988673,7221.0
1778884857,75,GET,GET /api/ -> https://training.play-with-docker.com/,6.000000,0.000000,110,140,160,180,310,460,620,960,960,960,960,93,0,110.0,160.85366881702856,45.37589999381453,959.6750999917276,1424.0
1778884857,75,GET,GET /api/ -> https://www.python.org/,6.100000,0.000000,50,71,92,110,200,500,1700,2000,2000,2000,2000,112,0,57,142.81782500022797,4.005700000561774,1988.6878000106663,12980.0
1778884857,75,,Aggregated,58.100000,0.000000,72,120,170,240,970,2200,3400,3800,4500,5300,5300,1082,0,74,337.38546395580096,3.704399976413697,5340.8102999965195,6574.956561922366
1778884858,80,GET,GET /api/ -> http://example.com/,6.100000,0.000000,67,95,120,140,260,380,550,580,980,980,980,157,0,80,219.40415350265746,4.3428999779280275,2442.131799994968,65.0
1778884858,80,GET,GET /api/ -> https://books.toscrape.com/,6.100000,0.000000,89,170,210,310,570,860,1300,1600,1800,1800,1800,153,0,89,237.5408169939761,3.993499994976446,5340.8102999965195,7848.0
1778884858,80,GET,GET /api/ -> https://docs.docker.com/,6.100000,0.000000,71,120,140,180,260,420,970,1400,1400,1400,1400,138,0,76,142.42711159433543,3.915000008419156,1433.4990000061225,1741.0
1778884858,80,GET,GET /api/ -> https://flask.palletsprojects.com/,7.500000,0.000000,63,110,130,160,240,370,830,1200,2000,2000,2000,131,0,78,434.7834458027234,4.0551999991294,3260.0063999998383,19667.0
1778884858,80,GET,GET /api/ -> https://github.com/ibnesayeed/linkextractor,7.400000,0.000000,69,120,170,190,290,440,1100,2500,2500,2500,2500,115,0,92,272.8158017385083,4.792399995494634,2479.5720000111032,11810.0
1778884858,80,GET,GET /api/ -> https://httpbin.org/,6.100000,0.000000,110,170,200,250,490,740,850,1000,1200,1200,1200,146,0,120.0,209.0157205492102,44.09390001092106,1153.3598999958485,313.0
1778884858,80,GET,GET /api/ -> https://locust.io/,7.400000,0.000000,88,210,310,490,940,1600,1900,2400,3400,3400,3400,120,0,96,332.1208974996504,3.704399976413697,3382.826200017007,4762.0
1778884858,80,GET,GET /api/ -> https://redis.io/,7.500000,0.000000,100,250,2200,3300,3700,3900,4200,4500,4500,4500,4500,123,0,110.0,1018.2658512182193,3.8061000232119113,4522.812999988673,7221.0
1778884858,80,GET,GET /api/ -> https://training.play-with-docker.com/,7.200000,0.000000,110,160,200,230,310,420,480,620,960,960,960,108,0,110.0,168.03807870423447,45.37589999381453,959.6750999917276,1424.0
1778884858,80,GET,GET /api/ -> https://www.python.org/,6.100000,0.000000,62,96,160,180,250,400,950,1700,2000,2000,2000,143,0,68,147.0204671320564,4.005700000561774,1988.6878000106663,12980.0
1778884858,80,,Aggregated,67.500000,0.000000,85,140,200,240,560,1300,3300,3700,4500,4500,4500,1334,0,90,310.0188373313525,3.704399976413697,5340.8102999965195,6672.404047976012
1778884859,85,GET,GET /api/ -> http://example.com/,10.600000,0.000000,70,100,130,150,270,380,550,580,980,980,980,170,0,81,211.83304176391925,4.3428999779280275,2442.131799994968,65.0
1778884859,85,GET,GET /api/ -> https://books.toscrape.com/,9.900000,0.000000,110,180,270,330,560,860,1300,1600,1800,1800,1800,170,0,97,236.38685764710638,3.993499994976446,5340.8102999965195,7848.0
1778884859,85,GET,GET /api/ -> https://docs.docker.com/,8.300000,0.000000,82,130,180,190,270,390,970,1400,1400,1400,1400,162,0,83,145.66223395008876,3.915000008419156,1433.4990000061225,1741.0
1778884859,85,GET,GET /api/ -> https://flask.palletsprojects.com/,9.600000,0.000000,90,130,190,220,300,450,980,1200,2000,2000,2000,159,0,100.0,399.81316540971596,4.0551999991294,3260.0063999998383,19667.0
1778884859,85,GET,GET /api/ -> https://github.com/ibnesayeed/linkextractor,9.100000,0.000000,100,170,230,260,360,430,590,1100,2500,2500,2500,147,0,120.0,263.82279795908124,4.792399995494634,2479.5720000111032,11810.0
1778884859,85,GET,GET /api/ -> https://httpbin.org/,9.000000,0.000000,120,200,250,280,400,660,850,1000,1200,1200,1200,170,0,140.0,213.70784176568336,44.09390001092106,1153.3598999958485,313.0
1778884859,85,GET,GET /api/ -> https://locust.io/,9.300000,0.000000,120,210,300,330,800,1300,1900,2400,3400,3400,3400,152,0,120.0,302.8599756580661,3.704399976413697,3382.826200017007,4762.0
1778884859,85,GET,GET /api/ -> https://redis.io/,9.500000,0.000000,130,240,450,2000,3500,3800,4200,4500,4500,4500,4500,156,0,130.0,848.3582038448404,3.8061000232119113,4522.812999988673,7221.0
1778884859,85,GET,GET /api/ -> https://training.play-with-docker.com/,8.800000,0.000000,120,170,200,230,310,390,480,620,960,960,960,143,0,120.0,168.78712937151167,45.37589999381453,959.6750999917276,1424.0
1778884859,85,GET,GET /api/ -> https://www.python.org/,8.500000,0.000000,70,110,160,180,250,400,950,1700,2000,2000,2000,164,0,71,146.3719981702303,4.005700000561774,1988.6878000106663,12980.0
1778884859,85,,Aggregated,92.600000,0.000000,100,170,230,270,480,1000,2600,3600,4500,4500,4500,1593,0,110.0,291.90044306337086,3.704399976413697,5340.8102999965195,6733.356559949781
1778884860,90,GET,GET /api/ -> http://example.com/,13.500000,0.000000,74,110,130,150,220,290,400,550,980,980,980,191,0,86,203.19106334976422,4.3428999779280275,2442.131799994968,65.0
1778884860,90,GET,GET /api/ -> https://books.toscrape.com/,13.200000,0.000000,120,170,230,300,490,780,1200,1600,1800,1800,1800,190,0,110.0,227.30904894706327,3.993499994976446,5340.8102999965195,7848.0
1778884860,90,GET,GET /api/ -> https://docs.docker.com/,11.200000,0.000000,91,130,180,210,270,390,970,1400,1400,1400,1400,180,0,93,145.67656111046543,3.915000008419156,1433.4990000061225,1741.0
1778884860,90,GET,GET /api/ -> https://flask.palletsprojects.com/,12.100000,0.000000,110,160,200,230,300,440,980,1200,2000,2000,2000,178,0,110.0,374.9624179783107,4.0551999991294,3260.0063999998383,19667.0
1778884860,90,GET,GET /api/ -> https://github.com/ibnesayeed/linkextractor,10.400000,0.000000,120,180,230,260,330,420,520,1100,2500,2500,2500,169,0,130.0,252.01666568021548,4.792399995494634,2479.5720000111032,11810.0
1778884860,90,GET,GET /api/ -> https://httpbin.org/,12.400000,0.000000,120,200,250,280,400,660,830,1000,1200,1200,1200,186,0,140.0,208.9496973129953,44.09390001092106,1153.3598999958485,313.0
1778884860,90,GET,GET /api/ -> https://locust.io/,10.700000,0.000000,130,190,270,310,680,1200,1800,2400,3400,3400,3400,170,0,130.0,287.74138000033633,3.704399976413697,3382.826200017007,4762.0
1778884860,90,GET,GET /api/ -> https://redis.io/,11.200000,0.000000,130,230,310,860,3400,3800,4200,4500,4500,4500,4500,175,0,130.0,772.461148569959,3.8061000232119113,4522.812999988673,7221.0
1778884860,90,GET,GET /api/ -> https://training.play-with-docker.com/,9.800000,0.000000,130,170,210,230,290,350,480,620,960,960,960,168,0,130.0,168.2605178582543,45.37589999381453,959.6750999917276,1424.0
1778884860,90,GET,GET /api/ -> https://www.python.org/,11.700000,0.000000,92,150,180,200,260,350,950,1700,2000,2000,2000,182,0,83,149.74299285693252,4.005700000561774,1988.6878000106663,12980.0
1778884860,90,,Aggregated,116.200000,0.000000,110,170,220,260,400,920,2400,3500,4500,4500,4500,1789,0,110.0,277.27025785348917,3.704399976413697,5340.8102999965195,6733.681386249301
1778884861,95,GET,GET /api/ -> http://example.com/,14.000000,0.000000,71,100,130,140,200,260,380,740,980,980,980,228,0,82,187.1468561402524,4.3428999779280275,2442.131799994968,65.0
1778884861,95,GET,GET /api/ -> https://books.toscrape.com/,13.600000,0.000000,120,170,230,270,410,610,1200,1600,1800,1800,1800,223,0,110.0,217.52899551527645,3.993499994976446,5340.8102999965195,7848.0
1778884861,95,GET,GET /api/ -> https://docs.docker.com/,13.600000,0.000000,93,140,180,200,280,390,490,1400,1400,1400,1400,203,0,96,143.79113645257263,3.915000008419156,1433.4990000061225,1741.0
1778884861,95,GET,GET /api/ -> https://flask.palletsprojects.com/,13.300000,0.000000,110,170,220,240,310,450,830,1200,2000,2000,2000,199,0,110.0,354.0907829153719,4.0551999991294,3260.0063999998383,19667.0
1778884861,95,GET,GET /api/ -> https://github.com/ibnesayeed/linkextractor,13.100000,0.000000,120,180,220,260,330,400,520,1100,2500,2500,2500,184,0,130.0,244.0744570650049,4.792399995494634,2479.5720000111032,11810.0
1778884861,95,GET,GET /api/ -> https://httpbin.org/,13.300000,0.000000,130,200,250,280,370,510,830,1000,1200,1200,1200,216,0,140.0,208.6569717605555,44.09390001092106,1153.3598999958485,313.0
1778884861,95,GET,GET /api/ -> https://locust.io/,14.200000,0.000000,130,190,250,300,590,1100,1800,2400,3400,3400,3400,190,0,130.0,270.8254957894831,3.704399976413697,3382.826200017007,4762.0
1778884861,95,GET,GET /api/ -> https://redis.io/,14.600000,0.000000,120,200,270,300,3400,3800,4200,4500,4500,4500,4500,193,0,130.0,712.9790181332687,3.8061000232119113,4522.812999988673,7221.0
1778884861,95,GET,GET /api/ -> https://training.play-with-docker.com/,12.700000,0.000000,130,170,210,240,310,390,480,620,960,960,960,179,0,130.0,170.83204804572364,45.37589999381453,959.6750999917276,1424.0
1778884861,95,GET,GET /api/ -> https://www.python.org/,13.200000,0.000000,92,150,180,210,260,350,900,1700,2000,2000,2000,211,0,87,148.93989715674425,4.005700000561774,1988.6878000106663,12980.0
1778884861,95,,Aggregated,135.600000,0.000000,110,170,210,250,350,680,1700,3400,4500,4500,4500,2026,0,110.0,262.5265406219825,3.704399976413697,5340.8102999965195,6695.378578479763
1778884862,100,GET,GET /api/ -> http://example.com/,14.800000,0.000000,74,110,130,150,240,270,340,440,740,740,740,258,0,87,183.27243527142122,4.3428999779280275,2442.131799994968,65.0
1778884862,100,GET,GET /api/ -> https://books.toscrape.com/,14.500000,0.000000,130,190,240,290,400,570,920,1200,1800,1800,1800,248,0,130.0,221.1293504029351,3.993499994976446,5340.8102999965195,7848.0
1778884862,100,GET,GET /api/ -> https://docs.docker.com/,13.600000,0.000000,100,150,180,210,270,350,430,520,1400,1400,1400,225,0,110.0,149.1432284435723,3.915000008419156,1433.4990000061225,1741.0
1778884862,100,GET,GET /api/ -> https://flask.palletsprojects.com/,13.400000,0.000000,120,180,220,250,360,460,810,1200,2000,2000,2000,220,0,120.0,347.07141681865323,4.0551999991294,3260.0063999998383,19667.0
1778884862,100,GET,GET /api/ -> https://github.com/ibnesayeed/linkextractor,16.200000,0.000000,130,190,230,260,350,440,760,1100,2500,2500,2500,203,0,140.0,246.54837438419204,4.792399995494634,2479.5720000111032,11810.0
1778884862,100,GET,GET /api/ -> https://httpbin.org/,14.200000,0.000000,150,220,260,290,380,560,850,1000,1200,1200,1200,238,0,150.0,216.40819327870557,44.09390001092106,1153.3598999958485,313.0
1778884862,100,GET,GET /api/ -> https://locust.io/,16.400000,0.000000,130,200,280,330,590,1100,1800,2400,3400,3400,3400,209,0,140.0,279.70450191408213,3.704399976413697,3382.826200017007,4762.0
1778884862,100,GET,GET /api/ -> https://redis.io/,16.700000,0.000000,120,180,230,260,340,860,3800,4500,4500,4500,4500,212,0,140.0,671.182476413378,3.8061000232119113,4522.812999988673,7221.0
1778884862,100,GET,GET /api/ -> https://training.play-with-docker.com/,15.700000,0.000000,140,180,220,250,340,440,750,870,960,960,960,194,0,140.0,185.94844793896647,45.37589999381453,959.6750999917276,1424.0
1778884862,100,GET,GET /api/ -> https://www.python.org/,13.700000,0.000000,95,150,180,210,260,350,580,1700,2000,2000,2000,231,0,94,151.04236147274239,4.005700000561774,1988.6878000106663,12980.0
1778884862,100,,Aggregated,149.200000,0.000000,120,170,220,250,350,540,990,1600,4500,4500,4500,2238,0,120.0,261.5306012512186,3.704399976413697,5340.8102999965195,6681.952189454871
1778884863,105,GET,GET /api/ -> http://example.com/,17.600000,0.000000,78,110,140,170,240,290,410,650,740,740,740,279,0,91,184.1623075274078,4.3428999779280275,2442.131799994968,65.0
1778884863,105,GET,GET /api/ -> https://books.toscrape.com/,17.000000,0.000000,130,190,250,290,390,460,850,940,1800,1800,1800,273,0,130.0,232.42074688585242,3.993499994976446,5340.8102999965195,7848.0
1778884863,105,GET,GET /api/ -> https://docs.docker.com/,15.800000,0.000000,110,170,210,240,300,380,450,490,520,520,520,252,0,110.0,157.9996749992244,3.915000008419156,1433.4990000061225,1741.0
1778884863,105,GET,GET /api/ -> https://flask.palletsprojects.com/,15.300000,0.000000,130,210,250,290,430,510,810,1000,2000,2000,2000,242,0,130.0,348.17963677712464,4.0551999991294,3260.0063999998383,19667.0
1778884863,105,GET,GET /api/ -> https://github.com/ibnesayeed/linkextractor,18.000000,0.000000,140,200,250,270,350,440,630,830,2500,2500,2500,221,0,150.0,245.84161357443708,4.792399995494634,2479.5720000111032,11810.0
1778884863,105,GET,GET /api/ -> https://httpbin.org/,16.600000,0.000000,160,230,280,310,410,600,850,890,1200,1200,1200,268,0,160.0,225.74191679244117,44.09390001092106,1153.3598999958485,313.0
1778884863,105,GET,GET /api/ -> https://locust.io/,18.200000,0.000000,130,190,240,300,420,540,820,1000,1200,1200,1200,229,0,150.0,279.6123467247748,3.704399976413697,3382.826200017007,4762.0
1778884863,105,GET,GET /api/ -> https://redis.io/,18.000000,0.000000,120,190,230,260,340,510,860,920,970,970,970,233,0,150.0,637.6801549343096,3.8061000232119113,4522.812999988673,7221.0
1778884863,105,GET,GET /api/ -> https://training.play-with-docker.com/,17.500000,0.000000,150,210,250,270,400,520,750,870,1000,1000,1000,213,0,150.0,205.51602206626873,45.37589999381453,1020.2084000047762,1424.0
1778884863,105,GET,GET /api/ -> https://www.python.org/,16.200000,0.000000,110,170,210,230,310,450,740,900,2000,2000,2000,265,0,100.0,173.8424328311768,4.005700000561774,1988.6878000106663,12980.0
1778884863,105,,Aggregated,170.200000,0.000000,120,180,230,260,360,490,720,880,2000,2500,2500,2475,0,130.0,265.1277693334233,3.704399976413697,5340.8102999965195,6694.416969696969
1778884864,110,GET,GET /api/ -> http://example.com/,19.900000,0.000000,81,120,150,170,250,310,460,650,740,740,740,290,0,94,184.6040944833758,4.3428999779280275,2442.131799994968,65.0
1778884864,110,GET,GET /api/ -> https://books.toscrape.com/,19.600000,0.000000,140,210,270,310,410,480,700,850,1400,1400,1400,288,0,140.0,237.76510624945027,3.993499994976446,5340.8102999965195,7848.0
1778884864,110,GET,GET /api/ -> https://docs.docker.com/,18.300000,0.000000,130,190,250,280,380,460,530,600,1300,1300,1300,279,0,130.0,176.57301039320222,3.915000008419156,1433.4990000061225,1741.0
1778884864,110,GET,GET /api/ -> https://flask.palletsprojects.com/,17.600000,0.000000,170,240,290,320,450,570,700,810,1000,1000,1000,270,0,140.0,345.24453407438057,4.0551999991294,3260.0063999998383,19667.0
1778884864,110,GET,GET /api/ -> https://github.com/ibnesayeed/linkextractor,19.200000,0.000000,150,210,260,290,380,480,760,830,940,940,940,252,0,150.0,249.15476745994215,4.792399995494634,2479.5720000111032,11810.0
1778884864,110,GET,GET /api/ -> https://httpbin.org/,18.800000,0.000000,170,240,280,310,400,510,640,720,890,890,890,285,0,170.0,230.17292140499003,44.09390001092106,1153.3598999958485,313.0
1778884864,110,GET,GET /api/ -> https://locust.io/,19.000000,0.000000,160,210,280,300,420,540,710,840,1000,1000,1000,260,0,160.0,277.2523553844971,3.704399976413697,3382.826200017007,4762.0
1778884864,110,GET,GET /api/ -> https://redis.io/,19.600000,0.000000,150,220,260,270,410,550,690,860,920,920,920,267,0,160.0,589.4957820212117,3.8061000232119113,4522.812999988673,7221.0
1778884864,110,GET,GET /api/ -> https://training.play-with-docker.com/,18.900000,0.000000,170,230,270,310,440,520,860,920,1000,1000,1000,244,0,160.0,216.19579959057222,45.37589999381453,1020.2084000047762,1424.0
1778884864,110,GET,GET /api/ -> https://www.python.org/,18.500000,0.000000,130,180,220,250,320,470,880,900,1100,1100,1100,282,0,120.0,181.64585035528364,4.005700000561774,1988.6878000106663,12980.0
1778884864,110,,Aggregated,189.400000,0.000000,140,210,250,280,390,510,680,850,1100,1400,1400,2717,0,140.0,267.32963091647287,3.704399976413697,5340.8102999965195,6740.585572322414
1778884865,115,GET,GET /api/ -> http://example.com/,22.100000,0.000000,97,130,180,220,280,380,510,650,740,740,740,312,0,99,189.59110737239078,4.3428999779280275,2442.131799994968,65.0
1778884865,115,GET,GET /api/ -> https://books.toscrape.com/,22.300000,0.000000,160,210,270,310,410,480,700,850,1400,1400,1400,309,0,150.0,232.24304692526226,3.993499994976446,5340.8102999965195,7848.0
1778884865,115,GET,GET /api/ -> https://docs.docker.com/,19.800000,0.000000,150,220,270,290,400,470,530,600,1300,1300,1300,295,0,130.0,179.82127084663153,3.915000008419156,1433.4990000061225,1741.0
1778884865,115,GET,GET /api/ -> https://flask.palletsprojects.com/,19.500000,0.000000,190,250,310,360,470,580,700,810,1000,1000,1000,289,0,150.0,340.516852249273,4.0551999991294,3260.0063999998383,19667.0
1778884865,115,GET,GET /api/ -> https://github.com/ibnesayeed/linkextractor,21.400000,0.000000,170,230,280,310,410,470,630,830,940,940,940,278,0,160.0,248.74494928031618,4.792399995494634,2479.5720000111032,11810.0
1778884865,115,GET,GET /api/ -> https://httpbin.org/,21.400000,0.000000,190,250,290,330,400,540,650,720,890,890,890,302,0,170.0,231.48007549801133,44.09390001092106,1153.3598999958485,313.0
1778884865,115,GET,GET /api/ -> https://locust.io/,20.500000,0.000000,170,240,290,310,430,520,650,780,1000,1000,1000,281,0,170.0,275.92397686804554,3.704399976413697,3382.826200017007,4762.0
1778884865,115,GET,GET /api/ -> https://redis.io/,19.600000,0.000000,170,230,270,290,430,550,690,860,920,920,920,285,0,170.0,568.1302575425146,3.8061000232119113,4522.812999988673,7221.0
1778884865,115,GET,GET /api/ -> https://training.play-with-docker.com/,20.700000,0.000000,190,250,280,320,480,530,860,920,1000,1000,1000,271,0,170.0,219.87620479720678,45.37589999381453,1020.2084000047762,1424.0
1778884865,115,GET,GET /api/ -> https://www.python.org/,20.700000,0.000000,150,210,250,270,350,510,880,900,1100,1100,1100,297,0,120.0,186.93877037094046,4.005700000561774,1988.6878000106663,12980.0
1778884865,115,,Aggregated,208.000000,0.000000,160,220,270,300,410,510,680,850,1100,1400,1400,2919,0,150.0,265.8407941418175,3.704399976413697,5340.8102999965195,6734.308667351833
1778884866,120,GET,GET /api/ -> http://example.com/,23.100000,0.000000,110,160,200,240,290,390,510,650,740,740,740,340,0,97,182.6678923531504,4.3428999779280275,2442.131799994968,65.0
1778884866,120,GET,GET /api/ -> https://books.toscrape.com/,23.000000,0.000000,170,230,290,330,410,520,700,850,1400,1400,1400,334,0,140.0,226.432126646821,3.993499994976446,5340.8102999965195,7848.0
1778884866,120,GET,GET /api/ -> https://docs.docker.com/,22.400000,0.000000,160,220,270,290,400,470,540,680,1300,1300,1300,323,0,130.0,177.34771609831105,3.915000008419156,1433.4990000061225,1741.0
1778884866,120,GET,GET /api/ -> https://flask.palletsprojects.com/,22.200000,0.000000,200,260,310,360,470,590,770,810,1000,1000,1000,316,0,150.0,329.27944525331037,4.0551999991294,3260.0063999998383,19667.0
1778884866,120,GET,GET /api/ -> https://github.com/ibnesayeed/linkextractor,21.900000,0.000000,180,240,290,320,420,480,630,830,940,940,940,301,0,150.0,242.00063023263314,4.792399995494634,2479.5720000111032,11810.0
1778884866,120,GET,GET /api/ -> https://httpbin.org/,23.100000,0.000000,210,260,310,330,410,540,650,720,890,890,890,327,0,170.0,230.00809419068895,44.09390001092106,1153.3598999958485,313.0
1778884866,120,GET,GET /api/ -> https://locust.io/,21.100000,0.000000,180,240,300,310,440,540,650,780,1000,1000,1000,305,0,170.0,267.74203114719205,3.704399976413697,3382.826200017007,4762.0
1778884866,120,GET,GET /api/ -> https://redis.io/,21.400000,0.000000,180,230,270,290,420,550,690,860,920,920,920,309,0,160.0,534.2910278301828,3.8061000232119113,4522.812999988673,7221.0
1778884866,120,GET,GET /api/ -> https://training.play-with-docker.com/,22.200000,0.000000,200,260,290,320,470,520,750,870,1000,1000,1000,296,0,170.0,217.6966604731845,45.37589999381453,1020.2084000047762,1424.0
1778884866,120,GET,GET /api/ -> https://www.python.org/,23.000000,0.000000,150,210,250,270,350,510,880,900,1100,1100,1100,326,0,110.0,179.7634490798306,4.005700000561774,1988.6878000106663,12980.0
1778884866,120,,Aggregated,223.400000,0.000000,170,230,280,310,410,520,690,850,1100,1400,1400,3177,0,150.0,257.13698778715616,3.704399976413697,5340.8102999965195,6740.412653446648
1778884867,125,GET,GET /api/ -> http://example.com/,23.600000,0.000000,110,160,200,230,290,390,510,650,740,740,740,370,0,98,176.6354629732165,4.3428999779280275,2442.131799994968,65.0
1778884867,125,GET,GET /api/ -> https://books.toscrape.com/,23.600000,0.000000,180,240,290,320,410,520,700,850,1400,1400,1400,363,0,150.0,224.1539297524882,3.993499994976446,5340.8102999965195,7848.0
1778884867,125,GET,GET /api/ -> https://docs.docker.com/,22.300000,0.000000,160,230,280,300,410,470,540,680,1300,1300,1300,337,0,130.0,179.36788783286067,3.915000008419156,1433.4990000061225,1741.0
1778884867,125,GET,GET /api/ -> https://flask.palletsprojects.com/,22.000000,0.000000,200,270,320,360,470,590,770,810,1000,1000,1000,335,0,160.0,321.4832862687937,4.0551999991294,3260.0063999998383,19667.0
1778884867,125,GET,GET /api/ -> https://github.com/ibnesayeed/linkextractor,20.400000,0.000000,170,250,300,320,420,520,680,830,940,940,940,323,0,160.0,239.845678328566,4.792399995494634,2479.5720000111032,11810.0
1778884867,125,GET,GET /api/ -> https://httpbin.org/,23.000000,0.000000,220,270,330,350,430,590,650,720,890,890,890,356,0,180.0,233.81483623683727,44.09390001092106,1153.3598999958485,313.0
1778884867,125,GET,GET /api/ -> https://locust.io/,21.000000,0.000000,180,240,300,310,440,540,650,780,1000,1000,1000,329,0,160.0,262.6475179328202,3.704399976413697,3382.826200017007,4762.0
1778884867,125,GET,GET /api/ -> https://redis.io/,21.500000,0.000000,180,230,270,290,440,550,670,860,920,920,920,333,0,160.0,510.31960360225156,3.8061000232119113,4522.812999988673,7221.0
1778884867,125,GET,GET /api/ -> https://training.play-with-docker.com/,19.800000,0.000000,210,250,300,330,480,540,860,920,1000,1000,1000,319,0,170.0,221.88925109743462,45.37589999381453,1032.7881000121124,1424.0
1778884867,125,GET,GET /api/ -> https://www.python.org/,22.700000,0.000000,150,220,260,290,390,580,880,900,1100,1100,1100,345,0,120.0,179.07034840588324,4.005700000561774,1988.6878000106663,12980.0
1778884867,125,,Aggregated,219.900000,0.000000,170,240,280,310,420,540,700,860,1100,1400,1400,3410,0,150.0,253.51452064515047,3.704399976413697,5340.8102999965195,6709.014956011731
1778884868,130,GET,GET /api/ -> http://example.com/,24.600000,0.000000,110,160,200,230,290,390,510,650,740,740,740,395,0,98,173.0642559496786,4.3428999779280275,2442.131799994968,65.0
1778884868,130,GET,GET /api/ -> https://books.toscrape.com/,24.400000,0.000000,180,240,290,320,410,550,690,850,1400,1400,1400,386,0,160.0,228.00072253938978,3.993499994976446,5340.8102999965195,7848.0
1778884868,130,GET,GET /api/ -> https://docs.docker.com/,23.500000,0.000000,170,250,290,340,420,520,680,830,1300,1300,1300,370,0,130.0,186.28732297243866,3.915000008419156,1433.4990000061225,1741.0
1778884868,130,GET,GET /api/ -> https://flask.palletsprojects.com/,22.700000,0.000000,200,270,330,360,470,580,700,770,1000,1000,1000,362,0,160.0,312.44061160255393,4.0551999991294,3260.0063999998383,19667.0
1778884868,130,GET,GET /api/ -> https://github.com/ibnesayeed/linkextractor,21.500000,0.000000,180,250,300,340,430,520,680,830,940,940,940,340,0,160.0,238.40291176499758,4.792399995494634,2479.5720000111032,11810.0
1778884868,130,GET,GET /api/ -> https://httpbin.org/,24.000000,0.000000,220,270,330,360,490,590,720,880,1000,1000,1000,380,0,180.0,237.9240005271736,44.09390001092106,1153.3598999958485,313.0
1778884868,130,GET,GET /api/ -> https://locust.io/,21.900000,0.000000,180,260,300,320,460,560,650,780,1000,1000,1000,350,0,170.0,261.85518857091665,3.704399976413697,3382.826200017007,4762.0
1778884868,130,GET,GET /api/ -> https://redis.io/,22.300000,0.000000,170,230,260,290,440,550,610,670,920,920,920,361,0,160.0,486.0611814391861,3.8061000232119113,4522.812999988673,7221.0
1778884868,130,GET,GET /api/ -> https://training.play-with-docker.com/,21.100000,0.000000,210,270,310,350,490,600,870,920,1000,1000,1000,335,0,170.0,222.57166835844322,45.37589999381453,1032.7881000121124,1424.0
1778884868,130,GET,GET /api/ -> https://www.python.org/,23.700000,0.000000,160,230,290,310,450,710,900,920,1100,1100,1100,375,0,120.0,186.82225520016314,4.005700000561774,1988.6878000106663,12980.0
1778884868,130,,Aggregated,229.700000,0.000000,180,240,290,320,430,550,710,860,1100,1400,1400,3654,0,150.0,252.21779917903288,3.704399976413697,5340.8102999965195,6724.408319649699
1778884869,135,GET,GET /api/ -> http://example.com/,23.300000,0.000000,110,160,210,240,310,410,530,650,740,740,740,418,0,99,174.03261866083517,4.3428999779280275,2442.131799994968,65.0
1778884869,135,GET,GET /api/ -> https://books.toscrape.com/,23.600000,0.000000,190,260,300,330,430,580,700,850,1400,1400,1400,412,0,160.0,230.8210281556861,3.993499994976446,5340.8102999965195,7848.0
1778884869,135,GET,GET /api/ -> https://docs.docker.com/,23.300000,0.000000,170,250,300,360,450,550,690,830,1300,1300,1300,397,0,130.0,190.0771397980568,3.915000008419156,1433.4990000061225,1741.0
1778884869,135,GET,GET /api/ -> https://flask.palletsprojects.com/,23.200000,0.000000,200,270,350,370,470,570,700,770,1000,1000,1000,391,0,170.0,306.9040728903398,4.0551999991294,3260.0063999998383,19667.0
1778884869,135,GET,GET /api/ -> https://github.com/ibnesayeed/linkextractor,22.300000,0.000000,190,260,310,360,430,580,720,830,940,940,940,373,0,160.0,242.7539983915662,4.792399995494634,2479.5720000111032,11810.0
1778884869,135,GET,GET /api/ -> https://httpbin.org/,23.700000,0.000000,230,290,340,380,510,600,720,880,1000,1000,1000,402,0,190.0,241.74371890611343,44.09390001092106,1153.3598999958485,313.0
1778884869,135,GET,GET /api/ -> https://locust.io/,22.600000,0.000000,200,280,310,350,500,590,710,840,1100,1100,1100,378,0,170.0,263.4385817454174,3.704399976413697,3382.826200017007,4762.0
1778884869,135,GET,GET /api/ -> https://redis.io/,22.600000,0.000000,170,230,260,290,440,550,610,670,920,920,920,387,0,160.0,465.0063604639557,3.8061000232119113,4522.812999988673,7221.0
1778884869,135,GET,GET /api/ -> https://training.play-with-docker.com/,21.800000,0.000000,220,280,340,390,510,630,870,920,1000,1000,1000,365,0,180.0,227.90607287698387,38.8579000136815,1032.7881000121124,1424.0
1778884869,135,GET,GET /api/ -> https://www.python.org/,23.500000,0.000000,160,230,290,320,460,660,900,920,1100,1100,1100,401,0,120.0,187.1685281795382,4.005700000561774,1988.6878000106663,12980.0
1778884869,135,,Aggregated,229.900000,0.000000,180,250,300,340,460,580,720,860,1100,1400,1400,3924,0,150.0,251.99025825689284,3.704399976413697,5340.8102999965195,6751.217889908256
1778884871,140,GET,GET /api/ -> http://example.com/,23.200000,0.000000,120,180,230,270,330,440,530,650,660,660,660,435,0,99,173.35136298882378,4.3428999779280275,2442.131799994968,65.0
1778884871,140,GET,GET /api/ -> https://books.toscrape.com/,23.200000,0.000000,210,290,320,380,530,620,850,940,1400,1400,1400,434,0,170.0,235.62167281150005,3.993499994976446,5340.8102999965195,7848.0
1778884871,140,GET,GET /api/ -> https://docs.docker.com/,22.300000,0.000000,210,290,360,380,470,600,740,830,1300,1300,1300,420,0,140.0,197.05934499971113,3.915000008419156,1433.4990000061225,1741.0
1778884871,140,GET,GET /api/ -> https://flask.palletsprojects.com/,22.200000,0.000000,230,310,370,420,540,590,700,770,1000,1000,1000,415,0,180.0,308.5745968678489,4.0551999991294,3260.0063999998383,19667.0
1778884871,140,GET,GET /api/ -> https://github.com/ibnesayeed/linkextractor,22.200000,0.000000,220,300,360,390,470,580,720,830,940,940,940,400,0,170.0,247.8737757504132,4.792399995494634,2479.5720000111032,11810.0
1778884871,140,GET,GET /api/ -> https://httpbin.org/,23.000000,0.000000,240,310,360,410,540,610,720,880,1000,1000,1000,431,0,200.0,244.01415081262823,44.09390001092106,1153.3598999958485,313.0
1778884871,140,GET,GET /api/ -> https://locust.io/,22.300000,0.000000,230,310,350,390,530,600,710,840,1100,1100,1100,401,0,170.0,268.09619925125094,3.704399976413697,3382.826200017007,4762.0
1778884871,140,GET,GET /api/ -> https://redis.io/,22.300000,0.000000,180,240,290,370,460,570,690,720,920,920,920,407,0,160.0,456.56072088366795,3.8061000232119113,4522.812999988673,7221.0
1778884871,140,GET,GET /api/ -> https://training.play-with-docker.com/,21.400000,0.000000,240,310,380,420,520,630,860,920,1000,1000,1000,393,0,190.0,236.18620381705077,38.8579000136815,1032.7881000121124,1424.0
1778884871,140,GET,GET /api/ -> https://www.python.org/,22.600000,0.000000,190,260,330,380,490,710,900,920,1100,1100,1100,427,0,130.0,193.58507259941084,4.005700000561774,1988.6878000106663,12980.0
1778884871,140,,Aggregated,224.700000,0.000000,210,280,340,380,490,600,740,880,1100,1400,1400,4163,0,160.0,255.01307571468345,3.704399976413697,5340.8102999965195,6758.788373768916
1778884872,145,GET,GET /api/ -> http://example.com/,24.100000,0.000000,120,190,270,290,390,510,660,750,810,810,810,458,0,100.0,180.71061397418958,4.3428999779280275,2442.131799994968,65.0
1778884872,145,GET,GET /api/ -> https://books.toscrape.com/,23.700000,0.000000,210,290,330,380,520,590,690,730,860,860,860,453,0,170.0,238.91211236250396,3.993499994976446,5340.8102999965195,7848.0
1778884872,145,GET,GET /api/ -> https://docs.docker.com/,23.000000,0.000000,220,310,360,410,520,660,830,1000,1300,1300,1300,434,0,150.0,203.80786474614968,3.915000008419156,1433.4990000061225,1741.0
1778884872,145,GET,GET /api/ -> https://flask.palletsprojects.com/,22.800000,0.000000,230,320,370,420,530,580,700,770,920,920,920,429,0,180.0,311.4934184152002,4.0551999991294,3260.0063999998383,19667.0
1778884872,145,GET,GET /api/ -> https://github.com/ibnesayeed/linkextractor,21.600000,0.000000,230,310,370,410,480,600,720,940,1000,1000,1000,408,0,180.0,252.76702696111684,4.792399995494634,2479.5720000111032,11810.0
1778884872,145,GET,GET /api/ -> https://httpbin.org/,23.600000,0.000000,240,320,390,410,530,590,660,750,1000,1000,1000,442,0,200.0,247.77895543035288,44.09390001092106,1153.3598999958485,313.0
1778884872,145,GET,GET /api/ -> https://locust.io/,22.300000,0.000000,230,310,350,390,530,600,780,980,1100,1100,1100,414,0,180.0,273.1514256031383,3.704399976413697,3382.826200017007,4762.0
1778884872,145,GET,GET /api/ -> https://redis.io/,22.500000,0.000000,190,250,370,410,490,610,920,1000,1000,1000,1000,425,0,170.0,458.25813129318277,3.8061000232119113,4522.812999988673,7221.0
1778884872,145,GET,GET /api/ -> https://training.play-with-docker.com/,21.300000,0.000000,240,310,380,420,500,600,920,1000,1000,1000,1000,402,0,190.0,239.3265524878374,38.8579000136815,1032.7881000121124,1424.0
1778884872,145,GET,GET /api/ -> https://www.python.org/,23.300000,0.000000,210,290,340,400,490,710,880,920,940,940,940,437,0,130.0,197.56767803208223,4.005700000561774,1988.6878000106663,12980.0
1778884872,145,,Aggregated,228.200000,0.000000,220,290,350,390,500,600,740,880,1100,1300,1300,4302,0,160.0,259.4407086471704,3.704399976413697,5340.8102999965195,6745.601580660158
1778884873,150,GET,GET /api/ -> http://example.com/,21.900000,0.000000,160,270,310,390,550,700,790,810,1000,1000,1000,492,0,110.0,201.6118729677656,4.3428999779280275,2442.131799994968,65.0
1778884873,150,GET,GET /api/ -> https://books.toscrape.com/,22.700000,0.000000,230,290,330,380,550,620,870,1000,1100,1100,1100,481,0,170.0,245.15484303560083,3.993499994976446,5340.8102999965195,7848.0
1778884873,150,GET,GET /api/ -> https://docs.docker.com/,22.700000,0.000000,220,300,360,410,500,670,830,840,1000,1000,1000,442,0,150.0,208.31061674173176,3.915000008419156,1433.4990000061225,1741.0
1778884873,150,GET,GET /api/ -> https://flask.palletsprojects.com/,22.700000,0.000000,220,320,370,420,550,590,710,800,920,920,920,438,0,180.0,313.1733826486783,4.0551999991294,3260.0063999998383,19667.0
1778884873,150,GET,GET /api/ -> https://github.com/ibnesayeed/linkextractor,22.000000,0.000000,230,310,390,430,550,640,800,960,1000,1000,1000,422,0,180.0,259.9715002372715,4.792399995494634,2479.5720000111032,11810.0
1778884873,150,GET,GET /api/ -> https://httpbin.org/,22.900000,0.000000,240,330,410,460,590,670,970,1000,1200,1200,1200,462,0,210.0,260.53571233813636,44.09390001092106,1225.2700999961235,313.0
1778884873,150,GET,GET /api/ -> https://locust.io/,21.900000,0.000000,240,320,380,450,560,680,980,1100,1200,1200,1200,430,0,190.0,282.90576418539575,3.704399976413697,3382.826200017007,4762.0
1778884873,150,GET,GET /api/ -> https://redis.io/,22.300000,0.000000,200,250,370,420,550,680,990,1000,1000,1000,1000,437,0,180.0,459.58226384356345,3.8061000232119113,4522.812999988673,7221.0
1778884873,150,GET,GET /api/ -> https://training.play-with-docker.com/,21.800000,0.000000,250,310,390,420,500,650,860,920,1000,1000,1000,417,0,200.0,246.68326810591662,38.8579000136815,1032.7881000121124,1424.0
1778884873,150,GET,GET /api/ -> https://www.python.org/,23.000000,0.000000,210,310,380,410,510,670,900,1200,1200,1200,1200,451,0,140.0,208.60750665195118,4.005700000561774,1988.6878000106663,12980.0
1778884873,150,,Aggregated,223.900000,0.000000,220,300,370,420,550,660,840,980,1200,1200,1200,4472,0,170.0,267.4121340787418,3.704399976413697,5340.8102999965195,6701.696556350626
1778884874,155,GET,GET /api/ -> http://example.com/,21.500000,0.000000,140,260,310,390,570,700,810,890,1100,1100,1100,505,0,110.0,201.43150396064146,4.3428999779280275,2442.131799994968,65.0
1778884874,155,GET,GET /api/ -> https://books.toscrape.com/,21.500000,0.000000,230,290,340,380,590,670,870,1000,1100,1100,1100,496,0,170.0,249.50132237925925,3.993499994976446,5340.8102999965195,7848.0
1778884874,155,GET,GET /api/ -> https://docs.docker.com/,21.400000,0.000000,230,320,370,420,590,730,840,1000,1100,1100,1100,480,0,160.0,219.54755583313576,3.915000008419156,1433.4990000061225,1741.0
1778884874,155,GET,GET /api/ -> https://flask.palletsprojects.com/,21.800000,0.000000,220,300,360,420,550,630,800,920,970,970,970,467,0,190.0,312.6361194862914,4.0551999991294,3260.0063999998383,19667.0
1778884874,155,GET,GET /api/ -> https://github.com/ibnesayeed/linkextractor,21.500000,0.000000,240,360,430,450,620,700,870,960,1000,1000,1000,438,0,180.0,265.2975570780069,4.792399995494634,2479.5720000111032,11810.0
1778884874,155,GET,GET /api/ -> https://httpbin.org/,21.400000,0.000000,270,390,450,490,620,750,920,1000,1200,1200,1200,496,0,210.0,272.33282681458326,44.09390001092106,1225.2700999961235,313.0
1778884874,155,GET,GET /api/ -> https://locust.io/,21.900000,0.000000,240,320,380,470,590,840,1100,1400,1700,1700,1700,447,0,190.0,288.22142729234633,3.704399976413697,3382.826200017007,4762.0
1778884874,155,GET,GET /api/ -> https://redis.io/,21.400000,0.000000,200,250,370,420,510,690,1000,1000,1200,1200,1200,454,0,180.0,450.73126277447597,3.8061000232119113,4522.812999988673,7221.0
1778884874,155,GET,GET /api/ -> https://training.play-with-docker.com/,21.300000,0.000000,250,340,400,450,550,770,860,920,1000,1000,1000,435,0,200.0,251.02775954057986,38.8579000136815,1032.7881000121124,1424.0
1778884874,155,GET,GET /api/ -> https://www.python.org/,21.300000,0.000000,210,310,390,420,510,610,740,920,1200,1200,1200,490,0,150.0,211.62644551012056,4.005700000561774,1988.6878000106663,12980.0
1778884874,155,,Aggregated,215.000000,0.000000,230,310,380,440,580,700,900,1000,1400,1700,1700,4708,0,170.0,270.70897984278724,3.704399976413697,5340.8102999965195,6724.770178419712
1778884875,160,GET,GET /api/ -> http://example.com/,21.400000,0.000000,130,230,310,390,570,730,810,1000,1100,1100,1100,515,0,110.0,200.7597939808089,4.3428999779280275,2442.131799994968,65.0
1778884875,160,GET,GET /api/ -> https://books.toscrape.com/,20.100000,0.000000,250,320,380,450,620,760,970,1100,1100,1100,1100,513,0,180.0,255.24130799241644,3.993499994976446,5340.8102999965195,7848.0
1778884875,160,GET,GET /api/ -> https://docs.docker.com/,20.300000,0.000000,250,340,420,480,620,730,840,1000,1100,1100,1100,500,0,170.0,225.9844033998088,3.915000008419156,1433.4990000061225,1741.0
1778884875,160,GET,GET /api/ -> https://flask.palletsprojects.com/,20.700000,0.000000,230,320,370,420,550,690,920,1100,1200,1200,1200,499,0,190.0,311.0189252508639,4.0551999991294,3260.0063999998383,19667.0
1778884875,160,GET,GET /api/ -> https://github.com/ibnesayeed/linkextractor,20.400000,0.000000,240,350,430,470,630,730,870,960,1000,1000,1000,481,0,180.0,266.2349557177321,4.792399995494634,2479.5720000111032,11810.0
1778884875,160,GET,GET /api/ -> https://httpbin.org/,19.500000,0.000000,280,390,470,500,620,820,970,1000,1200,1200,1200,510,0,210.0,271.5262168628054,44.09390001092106,1225.2700999961235,313.0
1778884875,160,GET,GET /api/ -> https://locust.io/,20.700000,0.000000,230,320,380,460,590,810,1100,1400,1700,1700,1700,489,0,190.0,284.1554087925829,3.704399976413697,3382.826200017007,4762.0
1778884875,160,GET,GET /api/ -> https://redis.io/,20.800000,0.000000,220,280,380,440,580,690,1000,1000,1200,1200,1200,493,0,180.0,437.49332636853103,3.8061000232119113,4522.812999988673,7221.0
1778884875,160,GET,GET /api/ -> https://training.play-with-docker.com/,20.400000,0.000000,260,360,420,460,570,770,860,920,1000,1000,1000,462,0,200.0,251.9374119049317,38.8579000136815,1032.7881000121124,1424.0
1778884875,160,GET,GET /api/ -> https://www.python.org/,19.900000,0.000000,220,310,400,430,520,640,780,1200,1200,1200,1200,506,0,150.0,212.937801185682,4.005700000561774,1988.6878000106663,12980.0
1778884875,160,,Aggregated,204.200000,0.000000,230,320,400,450,590,730,920,1000,1400,1700,1700,4968,0,180.0,271.3035288043204,3.704399976413697,5340.8102999965195,6783.094001610306
1778884876,165,GET,GET /api/ -> http://example.com/,21.300000,0.000000,140,260,330,400,570,730,810,1000,1100,1100,1100,538,0,110.0,197.04670539035135,4.3428999779280275,2442.131799994968,65.0
1778884876,165,GET,GET /api/ -> https://books.toscrape.com/,21.400000,0.000000,250,320,380,450,620,760,970,1100,1100,1100,1100,535,0,170.0,249.7965308413275,3.993499994976446,5340.8102999965195,7848.0
1778884876,165,GET,GET /api/ -> https://docs.docker.com/,20.400000,0.000000,230,330,410,480,620,730,840,1000,1100,1100,1100,528,0,160.0,221.58248030267936,3.915000008419156,1433.4990000061225,1741.0
1778884876,165,GET,GET /api/ -> https://flask.palletsprojects.com/,19.400000,0.000000,220,300,360,420,550,670,920,1100,1200,1200,1200,524,0,180.0,301.9236488554819,4.0551999991294,3260.0063999998383,19667.0
1778884876,165,GET,GET /api/ -> https://github.com/ibnesayeed/linkextractor,19.900000,0.000000,230,310,400,450,630,720,840,960,1000,1000,1000,517,0,180.0,257.47387021342274,4.792399995494634,2479.5720000111032,11810.0
1778884876,165,GET,GET /api/ -> https://httpbin.org/,21.500000,0.000000,280,390,450,490,640,820,970,1000,1200,1200,1200,530,0,210.0,267.97319622633466,44.09390001092106,1225.2700999961235,313.0
1778884876,165,GET,GET /api/ -> https://locust.io/,19.700000,0.000000,230,320,370,450,590,840,1100,1400,1700,1700,1700,519,0,190.0,276.63268458504393,3.704399976413697,3382.826200017007,4762.0
1778884876,165,GET,GET /api/ -> https://redis.io/,19.700000,0.000000,200,280,370,440,540,680,990,1000,1200,1200,1200,522,0,180.0,421.4841695397582,3.8061000232119113,4522.812999988673,7221.0
1778884876,165,GET,GET /api/ -> https://training.play-with-docker.com/,20.400000,0.000000,250,360,410,460,550,700,860,880,1000,1000,1000,511,0,200.0,249.3842579257504,38.8579000136815,1032.7881000121124,1424.0
1778884876,165,GET,GET /api/ -> https://www.python.org/,21.200000,0.000000,220,320,400,430,530,660,780,1200,1200,1200,1200,530,0,140.0,209.7999884905118,4.005700000561774,1988.6878000106663,12980.0
1778884876,165,,Aggregated,204.900000,0.000000,230,320,400,450,590,720,900,1000,1400,1700,1700,5254,0,170.0,264.98135658544436,3.704399976413697,5340.8102999965195,6771.596878568709
1778884877,170,GET,GET /api/ -> http://example.com/,21.600000,0.000000,130,230,330,400,570,730,810,1000,1100,1100,1100,564,0,110.0,189.8747136527821,4.3428999779280275,2442.131799994968,65.0
1778884877,170,GET,GET /api/ -> https://books.toscrape.com/,21.100000,0.000000,230,300,350,420,620,760,970,1100,1100,1100,1100,563,0,170.0,240.62184991137593,3.993499994976446,5340.8102999965195,7848.0
1778884877,170,GET,GET /api/ -> https://docs.docker.com/,21.300000,0.000000,200,310,360,450,610,730,840,1000,1100,1100,1100,551,0,160.0,215.00747205050217,3.915000008419156,1433.4990000061225,1741.0
1778884877,170,GET,GET /api/ -> https://flask.palletsprojects.com/,21.000000,0.000000,190,250,340,410,540,630,850,970,1200,1200,1200,551,0,170.0,290.65108239584595,4.0551999991294,3260.0063999998383,19667.0
1778884877,170,GET,GET /api/ -> https://github.com/ibnesayeed/linkextractor,19.900000,0.000000,180,290,380,430,620,720,840,960,1000,1000,1000,546,0,170.0,247.5526426745461,4.792399995494634,2479.5720000111032,11810.0
1778884877,170,GET,GET /api/ -> https://httpbin.org/,21.200000,0.000000,230,370,440,480,620,750,920,1000,1200,1200,1200,557,0,200.0,260.1974621182412,44.09390001092106,1225.2700999961235,313.0
1778884877,170,GET,GET /api/ -> https://locust.io/,20.500000,0.000000,190,300,350,380,550,810,990,1200,1700,1700,1700,547,0,180.0,266.38538500843606,3.704399976413697,3382.826200017007,4762.0
1778884877,170,GET,GET /api/ -> https://redis.io/,21.100000,0.000000,170,250,360,410,520,680,990,1000,1200,1200,1200,549,0,160.0,404.1490459011847,3.8061000232119113,4522.812999988673,7221.0
1778884877,170,GET,GET /api/ -> https://training.play-with-docker.com/,19.200000,0.000000,210,310,390,440,510,650,830,860,920,920,920,544,0,190.0,240.72095643420172,38.8579000136815,1032.7881000121124,1424.0
1778884877,170,GET,GET /api/ -> https://www.python.org/,21.300000,0.000000,180,280,370,420,520,640,780,1200,1200,1200,1200,552,0,130.0,203.5303094203498,4.005700000561774,1988.6878000106663,12980.0
1778884877,170,,Aggregated,208.200000,0.000000,190,290,370,430,570,700,890,1000,1200,1700,1700,5524,0,160.0,255.6413098660351,3.704399976413697,5340.8102999965195,6767.243301955105
1778884878,175,GET,GET /api/ -> http://example.com/,20.700000,0.000000,130,200,290,370,550,700,810,890,1100,1100,1100,615,0,110.0,185.70388048798284,4.3428999779280275,2442.131799994968,65.0
1778884878,175,GET,GET /api/ -> https://books.toscrape.com/,21.000000,0.000000,230,290,340,390,590,760,970,1100,1100,1100,1100,590,0,170.0,239.40676983077893,3.993499994976446,5340.8102999965195,7848.0
1778884878,175,GET,GET /api/ -> https://docs.docker.com/,21.000000,0.000000,210,300,350,450,610,710,830,1000,1100,1100,1100,569,0,160.0,213.31488752168045,3.915000008419156,1433.4990000061225,1741.0
1778884878,175,GET,GET /api/ -> https://flask.palletsprojects.com/,21.400000,0.000000,190,250,330,420,560,670,920,1100,1200,1200,1200,564,0,170.0,288.9673609931785,4.0551999991294,3260.0063999998383,19667.0
1778884878,175,GET,GET /api/ -> https://github.com/ibnesayeed/linkextractor,22.000000,0.000000,180,280,370,440,630,720,840,960,1000,1000,1000,557,0,160.0,245.8877389591887,4.792399995494634,2479.5720000111032,11810.0
1778884878,175,GET,GET /api/ -> https://httpbin.org/,20.900000,0.000000,210,340,410,450,600,690,920,1000,1200,1200,1200,581,0,200.0,257.66879191025834,44.09390001092106,1225.2700999961235,313.0
1778884878,175,GET,GET /api/ -> https://locust.io/,21.700000,0.000000,190,290,350,380,560,840,1100,1400,1700,1700,1700,559,0,180.0,264.9249211084393,3.704399976413697,3382.826200017007,4762.0
1778884878,175,GET,GET /api/ -> https://redis.io/,21.700000,0.000000,160,260,360,410,520,690,1000,1000,1200,1200,1200,561,0,160.0,398.42397343974733,3.8061000232119113,4522.812999988673,7221.0
1778884878,175,GET,GET /api/ -> https://training.play-with-docker.com/,22.000000,0.000000,200,310,380,410,500,630,800,860,880,880,880,553,0,190.0,239.75885045239121,38.8579000136815,1032.7881000121124,1424.0
1778884878,175,GET,GET /api/ -> https://www.python.org/,21.000000,0.000000,170,260,340,400,510,610,770,1200,1200,1200,1200,572,0,130.0,201.72815419581084,4.005700000561774,1988.6878000106663,12980.0
1778884878,175,,Aggregated,213.400000,0.000000,180,280,360,410,570,690,880,1000,1400,1700,1700,5721,0,160.0,252.76362707566474,3.704399976413697,5340.8102999965195,6718.773990561091
1778884879,180,GET,GET /api/ -> http://example.com/,19.700000,0.000000,130,200,300,380,570,700,810,890,1100,1100,1100,634,0,110.0,185.67851388033543,4.3428999779280275,2442.131799994968,65.0
1778884879,180,GET,GET /api/ -> https://books.toscrape.com/,20.100000,0.000000,230,310,380,440,620,780,880,1000,1100,1100,1100,633,0,170.0,247.69686303370173,3.993499994976446,5340.8102999965195,7848.0
1778884879,180,GET,GET /api/ -> https://docs.docker.com/,21.500000,0.000000,210,310,350,420,570,710,830,980,1100,1100,1100,603,0,160.0,215.1323958538194,3.915000008419156,1433.4990000061225,1741.0
1778884879,180,GET,GET /api/ -> https://flask.palletsprojects.com/,21.700000,0.000000,180,250,350,410,570,710,970,1100,1200,1200,1200,592,0,180.0,288.94378091241083,4.0551999991294,3260.0063999998383,19667.0
1778884879,180,GET,GET /api/ -> https://github.com/ibnesayeed/linkextractor,22.700000,0.000000,160,260,320,420,620,730,870,960,1000,1000,1000,566,0,160.0,245.2670717319328,4.792399995494634,2479.5720000111032,11810.0
1778884879,180,GET,GET /api/ -> https://httpbin.org/,20.600000,0.000000,230,320,400,450,590,760,900,970,1200,1200,1200,625,0,200.0,259.58981839991174,44.09390001092106,1225.2700999961235,313.0
1778884879,180,GET,GET /api/ -> https://locust.io/,22.300000,0.000000,190,270,340,380,560,810,990,1400,1700,1700,1700,569,0,180.0,265.6408369061697,3.704399976413697,3382.826200017007,4762.0
1778884879,180,GET,GET /api/ -> https://redis.io/,22.200000,0.000000,180,270,360,410,540,690,1000,1000,1200,1200,1200,579,0,160.0,392.68170431727185,3.8061000232119113,4522.812999988673,7221.0
1778884879,180,GET,GET /api/ -> https://training.play-with-docker.com/,23.400000,0.000000,190,310,390,440,520,630,830,860,880,880,880,563,0,190.0,241.57327371267942,38.8579000136815,1032.7881000121124,1424.0
1778884879,180,GET,GET /api/ -> https://www.python.org/,21.300000,0.000000,170,260,350,380,490,590,740,780,1200,1200,1200,621,0,140.0,202.7645590980841,4.005700000561774,1988.6878000106663,12980.0
1778884879,180,,Aggregated,215.500000,0.000000,190,290,360,410,570,700,880,1000,1200,1700,1700,5985,0,160.0,253.4321690058721,3.704399976413697,5340.8102999965195,6739.2807017543855
1778884880,185,GET,GET /api/ -> http://example.com/,21.400000,0.000000,130,200,270,370,570,700,810,890,1100,1100,1100,652,0,110.0,183.78514003085738,4.3428999779280275,2442.131799994968,65.0
1778884880,185,GET,GET /api/ -> https://books.toscrape.com/,20.600000,0.000000,210,290,360,430,620,770,880,1000,1100,1100,1100,646,0,170.0,247.11461021721144,3.993499994976446,5340.8102999965195,7848.0
1778884880,185,GET,GET /api/ -> https://docs.docker.com/,21.200000,0.000000,220,330,400,460,580,710,830,1000,1100,1100,1100,633,0,160.0,222.81847503929146,3.915000008419156,1433.4990000061225,1741.0
1778884880,185,GET,GET /api/ -> https://flask.palletsprojects.com/,21.500000,0.000000,190,290,380,410,590,800,970,1100,1200,1200,1200,625,0,180.0,293.82545584011825,4.0551999991294,3260.0063999998383,19667.0
1778884880,185,GET,GET /api/ -> https://github.com/ibnesayeed/linkextractor,21.900000,0.000000,160,250,300,380,620,730,870,960,1000,1000,1000,589,0,170.0,244.6891066218222,4.792399995494634,2479.5720000111032,11810.0
1778884880,185,GET,GET /api/ -> https://httpbin.org/,20.400000,0.000000,230,330,400,460,590,760,900,970,1200,1200,1200,641,0,210.0,260.95948705138954,44.09390001092106,1225.2700999961235,313.0
1778884880,185,GET,GET /api/ -> https://locust.io/,21.900000,0.000000,190,250,320,380,560,810,990,1400,1700,1700,1700,601,0,180.0,264.44809184629145,3.704399976413697,3382.826200017007,4762.0
1778884880,185,GET,GET /api/ -> https://redis.io/,21.800000,0.000000,190,290,370,390,540,680,1000,1000,1200,1200,1200,615,0,170.0,387.5046388611928,3.8061000232119113,4522.812999988673,7221.0
1778884880,185,GET,GET /api/ -> https://training.play-with-docker.com/,22.100000,0.000000,190,290,360,410,510,630,860,880,1000,1000,1000,581,0,190.0,242.86562444089364,38.8579000136815,1034.3752999906428,1424.0
1778884880,185,GET,GET /api/ -> https://www.python.org/,20.800000,0.000000,160,260,340,370,500,590,720,780,1200,1200,1200,639,0,140.0,204.68210172138055,4.005700000561774,1988.6878000106663,12980.0
1778884880,185,,Aggregated,213.600000,0.000000,180,290,360,410,570,710,900,1000,1200,1700,1700,6222,0,170.0,254.6916290581731,3.704399976413697,5340.8102999965195,6764.268723882996
1778884881,190,GET,GET /api/ -> http://example.com/,22.900000,0.000000,110,180,230,290,490,630,790,890,1100,1100,1100,667,0,110.0,181.30772293865056,4.3428999779280275,2442.131799994968,65.0
1778884881,190,GET,GET /api/ -> https://books.toscrape.com/,22.700000,0.000000,210,290,360,440,650,810,940,1000,1100,1100,1100,661,0,180.0,250.52689697462947,3.993499994976446,5340.8102999965195,7848.0
1778884881,190,GET,GET /api/ -> https://docs.docker.com/,20.800000,0.000000,190,310,400,460,610,730,850,1000,1200,1200,1200,656,0,160.0,225.45681859726133,3.915000008419156,1433.4990000061225,1741.0
1778884881,190,GET,GET /api/ -> https://flask.palletsprojects.com/,19.800000,0.000000,180,260,340,400,620,770,980,1100,1400,1400,1400,653,0,180.0,295.03783277190644,4.0551999991294,3260.0063999998383,19667.0
1778884881,190,GET,GET /api/ -> https://github.com/ibnesayeed/linkextractor,21.000000,0.000000,160,270,310,370,630,750,950,960,1300,1300,1300,633,0,170.0,251.0014638235468,4.792399995494634,2479.5720000111032,11810.0
1778884881,190,GET,GET /api/ -> https://httpbin.org/,22.500000,0.000000,230,310,390,440,600,780,920,970,1200,1200,1200,660,0,210.0,261.88000818175635,44.09390001092106,1225.2700999961235,313.0
1778884881,190,GET,GET /api/ -> https://locust.io/,19.900000,0.000000,190,250,320,370,580,810,1100,1400,1700,1700,1700,641,0,180.0,269.27617145034804,3.704399976413697,3382.826200017007,4762.0
1778884881,190,GET,GET /api/ -> https://redis.io/,20.000000,0.000000,180,280,350,380,520,640,960,1000,1200,1200,1200,646,0,180.0,381.9068261604589,3.8061000232119113,4522.812999988673,7221.0
1778884881,190,GET,GET /api/ -> https://training.play-with-docker.com/,21.700000,0.000000,190,280,350,410,520,690,880,890,1000,1000,1000,627,0,190.0,247.44031339757734,38.8579000136815,1034.3752999906428,1424.0
1778884881,190,GET,GET /api/ -> https://www.python.org/,22.000000,0.000000,150,250,320,360,500,590,690,780,1200,1200,1200,660,0,140.0,203.51536454545567,4.005700000561774,1988.6878000106663,12980.0
1778884881,190,,Aggregated,213.300000,0.000000,180,270,340,390,570,730,930,1000,1400,1700,1700,6504,0,170.0,256.3957091943487,3.704399976413697,5340.8102999965195,6776.552275522755
1778884882,195,GET,GET /api/ -> http://example.com/,22.500000,0.000000,86,140,180,200,300,470,730,890,1100,1100,1100,686,0,100.0,178.52154081646094,4.3428999779280275,2442.131799994968,65.0
1778884882,195,GET,GET /api/ -> https://books.toscrape.com/,22.500000,0.000000,190,250,310,360,570,760,840,880,1100,1100,1100,682,0,170.0,246.39003944310633,3.993499994976446,5340.8102999965195,7848.0
1778884882,195,GET,GET /api/ -> https://docs.docker.com/,22.300000,0.000000,190,290,350,420,580,730,850,1000,1200,1200,1200,670,0,160.0,224.86719835793718,3.915000008419156,1433.4990000061225,1741.0
1778884882,195,GET,GET /api/ -> https://flask.palletsprojects.com/,21.600000,0.000000,180,250,320,380,570,770,980,1100,1400,1400,1400,669,0,180.0,291.5649768312236,4.0551999991294,3260.0063999998383,19667.0
1778884882,195,GET,GET /api/ -> https://github.com/ibnesayeed/linkextractor,20.700000,0.000000,160,220,290,310,480,700,920,960,1300,1300,1300,663,0,170.0,246.0264850682723,4.792399995494634,2479.5720000111032,11810.0
1778884882,195,GET,GET /api/ -> https://httpbin.org/,22.500000,0.000000,200,280,330,390,550,650,900,920,1200,1200,1200,676,0,200.0,259.1771190829238,44.09390001092106,1225.2700999961235,313.0
1778884882,195,GET,GET /api/ -> https://locust.io/,20.500000,0.000000,180,220,280,310,480,690,1100,1400,1700,1700,1700,665,0,180.0,264.06273022517246,3.704399976413697,3382.826200017007,4762.0
1778884882,195,GET,GET /api/ -> https://redis.io/,21.300000,0.000000,180,240,310,360,470,590,810,1000,1200,1200,1200,667,0,180.0,376.0099277356964,3.8061000232119113,4522.812999988673,7221.0
1778884882,195,GET,GET /api/ -> https://training.play-with-docker.com/,20.400000,0.000000,180,250,320,350,480,580,750,890,1000,1000,1000,662,0,190.0,243.77394637519922,38.8579000136815,1034.3752999906428,1424.0
1778884882,195,GET,GET /api/ -> https://www.python.org/,23.000000,0.000000,140,210,300,340,460,530,650,720,1200,1200,1200,673,0,140.0,201.75518945026775,4.005700000561774,1988.6878000106663,12980.0
1778884882,195,,Aggregated,217.400000,0.000000,170,240,300,340,500,650,880,1000,1400,1700,1700,6713,0,170.0,252.95709828696255,3.704399976413697,5340.8102999965195,6766.513034410845
1778884883,200,GET,GET /api/ -> http://example.com/,22.300000,0.000000,74,130,160,180,240,380,490,510,590,590,590,718,0,100.0,174.46485306420863,4.3428999779280275,2442.131799994968,65.0
1778884883,200,GET,GET /api/ -> https://books.toscrape.com/,22.200000,0.000000,160,230,290,320,530,710,830,880,1100,1100,1100,714,0,170.0,242.2733158265281,3.993499994976446,5340.8102999965195,7848.0
1778884883,200,GET,GET /api/ -> https://docs.docker.com/,22.500000,0.000000,170,270,330,380,500,660,830,1000,1200,1200,1200,697,0,160.0,221.07001865110453,3.915000008419156,1433.4990000061225,1741.0
1778884883,200,GET,GET /api/ -> https://flask.palletsprojects.com/,22.300000,0.000000,170,230,300,340,540,750,980,1100,1400,1400,1400,695,0,180.0,285.6354420142426,4.0551999991294,3260.0063999998383,19667.0
1778884883,200,GET,GET /api/ -> https://github.com/ibnesayeed/linkextractor,22.000000,0.000000,150,210,280,300,390,620,870,950,1300,1300,1300,680,0,170.0,243.08302882418502,4.792399995494634,2479.5720000111032,11810.0
1778884883,200,GET,GET /api/ -> https://httpbin.org/,22.000000,0.000000,180,230,280,310,440,580,720,780,930,930,930,707,0,200.0,255.5040438475316,44.09390001092106,1225.2700999961235,313.0
1778884883,200,GET,GET /api/ -> https://locust.io/,22.300000,0.000000,160,220,260,290,440,630,930,1100,1500,1500,1500,683,0,180.0,260.18526002892196,3.704399976413697,3382.826200017007,4762.0
1778884883,200,GET,GET /api/ -> https://redis.io/,22.200000,0.000000,160,230,310,350,460,570,810,1000,1200,1200,1200,691,0,170.0,368.6647917508409,3.8061000232119113,4522.812999988673,7221.0
1778884883,200,GET,GET /api/ -> https://training.play-with-docker.com/,20.300000,0.000000,170,240,290,330,460,570,700,890,1000,1000,1000,677,0,190.0,242.7749923195919,38.8579000136815,1034.3752999906428,1424.0
1778884883,200,GET,GET /api/ -> https://www.python.org/,22.000000,0.000000,130,160,220,260,370,510,640,690,780,780,780,702,0,140.0,197.48604472953278,4.005700000561774,1988.6878000106663,12980.0
1778884883,200,,Aggregated,220.100000,0.000000,150,210,270,310,450,590,790,930,1400,1500,1500,6964,0,160.0,248.74166322525738,3.704399976413697,5340.8102999965195,6763.704767375072
1778884884,200,GET,GET /api/ -> http://example.com/,21.300000,0.000000,92,140,180,200,280,380,510,580,590,590,590,756,0,100.0,175.40333095245634,4.3428999779280275,2442.131799994968,65.0
1778884884,200,GET,GET /api/ -> https://books.toscrape.com/,21.900000,0.000000,160,220,260,300,480,640,810,870,940,940,940,747,0,170.0,239.6228255692279,3.993499994976446,5340.8102999965195,7848.0
1778884884,200,GET,GET /api/ -> https://docs.docker.com/,23.200000,0.000000,160,220,290,330,470,560,750,850,1200,1200,1200,721,0,160.0,220.7219482660045,3.915000008419156,1433.4990000061225,1741.0
1778884884,200,GET,GET /api/ -> https://flask.palletsprojects.com/,23.400000,0.000000,160,220,280,330,460,740,930,1100,1400,1400,1400,716,0,180.0,283.46389999982085,4.0551999991294,3260.0063999998383,19667.0
1778884884,200,GET,GET /api/ -> https://github.com/ibnesayeed/linkextractor,24.700000,0.000000,140,200,270,290,360,480,870,950,1300,1300,1300,702,0,170.0,241.21170683815828,4.792399995494634,2479.5720000111032,11810.0
1778884884,200,GET,GET /api/ -> https://httpbin.org/,22.700000,0.000000,180,230,260,310,400,540,650,760,930,930,930,738,0,200.0,254.15167181607814,44.09390001092106,1225.2700999961235,313.0
1778884884,200,GET,GET /api/ -> https://locust.io/,24.400000,0.000000,160,210,260,290,430,560,850,930,1500,1500,1500,709,0,180.0,258.06728561304715,3.704399976413697,3382.826200017007,4762.0
1778884884,200,GET,GET /api/ -> https://redis.io/,23.900000,0.000000,150,210,290,320,390,540,620,900,1100,1100,1100,711,0,180.0,364.704893248643,3.8061000232119113,4522.812999988673,7221.0
1778884884,200,GET,GET /api/ -> https://training.play-with-docker.com/,24.700000,0.000000,170,240,280,320,440,570,700,890,1000,1000,1000,697,0,190.0,241.34372352991403,38.8579000136815,1034.3752999906428,1424.0
1778884884,200,GET,GET /api/ -> https://www.python.org/,23.200000,0.000000,130,170,210,230,350,450,530,650,720,720,720,727,0,140.0,196.96915185714218,4.005700000561774,1988.6878000106663,12980.0
1778884884,200,,Aggregated,233.400000,0.000000,150,200,250,290,400,530,720,900,1300,1500,1500,7224,0,170.0,246.99424575034774,3.704399976413697,5340.8102999965195,6742.721483942414
1778884885,200,GET,GET /api/ -> http://example.com/,21.900000,0.000000,85,140,170,190,270,350,490,580,590,590,590,783,0,100.0,172.79089476377524,4.3428999779280275,2442.131799994968,65.0
1778884885,200,GET,GET /api/ -> https://books.toscrape.com/,23.200000,0.000000,150,210,260,300,440,580,810,870,940,940,940,774,0,170.0,236.7262515506466,3.993499994976446,5340.8102999965195,7848.0
1778884885,200,GET,GET /api/ -> https://docs.docker.com/,24.600000,0.000000,150,230,290,330,460,530,750,850,1200,1200,1200,761,0,160.0,219.41579448063945,3.915000008419156,1433.4990000061225,1741.0
1778884885,200,GET,GET /api/ -> https://flask.palletsprojects.com/,24.600000,0.000000,170,240,290,340,460,700,900,980,1400,1400,1400,754,0,180.0,279.7884802385425,4.0551999991294,3260.0063999998383,19667.0
1778884885,200,GET,GET /api/ -> https://github.com/ibnesayeed/linkextractor,25.500000,0.000000,140,210,270,290,360,480,870,950,1300,1300,1300,729,0,170.0,239.65934924612048,4.792399995494634,2479.5720000111032,11810.0
1778884885,200,GET,GET /api/ -> https://httpbin.org/,24.300000,0.000000,190,230,270,310,430,580,780,870,1100,1100,1100,771,0,200.0,256.5088389108734,44.09390001092106,1225.2700999961235,313.0
1778884885,200,GET,GET /api/ -> https://locust.io/,24.800000,0.000000,160,220,270,300,430,560,720,930,1500,1500,1500,735,0,180.0,256.2703895233302,3.704399976413697,3382.826200017007,4762.0
1778884885,200,GET,GET /api/ -> https://redis.io/,24.500000,0.000000,150,210,290,310,390,530,620,810,1100,1100,1100,744,0,170.0,356.0874966394578,3.8061000232119113,4522.812999988673,7221.0
1778884885,200,GET,GET /api/ -> https://training.play-with-docker.com/,26.000000,0.000000,170,240,270,310,400,580,700,890,1000,1000,1000,721,0,190.0,241.43680901574706,38.8579000136815,1034.3752999906428,1424.0
1778884885,200,GET,GET /api/ -> https://www.python.org/,24.600000,0.000000,140,180,230,260,370,490,580,650,720,720,720,766,0,140.0,198.95484321154186,4.005700000561774,1988.6878000106663,12980.0
1778884885,200,,Aggregated,244.000000,0.000000,150,210,260,300,400,530,720,890,1300,1500,1500,7538,0,170.0,245.2507941629568,3.704399976413697,5340.8102999965195,6761.973600424516
1778884886,200,GET,GET /api/ -> http://example.com/,23.800000,0.000000,92,140,170,200,280,350,510,580,590,590,590,801,0,100.0,170.8883987516226,4.3428999779280275,2442.131799994968,65.0
1778884886,200,GET,GET /api/ -> https://books.toscrape.com/,23.500000,0.000000,160,220,280,300,460,580,810,870,940,940,940,797,0,170.0,235.11265495642604,3.993499994976446,5340.8102999965195,7848.0
1778884886,200,GET,GET /api/ -> https://docs.docker.com/,24.100000,0.000000,180,250,300,330,460,530,750,850,1200,1200,1200,786,0,160.0,218.16153842206384,3.915000008419156,1433.4990000061225,1741.0
1778884886,200,GET,GET /api/ -> https://flask.palletsprojects.com/,25.200000,0.000000,190,250,320,370,480,700,900,980,1400,1400,1400,785,0,180.0,277.5496487895021,4.0551999991294,3260.0063999998383,19667.0
1778884886,200,GET,GET /api/ -> https://github.com/ibnesayeed/linkextractor,25.700000,0.000000,150,220,280,300,380,500,870,950,1300,1300,1300,769,0,160.0,235.95452405760906,4.792399995494634,2479.5720000111032,11810.0
1778884886,200,GET,GET /api/ -> https://httpbin.org/,22.900000,0.000000,190,250,290,330,460,580,780,870,1100,1100,1100,791,0,200.0,255.63021314827262,44.09390001092106,1225.2700999961235,313.0
1778884886,200,GET,GET /api/ -> https://locust.io/,25.500000,0.000000,180,230,280,310,440,560,720,930,1500,1500,1500,775,0,180.0,252.01544438665283,3.704399976413697,3382.826200017007,4762.0
1778884886,200,GET,GET /api/ -> https://redis.io/,24.900000,0.000000,180,230,290,320,390,560,780,950,1100,1100,1100,780,0,170.0,348.8143676919534,3.8061000232119113,4522.812999988673,7221.0
1778884886,200,GET,GET /api/ -> https://training.play-with-docker.com/,25.700000,0.000000,190,260,310,330,440,580,700,890,1000,1000,1000,765,0,190.0,240.9253683663658,38.8579000136815,1034.3752999906428,1424.0
1778884886,200,GET,GET /api/ -> https://www.python.org/,23.100000,0.000000,150,190,250,270,370,500,600,650,720,720,720,789,0,140.0,198.11794017760275,4.005700000561774,1988.6878000106663,12980.0
1778884886,200,,Aggregated,244.400000,0.000000,170,220,280,310,420,550,720,900,1300,1500,1500,7838,0,170.0,243.08248306968432,3.704399976413697,5340.8102999965195,6774.295100791018
1778884887,200,GET,GET /api/ -> http://example.com/,25.300000,0.000000,81,130,170,200,290,370,510,580,590,590,590,821,0,99,168.05740426298476,4.3428999779280275,2442.131799994968,65.0
1778884887,200,GET,GET /api/ -> https://books.toscrape.com/,25.500000,0.000000,180,230,280,310,480,600,810,870,940,940,940,819,0,170.0,232.83677240568542,3.993499994976446,5340.8102999965195,7848.0
1778884887,200,GET,GET /api/ -> https://docs.docker.com/,24.500000,0.000000,180,250,300,330,460,530,750,850,1200,1200,1200,812,0,160.0,214.59131600947998,3.915000008419156,1433.4990000061225,1741.0
1778884887,200,GET,GET /api/ -> https://flask.palletsprojects.com/,23.900000,0.000000,180,250,310,360,470,670,900,980,1400,1400,1400,809,0,180.0,272.41440729269897,4.0551999991294,3260.0063999998383,19667.0
1778884887,200,GET,GET /api/ -> https://github.com/ibnesayeed/linkextractor,24.900000,0.000000,150,220,280,290,360,480,680,950,1300,1300,1300,804,0,160.0,231.87444154276665,4.792399995494634,2479.5720000111032,11810.0
1778884887,200,GET,GET /api/ -> https://httpbin.org/,25.500000,0.000000,200,250,310,330,460,580,780,870,1100,1100,1100,815,0,200.0,254.1711817181989,44.09390001092106,1225.2700999961235,313.0
1778884887,200,GET,GET /api/ -> https://locust.io/,24.300000,0.000000,170,220,270,310,430,560,720,930,1500,1500,1500,805,0,170.0,247.90007353996026,3.704399976413697,3382.826200017007,4762.0
1778884887,200,GET,GET /api/ -> https://redis.io/,23.800000,0.000000,180,230,290,320,390,540,780,950,1100,1100,1100,806,0,160.0,342.25334354802544,3.8061000232119113,4522.812999988673,7221.0
1778884887,200,GET,GET /api/ -> https://training.play-with-docker.com/,25.800000,0.000000,190,250,300,320,420,580,700,890,1000,1000,1000,796,0,190.0,237.60808542740517,38.8579000136815,1034.3752999906428,1424.0
1778884887,200,GET,GET /api/ -> https://www.python.org/,25.000000,0.000000,150,190,230,270,370,500,600,650,720,720,720,814,0,140.0,194.62669459474074,4.005700000561774,1988.6878000106663,12980.0
1778884887,200,,Aggregated,248.500000,0.000000,160,220,280,310,410,550,720,890,1300,1500,1500,8101,0,160.0,239.45862649056716,3.704399976413697,5340.8102999965195,6777.961609677817
1778884888,200,GET,GET /api/ -> http://example.com/,25.800000,0.000000,80,120,150,170,240,300,380,490,590,590,590,859,0,97,164.35365576230774,4.3428999779280275,2442.131799994968,65.0
1778884888,200,GET,GET /api/ -> https://books.toscrape.com/,25.800000,0.000000,140,190,220,240,350,530,810,870,940,940,940,853,0,160.0,228.3105036346632,3.993499994976446,5340.8102999965195,7848.0
1778884888,200,GET,GET /api/ -> https://docs.docker.com/,25.400000,0.000000,150,220,290,320,460,530,750,850,1200,1200,1200,835,0,160.0,212.12219688591748,3.915000008419156,1433.4990000061225,1741.0
1778884888,200,GET,GET /api/ -> https://flask.palletsprojects.com/,25.400000,0.000000,180,250,300,330,460,670,900,980,1400,1400,1400,831,0,170.0,268.9265859203408,4.0551999991294,3260.0063999998383,19667.0
1778884888,200,GET,GET /api/ -> https://github.com/ibnesayeed/linkextractor,24.000000,0.000000,140,210,270,290,360,480,680,950,1300,1300,1300,822,0,160.0,228.79250669144344,4.792399995494634,2479.5720000111032,11810.0
1778884888,200,GET,GET /api/ -> https://httpbin.org/,25.800000,0.000000,190,240,280,310,430,550,760,870,1100,1100,1100,845,0,200.0,251.52433171634806,44.09390001092106,1225.2700999961235,313.0
1778884888,200,GET,GET /api/ -> https://locust.io/,24.800000,0.000000,150,210,260,290,400,510,720,930,1500,1500,1500,825,0,170.0,244.49400751470503,3.704399976413697,3382.826200017007,4762.0
1778884888,200,GET,GET /api/ -> https://redis.io/,24.700000,0.000000,160,210,280,310,390,540,620,950,1100,1100,1100,826,0,160.0,337.25820677932074,3.8061000232119113,4522.812999988673,7221.0
1778884888,200,GET,GET /api/ -> https://training.play-with-docker.com/,23.400000,0.000000,180,240,290,320,390,540,670,890,1000,1000,1000,819,0,190.0,235.78501098916635,38.8579000136815,1034.3752999906428,1424.0
1778884888,200,GET,GET /api/ -> https://www.python.org/,25.600000,0.000000,140,180,210,250,360,490,600,650,720,720,720,840,0,140.0,192.20778619069495,4.005700000561774,1988.6878000106663,12980.0
1778884888,200,,Aggregated,250.700000,0.000000,150,210,260,290,390,510,720,890,1300,1500,1500,8355,0,160.0,236.0238752124568,3.704399976413697,5340.8102999965195,6760.281029323758
1778884889,200,GET,GET /api/ -> http://example.com/,25.800000,0.000000,76,110,150,160,230,290,350,420,590,590,590,895,0,95,161.0921815641266,4.3428999779280275,2442.131799994968,65.0
1778884889,200,GET,GET /api/ -> https://books.toscrape.com/,25.800000,0.000000,140,190,220,240,310,410,650,830,940,940,940,891,0,160.0,225.11281784556311,3.993499994976446,5340.8102999965195,7848.0
1778884889,200,GET,GET /api/ -> https://docs.docker.com/,25.300000,0.000000,150,200,230,280,380,470,680,750,1200,1200,1200,871,0,160.0,211.5746610789254,3.915000008419156,1433.4990000061225,1741.0
1778884889,200,GET,GET /api/ -> https://flask.palletsprojects.com/,24.700000,0.000000,160,220,260,290,400,520,750,770,1400,1400,1400,862,0,170.0,264.2157750578031,4.0551999991294,3260.0063999998383,19667.0
1778884889,200,GET,GET /api/ -> https://github.com/ibnesayeed/linkextractor,24.400000,0.000000,140,200,250,280,350,480,680,950,1300,1300,1300,844,0,160.0,226.8034502373119,4.792399995494634,2479.5720000111032,11810.0
1778884889,200,GET,GET /api/ -> https://httpbin.org/,25.600000,0.000000,190,220,260,290,400,490,720,870,1100,1100,1100,884,0,200.0,249.17341391422298,44.09390001092106,1225.2700999961235,313.0
1778884889,200,GET,GET /api/ -> https://locust.io/,24.400000,0.000000,150,210,240,280,380,450,720,930,1500,1500,1500,849,0,170.0,242.67291860971423,3.704399976413697,3382.826200017007,4762.0
1778884889,200,GET,GET /api/ -> https://redis.io/,24.500000,0.000000,150,200,260,290,370,470,620,950,1100,1100,1100,857,0,160.0,330.4359155189237,3.8061000232119113,4522.812999988673,7221.0
1778884889,200,GET,GET /api/ -> https://training.play-with-docker.com/,24.200000,0.000000,180,240,280,310,380,510,660,880,960,960,960,840,0,190.0,234.7709019049944,38.8579000136815,1034.3752999906428,1424.0
1778884889,200,GET,GET /api/ -> https://www.python.org/,25.400000,0.000000,130,170,190,220,320,490,600,640,710,710,710,880,0,140.0,191.0194137500763,4.005700000561774,1988.6878000106663,12980.0
1778884889,200,,Aggregated,250.100000,0.000000,150,200,240,270,350,460,650,830,1300,1500,1500,8673,0,160.0,233.25233370228895,3.704399976413697,5340.8102999965195,6758.253776086706
1778884890,200,GET,GET /api/ -> http://example.com/,24.100000,0.000000,76,100,140,160,220,290,350,420,590,590,590,920,0,94,159.4915434781085,4.3428999779280275,2442.131799994968,65.0
1778884890,200,GET,GET /api/ -> https://books.toscrape.com/,25.300000,0.000000,130,180,210,230,290,350,410,570,870,870,870,911,0,160.0,223.5589352364227,3.993499994976446,5340.8102999965195,7848.0
1778884890,200,GET,GET /api/ -> https://docs.docker.com/,25.500000,0.000000,150,210,240,280,350,420,530,630,780,780,780,896,0,160.0,213.92762455327232,3.915000008419156,1433.4990000061225,1741.0
1778884890,200,GET,GET /api/ -> https://flask.palletsprojects.com/,25.600000,0.000000,150,200,250,260,330,400,480,670,1000,1000,1000,892,0,170.0,261.7128651342882,4.0551999991294,3260.0063999998383,19667.0
1778884890,200,GET,GET /api/ -> https://github.com/ibnesayeed/linkextractor,25.700000,0.000000,130,190,230,260,320,420,480,510,660,660,660,876,0,160.0,226.94179509170635,4.792399995494634,2479.5720000111032,11810.0
1778884890,200,GET,GET /api/ -> https://httpbin.org/,25.700000,0.000000,190,220,260,290,380,480,630,850,1100,1100,1100,909,0,200.0,249.9017040706926,44.09390001092106,1225.2700999961235,313.0
1778884890,200,GET,GET /api/ -> https://locust.io/,25.900000,0.000000,140,190,240,260,360,410,500,530,750,750,750,884,0,170.0,242.57322907191937,3.704399976413697,3382.826200017007,4762.0
1778884890,200,GET,GET /api/ -> https://redis.io/,25.500000,0.000000,140,190,240,280,350,420,590,780,1100,1100,1100,888,0,160.0,325.5145983105952,3.8061000232119113,4522.812999988673,7221.0
1778884890,200,GET,GET /api/ -> https://training.play-with-docker.com/,25.800000,0.000000,180,240,280,310,380,470,590,640,670,670,670,868,0,190.0,237.2352313366316,38.8579000136815,1034.3752999906428,1424.0
1778884890,200,GET,GET /api/ -> https://www.python.org/,25.500000,0.000000,130,170,210,220,320,440,550,630,710,710,710,906,0,140.0,190.6701328918591,4.005700000561774,1988.6878000106663,12980.0
1778884890,200,,Aggregated,254.600000,0.000000,140,190,230,260,330,410,520,620,1000,1100,1100,8950,0,160.0,232.80917517317968,3.704399976413697,5340.8102999965195,6766.488603351955
1778884891,200,GET,GET /api/ -> http://example.com/,24.100000,0.000000,81,110,150,170,250,300,360,420,590,590,590,931,0,94,159.04956498371126,4.3428999779280275,2442.131799994968,65.0
1778884891,200,GET,GET /api/ -> https://books.toscrape.com/,24.500000,0.000000,140,190,210,230,300,370,420,480,600,600,600,929,0,160.0,222.90629128129393,3.993499994976446,5340.8102999965195,7848.0
1778884891,200,GET,GET /api/ -> https://docs.docker.com/,25.900000,0.000000,150,210,250,300,350,420,530,630,780,780,780,920,0,160.0,212.96200336930823,3.915000008419156,1433.4990000061225,1741.0
1778884891,200,GET,GET /api/ -> https://flask.palletsprojects.com/,27.000000,0.000000,150,200,250,260,330,400,480,670,1000,1000,1000,919,0,170.0,259.0786727963705,4.0551999991294,3260.0063999998383,19667.0
1778884891,200,GET,GET /api/ -> https://github.com/ibnesayeed/linkextractor,26.500000,0.000000,140,190,240,260,320,420,490,510,660,660,660,902,0,160.0,225.61372339275965,4.792399995494634,2479.5720000111032,11810.0
1778884891,200,GET,GET /api/ -> https://httpbin.org/,24.900000,0.000000,190,230,270,290,390,490,640,850,1100,1100,1100,926,0,200.0,249.26643282964955,44.09390001092106,1225.2700999961235,313.0
1778884891,200,GET,GET /api/ -> https://locust.io/,26.800000,0.000000,140,190,240,260,360,410,510,530,750,750,750,908,0,170.0,240.3024867836846,3.704399976413697,3382.826200017007,4762.0
1778884891,200,GET,GET /api/ -> https://redis.io/,27.000000,0.000000,130,180,210,240,310,390,470,620,950,950,950,915,0,150.0,318.73532262283425,3.8061000232119113,4522.812999988673,7221.0
1778884891,200,GET,GET /api/ -> https://training.play-with-docker.com/,26.800000,0.000000,180,240,280,310,390,500,600,640,670,670,670,894,0,190.0,236.5441997765037,38.8579000136815,1034.3752999906428,1424.0
1778884891,200,GET,GET /api/ -> https://www.python.org/,24.500000,0.000000,120,180,210,220,320,450,580,630,710,710,710,925,0,140.0,189.50842054057364,4.005700000561774,1988.6878000106663,12980.0
1778884891,200,,Aggregated,258.000000,0.000000,140,190,230,260,330,410,520,600,950,1100,1100,9169,0,160.0,231.22488931181323,3.704399976413697,5340.8102999965195,6781.560148325881
1778884892,200,GET,GET /api/ -> http://example.com/,24.100000,0.000000,81,120,150,180,260,300,370,420,590,590,590,931,0,94,159.04956498371126,4.3428999779280275,2442.131799994968,65.0
1778884892,200,GET,GET /api/ -> https://books.toscrape.com/,24.500000,0.000000,140,190,220,240,300,370,450,480,600,600,600,929,0,160.0,222.90629128129393,3.993499994976446,5340.8102999965195,7848.0
1778884892,200,GET,GET /api/ -> https://docs.docker.com/,25.900000,0.000000,150,210,250,300,350,450,530,630,780,780,780,920,0,160.0,212.96200336930823,3.915000008419156,1433.4990000061225,1741.0
1778884892,200,GET,GET /api/ -> https://flask.palletsprojects.com/,27.000000,0.000000,150,210,250,270,340,400,520,670,1000,1000,1000,919,0,170.0,259.0786727963705,4.0551999991294,3260.0063999998383,19667.0
1778884892,200,GET,GET /api/ -> https://github.com/ibnesayeed/linkextractor,26.500000,0.000000,140,190,240,270,320,420,490,510,660,660,660,902,0,160.0,225.61372339275965,4.792399995494634,2479.5720000111032,11810.0
1778884892,200,GET,GET /api/ -> https://httpbin.org/,24.900000,0.000000,190,240,280,300,410,490,720,850,1100,1100,1100,926,0,200.0,249.26643282964955,44.09390001092106,1225.2700999961235,313.0
1778884892,200,GET,GET /api/ -> https://locust.io/,26.800000,0.000000,150,210,240,270,360,410,510,530,750,750,750,908,0,170.0,240.3024867836846,3.704399976413697,3382.826200017007,4762.0
1778884892,200,GET,GET /api/ -> https://redis.io/,27.000000,0.000000,140,180,210,240,320,390,560,620,950,950,950,915,0,150.0,318.73532262283425,3.8061000232119113,4522.812999988673,7221.0
1778884892,200,GET,GET /api/ -> https://training.play-with-docker.com/,26.800000,0.000000,190,240,280,320,390,500,590,600,670,670,670,894,0,190.0,236.5441997765037,38.8579000136815,1034.3752999906428,1424.0
1778884892,200,GET,GET /api/ -> https://www.python.org/,24.500000,0.000000,140,180,210,240,330,480,580,630,710,710,710,925,0,140.0,189.50842054057364,4.005700000561774,1988.6878000106663,12980.0
1778884892,200,,Aggregated,258.000000,0.000000,150,200,240,260,340,420,530,620,950,1100,1100,9169,0,160.0,231.22488931181323,3.704399976413697,5340.8102999965195,6781.560148325881
1778884893,200,GET,GET /api/ -> http://example.com/,26.800000,0.000000,93,170,260,360,1100,1600,2200,30000,30000,30000,30000,990,0,100.0,350.0230719190152,4.3428999779280275,30050.50559999654,64.67171717171718
1778884893,200,GET,GET /api/ -> https://books.toscrape.com/,26.900000,0.000000,150,190,220,230,310,360,450,480,2400,2400,2400,968,0,160.0,224.76051818201327,3.993499994976446,5340.8102999965195,7848.0
1778884893,200,GET,GET /api/ -> https://docs.docker.com/,26.400000,0.000000,150,220,270,320,380,500,1900,2000,2100,2100,2100,931,0,160.0,221.82387969908393,3.915000008419156,2146.3480000093114,1741.0
1778884893,200,GET,GET /api/ -> https://flask.palletsprojects.com/,26.500000,0.000000,160,210,250,270,360,410,660,690,2200,2200,2200,928,0,170.0,261.05499428862896,4.0551999991294,3260.0063999998383,19667.0
1778884893,200,GET,GET /api/ -> https://github.com/ibnesayeed/linkextractor,26.800000,0.000000,140,200,260,280,360,480,1900,2000,2200,2200,2200,917,0,160.0,236.9086464561739,4.792399995494634,2479.5720000111032,11810.0
1778884893,200,GET,GET /api/ -> https://httpbin.org/,27.000000,0.000000,200,240,290,310,420,540,870,1900,2200,2200,2200,951,0,200.0,253.11068412221059,44.09390001092106,2185.8862999943085,313.0
1778884893,200,GET,GET /api/ -> https://locust.io/,26.900000,0.000000,150,220,250,290,400,510,1800,2100,2200,2200,2200,920,0,170.0,252.9908301081931,3.704399976413697,3382.826200017007,4762.0
1778884893,200,GET,GET /api/ -> https://redis.io/,27.200000,0.000000,130,180,220,240,320,390,950,2100,2400,2400,2400,924,0,150.0,325.7828693721898,3.8061000232119113,4522.812999988673,7221.0
1778884893,200,GET,GET /api/ -> https://training.play-with-docker.com/,28.700000,0.000000,190,260,320,340,490,600,2100,2200,2400,2400,2400,912,0,190.0,253.47906348699263,38.8579000136815,2387.100299994927,1424.0
1778884893,200,GET,GET /api/ -> https://www.python.org/,26.900000,0.000000,130,180,210,260,340,490,600,640,2000,2000,2000,940,0,140.0,190.55032191489715,4.005700000561774,2024.730900011491,12980.0
1778884893,200,,Aggregated,270.100000,0.000000,150,210,250,290,390,550,1700,2100,30000,30000,30000,9381,0,160.0,257.42316622959464,3.704399976413697,30050.50559999654,6738.439505383221
1778884894,200,GET,GET /api/ -> http://example.com/,26.000000,0.000000,93,170,280,600,1500,2200,30000,30000,30000,30000,30000,1005,0,100.0,499.12356766145234,4.3428999779280275,30057.51689997851,64.35323383084577
1778884894,200,GET,GET /api/ -> https://books.toscrape.com/,25.900000,0.000000,150,200,230,260,360,480,750,990,2400,2400,2400,992,0,170.0,229.15072711707433,3.993499994976446,5340.8102999965195,7848.0
1778884894,200,GET,GET /api/ -> https://docs.docker.com/,25.600000,0.000000,160,210,260,310,350,500,1900,2000,2100,2100,2100,975,0,160.0,221.47923702538276,3.915000008419156,2146.3480000093114,1741.0
1778884894,200,GET,GET /api/ -> https://flask.palletsprojects.com/,25.600000,0.000000,160,210,250,270,350,420,660,690,2200,2200,2200,967,0,170.0,258.84817828322065,4.0551999991294,3260.0063999998383,19667.0
1778884894,200,GET,GET /api/ -> https://github.com/ibnesayeed/linkextractor,24.800000,0.000000,140,200,250,280,380,500,1900,2000,2200,2200,2200,934,0,160.0,237.64348854429844,4.792399995494634,2479.5720000111032,11810.0
1778884894,200,GET,GET /api/ -> https://httpbin.org/,25.700000,0.000000,200,260,290,320,460,630,870,1900,2200,2200,2200,989,0,200.0,256.7873281093373,44.09390001092106,2185.8862999943085,313.0
1778884894,200,GET,GET /api/ -> https://locust.io/,25.000000,0.000000,150,210,260,290,400,520,1800,2100,2200,2200,2200,941,0,170.0,252.28413761905534,3.704399976413697,3382.826200017007,4762.0
1778884894,200,GET,GET /api/ -> https://redis.io/,25.500000,0.000000,140,190,240,270,350,500,970,2100,2400,2400,2400,955,0,160.0,325.1483952877702,3.8061000232119113,4522.812999988673,7221.0
1778884894,200,GET,GET /api/ -> https://training.play-with-docker.com/,24.500000,0.000000,190,270,320,350,510,600,2100,2200,2400,2400,2400,923,0,190.0,253.75553596977832,38.8579000136815,2387.100299994927,1424.0
1778884894,200,GET,GET /api/ -> https://www.python.org/,25.700000,0.000000,130,180,220,260,350,440,600,630,2000,2000,2000,979,0,140.0,191.69973830431576,4.005700000561774,2024.730900011491,12980.0
1778884894,200,,Aggregated,254.300000,0.000000,150,220,260,300,410,620,1800,2200,30000,30000,30000,9660,0,160.0,273.38647325045696,3.704399976413697,30057.51689997851,6760.281677018634
1778884895,200,GET,GET /api/ -> http://example.com/,22.700000,0.000000,100,190,390,920,1700,30000,30000,30000,30000,30000,30000,1017,0,100.0,642.2537846605553,4.3428999779280275,30160.080499976175,64.04129793510324
1778884895,200,GET,GET /api/ -> https://books.toscrape.com/,22.900000,0.000000,150,200,230,260,400,560,890,990,2400,2400,2400,1000,0,170.0,230.5152372001612,3.993499994976446,5340.8102999965195,7848.0
1778884895,200,GET,GET /api/ -> https://docs.docker.com/,23.400000,0.000000,170,230,300,320,400,510,1900,2000,2100,2100,2100,995,0,160.0,223.22441376853925,3.915000008419156,2146.3480000093114,1741.0
1778884895,200,GET,GET /api/ -> https://flask.palletsprojects.com/,23.500000,0.000000,150,210,250,270,360,420,630,690,2200,2200,2200,993,0,170.0,258.7267350451939,4.0551999991294,3260.0063999998383,19667.0
1778884895,200,GET,GET /api/ -> https://github.com/ibnesayeed/linkextractor,22.900000,0.000000,160,230,260,300,410,500,1900,2000,2200,2200,2200,978,0,160.0,237.86244846678434,4.792399995494634,2479.5720000111032,11810.0
1778884895,200,GET,GET /api/ -> https://httpbin.org/,23.100000,0.000000,210,260,300,330,470,660,970,1900,2200,2200,2200,999,0,200.0,258.1585092093419,44.09390001092106,2185.8862999943085,313.0
1778884895,200,GET,GET /api/ -> https://locust.io/,23.400000,0.000000,170,230,280,310,450,660,1800,2100,2200,2200,2200,983,0,180.0,254.4451987788961,3.704399976413697,3382.826200017007,4762.0
1778884895,200,GET,GET /api/ -> https://redis.io/,23.700000,0.000000,150,200,240,270,390,490,970,2100,2400,2400,2400,989,0,160.0,321.7515773506267,3.8061000232119113,4522.812999988673,7221.0
1778884895,200,GET,GET /api/ -> https://training.play-with-docker.com/,22.300000,0.000000,210,280,320,350,510,600,2100,2200,2400,2400,2400,969,0,190.0,254.7705488132471,38.8579000136815,2387.100299994927,1424.0
1778884895,200,GET,GET /api/ -> https://www.python.org/,23.300000,0.000000,130,190,230,260,360,570,750,800,2000,2000,2000,997,0,140.0,194.6645731192457,4.005700000561774,2024.730900011491,12980.0
1778884895,200,,Aggregated,231.200000,0.000000,160,220,270,310,450,690,1900,2200,30000,30000,30000,9920,0,160.0,288.5611172076127,3.704399976413697,30160.080499976175,6772.29375
1778884896,200,GET,GET /api/ -> http://example.com/,26.100000,0.000000,100,200,490,990,1800,30000,30000,30000,30000,30000,30000,1049,0,100.0,766.9645091515152,4.3428999779280275,30160.080499976175,63.760724499523356
1778884896,200,GET,GET /api/ -> https://books.toscrape.com/,24.900000,0.000000,140,190,230,260,400,560,890,990,2400,2400,2400,1028,0,160.0,225.80562801577526,3.993499994976446,5340.8102999965195,7848.0
1778884896,200,GET,GET /api/ -> https://docs.docker.com/,23.500000,0.000000,160,220,280,310,400,510,1900,2000,2100,2100,2100,1024,0,160.0,218.8845487301876,3.915000008419156,2146.3480000093114,1741.0
1778884896,200,GET,GET /api/ -> https://flask.palletsprojects.com/,23.100000,0.000000,130,180,240,260,340,420,590,690,2200,2200,2200,1024,0,170.0,252.52173583970716,4.0551999991294,3260.0063999998383,19667.0
1778884896,200,GET,GET /api/ -> https://github.com/ibnesayeed/linkextractor,23.000000,0.000000,140,190,250,290,390,500,1900,2000,2200,2200,2200,1024,0,160.0,229.63743974668205,4.792399995494634,2479.5720000111032,11810.0
1778884896,200,GET,GET /api/ -> https://httpbin.org/,24.600000,0.000000,190,230,280,310,450,630,970,1900,2200,2200,2200,1027,0,200.0,253.7499659202715,44.09390001092106,2185.8862999943085,313.0
1778884896,200,GET,GET /api/ -> https://locust.io/,22.800000,0.000000,140,220,270,300,410,660,1800,2100,2200,2200,2200,1024,0,170.0,246.61209570288634,3.704399976413697,3382.826200017007,4762.0
1778884896,200,GET,GET /api/ -> https://redis.io/,23.000000,0.000000,130,190,230,250,360,490,970,2100,2400,2400,2400,1024,0,150.0,313.1185833981647,3.8061000232119113,4522.812999988673,7221.0
1778884896,200,GET,GET /api/ -> https://training.play-with-docker.com/,23.000000,0.000000,180,240,280,330,480,590,2100,2200,2400,2400,2400,1020,0,190.0,247.8249119608389,38.8579000136815,2387.100299994927,1424.0
1778884896,200,GET,GET /api/ -> https://www.python.org/,24.100000,0.000000,120,180,210,260,360,540,750,800,2000,2000,2000,1026,0,130.0,190.37411130597016,4.005700000561774,2024.730900011491,12980.0
1778884896,200,,Aggregated,238.100000,0.000000,140,210,260,290,430,690,1900,2400,30000,30000,30000,10270,0,160.0,295.6585597078782,3.704399976413697,30160.080499976175,6768.438558909445
1778884897,200,GET,GET /api/ -> http://example.com/,23.900000,0.000000,93,200,490,1000,2400,30000,30000,30000,30000,30000,30000,1089,0,97,877.5485779613208,4.3428999779280275,30160.080499976175,63.50780532598714
1778884897,200,GET,GET /api/ -> https://books.toscrape.com/,23.200000,0.000000,120,170,220,250,360,500,890,990,2400,2400,2400,1062,0,160.0,219.8726590398327,3.934100008336827,5340.8102999965195,7848.0
1778884897,200,GET,GET /api/ -> https://docs.docker.com/,24.000000,0.000000,150,220,280,310,400,510,1900,2000,2100,2100,2100,1051,0,160.0,214.10065632704828,3.915000008419156,2146.3480000093114,1741.0
1778884897,200,GET,GET /api/ -> https://flask.palletsprojects.com/,24.600000,0.000000,120,180,240,260,340,420,590,690,2200,2200,2200,1048,0,160.0,247.66265687012074,4.0551999991294,3260.0063999998383,19667.0
1778884897,200,GET,GET /api/ -> https://github.com/ibnesayeed/linkextractor,22.600000,0.000000,130,190,250,290,390,500,1900,2000,2200,2200,2200,1044,0,150.0,226.240133908623,4.792399995494634,2479.5720000111032,11810.0
1778884897,200,GET,GET /api/ -> https://httpbin.org/,23.500000,0.000000,180,220,280,290,440,630,970,1900,2200,2200,2200,1061,0,190.0,248.83394005662203,44.09390001092106,2185.8862999943085,313.0
1778884897,200,GET,GET /api/ -> https://locust.io/,23.500000,0.000000,140,210,270,300,410,600,1800,2100,2200,2200,2200,1046,0,170.0,242.24086032487986,3.704399976413697,3382.826200017007,4762.0
1778884897,200,GET,GET /api/ -> https://redis.io/,24.500000,0.000000,120,170,230,250,330,490,970,2100,2400,2400,2400,1046,0,150.0,307.19020038209436,3.8061000232119113,4522.812999988673,7221.0
1778884897,200,GET,GET /api/ -> https://training.play-with-docker.com/,22.600000,0.000000,170,230,280,330,480,590,2100,2200,2400,2400,2400,1042,0,180.0,244.03987763927276,38.8579000136815,2387.100299994927,1424.0
1778884897,200,GET,GET /api/ -> https://www.python.org/,23.900000,0.000000,110,160,210,250,350,540,750,800,2000,2000,2000,1056,0,130.0,185.97049071955882,4.005700000561774,2024.730900011491,12980.0
1778884897,200,,Aggregated,236.300000,0.000000,130,200,250,290,430,700,2000,30000,30000,30000,30000,10545,0,160.0,303.3961318065383,3.704399976413697,30160.080499976175,6754.972214319583
1778884898,200,GET,GET /api/ -> http://example.com/,23.600000,0.000000,89,190,610,1100,30000,30000,30000,30000,30000,30000,30000,1139,0,94,973.406670412449,4.3428999779280275,30160.080499976175,63.28797190517998
1778884898,200,GET,GET /api/ -> https://books.toscrape.com/,21.900000,0.000000,110,170,220,260,360,500,890,990,2400,2400,2400,1099,0,150.0,216.8977040040031,3.934100008336827,5340.8102999965195,7848.0
1778884898,200,GET,GET /api/ -> https://docs.docker.com/,22.600000,0.000000,140,200,260,310,370,510,1900,2000,2100,2100,2100,1084,0,150.0,210.62470701083024,3.915000008419156,2146.3480000093114,1741.0
1778884898,200,GET,GET /api/ -> https://flask.palletsprojects.com/,22.900000,0.000000,110,180,230,260,340,420,590,690,2200,2200,2200,1077,0,160.0,243.64949897858108,4.0551999991294,3260.0063999998383,19667.0
1778884898,200,GET,GET /api/ -> https://github.com/ibnesayeed/linkextractor,24.600000,0.000000,130,190,250,280,390,500,1900,2000,2200,2200,2200,1065,0,150.0,224.11334929630343,4.792399995494634,2479.5720000111032,11810.0
1778884898,200,GET,GET /api/ -> https://httpbin.org/,22.200000,0.000000,160,220,260,290,450,630,970,1900,2200,2200,2200,1092,0,190.0,246.3177075092945,44.09390001092106,2185.8862999943085,313.0
1778884898,200,GET,GET /api/ -> https://locust.io/,23.800000,0.000000,140,210,270,300,410,600,1800,2100,2200,2200,2200,1069,0,170.0,239.7354391018095,3.704399976413697,3382.826200017007,4762.0
1778884898,200,GET,GET /api/ -> https://redis.io/,23.500000,0.000000,110,170,230,240,330,490,970,2100,2400,2400,2400,1075,0,150.0,301.97090790661184,3.8061000232119113,4522.812999988673,7221.0
1778884898,200,GET,GET /api/ -> https://training.play-with-docker.com/,24.800000,0.000000,170,230,290,330,480,590,2100,2200,2400,2400,2400,1060,0,180.0,243.05581047173857,38.8579000136815,2387.100299994927,1424.0
1778884898,200,GET,GET /api/ -> https://www.python.org/,22.500000,0.000000,94,150,190,240,350,570,750,800,2000,2000,2000,1089,0,130.0,182.9471774103699,4.005700000561774,2024.730900011491,12980.0
1778884898,200,,Aggregated,232.400000,0.000000,130,190,250,290,430,750,2100,30000,30000,30000,30000,10849,0,150.0,311.84742062862415,3.704399976413697,30160.080499976175,6745.589363074938
1778884899,200,GET,GET /api/ -> http://example.com/,24.600000,0.000000,90,230,850,1200,30000,30000,30000,30000,30000,30000,30000,1177,0,94,1072.8101777398201,4.3428999779280275,30160.080499976175,63.06711979609176
1778884899,200,GET,GET /api/ -> https://books.toscrape.com/,22.700000,0.000000,120,170,230,270,400,500,890,990,2400,2400,2400,1137,0,150.0,216.21087220785753,3.934100008336827,5340.8102999965195,7848.0
1778884899,200,GET,GET /api/ -> https://docs.docker.com/,23.500000,0.000000,120,180,230,280,370,500,1900,2000,2100,2100,2100,1120,0,150.0,209.02657285688682,3.915000008419156,2146.3480000093114,1741.0
1778884899,200,GET,GET /api/ -> https://flask.palletsprojects.com/,24.000000,0.000000,110,170,230,260,360,420,630,700,2200,2200,2200,1111,0,160.0,241.37236966690114,4.0551999991294,3260.0063999998383,19667.0
1778884899,200,GET,GET /api/ -> https://github.com/ibnesayeed/linkextractor,24.400000,0.000000,120,190,250,270,360,500,1900,2000,2200,2200,2200,1088,0,150.0,222.63113198582954,4.792399995494634,2479.5720000111032,11810.0
1778884899,200,GET,GET /api/ -> https://httpbin.org/,23.000000,0.000000,160,220,260,280,450,630,970,1900,2200,2200,2200,1131,0,190.0,244.6977326261587,44.09390001092106,2185.8862999943085,313.0
1778884899,200,GET,GET /api/ -> https://locust.io/,24.300000,0.000000,140,200,260,300,410,600,1800,2100,2200,2200,2200,1098,0,160.0,238.25330992699716,3.704399976413697,3382.826200017007,4762.0
1778884899,200,GET,GET /api/ -> https://redis.io/,24.300000,0.000000,110,170,230,240,320,500,970,2100,2400,2400,2400,1104,0,150.0,298.0697878620181,3.8061000232119113,4522.812999988673,7221.0
1778884899,200,GET,GET /api/ -> https://training.play-with-docker.com/,24.700000,0.000000,160,240,290,330,470,570,2100,2200,2400,2400,2400,1082,0,180.0,242.446993992662,38.8579000136815,2387.100299994927,1424.0
1778884899,200,GET,GET /api/ -> https://www.python.org/,23.200000,0.000000,88,130,180,220,340,540,750,800,2000,2000,2000,1123,0,120.0,181.28005823670728,4.005700000561774,2024.730900011491,12980.0
1778884899,200,,Aggregated,238.700000,0.000000,120,190,250,290,440,800,2200,30000,30000,30000,30000,11171,0,150.0,321.0416207501481,3.704399976413697,30160.080499976175,6742.334079312505
1778884900,200,GET,GET /api/ -> http://example.com/,26.300000,0.000000,90,230,850,1200,30000,30000,30000,30000,30000,30000,30000,1195,0,94,1058.215857070976,4.3428999779280275,30160.080499976175,63.09623430962343
1778884900,200,GET,GET /api/ -> https://books.toscrape.com/,23.200000,0.000000,120,180,240,270,410,550,890,990,2400,2400,2400,1156,0,150.0,216.4502009518747,3.934100008336827,5340.8102999965195,7848.0
1778884900,200,GET,GET /api/ -> https://docs.docker.com/,24.200000,0.000000,120,170,210,250,330,500,1900,2000,2100,2100,2100,1147,0,150.0,208.1409445508085,3.915000008419156,2146.3480000093114,1741.0
1778884900,200,GET,GET /api/ -> https://flask.palletsprojects.com/,24.100000,0.000000,110,170,230,250,360,420,600,630,2200,2200,2200,1145,0,160.0,240.02511877722642,4.0551999991294,3260.0063999998383,19667.0
1778884900,200,GET,GET /api/ -> https://github.com/ibnesayeed/linkextractor,24.000000,0.000000,120,190,250,270,360,490,1900,2000,2200,2200,2200,1129,0,150.0,221.89331248943324,4.792399995494634,2479.5720000111032,11810.0
1778884900,200,GET,GET /api/ -> https://httpbin.org/,23.600000,0.000000,160,220,260,280,420,590,970,1900,2200,2200,2200,1152,0,190.0,244.5032899307888,44.09390001092106,2185.8862999943085,313.0
1778884900,200,GET,GET /api/ -> https://locust.io/,23.800000,0.000000,140,210,260,300,400,600,1800,2100,2200,2200,2200,1136,0,160.0,237.4250558977635,3.704399976413697,3382.826200017007,4762.0
1778884900,200,GET,GET /api/ -> https://redis.io/,24.000000,0.000000,120,190,230,250,330,500,970,2100,2400,2400,2400,1141,0,150.0,294.6629324274633,3.8061000232119113,4522.812999988673,7221.0
1778884900,200,GET,GET /api/ -> https://training.play-with-docker.com/,23.800000,0.000000,150,220,280,290,380,550,2100,2200,2400,2400,2400,1121,0,180.0,240.67047172171803,38.8579000136815,2387.100299994927,1424.0
1778884900,200,GET,GET /api/ -> https://www.python.org/,23.900000,0.000000,88,130,180,220,360,590,800,810,2000,2000,2000,1152,0,120.0,182.13873298592867,4.005700000561774,2024.730900011491,12980.0
1778884900,200,,Aggregated,240.900000,0.000000,120,190,240,280,430,750,2200,30000,30000,30000,30000,11474,0,150.0,317.76859284470595,3.704399976413697,30160.080499976175,6759.234181628029
1778884901,200,GET,GET /api/ -> http://example.com/,27.500000,0.000000,83,180,620,1100,30000,30000,30000,30000,30000,30000,30000,1230,0,92,1153.097367316969,4.3428999779280275,30484.48549999739,62.886178861788615
1778884901,200,GET,GET /api/ -> https://books.toscrape.com/,23.900000,0.000000,110,170,230,260,400,500,840,990,2400,2400,2400,1184,0,150.0,213.74301908818362,3.934100008336827,5340.8102999965195,7848.0
1778884901,200,GET,GET /api/ -> https://docs.docker.com/,24.300000,0.000000,110,170,200,240,330,480,990,2000,2100,2100,2100,1178,0,150.0,205.57606663821832,3.915000008419156,2146.3480000093114,1741.0
1778884901,200,GET,GET /api/ -> https://flask.palletsprojects.com/,24.100000,0.000000,110,160,210,240,330,420,590,630,2200,2200,2200,1176,0,150.0,236.17182806119177,4.0551999991294,3260.0063999998383,19667.0
1778884901,200,GET,GET /api/ -> https://github.com/ibnesayeed/linkextractor,24.400000,0.000000,120,180,230,260,340,490,1800,2000,2200,2200,2200,1166,0,150.0,218.0997018015318,4.792399995494634,2479.5720000111032,11810.0
1778884901,200,GET,GET /api/ -> https://httpbin.org/,23.400000,0.000000,150,200,240,280,380,540,810,1900,2200,2200,2200,1182,0,190.0,241.62411362121068,44.09390001092106,2185.8862999943085,313.0
1778884901,200,GET,GET /api/ -> https://locust.io/,24.500000,0.000000,120,190,250,280,390,550,1800,2100,2200,2200,2200,1169,0,160.0,233.67700085536956,3.704399976413697,3382.826200017007,4762.0
1778884901,200,GET,GET /api/ -> https://redis.io/,24.100000,0.000000,120,180,230,240,320,480,720,2100,2400,2400,2400,1172,0,150.0,290.3980495731349,3.8061000232119113,4522.812999988673,7221.0
1778884901,200,GET,GET /api/ -> https://training.play-with-docker.com/,24.000000,0.000000,150,210,260,290,360,540,2000,2200,2400,2400,2400,1163,0,180.0,237.2982110920753,38.8579000136815,2387.100299994927,1424.0
1778884901,200,GET,GET /api/ -> https://www.python.org/,24.400000,0.000000,77,130,170,200,310,540,750,810,2000,2000,2000,1181,0,120.0,179.14681143081938,4.005700000561774,2024.730900011491,12980.0
1778884901,200,,Aggregated,244.600000,0.000000,120,180,230,260,400,680,2100,30000,30000,30000,30000,11801,0,150.0,324.740043996309,3.704399976413697,30484.48549999739,6754.036098635709
1778884902,200,GET,GET /api/ -> http://example.com/,27.200000,0.000000,81,180,640,1200,30000,30000,30000,30000,30000,30000,30000,1247,0,92,1258.7675750599835,4.3428999779280275,30484.48549999739,62.65437048917402
1778884902,200,GET,GET /api/ -> https://books.toscrape.com/,23.600000,0.000000,110,160,220,260,370,480,840,990,2400,2400,2400,1201,0,150.0,211.97464662810694,3.934100008336827,5340.8102999965195,7848.0
1778884902,200,GET,GET /api/ -> https://docs.docker.com/,24.100000,0.000000,110,170,200,240,330,450,990,2000,2100,2100,2100,1194,0,150.0,204.26049346726901,3.915000008419156,2146.3480000093114,1741.0
1778884902,200,GET,GET /api/ -> https://flask.palletsprojects.com/,23.900000,0.000000,99,150,190,240,330,420,590,630,2200,2200,2200,1194,0,150.0,233.59558241200727,4.0551999991294,3260.0063999998383,19667.0
1778884902,200,GET,GET /api/ -> https://github.com/ibnesayeed/linkextractor,24.300000,0.000000,110,170,220,250,330,450,1800,2000,2200,2200,2200,1183,0,150.0,215.92128453135612,4.792399995494634,2479.5720000111032,11810.0
1778884902,200,GET,GET /api/ -> https://httpbin.org/,24.400000,0.000000,140,200,230,260,380,540,810,1900,2200,2200,2200,1197,0,190.0,240.25770593177816,44.09390001092106,2185.8862999943085,313.0
1778884902,200,GET,GET /api/ -> https://locust.io/,23.900000,0.000000,110,190,250,280,390,550,1800,2100,2200,2200,2200,1186,0,160.0,231.56087512641588,3.704399976413697,3382.826200017007,4762.0
1778884902,200,GET,GET /api/ -> https://redis.io/,24.000000,0.000000,120,170,230,240,320,480,720,2100,2400,2400,2400,1190,0,140.0,287.2156601678238,3.8061000232119113,4522.812999988673,7221.0
1778884902,200,GET,GET /api/ -> https://training.play-with-docker.com/,24.100000,0.000000,140,200,240,280,350,540,2000,2200,2400,2400,2400,1180,0,180.0,235.66672194924726,38.8579000136815,2387.100299994927,1424.0
1778884902,200,GET,GET /api/ -> https://www.python.org/,24.100000,0.000000,71,120,160,190,300,540,750,810,2000,2000,2000,1197,0,120.0,177.51792113598862,4.005700000561774,2024.730900011491,12980.0
1778884902,200,,Aggregated,243.600000,0.000000,110,170,220,260,400,690,2200,30000,30000,30000,30000,11969,0,150.0,333.9528567048603,3.704399976413697,30484.48549999739,6756.514579329935
1778884903,200,GET,GET /api/ -> http://example.com/,27.200000,0.000000,69,150,430,870,30000,30000,30000,30000,30000,30000,30000,1293,0,95,1350.8493302396553,4.3428999779280275,30484.48549999739,62.48646558391338
1778884903,200,GET,GET /api/ -> https://books.toscrape.com/,23.500000,0.000000,100,140,190,230,360,480,840,910,1200,1200,1200,1211,0,150.0,212.7640496287024,3.934100008336827,5340.8102999965195,7848.0
1778884903,200,GET,GET /api/ -> https://docs.docker.com/,24.500000,0.000000,110,160,200,220,310,430,530,990,1500,1500,1500,1196,0,150.0,206.36348411364244,3.915000008419156,2146.3480000093114,1741.0
1778884903,200,GET,GET /api/ -> https://flask.palletsprojects.com/,24.700000,0.000000,97,150,180,230,310,420,560,620,700,700,700,1194,0,150.0,233.59558241200727,4.0551999991294,3260.0063999998383,19667.0
1778884903,200,GET,GET /api/ -> https://github.com/ibnesayeed/linkextractor,25.000000,0.000000,110,160,200,240,310,380,590,670,1400,1400,1400,1186,0,150.0,216.8730365940975,4.792399995494634,2479.5720000111032,11810.0
1778884903,200,GET,GET /api/ -> https://httpbin.org/,23.600000,0.000000,140,190,220,250,340,540,810,1200,1500,1500,1500,1201,0,190.0,242.1685940052953,44.09390001092106,2185.8862999943085,313.0
1778884903,200,GET,GET /api/ -> https://locust.io/,24.700000,0.000000,110,180,250,270,390,470,820,1200,1300,1300,1300,1190,0,160.0,234.81004487391965,3.704399976413697,3382.826200017007,4762.0
1778884903,200,GET,GET /api/ -> https://redis.io/,24.200000,0.000000,120,170,230,240,300,470,610,720,1300,1300,1300,1191,0,150.0,288.0545832911175,3.8061000232119113,4522.812999988673,7221.0
1778884903,200,GET,GET /api/ -> https://training.play-with-docker.com/,24.200000,0.000000,140,180,230,260,330,390,540,660,1400,1400,1400,1181,0,180.0,236.6619063506546,38.8579000136815,2387.100299994927,1424.0
1778884903,200,GET,GET /api/ -> https://www.python.org/,23.800000,0.000000,67,120,150,170,310,540,750,800,990,990,990,1197,0,120.0,177.51792113598862,4.005700000561774,2024.730900011491,12980.0
1778884903,200,,Aggregated,245.400000,0.000000,110,160,210,250,370,590,1400,30000,30000,30000,30000,12040,0,150.0,348.2200023588563,3.704399976413697,30484.48549999739,6729.046926910299
1778884905,200,GET,GET /api/ -> http://example.com/,31.600000,0.000000,76,180,520,870,30000,30000,30000,30000,30000,30000,30000,1332,0,98,1438.6232557055675,4.3428999779280275,30484.48549999739,62.316066066066064
1778884905,200,GET,GET /api/ -> https://books.toscrape.com/,27.200000,0.000000,120,200,260,310,460,510,680,930,1200,1200,1200,1270,0,160.0,220.12788992156055,3.934100008336827,5340.8102999965195,7848.0
1778884905,200,GET,GET /api/ -> https://docs.docker.com/,27.400000,0.000000,85,130,180,210,290,360,480,1400,1700,1700,1700,1223,0,150.0,207.06643908423484,3.915000008419156,2146.3480000093114,1741.0
1778884905,200,GET,GET /api/ -> https://flask.palletsprojects.com/,27.500000,0.000000,79,120,160,190,270,420,540,620,910,910,910,1213,0,150.0,234.07831483917224,4.0551999991294,3260.0063999998383,19667.0
1778884905,200,GET,GET /api/ -> https://github.com/ibnesayeed/linkextractor,28.100000,0.000000,96,130,170,200,300,380,630,1700,1700,1700,1700,1194,0,150.0,220.08832227860864,4.792399995494634,2479.5720000111032,11810.0
1778884905,200,GET,GET /api/ -> https://httpbin.org/,27.100000,0.000000,150,210,260,280,460,600,700,1500,1800,1800,1800,1256,0,190.0,249.94198781878714,44.09390001092106,2185.8862999943085,313.0
1778884905,200,GET,GET /api/ -> https://locust.io/,27.800000,0.000000,89,140,190,220,350,410,1000,1200,1300,1300,1300,1196,0,160.0,235.5330913043361,3.704399976413697,3382.826200017007,4762.0
1778884905,200,GET,GET /api/ -> https://redis.io/,27.500000,0.000000,99,150,180,210,270,350,720,1700,1900,1900,1900,1201,0,150.0,291.40505170666063,3.8061000232119113,4522.812999988673,7221.0
1778884905,200,GET,GET /api/ -> https://training.play-with-docker.com/,28.600000,0.000000,120,160,200,230,330,360,570,1400,2300,2300,2300,1192,0,180.0,240.672456543684,38.8579000136815,2387.100299994927,1424.0
1778884905,200,GET,GET /api/ -> https://www.python.org/,27.200000,0.000000,67,120,160,180,280,430,590,700,990,990,990,1237,0,120.0,180.27130129330465,4.005700000561774,2024.730900011491,12980.0
1778884905,200,,Aggregated,280.000000,0.000000,100,150,210,240,390,630,1700,30000,30000,30000,30000,12314,0,150.0,361.4790200910154,3.704399976413697,30484.48549999739,6711.952899139191
1778884906,200,GET,GET /api/ -> http://example.com/,29.800000,0.000000,85,290,630,1000,30000,30000,30000,30000,30000,30000,30000,1344,0,99,1539.18620238082,4.3428999779280275,30484.48549999739,62.098214285714285
1778884906,200,GET,GET /api/ -> https://books.toscrape.com/,23.600000,0.000000,140,230,310,340,500,620,930,1000,1800,1800,1800,1283,0,160.0,223.6437931413799,3.934100008336827,5340.8102999965195,7848.0
1778884906,200,GET,GET /api/ -> https://docs.docker.com/,25.100000,0.000000,120,200,220,270,380,590,880,1400,1700,1700,1700,1254,0,150.0,212.4117949761072,3.915000008419156,2146.3480000093114,1741.0
1778884906,200,GET,GET /api/ -> https://flask.palletsprojects.com/,25.700000,0.000000,110,170,240,270,420,540,620,910,1000,1000,1000,1244,0,150.0,237.18901559479076,4.0551999991294,3260.0063999998383,19667.0
1778884906,200,GET,GET /api/ -> https://github.com/ibnesayeed/linkextractor,26.400000,0.000000,110,170,210,240,330,440,780,1700,1700,1700,1700,1210,0,150.0,220.8739626451784,4.792399995494634,2479.5720000111032,11810.0
1778884906,200,GET,GET /api/ -> https://httpbin.org/,23.700000,0.000000,170,250,320,370,600,700,1000,1500,1800,1800,1800,1277,0,190.0,254.26433132372023,44.09390001092106,2185.8862999943085,313.0
1778884906,200,GET,GET /api/ -> https://locust.io/,26.800000,0.000000,130,190,250,290,400,510,1000,1200,1300,1300,1300,1220,0,160.0,237.00315950819592,3.704399976413697,3382.826200017007,4762.0
1778884906,200,GET,GET /api/ -> https://redis.io/,26.400000,0.000000,130,190,240,270,430,710,1300,1700,1900,1900,1900,1230,0,150.0,294.47768178829506,3.8061000232119113,4522.812999988673,7221.0
1778884906,200,GET,GET /api/ -> https://training.play-with-docker.com/,26.300000,0.000000,140,200,240,280,350,550,1100,1900,2300,2300,2300,1202,0,180.0,241.8426491681195,38.8579000136815,2387.100299994927,1424.0
1778884906,200,GET,GET /api/ -> https://www.python.org/,24.100000,0.000000,100,170,240,280,490,650,790,990,1300,1300,1300,1271,0,130.0,188.12988276932649,4.005700000561774,2024.730900011491,12980.0
1778884906,200,,Aggregated,257.900000,0.000000,130,200,260,310,510,790,1900,30000,30000,30000,30000,12535,0,150.0,374.163634886376,3.704399976413697,30484.48549999739,6732.5013960909455
1778884907,200,GET,GET /api/ -> http://example.com/,32.700000,0.000000,130,430,870,1400,30000,30000,30000,30000,30000,30000,30000,1359,0,99,1722.1164955112781,4.3428999779280275,30484.48549999739,61.69977924944812
1778884907,200,GET,GET /api/ -> https://books.toscrape.com/,27.200000,0.000000,180,260,330,390,510,640,930,1000,1800,1800,1800,1290,0,160.0,223.41576000033018,3.934100008336827,5340.8102999965195,7848.0
1778884907,200,GET,GET /api/ -> https://docs.docker.com/,23.900000,0.000000,160,230,300,350,550,740,1300,1400,1700,1700,1700,1286,0,160.0,218.68552768284408,3.915000008419156,2146.3480000093114,1741.0
1778884907,200,GET,GET /api/ -> https://flask.palletsprojects.com/,23.500000,0.000000,150,240,310,370,490,620,830,910,1000,1000,1000,1282,0,160.0,241.38793837749554,4.0551999991294,3260.0063999998383,19667.0
1778884907,200,GET,GET /api/ -> https://github.com/ibnesayeed/linkextractor,25.500000,0.000000,150,220,280,310,450,630,950,1700,1700,1700,1700,1249,0,150.0,224.88974723829313,4.792399995494634,2479.5720000111032,11810.0
1778884907,200,GET,GET /api/ -> https://httpbin.org/,26.300000,0.000000,210,270,370,430,610,740,1200,1500,1800,1800,1800,1289,0,190.0,255.999125291237,44.09390001092106,2185.8862999943085,313.0
1778884907,200,GET,GET /api/ -> https://locust.io/,24.100000,0.000000,160,260,330,360,470,640,1000,1200,1300,1300,1300,1263,0,160.0,240.00118432304473,3.704399976413697,3382.826200017007,4762.0
1778884907,200,GET,GET /api/ -> https://redis.io/,23.000000,0.000000,180,250,300,370,660,800,1300,1700,1900,1900,1900,1272,0,160.0,299.5977098267392,3.8061000232119113,4522.812999988673,7221.0
1778884907,200,GET,GET /api/ -> https://training.play-with-docker.com/,25.800000,0.000000,170,240,310,340,500,640,1100,1900,2300,2300,2300,1241,0,180.0,245.8075877518675,38.8579000136815,2387.100299994927,1424.0
1778884907,200,GET,GET /api/ -> https://www.python.org/,24.500000,0.000000,120,200,280,360,540,700,830,1100,1300,1300,1300,1287,0,130.0,189.73031289809566,4.005700000561774,2024.730900011491,12980.0
1778884907,200,,Aggregated,256.500000,0.000000,160,250,330,390,600,950,2300,30000,30000,30000,30000,12818,0,160.0,395.0352357622805,3.704399976413697,30484.48549999739,6747.222577625214
1778884908,200,GET,GET /api/ -> http://example.com/,32.100000,0.000000,180,540,1100,1700,30000,30000,30000,30000,30000,30000,30000,1383,0,100.0,1824.1724895154666,4.3428999779280275,30484.48549999739,61.475054229934926
1778884908,200,GET,GET /api/ -> https://books.toscrape.com/,27.500000,0.000000,180,290,360,430,530,680,930,1200,1800,1800,1800,1307,0,160.0,222.40770038290523,3.934100008336827,5340.8102999965195,7848.0
1778884908,200,GET,GET /api/ -> https://docs.docker.com/,25.400000,0.000000,180,250,320,360,590,770,1300,1400,1700,1700,1700,1299,0,160.0,217.81807405713894,3.915000008419156,2146.3480000093114,1741.0
1778884908,200,GET,GET /api/ -> https://flask.palletsprojects.com/,24.300000,0.000000,150,250,320,390,500,620,830,910,1000,1000,1000,1297,0,160.0,240.45129637626152,4.0551999991294,3260.0063999998383,19667.0
1778884908,200,GET,GET /api/ -> https://github.com/ibnesayeed/linkextractor,21.300000,0.000000,170,240,290,310,440,630,920,1400,1700,1700,1700,1288,0,160.0,223.74173703458197,4.792399995494634,2479.5720000111032,11810.0
1778884908,200,GET,GET /api/ -> https://httpbin.org/,27.100000,0.000000,220,320,390,460,620,750,1200,1500,1800,1800,1800,1301,0,190.0,255.25011806336747,44.09390001092106,2185.8862999943085,313.0
1778884908,200,GET,GET /api/ -> https://locust.io/,22.200000,0.000000,160,270,340,370,470,640,1000,1200,1300,1300,1300,1291,0,160.0,239.20973756774038,3.704399976413697,3382.826200017007,4762.0
1778884908,200,GET,GET /api/ -> https://redis.io/,23.000000,0.000000,190,250,350,380,660,800,1300,1700,1900,1900,1900,1292,0,160.0,298.1219551080532,3.8061000232119113,4522.812999988673,7221.0
1778884908,200,GET,GET /api/ -> https://training.play-with-docker.com/,21.400000,0.000000,170,240,290,330,490,570,1100,1400,2300,2300,2300,1288,0,180.0,244.12895318333844,38.8579000136815,2387.100299994927,1424.0
1778884908,200,GET,GET /api/ -> https://www.python.org/,26.400000,0.000000,150,240,300,370,560,710,830,1100,1300,1300,1300,1300,0,130.0,189.22358515370155,4.005700000561774,2024.730900011491,12980.0
1778884908,200,,Aggregated,250.700000,0.000000,170,260,340,410,620,1000,30000,30000,30000,30000,30000,13046,0,160.0,404.9524971256388,3.704399976413697,30484.48549999739,6738.915606316113
1778884909,200,GET,GET /api/ -> http://example.com/,29.900000,0.000000,170,540,1100,1600,30000,30000,30000,30000,30000,30000,30000,1421,0,99,1883.1227297676448,4.3428999779280275,30484.48549999739,61.340605207600284
1778884909,200,GET,GET /api/ -> https://books.toscrape.com/,25.400000,0.000000,170,260,340,400,530,680,930,1200,1800,1800,1800,1335,0,160.0,220.88462756582612,3.934100008336827,5340.8102999965195,7848.0
1778884909,200,GET,GET /api/ -> https://docs.docker.com/,24.900000,0.000000,170,250,320,360,590,810,1300,1500,1700,1700,1700,1319,0,150.0,216.34669711920478,3.915000008419156,2146.3480000093114,1741.0
1778884909,200,GET,GET /api/ -> https://flask.palletsprojects.com/,23.900000,0.000000,150,230,310,370,490,620,860,970,1000,1000,1000,1317,0,160.0,238.59073340931863,4.0551999991294,3260.0063999998383,19667.0
1778884909,200,GET,GET /api/ -> https://github.com/ibnesayeed/linkextractor,21.000000,0.000000,170,230,280,310,440,630,920,1400,1700,1700,1700,1307,0,160.0,222.8943168327897,4.792399995494634,2479.5720000111032,11810.0
1778884909,200,GET,GET /api/ -> https://httpbin.org/,25.400000,0.000000,190,260,380,460,630,790,1200,1600,1800,1800,1800,1327,0,190.0,253.07678553151104,44.09390001092106,2185.8862999943085,313.0
1778884909,200,GET,GET /api/ -> https://locust.io/,22.000000,0.000000,160,260,330,360,470,640,1000,1200,1300,1300,1300,1311,0,160.0,237.8303447748857,3.704399976413697,3382.826200017007,4762.0
1778884909,200,GET,GET /api/ -> https://redis.io/,23.000000,0.000000,190,250,350,390,690,810,1300,1700,1900,1900,1900,1311,0,160.0,295.6103061019581,3.8061000232119113,4522.812999988673,7221.0
1778884909,200,GET,GET /api/ -> https://training.play-with-docker.com/,19.700000,0.000000,170,240,280,320,490,590,1100,1400,2300,2300,2300,1303,0,180.0,243.35118526490461,38.8579000136815,2387.100299994927,1424.0
1778884909,200,GET,GET /api/ -> https://www.python.org/,25.200000,0.000000,130,230,300,380,560,730,990,1200,1300,1300,1300,1324,0,120.0,187.16076888193518,4.005700000561774,2024.730900011491,12980.0
1778884909,200,,Aggregated,240.400000,0.000000,170,250,340,400,630,1000,30000,30000,30000,30000,30000,13275,0,150.0,411.43258594355325,3.704399976413697,30484.48549999739,6731.735517890772
1778884910,200,GET,GET /api/ -> http://example.com/,27.200000,0.000000,170,500,1000,1600,30000,30000,30000,30000,30000,30000,30000,1465,0,100.0,1933.3822317404752,4.3428999779280275,30484.48549999739,61.22866894197952
1778884910,200,GET,GET /api/ -> https://books.toscrape.com/,23.300000,0.000000,170,260,340,420,510,640,930,1000,1800,1800,1800,1365,0,160.0,220.79649435935352,3.934100008336827,5340.8102999965195,7848.0
1778884910,200,GET,GET /api/ -> https://docs.docker.com/,22.900000,0.000000,190,300,350,430,680,810,1300,1500,1700,1700,1700,1340,0,150.0,217.25425492555559,3.915000008419156,2146.3480000093114,1741.0
1778884910,200,GET,GET /api/ -> https://flask.palletsprojects.com/,23.300000,0.000000,170,270,340,400,500,620,860,970,1000,1000,1000,1334,0,160.0,239.0805787107402,4.0551999991294,3260.0063999998383,19667.0
1778884910,200,GET,GET /api/ -> https://github.com/ibnesayeed/linkextractor,23.800000,0.000000,170,260,300,340,450,640,950,1700,1700,1700,1700,1319,0,160.0,223.24757513300574,4.792399995494634,2479.5720000111032,11810.0
1778884910,200,GET,GET /api/ -> https://httpbin.org/,23.300000,0.000000,210,330,410,470,630,790,1200,1600,1800,1800,1800,1354,0,190.0,254.04229579040552,44.09390001092106,2185.8862999943085,313.0
1778884910,200,GET,GET /api/ -> https://locust.io/,23.700000,0.000000,160,260,330,380,480,670,1100,1200,1300,1300,1300,1326,0,160.0,237.0939614629167,3.704399976413697,3382.826200017007,4762.0
1778884910,200,GET,GET /api/ -> https://redis.io/,23.600000,0.000000,190,300,370,430,690,810,1300,1700,1900,1900,1900,1328,0,160.0,294.5821231172097,3.8061000232119113,4522.812999988673,7221.0
1778884910,200,GET,GET /api/ -> https://training.play-with-docker.com/,23.600000,0.000000,170,250,310,380,540,760,1100,1900,2300,2300,2300,1314,0,180.0,244.38527853892535,38.8579000136815,2387.100299994927,1424.0
1778884910,200,GET,GET /api/ -> https://www.python.org/,23.100000,0.000000,130,220,280,370,520,710,830,1200,1300,1300,1300,1347,0,120.0,186.5755008163825,4.005700000561774,2024.730900011491,12980.0
1778884910,200,,Aggregated,237.800000,0.000000,170,270,360,430,660,1100,30000,30000,30000,30000,30000,13492,0,160.0,419.53115223840985,3.704399976413697,30484.48549999739,6717.404832493329
1778884911,200,GET,GET /api/ -> http://example.com/,25.600000,0.000000,200,540,1100,2100,30000,30000,30000,30000,30000,30000,30000,1492,0,100.0,2002.122026876494,4.3428999779280275,30484.48549999739,61.079088471849865
1778884911,200,GET,GET /api/ -> https://books.toscrape.com/,21.400000,0.000000,230,340,450,480,590,830,1000,1100,1800,1800,1800,1398,0,160.0,225.7752888416688,3.934100008336827,5340.8102999965195,7848.0
1778884911,200,GET,GET /api/ -> https://docs.docker.com/,22.100000,0.000000,200,310,380,460,690,880,1300,1500,1700,1700,1700,1373,0,150.0,218.80061893683376,3.915000008419156,2146.3480000093114,1741.0
1778884911,200,GET,GET /api/ -> https://flask.palletsprojects.com/,22.700000,0.000000,210,310,380,430,550,620,860,970,1000,1000,1000,1363,0,160.0,239.54506654448477,4.0551999991294,3260.0063999998383,19667.0
1778884911,200,GET,GET /api/ -> https://github.com/ibnesayeed/linkextractor,23.000000,0.000000,220,290,350,420,600,780,950,1700,1700,1700,1700,1333,0,160.0,225.51630285104096,4.792399995494634,2479.5720000111032,11810.0
1778884911,200,GET,GET /api/ -> https://httpbin.org/,22.000000,0.000000,250,370,450,550,660,800,1200,1500,1800,1800,1800,1392,0,190.0,256.72575704031743,44.09390001092106,2185.8862999943085,313.0
1778884911,200,GET,GET /api/ -> https://locust.io/,22.700000,0.000000,190,300,380,430,500,730,1100,1200,1300,1300,1300,1344,0,160.0,237.95434389869894,3.704399976413697,3382.826200017007,4762.0
1778884911,200,GET,GET /api/ -> https://redis.io/,22.700000,0.000000,230,340,420,450,700,1000,1300,1700,1900,1900,1900,1352,0,160.0,294.25454149377026,3.8061000232119113,4522.812999988673,7221.0
1778884911,200,GET,GET /api/ -> https://training.play-with-docker.com/,23.100000,0.000000,230,290,390,450,570,830,1100,1900,2300,2300,2300,1328,0,180.0,245.9312330573369,38.8579000136815,2387.100299994927,1424.0
1778884911,200,GET,GET /api/ -> https://www.python.org/,22.200000,0.000000,180,270,360,390,590,770,960,1200,1300,1300,1300,1379,0,130.0,188.54635322666653,4.005700000561774,2024.730900011491,12980.0
1778884911,200,,Aggregated,227.500000,0.000000,220,330,420,480,710,1100,30000,30000,30000,30000,30000,13754,0,160.0,428.3796318016939,3.704399976413697,30484.48549999739,6717.3902864621205
1778884912,200,GET,GET /api/ -> http://example.com/,27.000000,0.000000,230,630,1200,30000,30000,30000,30000,30000,30000,30000,30000,1497,0,100.0,2095.792264261693,4.3428999779280275,30484.48549999739,60.875083500334
1778884912,200,GET,GET /api/ -> https://books.toscrape.com/,21.500000,0.000000,240,350,460,490,620,840,1100,1200,1800,1800,1800,1398,0,160.0,225.7752888416688,3.934100008336827,5340.8102999965195,7848.0
1778884912,200,GET,GET /api/ -> https://docs.docker.com/,20.900000,0.000000,220,320,430,490,700,1000,1300,1500,1700,1700,1700,1373,0,150.0,218.80061893683376,3.915000008419156,2146.3480000093114,1741.0
1778884912,200,GET,GET /api/ -> https://flask.palletsprojects.com/,20.600000,0.000000,210,310,380,430,550,620,860,970,1000,1000,1000,1363,0,160.0,239.54506654448477,4.0551999991294,3260.0063999998383,19667.0
1778884912,200,GET,GET /api/ -> https://github.com/ibnesayeed/linkextractor,21.500000,0.000000,240,300,350,430,610,780,1400,1700,1700,1700,1700,1333,0,160.0,225.51630285104096,4.792399995494634,2479.5720000111032,11810.0
1778884912,200,GET,GET /api/ -> https://httpbin.org/,20.900000,0.000000,250,380,470,570,670,850,1400,1600,1800,1800,1800,1392,0,190.0,256.72575704031743,44.09390001092106,2185.8862999943085,313.0
1778884912,200,GET,GET /api/ -> https://locust.io/,21.500000,0.000000,210,330,380,430,510,850,1100,1200,1300,1300,1300,1344,0,160.0,237.95434389869894,3.704399976413697,3382.826200017007,4762.0
1778884912,200,GET,GET /api/ -> https://redis.io/,21.300000,0.000000,250,350,440,480,710,1000,1300,1700,1900,1900,1900,1352,0,160.0,294.25454149377026,3.8061000232119113,4522.812999988673,7221.0
1778884912,200,GET,GET /api/ -> https://training.play-with-docker.com/,22.000000,0.000000,240,310,430,490,590,830,1400,1900,2300,2300,2300,1328,0,180.0,245.9312330573369,38.8579000136815,2387.100299994927,1424.0
1778884912,200,GET,GET /api/ -> https://www.python.org/,21.200000,0.000000,180,270,360,390,590,770,960,1200,1300,1300,1300,1379,0,130.0,188.54635322666653,4.005700000561774,2024.730900011491,12980.0
1778884912,200,,Aggregated,218.400000,0.000000,240,350,440,500,740,1200,30000,30000,30000,30000,30000,13759,0,160.0,439.14299086419965,3.704399976413697,30484.48549999739,6714.949196889309
1778884913,200,GET,GET /api/ -> http://example.com/,28.200000,0.000000,200,690,1500,30000,30000,30000,30000,30000,30000,30000,30000,1522,0,100.0,2171.7692181339044,4.3428999779280275,30484.48549999739,60.729303547963205
1778884913,200,GET,GET /api/ -> https://books.toscrape.com/,22.600000,0.000000,240,340,440,490,620,840,1100,1800,2100,2100,2100,1409,0,160.0,226.75260553630386,3.934100008336827,5340.8102999965195,7848.0
1778884913,200,GET,GET /api/ -> https://docs.docker.com/,20.300000,0.000000,230,320,430,530,730,1200,2000,2200,2300,2300,2300,1387,0,160.0,226.54966315807772,3.915000008419156,2260.263500007568,1741.0
1778884913,200,GET,GET /api/ -> https://flask.palletsprojects.com/,19.800000,0.000000,250,330,410,460,590,860,1900,2000,2100,2100,2100,1371,0,160.0,245.80587964996772,4.0551999991294,3260.0063999998383,19667.0
1778884913,200,GET,GET /api/ -> https://github.com/ibnesayeed/linkextractor,18.800000,0.000000,260,320,430,510,840,1800,2100,2300,2500,2500,2500,1348,0,160.0,240.09475934749105,4.792399995494634,2479.5720000111032,11810.0
1778884913,200,GET,GET /api/ -> https://httpbin.org/,21.800000,0.000000,260,390,490,570,700,890,1800,2200,2400,2400,2400,1400,0,200.0,262.9909366429534,44.09390001092106,2363.7885999924038,313.0
1778884913,200,GET,GET /api/ -> https://locust.io/,19.400000,0.000000,210,330,380,440,520,880,2100,2100,2200,2200,2200,1352,0,170.0,245.90297825430838,3.704399976413697,3382.826200017007,4762.0
1778884913,200,GET,GET /api/ -> https://redis.io/,19.700000,0.000000,260,380,450,590,810,1800,2100,2200,2400,2400,2400,1362,0,160.0,305.60475998503745,3.8061000232119113,4522.812999988673,7221.0
1778884913,200,GET,GET /api/ -> https://training.play-with-docker.com/,19.600000,0.000000,250,310,440,490,600,970,1900,2300,2700,2700,2700,1337,0,180.0,250.36620628278095,38.8579000136815,2696.32200000342,1424.0
1778884913,200,GET,GET /api/ -> https://www.python.org/,21.000000,0.000000,210,330,400,470,770,1700,2000,2400,2700,2700,2700,1393,0,130.0,202.58716180877477,4.005700000561774,2658.8499000063166,12980.0
1778884913,200,,Aggregated,211.200000,0.000000,240,350,440,520,840,1900,30000,30000,30000,30000,30000,13881,0,160.0,456.28013153234775,3.704399976413697,30484.48549999739,6710.238455442692
1778884914,200,GET,GET /api/ -> http://example.com/,26.000000,0.000000,180,430,1300,30000,30000,30000,30000,30000,30000,30000,30000,1529,0,100.0,2163.018643230725,4.3428999779280275,30484.48549999739,60.748855461085675
1778884914,200,GET,GET /api/ -> https://books.toscrape.com/,20.700000,0.000000,240,330,460,500,660,920,2100,2400,2700,2700,2700,1427,0,160.0,233.23345879510015,3.934100008336827,5340.8102999965195,7848.0
1778884914,200,GET,GET /api/ -> https://docs.docker.com/,19.300000,0.000000,260,350,470,550,760,1100,2000,2200,2300,2300,2300,1411,0,160.0,228.29969277126716,3.915000008419156,2260.263500007568,1741.0
1778884914,200,GET,GET /api/ -> https://flask.palletsprojects.com/,18.500000,0.000000,260,350,440,490,680,1900,2200,2500,2700,2700,2700,1404,0,160.0,254.09280840467753,4.0551999991294,3260.0063999998383,19667.0
1778884914,200,GET,GET /api/ -> https://github.com/ibnesayeed/linkextractor,16.000000,0.000000,230,300,360,430,670,1800,2100,2300,2500,2500,2500,1383,0,160.0,239.21870679710486,4.792399995494634,2479.5720000111032,11810.0
1778884914,200,GET,GET /api/ -> https://httpbin.org/,20.700000,0.000000,250,370,450,530,750,1000,2000,2200,2400,2400,2400,1425,0,200.0,265.6665014035657,44.09390001092106,2363.7885999924038,313.0
1778884914,200,GET,GET /api/ -> https://locust.io/,17.000000,0.000000,210,320,380,440,570,1100,2100,2400,2400,2400,2400,1390,0,170.0,249.29218906465343,3.704399976413697,3382.826200017007,4762.0
1778884914,200,GET,GET /api/ -> https://redis.io/,17.600000,0.000000,270,370,450,510,770,1800,2200,2300,2400,2400,2400,1398,0,160.0,307.87628283239127,3.8061000232119113,4522.812999988673,7221.0
1778884914,200,GET,GET /api/ -> https://training.play-with-docker.com/,16.100000,0.000000,240,340,430,460,590,840,2100,2600,2700,2700,2700,1372,0,190.0,254.97322077265568,38.8579000136815,2696.32200000342,1424.0
1778884914,200,GET,GET /api/ -> https://www.python.org/,19.600000,0.000000,210,340,400,500,790,1800,2300,2700,2700,2700,2700,1423,0,130.0,206.80683232586256,4.005700000561774,2680.472000007285,12980.0
1778884914,200,,Aggregated,191.500000,0.000000,240,350,440,500,810,2000,30000,30000,30000,30000,30000,14162,0,160.0,455.4023177658977,3.704399976413697,30484.48549999739,6727.768747352069
1778884915,200,GET,GET /api/ -> http://example.com/,25.000000,0.000000,160,350,1100,30000,30000,30000,30000,30000,30000,30000,30000,1542,0,100.0,2145.487675810468,4.3428999779280275,30484.48549999739,60.784695201037614
1778884915,200,GET,GET /api/ -> https://books.toscrape.com/,19.700000,0.000000,190,300,400,460,590,840,2100,2400,2700,2700,2700,1439,0,160.0,233.01390924291488,3.934100008336827,5340.8102999965195,7848.0
1778884915,200,GET,GET /api/ -> https://docs.docker.com/,17.900000,0.000000,230,310,410,480,710,1100,2000,2200,2300,2300,2300,1433,0,160.0,227.9574973483938,3.915000008419156,2260.263500007568,1741.0
1778884915,200,GET,GET /api/ -> https://flask.palletsprojects.com/,16.900000,0.000000,210,320,400,460,670,1900,2200,2500,2700,2700,2700,1431,0,160.0,253.48720237609308,4.0551999991294,3260.0063999998383,19667.0
1778884915,200,GET,GET /api/ -> https://github.com/ibnesayeed/linkextractor,15.000000,0.000000,220,280,340,400,610,1800,2000,2300,2500,2500,2500,1425,0,160.0,237.596295017794,4.792399995494634,2479.5720000111032,11810.0
1778884915,200,GET,GET /api/ -> https://httpbin.org/,19.500000,0.000000,230,330,410,450,630,890,2000,2200,2400,2400,2400,1438,0,200.0,265.1736524339956,44.09390001092106,2363.7885999924038,313.0
1778884915,200,GET,GET /api/ -> https://locust.io/,15.800000,0.000000,190,300,360,420,570,990,2100,2200,2400,2400,2400,1427,0,170.0,248.61967295013235,3.704399976413697,3382.826200017007,4762.0
1778884915,200,GET,GET /api/ -> https://redis.io/,16.200000,0.000000,230,340,420,480,710,1700,2200,2200,2400,2400,2400,1428,0,160.0,305.8093849437328,3.8061000232119113,4522.812999988673,7221.0
1778884915,200,GET,GET /api/ -> https://training.play-with-docker.com/,14.800000,0.000000,240,310,410,450,560,790,1800,2500,2700,2700,2700,1411,0,190.0,255.63652360031574,38.8579000136815,2696.32200000342,1424.0
1778884915,200,GET,GET /api/ -> https://www.python.org/,18.200000,0.000000,170,270,350,400,880,1800,2300,2700,2700,2700,2700,1436,0,130.0,206.18975536194424,4.005700000561774,2680.472000007285,12980.0
1778884915,200,,Aggregated,179.000000,0.000000,210,310,390,450,740,1900,30000,30000,30000,30000,30000,14410,0,160.0,451.15991831370445,3.704399976413697,30484.48549999739,6735.612907702984
1778884916,200,GET,GET /api/ -> http://example.com/,22.800000,0.000000,150,250,740,1300,30000,30000,30000,30000,30000,30000,30000,1554,0,100.0,2129.3266311452235,4.3428999779280275,30484.48549999739,60.81724581724582
1778884916,200,GET,GET /api/ -> https://books.toscrape.com/,20.600000,0.000000,180,280,350,420,540,760,2100,2400,2700,2700,2700,1453,0,160.0,231.65090874090092,3.934100008336827,5340.8102999965195,7848.0
1778884916,200,GET,GET /api/ -> https://docs.docker.com/,20.100000,0.000000,170,280,320,380,590,840,2000,2200,2300,2300,2300,1452,0,160.0,225.96589187345342,3.915000008419156,2260.263500007568,1741.0
1778884916,200,GET,GET /api/ -> https://flask.palletsprojects.com/,19.800000,0.000000,200,270,350,430,670,1900,2200,2500,2700,2700,2700,1449,0,160.0,251.2392544515119,4.0551999991294,3260.0063999998383,19667.0
1778884916,200,GET,GET /api/ -> https://github.com/ibnesayeed/linkextractor,17.500000,0.000000,190,250,300,350,550,1800,2000,2300,2500,2500,2500,1446,0,160.0,235.15325504867812,4.792399995494634,2479.5720000111032,11810.0
1778884916,200,GET,GET /api/ -> https://httpbin.org/,21.200000,0.000000,200,300,360,420,610,870,2000,2200,2400,2400,2400,1452,0,190.0,263.52113650145765,44.09390001092106,2363.7885999924038,313.0
1778884916,200,GET,GET /api/ -> https://locust.io/,17.900000,0.000000,170,260,330,360,500,850,2100,2400,2400,2400,2400,1446,0,160.0,246.22356583658808,3.704399976413697,3382.826200017007,4762.0
1778884916,200,GET,GET /api/ -> https://redis.io/,19.000000,0.000000,190,280,360,380,580,1800,2200,2300,2400,2400,2400,1448,0,160.0,302.5865077345956,3.8061000232119113,4522.812999988673,7221.0
1778884916,200,GET,GET /api/ -> https://training.play-with-docker.com/,17.200000,0.000000,220,290,370,430,550,740,1800,2500,2700,2700,2700,1444,0,190.0,253.8878548476731,38.8579000136815,2696.32200000342,1424.0
1778884916,200,GET,GET /api/ -> https://www.python.org/,21.000000,0.000000,120,240,330,360,650,1800,2300,2700,2700,2700,2700,1452,0,130.0,204.4167092284494,4.005700000561774,2680.472000007285,12980.0
1778884916,200,,Aggregated,197.100000,0.000000,180,270,350,410,650,1900,2700,30000,30000,30000,30000,14596,0,160.0,446.55977463006116,3.704399976413697,30484.48549999739,6734.713688681831
1778884917,200,GET,GET /api/ -> http://example.com/,22.800000,0.000000,150,230,740,1200,30000,30000,30000,30000,30000,30000,30000,1554,0,100.0,2129.3266311452235,4.3428999779280275,30484.48549999739,60.81724581724582
1778884917,200,GET,GET /api/ -> https://books.toscrape.com/,20.600000,0.000000,190,290,350,440,580,840,2100,2400,2700,2700,2700,1453,0,160.0,231.65090874090092,3.934100008336827,5340.8102999965195,7848.0
1778884917,200,GET,GET /api/ -> https://docs.docker.com/,20.100000,0.000000,160,280,310,350,590,840,2000,2200,2300,2300,2300,1452,0,160.0,225.96589187345342,3.915000008419156,2260.263500007568,1741.0
1778884917,200,GET,GET /api/ -> https://flask.palletsprojects.com/,19.800000,0.000000,190,260,330,370,590,2000,2200,2500,2700,2700,2700,1449,0,160.0,251.2392544515119,4.0551999991294,3260.0063999998383,19667.0
1778884917,200,GET,GET /api/ -> https://github.com/ibnesayeed/linkextractor,17.500000,0.000000,180,250,300,360,610,1900,2100,2300,2500,2500,2500,1446,0,160.0,235.15325504867812,4.792399995494634,2479.5720000111032,11810.0
1778884917,200,GET,GET /api/ -> https://httpbin.org/,21.200000,0.000000,200,300,360,450,630,890,2000,2200,2400,2400,2400,1452,0,190.0,263.52113650145765,44.09390001092106,2363.7885999924038,313.0
1778884917,200,GET,GET /api/ -> https://locust.io/,17.900000,0.000000,160,220,320,360,570,2000,2100,2400,2400,2400,2400,1446,0,160.0,246.22356583658808,3.704399976413697,3382.826200017007,4762.0
1778884917,200,GET,GET /api/ -> https://redis.io/,19.000000,0.000000,180,270,340,380,560,1900,2200,2300,2400,2400,2400,1448,0,160.0,302.5865077345956,3.8061000232119113,4522.812999988673,7221.0
1778884917,200,GET,GET /api/ -> https://training.play-with-docker.com/,17.200000,0.000000,220,300,380,430,550,740,2100,2600,2700,2700,2700,1444,0,190.0,253.8878548476731,38.8579000136815,2696.32200000342,1424.0
1778884917,200,GET,GET /api/ -> https://www.python.org/,21.000000,0.000000,120,210,330,360,710,1900,2300,2700,2700,2700,2700,1452,0,130.0,204.4167092284494,4.005700000561774,2680.472000007285,12980.0
1778884917,200,,Aggregated,197.100000,0.000000,180,270,340,410,670,2000,2700,30000,30000,30000,30000,14596,0,160.0,446.55977463006116,3.704399976413697,30484.48549999739,6734.713688681831
1778884918,200,GET,GET /api/ -> http://example.com/,20.600000,0.000000,330,1100,1500,1900,30000,30000,30000,30000,30000,30000,30000,1603,0,110.0,2107.330802183215,4.3428999779280275,30484.48549999739,60.9451029320025
1778884918,200,GET,GET /api/ -> https://books.toscrape.com/,16.700000,0.000000,230,310,420,470,610,1100,2300,2400,2700,2700,2700,1457,0,160.0,232.52705971209966,3.934100008336827,5340.8102999965195,7848.0
1778884918,200,GET,GET /api/ -> https://docs.docker.com/,19.000000,0.000000,190,290,340,420,610,1000,2100,2200,2300,2300,2300,1452,0,160.0,225.96589187345342,3.915000008419156,2260.263500007568,1741.0
1778884918,200,GET,GET /api/ -> https://flask.palletsprojects.com/,20.200000,0.000000,210,300,360,450,760,2200,2400,2500,2700,2700,2700,1452,0,160.0,255.54324641891355,4.0551999991294,3260.0063999998383,19667.0
1778884918,200,GET,GET /api/ -> https://github.com/ibnesayeed/linkextractor,23.100000,0.000000,190,260,310,370,610,1900,2300,2300,2500,2500,2500,1446,0,160.0,235.15325504867812,4.792399995494634,2479.5720000111032,11810.0
1778884918,200,GET,GET /api/ -> https://httpbin.org/,17.100000,0.000000,230,340,420,460,660,1700,2200,2200,2400,2400,2400,1453,0,200.0,264.8019349622426,44.09390001092106,2363.7885999924038,313.0
1778884918,200,GET,GET /api/ -> https://locust.io/,22.200000,0.000000,170,260,350,420,770,2100,2200,2400,2400,2400,2400,1448,0,160.0,248.96870186443547,3.704399976413697,3382.826200017007,4762.0
1778884918,200,GET,GET /api/ -> https://redis.io/,21.400000,0.000000,200,300,370,450,590,2000,2300,2300,2400,2400,2400,1449,0,160.0,303.9411997237468,3.8061000232119113,4522.812999988673,7221.0
1778884918,200,GET,GET /api/ -> https://training.play-with-docker.com/,23.200000,0.000000,240,320,410,440,590,750,2500,2600,2700,2700,2700,1444,0,190.0,253.8878548476731,38.8579000136815,2696.32200000342,1424.0
1778884918,200,GET,GET /api/ -> https://www.python.org/,17.800000,0.000000,130,270,350,390,960,1900,2400,2700,2700,2700,2700,1453,0,130.0,204.364010323276,4.005700000561774,2680.472000007285,12980.0
1778884918,200,,Aggregated,201.300000,0.000000,200,310,410,490,1200,2100,2700,30000,30000,30000,30000,14657,0,160.0,450.6553685679506,3.704399976413697,30484.48549999739,6715.118851060926
1778884919,200,GET,GET /api/ -> http://example.com/,20.000000,0.000000,1000,1400,1800,2000,30000,30000,30000,30000,30000,30000,30000,1644,0,110.0,2087.7018466543805,4.3428999779280275,30484.48549999739,61.04622871046229
1778884919,200,GET,GET /api/ -> https://books.toscrape.com/,16.400000,0.000000,260,370,460,480,590,820,2100,2400,2700,2700,2700,1535,0,160.0,235.40238579852712,3.934100008336827,5340.8102999965195,7848.0
1778884919,200,GET,GET /api/ -> https://docs.docker.com/,17.000000,0.000000,200,300,340,420,590,1100,2100,2200,2300,2300,2300,1468,0,160.0,225.37541103555884,3.915000008419156,2260.263500007568,1741.0
1778884919,200,GET,GET /api/ -> https://flask.palletsprojects.com/,17.800000,0.000000,210,300,370,470,770,2200,2400,2500,2700,2700,2700,1458,0,160.0,255.40909787399,4.0551999991294,3260.0063999998383,19667.0
1778884919,200,GET,GET /api/ -> https://github.com/ibnesayeed/linkextractor,20.700000,0.000000,190,260,330,370,760,2000,2300,2300,2500,2500,2500,1451,0,160.0,235.5191297039276,4.792399995494634,2479.5720000111032,11810.0
1778884919,200,GET,GET /api/ -> https://httpbin.org/,16.500000,0.000000,300,390,450,490,650,890,2100,2200,2400,2400,2400,1517,0,200.0,267.74055115363575,44.09390001092106,2363.7885999924038,313.0
1778884919,200,GET,GET /api/ -> https://locust.io/,19.700000,0.000000,170,260,360,430,840,2100,2200,2400,2400,2400,2400,1452,0,160.0,249.05358250668215,3.704399976413697,3382.826200017007,4762.0
1778884919,200,GET,GET /api/ -> https://redis.io/,18.700000,0.000000,200,330,380,490,770,2100,2300,2300,2400,2400,2400,1453,0,160.0,304.20809759098137,3.8061000232119113,4522.812999988673,7221.0
1778884919,200,GET,GET /api/ -> https://training.play-with-docker.com/,21.800000,0.000000,260,340,430,460,600,970,2600,2600,2700,2700,2700,1450,0,190.0,257.05584579316,38.8579000136815,2696.32200000342,1424.0
1778884919,200,GET,GET /api/ -> https://www.python.org/,16.700000,0.000000,180,290,350,410,880,1900,2400,2700,2700,2700,2700,1489,0,130.0,204.57192458004954,4.005700000561774,2680.472000007285,12980.0
1778884919,200,,Aggregated,185.300000,0.000000,230,350,460,540,1400,2100,2500,30000,30000,30000,30000,14917,0,160.0,450.8709176912695,3.704399976413697,30484.48549999739,6689.481933364617
1778884920,200,GET,GET /api/ -> http://example.com/,18.400000,0.000000,1200,1500,1900,2000,2400,30000,30000,30000,30000,30000,30000,1645,0,110.0,2086.4460009117315,4.3428999779280275,30484.48549999739,61.048632218844986
1778884920,200,GET,GET /api/ -> https://books.toscrape.com/,15.400000,0.000000,230,370,460,490,760,1100,2100,2400,2700,2700,2700,1544,0,160.0,239.5907876300345,3.934100008336827,5340.8102999965195,7848.0
1778884920,200,GET,GET /api/ -> https://docs.docker.com/,16.200000,0.000000,270,340,400,480,710,1100,2000,2200,2300,2300,2300,1517,0,160.0,232.11690573511834,3.915000008419156,2260.263500007568,1741.0
1778884920,200,GET,GET /api/ -> https://flask.palletsprojects.com/,15.900000,0.000000,210,320,430,500,870,2200,2300,2500,2700,2700,2700,1500,0,160.0,257.40062860023073,4.0551999991294,3260.0063999998383,19667.0
1778884920,200,GET,GET /api/ -> https://github.com/ibnesayeed/linkextractor,15.900000,0.000000,180,240,300,360,610,2000,2300,2300,2500,2500,2500,1455,0,160.0,235.4869096222673,4.792399995494634,2479.5720000111032,11810.0
1778884920,200,GET,GET /api/ -> https://httpbin.org/,15.500000,0.000000,310,410,500,540,810,1400,2100,2200,2400,2400,2400,1541,0,200.0,274.28465029214556,44.09390001092106,2363.7885999924038,313.0
1778884920,200,GET,GET /api/ -> https://locust.io/,15.800000,0.000000,190,310,380,450,840,2100,2200,2400,2400,2400,2400,1469,0,170.0,250.247054867067,3.704399976413697,3382.826200017007,4762.0
1778884920,200,GET,GET /api/ -> https://redis.io/,15.900000,0.000000,200,330,390,480,710,2100,2300,2300,2400,2400,2400,1477,0,160.0,303.63521767077833,3.8061000232119113,4522.812999988673,7221.0
1778884920,200,GET,GET /api/ -> https://training.play-with-docker.com/,16.200000,0.000000,230,310,400,440,560,1800,2600,2600,2700,2700,2700,1454,0,190.0,257.1538594910919,38.8579000136815,2696.32200000342,1424.0
1778884920,200,GET,GET /api/ -> https://www.python.org/,15.900000,0.000000,230,350,450,580,1000,1800,2300,2700,2700,2700,2700,1531,0,130.0,213.17523945106836,4.005700000561774,2680.472000007285,12980.0
1778884920,200,,Aggregated,161.100000,0.000000,250,380,480,580,1400,2100,2400,2700,30000,30000,30000,15133,0,160.0,450.8038974096864,3.704399976413697,30484.48549999739,6715.71320954206
1778884921,200,GET,GET /api/ -> http://example.com/,23.300000,0.000000,1100,1500,1700,2000,2300,30000,30000,30000,30000,30000,30000,1650,0,110.0,2080.7442446665636,4.3428999779280275,30484.48549999739,61.06060606060606
1778884921,200,GET,GET /api/ -> https://books.toscrape.com/,18.600000,0.000000,230,370,460,490,670,1100,2100,2400,2700,2700,2700,1550,0,160.0,239.54473051665005,3.934100008336827,5340.8102999965195,7848.0
1778884921,200,GET,GET /api/ -> https://docs.docker.com/,14.500000,0.000000,280,380,460,530,770,1100,2000,2200,2300,2300,2300,1542,0,160.0,236.76091063562396,3.915000008419156,2260.263500007568,1741.0
1778884921,200,GET,GET /api/ -> https://flask.palletsprojects.com/,14.300000,0.000000,240,350,470,560,830,2000,2300,2500,2700,2700,2700,1542,0,170.0,261.1194511675596,4.0551999991294,3260.0063999998383,19667.0
1778884921,200,GET,GET /api/ -> https://github.com/ibnesayeed/linkextractor,14.700000,0.000000,180,250,310,360,510,1800,2100,2300,2500,2500,2500,1514,0,160.0,235.8153342142911,4.792399995494634,2479.5720000111032,11810.0
1778884921,200,GET,GET /api/ -> https://httpbin.org/,15.200000,0.000000,310,410,510,570,820,1400,2200,2200,2400,2400,2400,1548,0,200.0,276.1591909562055,44.09390001092106,2363.7885999924038,313.0
1778884921,200,GET,GET /api/ -> https://locust.io/,14.500000,0.000000,200,320,400,450,660,2000,2200,2400,2400,2400,2400,1526,0,170.0,251.4827238529276,3.704399976413697,3382.826200017007,4762.0
1778884921,200,GET,GET /api/ -> https://redis.io/,14.400000,0.000000,220,350,430,470,770,1900,2200,2300,2400,2400,2400,1538,0,170.0,305.04134661884086,3.8061000232119113,4522.812999988673,7221.0
1778884921,200,GET,GET /api/ -> https://training.play-with-docker.com/,15.000000,0.000000,240,300,370,410,550,970,2500,2600,2700,2700,2700,1498,0,190.0,257.4951008678321,38.8579000136815,2696.32200000342,1424.0
1778884921,200,GET,GET /api/ -> https://www.python.org/,14.400000,0.000000,240,380,480,580,1000,1800,2300,2700,2700,2700,2700,1547,0,130.0,215.7182877825333,4.005700000561774,2680.472000007285,12980.0
1778884921,200,,Aggregated,158.900000,0.000000,250,380,480,570,1200,2000,2300,2600,30000,30000,30000,15455,0,160.0,448.34246376581956,3.704399976413697,30484.48549999739,6743.906308637981
1778884922,200,GET,GET /api/ -> http://example.com/,19.400000,0.000000,1000,1400,1700,1800,2100,2300,30000,30000,30000,30000,30000,1658,0,110.0,2070.773608685049,3.6863999848719686,30484.48549999739,61.07961399276236
1778884922,200,GET,GET /api/ -> https://books.toscrape.com/,18.900000,0.000000,220,350,450,490,670,1100,2100,2400,2700,2700,2700,1558,0,160.0,238.40551623926706,3.867399995215237,5340.8102999965195,7848.0
1778884922,200,GET,GET /api/ -> https://docs.docker.com/,15.000000,0.000000,270,390,460,550,770,1200,2000,2200,2300,2300,2300,1558,0,160.0,236.1857927471705,3.915000008419156,2260.263500007568,1741.0
1778884922,200,GET,GET /api/ -> https://flask.palletsprojects.com/,14.600000,0.000000,210,330,470,560,830,2000,2300,2500,2700,2700,2700,1558,0,170.0,259.01383472423396,3.7973999860696495,3260.0063999998383,19667.0
1778884922,200,GET,GET /api/ -> https://github.com/ibnesayeed/linkextractor,13.900000,0.000000,160,230,280,330,480,920,2000,2300,2500,2500,2500,1558,0,160.0,232.88202464730875,3.6995999980717897,2479.5720000111032,11810.0
1778884922,200,GET,GET /api/ -> https://httpbin.org/,18.200000,0.000000,310,410,490,540,820,1400,2200,2200,2400,2400,2400,1558,0,200.0,275.038505070733,44.09390001092106,2363.7885999924038,313.0
1778884922,200,GET,GET /api/ -> https://locust.io/,13.300000,0.000000,170,280,350,420,590,1200,2200,2200,2400,2400,2400,1558,0,170.0,248.88519165572376,3.660599992144853,3382.826200017007,4762.0
1778884922,200,GET,GET /api/ -> https://redis.io/,13.600000,0.000000,200,340,400,460,770,1800,2200,2300,2400,2400,2400,1558,0,160.0,302.8747736840365,3.732299985131249,4522.812999988673,7221.0
1778884922,200,GET,GET /api/ -> https://training.play-with-docker.com/,14.300000,0.000000,200,280,310,370,480,600,2500,2600,2700,2700,2700,1558,0,190.0,253.9127681645365,38.8579000136815,2696.32200000342,1424.0
1778884922,200,GET,GET /api/ -> https://www.python.org/,16.700000,0.000000,210,390,480,580,1000,1800,2300,2700,2700,2700,2700,1558,0,130.0,214.40843170704437,3.724500013049692,2680.472000007285,12980.0
1778884922,200,,Aggregated,157.900000,0.000000,220,350,450,520,1000,1900,2300,2400,30000,30000,30000,15680,0,160.0,443.681511339352,3.660599992144853,30484.48549999739,6739.840433673469
1778884923,200,GET,GET /api/ -> http://example.com/,16.600000,0.000000,230,1100,1400,1600,2000,2200,2300,2400,2700,2700,2700,1705,0,110.0,2014.5616094426816,3.6863999848719686,30484.48549999739,61.18768328445748
1778884923,200,GET,GET /api/ -> https://books.toscrape.com/,15.800000,0.000000,140,230,370,450,620,1100,30000,30000,30000,30000,30000,1602,0,160.0,326.62425817777586,3.867399995215237,30049.751399987144,7823.505617977528
1778884923,200,GET,GET /api/ -> https://docs.docker.com/,17.200000,0.000000,190,340,400,460,670,880,1200,1400,1700,1700,1700,1584,0,160.0,232.82966672989212,3.915000008419156,2260.263500007568,1741.0
1778884923,200,GET,GET /api/ -> https://flask.palletsprojects.com/,16.900000,0.000000,160,270,350,410,630,830,990,2300,2400,2400,2400,1583,0,160.0,255.34112849039664,3.7973999860696495,3260.0063999998383,19667.0
1778884923,200,GET,GET /api/ -> https://github.com/ibnesayeed/linkextractor,14.400000,0.000000,140,200,250,280,400,480,610,690,920,920,920,1578,0,160.0,230.33564892300998,3.6995999980717897,2479.5720000111032,11810.0
1778884923,200,GET,GET /api/ -> https://httpbin.org/,16.900000,0.000000,230,370,430,490,670,1100,1400,2100,2200,2200,2200,1589,0,200.0,271.0773252990566,44.09390001092106,2363.7885999924038,313.0
1778884923,200,GET,GET /api/ -> https://locust.io/,14.800000,0.000000,140,240,300,350,480,660,1100,1200,2200,2200,2200,1580,0,160.0,245.8257946199767,3.660599992144853,3382.826200017007,4762.0
1778884923,200,GET,GET /api/ -> https://redis.io/,15.600000,0.000000,150,250,350,390,530,740,860,940,2300,2300,2300,1582,0,160.0,298.9918314157523,3.732299985131249,4522.812999988673,7221.0
1778884923,200,GET,GET /api/ -> https://training.play-with-docker.com/,13.400000,0.000000,190,250,290,300,410,530,740,1000,2600,2600,2600,1577,0,190.0,251.91652466727277,38.8579000136815,2696.32200000342,1424.0
1778884923,200,GET,GET /api/ -> https://www.python.org/,17.700000,0.000000,150,290,390,440,610,930,1100,1300,1500,1500,1500,1588,0,130.0,210.9181158687142,3.562199999578297,2680.472000007285,12980.0
1778884923,200,,Aggregated,159.300000,0.000000,160,270,360,430,660,1100,1900,2200,30000,30000,30000,15968,0,160.0,445.8240536260543,3.562199999578297,30484.48549999739,6730.159882264529
1778884924,200,GET,GET /api/ -> http://example.com/,15.800000,0.000000,110,590,1300,1400,2000,2200,2300,2400,2700,2700,2700,1750,0,100.0,1965.1645246283513,3.6863999848719686,30484.48549999739,61.285714285714285
1778884924,200,GET,GET /api/ -> https://books.toscrape.com/,15.200000,0.000000,130,220,350,420,620,1300,30000,30000,30000,30000,30000,1653,0,160.0,411.42377374515996,3.867399995215237,30049.751399987144,7800.522686025409
1778884924,200,GET,GET /api/ -> https://docs.docker.com/,17.600000,0.000000,150,280,390,440,630,800,1200,1400,1700,1700,1700,1618,0,160.0,231.0632899877112,3.915000008419156,2260.263500007568,1741.0
1778884924,200,GET,GET /api/ -> https://flask.palletsprojects.com/,18.400000,0.000000,130,250,330,370,630,830,990,2300,2400,2400,2400,1615,0,160.0,253.29229696612336,3.7973999860696495,3260.0063999998383,19667.0
1778884924,200,GET,GET /api/ -> https://github.com/ibnesayeed/linkextractor,20.000000,0.000000,110,180,240,270,380,510,680,850,920,920,920,1596,0,160.0,229.7349877196045,3.6995999980717897,2479.5720000111032,11810.0
1778884924,200,GET,GET /api/ -> https://httpbin.org/,15.800000,0.000000,180,300,380,420,640,820,1200,1400,2200,2200,2200,1630,0,200.0,268.8697865032491,44.09390001092106,2363.7885999924038,313.0
1778884924,200,GET,GET /api/ -> https://locust.io/,19.800000,0.000000,120,200,280,310,450,550,1200,2200,2200,2200,2200,1600,0,160.0,244.52189849977003,3.660599992144853,3382.826200017007,4762.0
1778884924,200,GET,GET /api/ -> https://redis.io/,19.200000,0.000000,130,200,300,350,510,770,910,960,2300,2300,2300,1606,0,160.0,296.1010526773154,3.732299985131249,4522.812999988673,7221.0
1778884924,200,GET,GET /api/ -> https://training.play-with-docker.com/,18.800000,0.000000,180,230,270,290,370,450,570,2500,2600,2600,2600,1589,0,180.0,251.22013083715012,38.8579000136815,2696.32200000342,1424.0
1778884924,200,GET,GET /api/ -> https://www.python.org/,17.000000,0.000000,120,190,320,410,590,930,1100,1300,1500,1500,1500,1625,0,130.0,208.70979409197417,3.562199999578297,2680.472000007285,12980.0
1778884924,200,,Aggregated,177.700000,0.000000,140,240,330,390,630,1100,2000,2300,30000,30000,30000,16282,0,160.0,449.08974344679115,3.562199999578297,30484.48549999739,6725.891720918806
1778884925,200,GET,GET /api/ -> http://example.com/,16.800000,0.000000,150,570,1300,1400,1900,2100,2300,2400,2700,2700,2700,1772,0,110.0,1943.0566311510197,3.6863999848719686,30484.48549999739,61.331828442437924
1778884925,200,GET,GET /api/ -> https://books.toscrape.com/,16.700000,0.000000,160,270,410,450,820,30000,30000,30000,30000,30000,30000,1684,0,160.0,497.3190967938235,3.867399995215237,30078.09150000685,7778.095011876485
1778884925,200,GET,GET /api/ -> https://docs.docker.com/,18.900000,0.000000,180,300,390,450,670,800,1100,1200,1700,1700,1700,1653,0,160.0,231.752678282041,3.915000008419156,2260.263500007568,1741.0
1778884925,200,GET,GET /api/ -> https://flask.palletsprojects.com/,19.900000,0.000000,140,260,330,400,630,830,990,2300,2400,2400,2400,1641,0,160.0,252.67599287040906,3.7973999860696495,3260.0063999998383,19667.0
1778884925,200,GET,GET /api/ -> https://github.com/ibnesayeed/linkextractor,22.800000,0.000000,140,200,260,320,430,630,740,860,920,920,920,1617,0,160.0,230.65041812025106,3.6995999980717897,2479.5720000111032,11810.0
1778884925,200,GET,GET /api/ -> https://httpbin.org/,17.300000,0.000000,230,360,410,460,650,920,1200,1400,2200,2200,2200,1660,0,200.0,270.7119365664569,44.09390001092106,2363.7885999924038,313.0
1778884925,200,GET,GET /api/ -> https://locust.io/,21.700000,0.000000,160,260,330,390,490,740,1200,2200,2200,2200,2200,1622,0,160.0,246.65478427847975,3.660599992144853,3382.826200017007,4762.0
1778884925,200,GET,GET /api/ -> https://redis.io/,21.000000,0.000000,150,250,340,390,580,830,940,1200,2300,2300,2300,1631,0,160.0,296.0275881666244,3.732299985131249,4522.812999988673,7221.0
1778884925,200,GET,GET /api/ -> https://training.play-with-docker.com/,23.300000,0.000000,160,230,260,290,380,530,1000,2500,2600,2600,2600,1604,0,190.0,252.0952309227631,38.8579000136815,2696.32200000342,1424.0
1778884925,200,GET,GET /api/ -> https://www.python.org/,18.400000,0.000000,140,220,330,410,590,870,1000,1100,1500,1500,1500,1659,0,130.0,209.29593731133247,3.562199999578297,2680.472000007285,12980.0
1778884925,200,,Aggregated,196.800000,0.000000,160,260,360,430,690,1200,2000,2400,30000,30000,30000,16543,0,160.0,455.48760796112003,3.562199999578297,30484.48549999739,6727.564105664027
1778884926,200,GET,GET /api/ -> http://example.com/,19.400000,0.000000,140,490,1200,1400,1900,2100,2300,2400,2700,2700,2700,1781,0,100.0,1933.5279971362359,3.6863999848719686,30484.48549999739,61.35036496350365
1778884926,200,GET,GET /api/ -> https://books.toscrape.com/,19.500000,0.000000,160,280,410,470,1100,30000,30000,30000,30000,30000,30000,1698,0,160.0,582.5320359839856,3.867399995215237,30078.09150000685,7755.561837455831
1778884926,200,GET,GET /api/ -> https://docs.docker.com/,19.000000,0.000000,180,280,380,410,630,780,1100,1200,1700,1700,1700,1668,0,160.0,231.2972941848178,3.915000008419156,2260.263500007568,1741.0
1778884926,200,GET,GET /api/ -> https://flask.palletsprojects.com/,19.500000,0.000000,140,250,320,370,610,790,970,2300,2400,2400,2400,1665,0,160.0,252.04264042060333,3.7973999860696495,3260.0063999998383,19667.0
1778884926,200,GET,GET /api/ -> https://github.com/ibnesayeed/linkextractor,22.100000,0.000000,140,200,260,320,430,610,740,860,920,920,920,1637,0,160.0,230.36397086163353,3.6995999980717897,2479.5720000111032,11810.0
1778884926,200,GET,GET /api/ -> https://httpbin.org/,18.300000,0.000000,240,350,410,460,640,850,1200,1400,2200,2200,2200,1676,0,200.0,270.8663628879955,44.09390001092106,2363.7885999924038,313.0
1778884926,200,GET,GET /api/ -> https://locust.io/,21.600000,0.000000,170,260,330,370,480,690,1200,1200,2200,2200,2200,1652,0,160.0,245.95313541143054,3.660599992144853,3382.826200017007,4762.0
1778884926,200,GET,GET /api/ -> https://redis.io/,20.600000,0.000000,150,250,340,390,540,740,910,960,2300,2300,2300,1662,0,160.0,294.87039651009707,3.732299985131249,4522.812999988673,7221.0
1778884926,200,GET,GET /api/ -> https://training.play-with-docker.com/,22.600000,0.000000,180,240,280,300,410,550,1000,2500,2600,2600,2600,1629,0,190.0,253.04412854524665,38.8579000136815,2696.32200000342,1424.0
1778884926,200,GET,GET /api/ -> https://www.python.org/,18.800000,0.000000,140,210,330,390,580,850,1000,1100,1500,1500,1500,1673,0,130.0,208.77415732190696,3.562199999578297,2680.472000007285,12980.0
1778884926,200,,Aggregated,201.400000,0.000000,160,260,350,420,670,1100,2000,2500,30000,30000,30000,16741,0,160.0,461.57115565384544,3.562199999578297,30484.48549999739,6731.298727674572
1778884928,200,GET,GET /api/ -> http://example.com/,22.700000,0.000000,42,92,130,160,260,490,2100,2400,2700,2700,2700,1781,0,100.0,1933.5279971362359,3.6863999848719686,30484.48549999739,61.35036496350365
1778884928,200,GET,GET /api/ -> https://books.toscrape.com/,24.100000,0.000000,170,380,490,580,30000,30000,31000,31000,31000,31000,31000,1703,0,160.0,670.8607134473233,3.867399995215237,30830.23629998206,7732.791544333529
1778884928,200,GET,GET /api/ -> https://docs.docker.com/,21.400000,0.000000,190,300,390,450,640,800,1100,1200,1700,1700,1700,1668,0,160.0,231.2972941848178,3.915000008419156,2260.263500007568,1741.0
1778884928,200,GET,GET /api/ -> https://flask.palletsprojects.com/,20.700000,0.000000,150,250,320,360,580,700,870,960,990,990,990,1665,0,160.0,252.04264042060333,3.7973999860696495,3260.0063999998383,19667.0
1778884928,200,GET,GET /api/ -> https://github.com/ibnesayeed/linkextractor,18.000000,0.000000,140,200,260,320,430,610,740,860,920,920,920,1637,0,160.0,230.36397086163353,3.6995999980717897,2479.5720000111032,11810.0
1778884928,200,GET,GET /api/ -> https://httpbin.org/,21.700000,0.000000,250,370,420,480,650,850,1100,1400,2200,2200,2200,1676,0,200.0,270.8663628879955,44.09390001092106,2363.7885999924038,313.0
1778884928,200,GET,GET /api/ -> https://locust.io/,18.800000,0.000000,170,260,330,370,480,600,780,1200,1200,1200,1200,1652,0,160.0,245.95313541143054,3.660599992144853,3382.826200017007,4762.0
1778884928,200,GET,GET /api/ -> https://redis.io/,19.700000,0.000000,160,260,340,390,540,740,860,940,1200,1200,1200,1662,0,160.0,294.87039651009707,3.732299985131249,4522.812999988673,7221.0
1778884928,200,GET,GET /api/ -> https://training.play-with-docker.com/,18.000000,0.000000,190,250,290,310,400,520,700,1000,1200,1200,1200,1629,0,190.0,253.04412854524665,38.8579000136815,2696.32200000342,1424.0
1778884928,200,GET,GET /api/ -> https://www.python.org/,21.600000,0.000000,150,240,350,420,590,870,1000,1100,1500,1500,1500,1673,0,130.0,208.77415732190696,3.562199999578297,2680.472000007285,12980.0
1778884928,200,,Aggregated,206.700000,0.000000,160,260,340,390,570,820,1200,30000,31000,31000,31000,16746,0,160.0,470.58993877349883,3.562199999578297,30830.23629998206,6729.28890481309
1778884929,200,GET,GET /api/ -> http://example.com/,22.700000,0.000000,82,160,300,460,870,1900,2300,2700,2900,2900,2900,1824,0,110.0,1914.3216804275266,3.6863999848719686,30484.48549999739,61.43640350877193
1778884929,200,GET,GET /api/ -> https://books.toscrape.com/,24.500000,0.000000,160,380,530,690,30000,30000,31000,31000,31000,31000,31000,1733,0,160.0,757.313807155668,3.867399995215237,30830.23629998206,7712.143104443162
1778884929,200,GET,GET /api/ -> https://docs.docker.com/,21.600000,0.000000,190,300,400,460,730,1100,2700,2800,3000,3000,3000,1676,0,160.0,239.25469009563628,3.915000008419156,2969.164500012994,1741.0
1778884929,200,GET,GET /api/ -> https://flask.palletsprojects.com/,21.600000,0.000000,150,250,320,400,610,790,970,2700,2700,2700,2700,1670,0,160.0,256.6229433535276,3.7973999860696495,3260.0063999998383,19667.0
1778884929,200,GET,GET /api/ -> https://github.com/ibnesayeed/linkextractor,19.100000,0.000000,160,240,330,430,740,2700,2900,2900,2900,2900,2900,1658,0,160.0,253.6586600726044,3.6995999980717897,2922.7191999962088,11810.0
1778884929,200,GET,GET /api/ -> https://httpbin.org/,22.400000,0.000000,180,300,370,390,610,1100,1400,2800,2900,2900,2900,1680,0,200.0,274.1465400001679,44.09390001092106,2856.8636999989394,313.0
1778884929,200,GET,GET /api/ -> https://locust.io/,20.600000,0.000000,190,290,360,410,600,1200,2400,2700,2900,2900,2900,1664,0,170.0,259.205662559942,3.660599992144853,3382.826200017007,4762.0
1778884929,200,GET,GET /api/ -> https://redis.io/,21.400000,0.000000,150,260,340,390,580,840,960,2000,2700,2700,2700,1665,0,160.0,298.447739038887,3.732299985131249,4522.812999988673,7221.0
1778884929,200,GET,GET /api/ -> https://training.play-with-docker.com/,18.500000,0.000000,190,260,310,370,520,1000,2700,2800,2900,2900,2900,1643,0,190.0,265.23746244687794,38.8579000136815,2920.2126000018325,1424.0
1778884929,200,GET,GET /api/ -> https://www.python.org/,22.100000,0.000000,120,180,310,380,730,1000,1500,2200,2600,2600,2600,1676,0,130.0,212.4910902741839,3.562199999578297,2680.472000007285,12980.0
1778884929,200,,Aggregated,214.500000,0.000000,160,260,350,430,730,1800,2900,30000,31000,31000,31000,16889,0,160.0,487.59458349228277,3.562199999578297,30830.23629998206,6713.652377286991
1778884930,200,GET,GET /api/ -> http://example.com/,22.700000,0.000000,85,180,300,460,850,1900,2300,2700,2900,2900,2900,1830,0,110.0,1908.906431912474,3.6863999848719686,30484.48549999739,61.44808743169399
1778884930,200,GET,GET /api/ -> https://books.toscrape.com/,24.500000,0.000000,220,420,550,800,30000,30000,30000,31000,31000,31000,31000,1765,0,170.0,836.172700000392,3.867399995215237,30830.23629998206,7692.373937677054
1778884930,200,GET,GET /api/ -> https://docs.docker.com/,21.600000,0.000000,170,250,360,400,610,800,2700,2800,3000,3000,3000,1692,0,160.0,240.8552851656454,3.915000008419156,2969.164500012994,1741.0
1778884930,200,GET,GET /api/ -> https://flask.palletsprojects.com/,21.600000,0.000000,140,220,270,330,530,680,800,2700,2700,2700,2700,1682,0,160.0,257.605020511513,3.7973999860696495,3260.0063999998383,19667.0
1778884930,200,GET,GET /api/ -> https://github.com/ibnesayeed/linkextractor,19.100000,0.000000,160,250,330,430,780,2700,2900,2900,2900,2900,2900,1665,0,160.0,254.42742534557235,3.6995999980717897,2922.7191999962088,11810.0
1778884930,200,GET,GET /api/ -> https://httpbin.org/,22.400000,0.000000,230,310,380,440,570,800,970,2800,2900,2900,2900,1721,0,200.0,278.02444724015675,44.09390001092106,2856.8636999989394,313.0
1778884930,200,GET,GET /api/ -> https://locust.io/,20.600000,0.000000,200,300,370,450,690,2000,2600,2800,2900,2900,2900,1672,0,170.0,260.5808120811749,3.660599992144853,3382.826200017007,4762.0
1778884930,200,GET,GET /api/ -> https://redis.io/,21.400000,0.000000,140,250,310,350,530,660,1200,2100,2700,2700,2700,1678,0,160.0,298.56488814047276,3.732299985131249,4522.812999988673,7221.0
1778884930,200,GET,GET /api/ -> https://training.play-with-docker.com/,18.500000,0.000000,210,290,370,430,590,1000,2600,2800,2900,2900,2900,1664,0,190.0,267.9843062501277,38.8579000136815,2920.2126000018325,1424.0
1778884930,200,GET,GET /api/ -> https://www.python.org/,22.100000,0.000000,110,180,250,320,500,580,870,2200,2600,2600,2600,1708,0,130.0,214.68234063205279,3.562199999578297,2680.472000007285,12980.0
1778884930,200,,Aggregated,214.500000,0.000000,160,270,350,430,670,2000,2900,30000,31000,31000,31000,17077,0,160.0,495.4822529309035,3.562199999578297,30830.23629998206,6707.018621537741
1778884931,200,GET,GET /api/ -> http://example.com/,16.400000,0.000000,100,210,300,470,840,1900,2300,2700,2900,2900,2900,1843,0,110.0,1897.7028462289295,3.6863999848719686,30484.48549999739,61.47314161692892
1778884931,200,GET,GET /api/ -> https://books.toscrape.com/,20.100000,0.000000,230,470,600,970,30000,30000,30000,31000,31000,31000,31000,1779,0,170.0,915.9628389548301,3.867399995215237,30830.23629998206,7671.5413153457
1778884931,200,GET,GET /api/ -> https://docs.docker.com/,21.400000,0.000000,180,290,360,400,540,690,2700,2800,3000,3000,3000,1730,0,160.0,242.90931028928983,3.915000008419156,2969.164500012994,1741.0
1778884931,200,GET,GET /api/ -> https://flask.palletsprojects.com/,21.200000,0.000000,150,260,320,380,590,740,810,2700,2700,2700,2700,1725,0,170.0,260.595364927709,3.7973999860696495,3260.0063999998383,19667.0
1778884931,200,GET,GET /api/ -> https://github.com/ibnesayeed/linkextractor,19.500000,0.000000,200,330,470,540,860,2700,2900,2900,2900,2900,2900,1696,0,160.0,257.1562144460431,3.6995999980717897,2922.7191999962088,11810.0
1778884931,200,GET,GET /api/ -> https://httpbin.org/,20.600000,0.000000,240,330,390,460,590,670,950,2800,2900,2900,2900,1735,0,200.0,279.1342337753675,44.09390001092106,2856.8636999989394,313.0
1778884931,200,GET,GET /api/ -> https://locust.io/,20.900000,0.000000,200,340,430,480,740,2000,2600,2800,2900,2900,2900,1706,0,170.0,262.5439906797891,3.660599992144853,3382.826200017007,4762.0
1778884931,200,GET,GET /api/ -> https://redis.io/,21.300000,0.000000,170,260,330,360,520,610,1200,2100,2700,2700,2700,1715,0,170.0,299.1627918948513,3.732299985131249,4522.812999988673,7221.0
1778884931,200,GET,GET /api/ -> https://training.play-with-docker.com/,18.600000,0.000000,210,320,380,450,620,1200,2700,2800,2900,2900,2900,1686,0,190.0,268.0242432979004,38.8579000136815,2920.2126000018325,1424.0
1778884931,200,GET,GET /api/ -> https://www.python.org/,21.600000,0.000000,130,210,320,370,510,580,870,2200,2600,2600,2600,1731,0,130.0,216.55343801240747,3.562199999578297,2680.472000007285,12980.0
1778884931,200,,Aggregated,201.600000,0.000000,180,300,390,470,690,2100,30000,30000,31000,31000,31000,17346,0,160.0,501.83709756146675,3.562199999578297,30830.23629998206,6724.807909604519
1778884932,200,GET,GET /api/ -> http://example.com/,18.600000,0.000000,140,250,410,510,840,1800,2200,2600,2900,2900,2900,1869,0,110.0,1875.2538645264458,3.6863999848719686,30484.48549999739,61.52220438737292
1778884932,200,GET,GET /api/ -> https://books.toscrape.com/,21.200000,0.000000,270,480,690,2700,30000,30000,30000,31000,31000,31000,31000,1805,0,170.0,989.1885431028369,3.867399995215237,30830.23629998206,7652.343490304709
1778884932,200,GET,GET /api/ -> https://docs.docker.com/,19.500000,0.000000,200,330,380,450,570,740,2700,2800,3000,3000,3000,1740,0,170.0,243.58173189683075,3.915000008419156,2969.164500012994,1741.0
1778884932,200,GET,GET /api/ -> https://flask.palletsprojects.com/,20.400000,0.000000,200,280,370,430,590,740,810,2700,2700,2700,2700,1734,0,170.0,260.98194094597335,3.7973999860696495,3260.0063999998383,19667.0
1778884932,200,GET,GET /api/ -> https://github.com/ibnesayeed/linkextractor,21.200000,0.000000,280,440,520,580,860,2700,2900,2900,2900,2900,2900,1724,0,160.0,258.95873457100527,3.6995999980717897,2922.7191999962088,11810.0
1778884932,200,GET,GET /api/ -> https://httpbin.org/,17.600000,0.000000,260,370,450,500,630,760,950,2800,2900,2900,2900,1749,0,200.0,280.1866495141878,44.09390001092106,2856.8636999989394,313.0
1778884932,200,GET,GET /api/ -> https://locust.io/,21.300000,0.000000,290,410,480,530,750,2000,2600,2800,2900,2900,2900,1730,0,170.0,264.96167994202574,3.660599992144853,3382.826200017007,4762.0
1778884932,200,GET,GET /api/ -> https://redis.io/,21.200000,0.000000,220,310,380,450,530,640,1200,2100,2700,2700,2700,1734,0,170.0,300.21451020743154,3.732299985131249,4522.812999988673,7221.0
1778884932,200,GET,GET /api/ -> https://training.play-with-docker.com/,20.600000,0.000000,300,410,460,500,700,2000,2700,2800,2900,2900,2900,1715,0,190.0,269.85261842578586,38.8579000136815,2920.2126000018325,1424.0
1778884932,200,GET,GET /api/ -> https://www.python.org/,18.300000,0.000000,150,250,350,390,510,580,870,2200,2600,2600,2600,1745,0,130.0,216.82484160428587,3.562199999578297,2680.472000007285,12980.0
1778884932,200,,Aggregated,199.900000,0.000000,220,360,450,500,720,2200,30000,30000,31000,31000,31000,17545,0,170.0,508.5957969108681,3.562199999578297,30830.23629998206,6715.246166999145
1778884933,200,GET,GET /api/ -> http://example.com/,18.800000,0.000000,190,380,510,590,1300,1900,2300,2700,2900,2900,2900,1885,0,110.0,1860.4970224933097,3.6863999848719686,30484.48549999739,61.55172413793103
1778884933,200,GET,GET /api/ -> https://books.toscrape.com/,22.400000,0.000000,370,540,850,30000,30000,30000,30000,31000,31000,31000,31000,1832,0,170.0,1060.1025546946712,3.867399995215237,30830.23629998206,7633.807860262009
1778884933,200,GET,GET /api/ -> https://docs.docker.com/,19.300000,0.000000,240,340,390,450,550,720,2700,2800,3000,3000,3000,1773,0,170.0,243.21224878765895,3.915000008419156,2969.164500012994,1741.0
1778884933,200,GET,GET /api/ -> https://flask.palletsprojects.com/,19.400000,0.000000,220,290,370,450,600,740,810,2700,2700,2700,2700,1764,0,170.0,259.7938412700284,3.7973999860696495,3260.0063999998383,19667.0
1778884933,200,GET,GET /api/ -> https://github.com/ibnesayeed/linkextractor,20.700000,0.000000,290,440,510,580,860,2700,2900,2900,2900,2900,2900,1751,0,160.0,257.7139388923013,3.6995999980717897,2922.7191999962088,11810.0
1778884933,200,GET,GET /api/ -> https://httpbin.org/,18.700000,0.000000,290,380,460,500,640,800,950,2800,2900,2900,2900,1777,0,200.0,279.1094782218772,44.09390001092106,2856.8636999989394,313.0
1778884933,200,GET,GET /api/ -> https://locust.io/,20.400000,0.000000,310,420,480,530,750,2000,2600,2800,2900,2900,2900,1754,0,170.0,263.7681328390581,3.660599992144853,3382.826200017007,4762.0
1778884933,200,GET,GET /api/ -> https://redis.io/,20.200000,0.000000,220,310,380,450,530,640,1200,2100,2700,2700,2700,1760,0,170.0,297.83125204523293,3.732299985131249,4522.812999988673,7221.0
1778884933,200,GET,GET /api/ -> https://training.play-with-docker.com/,21.600000,0.000000,330,430,470,500,670,1200,2700,2800,2900,2900,2900,1743,0,190.0,270.37666551925736,38.8579000136815,2920.2126000018325,1424.0
1778884933,200,GET,GET /api/ -> https://www.python.org/,18.700000,0.000000,190,300,360,420,520,600,870,2200,2600,2600,2600,1776,0,140.0,216.26457882851903,3.562199999578297,2680.472000007285,12980.0
1778884933,200,,Aggregated,200.200000,0.000000,260,380,460,510,740,2300,30000,30000,31000,31000,31000,17815,0,170.0,512.3803423576153,3.562199999578297,30830.23629998206,6719.734661801853
1778884934,200,GET,GET /api/ -> http://example.com/,19.400000,0.000000,230,400,550,720,1400,1900,2300,2700,2900,2900,2900,1908,0,110.0,1839.4426632075033,3.6863999848719686,30484.48549999739,61.59329140461216
1778884934,200,GET,GET /api/ -> https://books.toscrape.com/,23.200000,0.000000,400,570,1000,30000,30000,30000,31000,31000,31000,31000,31000,1858,0,170.0,1128.0311627559859,3.867399995215237,30830.23629998206,7615.685683530678
1778884934,200,GET,GET /api/ -> https://docs.docker.com/,18.200000,0.000000,250,360,420,470,590,740,2700,2800,3000,3000,3000,1794,0,170.0,242.7928109256061,3.915000008419156,2969.164500012994,1741.0
1778884934,200,GET,GET /api/ -> https://flask.palletsprojects.com/,18.300000,0.000000,220,320,420,460,600,720,810,2700,2700,2700,2700,1788,0,170.0,259.2095799219316,3.7973999860696495,3260.0063999998383,19667.0
1778884934,200,GET,GET /api/ -> https://github.com/ibnesayeed/linkextractor,16.600000,0.000000,280,430,480,540,820,2700,2900,2900,2900,2900,2900,1775,0,160.0,257.1553572960211,3.6995999980717897,2922.7191999962088,11810.0
1778884934,200,GET,GET /api/ -> https://httpbin.org/,18.600000,0.000000,300,380,460,510,660,800,950,2800,2900,2900,2900,1800,0,200.0,278.16620911125534,44.09390001092106,2856.8636999989394,313.0
1778884934,200,GET,GET /api/ -> https://locust.io/,16.900000,0.000000,300,410,480,530,740,2000,2600,2800,2900,2900,2900,1781,0,170.0,263.33940864659536,3.660599992144853,3382.826200017007,4762.0
1778884934,200,GET,GET /api/ -> https://redis.io/,17.600000,0.000000,240,340,390,450,530,640,1200,2100,2700,2700,2700,1785,0,170.0,296.63028072807754,3.732299985131249,4522.812999988673,7221.0
1778884934,200,GET,GET /api/ -> https://training.play-with-docker.com/,17.700000,0.000000,320,410,460,500,650,1200,2700,2800,2900,2900,2900,1767,0,190.0,269.5648126768559,38.8579000136815,2920.2126000018325,1424.0
1778884934,200,GET,GET /api/ -> https://www.python.org/,18.600000,0.000000,190,310,360,430,530,600,870,2200,2600,2600,2600,1797,0,140.0,215.53869365577992,3.562199999578297,2680.472000007285,12980.0
1778884934,200,,Aggregated,185.000000,0.000000,270,380,470,520,740,2400,30000,30000,31000,31000,31000,18053,0,170.0,516.4716148839997,3.562199999578297,30830.23629998206,6718.741428017504
1778884935,200,GET,GET /api/ -> http://example.com/,20.700000,0.000000,210,380,470,590,1300,1900,2300,2700,2900,2900,2900,1942,0,110.0,1809.599557929871,3.6863999848719686,30484.48549999739,61.652935118434605
1778884935,200,GET,GET /api/ -> https://books.toscrape.com/,24.700000,0.000000,360,540,850,30000,30000,30000,30000,31000,31000,31000,31000,1899,0,170.0,1186.382438652256,3.867399995215237,30830.23629998206,7600.037914691943
1778884935,200,GET,GET /api/ -> https://docs.docker.com/,18.000000,0.000000,250,340,420,470,570,690,2700,2800,3000,3000,3000,1817,0,170.0,241.99287930690443,3.915000008419156,2969.164500012994,1741.0
1778884935,200,GET,GET /api/ -> https://flask.palletsprojects.com/,17.700000,0.000000,220,310,380,440,600,720,810,2700,2700,2700,2700,1812,0,170.0,257.8659748346973,3.7973999860696495,3260.0063999998383,19667.0
1778884935,200,GET,GET /api/ -> https://github.com/ibnesayeed/linkextractor,17.000000,0.000000,260,430,470,520,780,2700,2900,2900,2900,2900,2900,1800,0,160.0,256.67479144467507,3.6995999980717897,2922.7191999962088,11810.0
1778884935,200,GET,GET /api/ -> https://httpbin.org/,19.500000,0.000000,260,330,450,470,630,760,950,2800,2900,2900,2900,1826,0,200.0,276.80920235503646,44.09390001092106,2856.8636999989394,313.0
1778884935,200,GET,GET /api/ -> https://locust.io/,17.100000,0.000000,290,400,460,480,690,2000,2600,2800,2900,2900,2900,1802,0,170.0,262.26315277442995,3.660599992144853,3382.826200017007,4762.0
1778884935,200,GET,GET /api/ -> https://redis.io/,17.500000,0.000000,230,330,370,430,510,600,830,2100,2700,2700,2700,1808,0,160.0,294.80804081837385,3.732299985131249,4522.812999988673,7221.0
1778884935,200,GET,GET /api/ -> https://training.play-with-docker.com/,16.000000,0.000000,290,400,440,470,620,930,2700,2800,2900,2900,2900,1796,0,190.0,269.2262388640938,38.8579000136815,2920.2126000018325,1424.0
1778884935,200,GET,GET /api/ -> https://www.python.org/,18.600000,0.000000,190,300,360,420,520,600,690,2200,2600,2600,2600,1821,0,130.0,214.062720373127,3.562199999578297,2680.472000007285,12980.0
1778884935,200,,Aggregated,186.800000,0.000000,260,370,450,500,690,2400,30000,30000,31000,31000,31000,18323,0,170.0,519.5958471102327,3.562199999578297,30830.23629998206,6713.557659771872
1778884936,200,GET,GET /api/ -> http://example.com/,17.300000,0.000000,180,350,430,560,850,1900,2300,2700,2900,2900,2900,1964,0,110.0,1791.5613561098535,3.6863999848719686,30484.48549999739,61.69042769857434
1778884936,200,GET,GET /api/ -> https://books.toscrape.com/,22.000000,0.000000,340,530,830,30000,30000,30000,30000,31000,31000,31000,31000,1927,0,170.0,1250.4020647641985,3.867399995215237,30830.23629998206,7583.2776336274
1778884936,200,GET,GET /api/ -> https://docs.docker.com/,18.800000,0.000000,250,350,420,450,540,630,2700,2800,3000,3000,3000,1841,0,170.0,242.10869342785927,3.915000008419156,2969.164500012994,1741.0
1778884936,200,GET,GET /api/ -> https://flask.palletsprojects.com/,18.300000,0.000000,220,320,390,450,600,720,980,2700,2700,2700,2700,1836,0,170.0,258.2912175928468,3.7973999860696495,3260.0063999998383,19667.0
1778884936,200,GET,GET /api/ -> https://github.com/ibnesayeed/linkextractor,17.100000,0.000000,260,430,470,520,760,2700,2900,2900,2900,2900,2900,1818,0,170.0,257.3818899891854,3.6995999980717897,2922.7191999962088,11810.0
1778884936,200,GET,GET /api/ -> https://httpbin.org/,18.600000,0.000000,260,370,450,490,590,760,950,2800,2900,2900,2900,1854,0,200.0,277.6466516182516,44.09390001092106,2856.8636999989394,313.0
1778884936,200,GET,GET /api/ -> https://locust.io/,17.300000,0.000000,290,400,460,510,670,2000,2600,2800,2900,2900,2900,1825,0,170.0,263.2580381915235,3.660599992144853,3382.826200017007,4762.0
1778884936,200,GET,GET /api/ -> https://redis.io/,17.600000,0.000000,230,330,360,410,500,600,830,2100,2700,2700,2700,1829,0,170.0,294.17644652794894,3.732299985131249,4522.812999988673,7221.0
1778884936,200,GET,GET /api/ -> https://training.play-with-docker.com/,17.100000,0.000000,290,400,460,470,620,930,2700,2800,2900,2900,2900,1811,0,190.0,268.94519955817776,38.8579000136815,2920.2126000018325,1424.0
1778884936,200,GET,GET /api/ -> https://www.python.org/,18.500000,0.000000,190,310,370,410,520,600,910,2200,2600,2600,2600,1849,0,140.0,214.81289480774566,3.562199999578297,2680.472000007285,12980.0
1778884936,200,,Aggregated,182.600000,0.000000,260,370,460,500,690,2200,30000,30000,31000,31000,31000,18554,0,170.0,524.604757448562,3.562199999578297,30830.23629998206,6714.215479141964
1778884938,200,GET,GET /api/ -> http://example.com/,17.300000,0.000000,180,300,400,470,770,870,2300,2700,2900,2900,2900,1995,0,110.0,1768.2965999496896,3.6863999848719686,30484.48549999739,61.741854636591476
1778884938,200,GET,GET /api/ -> https://books.toscrape.com/,21.300000,0.000000,330,510,680,850,30000,30000,30000,30000,30000,30000,30000,1955,0,180.0,1313.9494457291962,3.867399995215237,30830.23629998206,7566.997442455243
1778884938,200,GET,GET /api/ -> https://docs.docker.com/,16.400000,0.000000,260,360,420,450,550,680,790,2700,3000,3000,3000,1857,0,170.0,243.16560091581457,3.915000008419156,2969.164500012994,1741.0
1778884938,200,GET,GET /api/ -> https://flask.palletsprojects.com/,16.800000,0.000000,230,330,420,460,600,720,980,2700,2700,2700,2700,1850,0,170.0,258.8269936218638,3.7973999860696495,3260.0063999998383,19667.0
1778884938,200,GET,GET /api/ -> https://github.com/ibnesayeed/linkextractor,18.400000,0.000000,300,440,470,520,720,2700,2900,2900,2900,2900,2900,1834,0,170.0,258.58407835348197,3.6995999980717897,2922.7191999962088,11810.0
1778884938,200,GET,GET /api/ -> https://httpbin.org/,17.300000,0.000000,260,330,450,490,600,760,970,2800,2900,2900,2900,1871,0,200.0,277.90884120807755,44.09390001092106,2856.8636999989394,313.0
1778884938,200,GET,GET /api/ -> https://locust.io/,17.700000,0.000000,290,390,460,480,630,710,2600,2800,2900,2900,2900,1843,0,170.0,263.1012392835306,3.660599992144853,3382.826200017007,4762.0
1778884938,200,GET,GET /api/ -> https://redis.io/,17.400000,0.000000,240,330,360,410,500,560,650,830,2700,2700,2700,1846,0,170.0,294.22459312008516,3.732299985131249,4522.812999988673,7221.0
1778884938,200,GET,GET /api/ -> https://training.play-with-docker.com/,18.800000,0.000000,290,370,440,470,580,720,2700,2800,2900,2900,2900,1827,0,190.0,269.23312857134033,38.8579000136815,2920.2126000018325,1424.0
1778884938,200,GET,GET /api/ -> https://www.python.org/,16.800000,0.000000,190,310,370,400,520,580,690,810,910,910,910,1865,0,140.0,215.9185108308301,3.562199999578297,2680.472000007285,12980.0
1778884938,200,,Aggregated,178.200000,0.000000,260,360,440,480,640,850,30000,30000,30000,30000,30000,18743,0,170.0,530.5304975457756,3.562199999578297,30830.23629998206,6706.209518220136
1778884939,200,GET,GET /api/ -> http://example.com/,18.300000,0.000000,150,220,280,350,450,590,850,920,960,960,960,2013,0,110.0,1754.3216171384333,3.6863999848719686,30484.48549999739,61.770988574267264
1778884939,200,GET,GET /api/ -> https://books.toscrape.com/,22.900000,0.000000,300,430,680,850,30000,30000,30000,30000,30000,30000,30000,1986,0,180.0,1373.1590077042408,3.867399995215237,30830.23629998206,7551.625377643504
1778884939,200,GET,GET /api/ -> https://docs.docker.com/,17.300000,0.000000,260,350,420,450,540,650,780,800,1200,1200,1200,1885,0,170.0,244.9540586210324,3.915000008419156,2969.164500012994,1741.0
1778884939,200,GET,GET /api/ -> https://flask.palletsprojects.com/,17.100000,0.000000,220,320,380,420,590,670,780,830,980,980,980,1873,0,170.0,259.03977341184196,3.7973999860696495,3260.0063999998383,19667.0
1778884939,200,GET,GET /api/ -> https://github.com/ibnesayeed/linkextractor,18.100000,0.000000,250,390,460,470,580,680,760,980,1000,1000,1000,1852,0,170.0,259.38113849906097,3.6995999980717897,2922.7191999962088,11810.0
1778884939,200,GET,GET /api/ -> https://httpbin.org/,17.800000,0.000000,260,350,450,490,630,760,930,970,1100,1100,1100,1902,0,210.0,278.88349526832695,44.09390001092106,2856.8636999989394,313.0
1778884939,200,GET,GET /api/ -> https://locust.io/,17.300000,0.000000,290,370,430,480,580,670,750,810,960,960,960,1858,0,170.0,263.0364228738065,3.660599992144853,3382.826200017007,4762.0
1778884939,200,GET,GET /api/ -> https://redis.io/,16.700000,0.000000,230,320,370,410,500,600,760,1100,1300,1300,1300,1867,0,170.0,294.81611837150706,3.732299985131249,4522.812999988673,7221.0
1778884939,200,GET,GET /api/ -> https://training.play-with-docker.com/,18.200000,0.000000,270,360,410,450,520,650,940,1000,1200,1200,1200,1845,0,200.0,270.8886923034502,38.8579000136815,2920.2126000018325,1424.0
1778884939,200,GET,GET /api/ -> https://www.python.org/,17.600000,0.000000,190,320,390,430,530,600,750,870,1200,1200,1200,1898,0,140.0,217.50492955713733,3.562199999578297,2680.472000007285,12980.0
1778884939,200,,Aggregated,181.300000,0.000000,240,340,420,460,590,750,30000,30000,30000,30000,30000,18979,0,170.0,535.7516590705709,3.562199999578297,30830.23629998206,6707.419674376943
1778884940,200,GET,GET /api/ -> http://example.com/,21.400000,0.000000,150,220,280,340,430,590,880,950,960,960,960,2025,0,110.0,1744.8931663702429,3.6863999848719686,30484.48549999739,61.79012345679013
1778884940,200,GET,GET /api/ -> https://books.toscrape.com/,25.700000,0.000000,300,420,630,1000,30000,30000,30000,30000,30000,30000,30000,2002,0,180.0,1438.789207442885,3.867399995215237,30830.23629998206,7534.393606393606
1778884940,200,GET,GET /api/ -> https://docs.docker.com/,18.800000,0.000000,240,320,390,430,550,660,790,810,1200,1200,1200,1911,0,170.0,245.9119469914751,3.915000008419156,2969.164500012994,1741.0
1778884940,200,GET,GET /api/ -> https://flask.palletsprojects.com/,18.500000,0.000000,220,300,360,430,590,650,750,830,980,980,980,1908,0,170.0,259.3802132077272,3.7973999860696495,3260.0063999998383,19667.0
1778884940,200,GET,GET /api/ -> https://github.com/ibnesayeed/linkextractor,19.600000,0.000000,250,360,440,470,550,630,760,790,1000,1000,1000,1881,0,170.0,259.35744603952605,3.6995999980717897,2922.7191999962088,11810.0
1778884940,200,GET,GET /api/ -> https://httpbin.org/,19.400000,0.000000,240,290,380,430,550,690,880,930,1100,1100,1100,1915,0,210.0,280.0347771803641,44.09390001092106,2856.8636999989394,313.0
1778884940,200,GET,GET /api/ -> https://locust.io/,19.000000,0.000000,260,340,410,460,570,670,770,810,1000,1000,1000,1888,0,170.0,263.4377773302592,3.660599992144853,3382.826200017007,4762.0
1778884940,200,GET,GET /api/ -> https://redis.io/,18.400000,0.000000,240,330,380,450,510,640,760,920,1300,1300,1300,1901,0,170.0,295.45174334538723,3.732299985131249,4522.812999988673,7221.0
1778884940,200,GET,GET /api/ -> https://training.play-with-docker.com/,19.800000,0.000000,270,350,400,430,500,650,940,1000,1200,1200,1200,1869,0,200.0,271.7441272337884,38.8579000136815,2920.2126000018325,1424.0
1778884940,200,GET,GET /api/ -> https://www.python.org/,19.200000,0.000000,180,260,340,380,520,620,850,910,1200,1200,1200,1913,0,140.0,218.13471327725128,3.562199999578297,2680.472000007285,12980.0
1778884940,200,,Aggregated,199.800000,0.000000,230,320,400,440,590,740,30000,30000,30000,30000,30000,19213,0,170.0,540.6247621402509,3.562199999578297,30830.23629998206,6718.609587258627
1778884941,200,GET,GET /api/ -> http://example.com/,21.300000,0.000000,140,210,270,320,430,590,880,950,960,960,960,2044,0,110.0,1730.5594009783742,3.6863999848719686,30484.48549999739,61.81996086105675
1778884941,200,GET,GET /api/ -> https://books.toscrape.com/,27.600000,0.000000,270,410,610,790,30000,30000,30000,30000,30000,30000,30000,2023,0,180.0,1500.2035190808465,3.867399995215237,30830.23629998206,7518.252100840336
1778884941,200,GET,GET /api/ -> https://docs.docker.com/,21.500000,0.000000,230,310,370,430,530,660,790,810,1200,1200,1200,1925,0,170.0,246.14427838996113,3.915000008419156,2969.164500012994,1741.0
1778884941,200,GET,GET /api/ -> https://flask.palletsprojects.com/,20.800000,0.000000,210,270,340,380,500,620,670,980,1100,1100,1100,1922,0,170.0,260.0188203956032,3.7973999860696495,3260.0063999998383,19667.0
1778884941,200,GET,GET /api/ -> https://github.com/ibnesayeed/linkextractor,20.800000,0.000000,240,330,410,460,550,630,720,760,980,980,980,1909,0,170.0,260.1176115768885,3.6995999980717897,2922.7191999962088,11810.0
1778884941,200,GET,GET /api/ -> https://httpbin.org/,22.500000,0.000000,250,320,390,460,560,700,880,930,1100,1100,1100,1936,0,210.0,280.9684106407587,44.09390001092106,2856.8636999989394,313.0
1778884941,200,GET,GET /api/ -> https://locust.io/,19.800000,0.000000,250,320,370,420,580,660,720,770,1000,1000,1000,1913,0,180.0,264.6604928904622,3.660599992144853,3382.826200017007,4762.0
1778884941,200,GET,GET /api/ -> https://redis.io/,20.200000,0.000000,230,310,360,390,500,650,830,1100,1300,1300,1300,1916,0,170.0,295.87624363234767,3.732299985131249,4522.812999988673,7221.0
1778884941,200,GET,GET /api/ -> https://training.play-with-docker.com/,21.100000,0.000000,270,350,410,460,570,710,940,1000,1200,1200,1200,1903,0,200.0,273.56605459801074,38.8579000136815,2920.2126000018325,1424.0
1778884941,200,GET,GET /api/ -> https://www.python.org/,22.000000,0.000000,180,260,320,350,490,620,850,910,1200,1200,1200,1926,0,140.0,218.29595903392473,3.562199999578297,2680.472000007285,12980.0
1778884941,200,,Aggregated,217.600000,0.000000,220,310,370,430,580,730,30000,30000,30000,30000,30000,19417,0,170.0,545.9394876448761,3.562199999578297,30830.23629998206,6710.250553638564
1778884942,200,GET,GET /api/ -> http://example.com/,19.200000,0.000000,140,200,260,280,410,510,880,950,960,960,960,2045,0,120.0,1729.7923337407324,3.6863999848719686,30484.48549999739,61.821515892420535
1778884942,200,GET,GET /api/ -> https://books.toscrape.com/,24.600000,0.000000,300,440,700,30000,30000,30000,30000,30000,30000,30000,30000,2037,0,180.0,1638.7032288171727,3.867399995215237,30830.23629998206,7481.9911634757
1778884942,200,GET,GET /api/ -> https://docs.docker.com/,23.000000,0.000000,220,300,370,420,520,650,780,810,1200,1200,1200,1926,0,170.0,246.15266448633187,3.915000008419156,2969.164500012994,1741.0
1778884942,200,GET,GET /api/ -> https://flask.palletsprojects.com/,22.900000,0.000000,220,280,340,390,510,590,670,980,1100,1100,1100,1925,0,170.0,260.18422961058155,3.7973999860696495,3260.0063999998383,19667.0
1778884942,200,GET,GET /api/ -> https://github.com/ibnesayeed/linkextractor,21.500000,0.000000,230,310,400,440,530,620,720,760,980,980,980,1913,0,170.0,260.22535750145965,3.6995999980717897,2922.7191999962088,11810.0
1778884942,200,GET,GET /api/ -> https://httpbin.org/,20.900000,0.000000,250,320,390,440,550,690,870,930,1100,1100,1100,1938,0,210.0,280.9314004646575,44.09390001092106,2856.8636999989394,313.0
1778884942,200,GET,GET /api/ -> https://locust.io/,22.200000,0.000000,230,300,350,370,560,650,720,770,1000,1000,1000,1914,0,180.0,264.66409994746726,3.660599992144853,3382.826200017007,4762.0
1778884942,200,GET,GET /api/ -> https://redis.io/,22.400000,0.000000,230,300,350,370,470,560,760,1100,1300,1300,1300,1920,0,170.0,295.9411096872979,3.732299985131249,4522.812999988673,7221.0
1778884942,200,GET,GET /api/ -> https://training.play-with-docker.com/,21.000000,0.000000,270,330,390,430,540,650,1000,1200,1200,1200,1200,1907,0,200.0,273.73435558471573,38.8579000136815,2920.2126000018325,1424.0
1778884942,200,GET,GET /api/ -> https://www.python.org/,22.100000,0.000000,180,280,340,370,500,660,850,910,1200,1200,1200,1935,0,140.0,219.12390304875538,3.562199999578297,2680.472000007285,12980.0
1778884942,200,,Aggregated,219.800000,0.000000,230,300,370,420,570,760,30000,30000,30000,30000,30000,19460,0,170.0,560.8147390956163,3.562199999578297,30830.23629998206,6710.645529290853
1778884944,200,GET,GET /api/ -> http://example.com/,20.100000,0.000000,250,390,480,850,1800,2000,2300,2500,2600,2600,2600,2105,0,120.0,1715.2140522564298,3.6863999848719686,30484.48549999739,61.912114014251785
1778884944,200,GET,GET /api/ -> https://books.toscrape.com/,25.000000,0.000000,300,420,650,2400,30000,30000,30000,30000,30000,30000,30000,2096,0,180.0,1673.7515816320154,3.867399995215237,30830.23629998206,7473.572519083969
1778884944,200,GET,GET /api/ -> https://docs.docker.com/,19.500000,0.000000,260,350,430,480,680,1200,2300,2300,2300,2300,2300,1940,0,170.0,253.13225659830124,3.915000008419156,2969.164500012994,1741.0
1778884944,200,GET,GET /api/ -> https://flask.palletsprojects.com/,19.500000,0.000000,230,320,380,430,590,660,980,1100,2300,2300,2300,1935,0,170.0,261.43967793303545,3.7973999860696495,3260.0063999998383,19667.0
1778884944,200,GET,GET /api/ -> https://github.com/ibnesayeed/linkextractor,21.400000,0.000000,260,340,450,470,550,680,760,980,2200,2200,2200,1921,0,170.0,261.4765854244442,3.6995999980717897,2922.7191999962088,11810.0
1778884944,200,GET,GET /api/ -> https://httpbin.org/,20.200000,0.000000,270,350,400,470,600,790,2300,2400,2500,2500,2500,1972,0,210.0,284.5005191685392,44.09390001092106,2856.8636999989394,313.0
1778884944,200,GET,GET /api/ -> https://locust.io/,20.300000,0.000000,270,330,410,510,650,1000,2500,2500,2700,2700,2700,1923,0,180.0,271.2290049399046,3.660599992144853,3382.826200017007,4762.0
1778884944,200,GET,GET /api/ -> https://redis.io/,20.000000,0.000000,260,330,390,460,560,920,2300,2400,2400,2400,2400,1929,0,170.0,299.9815103678537,3.732299985131249,4522.812999988673,7221.0
1778884944,200,GET,GET /api/ -> https://training.play-with-docker.com/,21.400000,0.000000,290,360,440,500,660,1200,2300,2300,2500,2500,2500,1916,0,200.0,280.00297792278843,38.8579000136815,2920.2126000018325,1424.0
1778884944,200,GET,GET /api/ -> https://www.python.org/,20.000000,0.000000,210,310,370,400,590,850,1200,2400,2700,2700,2700,1953,0,140.0,222.09211413182163,3.562199999578297,2680.472000007285,12980.0
1778884944,200,,Aggregated,207.400000,0.000000,260,350,430,490,740,2200,30000,30000,30000,30000,30000,19690,0,170.0,571.3292081615484,3.562199999578297,30830.23629998206,6688.538496698832
1778884945,200,GET,GET /api/ -> http://example.com/,17.300000,0.000000,300,470,880,1400,1900,2200,2400,2600,2700,2700,2700,2109,0,120.0,1714.09425808429,3.6863999848719686,30484.48549999739,61.91797060218113
1778884945,200,GET,GET /api/ -> https://books.toscrape.com/,22.500000,0.000000,340,520,800,2400,30000,30000,30000,30000,30000,30000,30000,2108,0,190.0,1668.6952270876586,3.867399995215237,30830.23629998206,7475.703984819735
1778884945,200,GET,GET /api/ -> https://docs.docker.com/,18.400000,0.000000,350,480,620,670,900,2200,2300,3100,3200,3200,3200,1984,0,180.0,262.9645762603574,3.915000008419156,3178.341199993156,1741.0
1778884945,200,GET,GET /api/ -> https://flask.palletsprojects.com/,18.600000,0.000000,300,400,510,570,670,830,1100,1100,2300,2300,2300,1965,0,180.0,265.4014174047823,3.7973999860696495,3260.0063999998383,19667.0
1778884945,200,GET,GET /api/ -> https://github.com/ibnesayeed/linkextractor,18.200000,0.000000,290,410,470,520,620,720,980,1100,2200,2200,2200,1934,0,170.0,262.6348189246965,3.6995999980717897,2922.7191999962088,11810.0
1778884945,200,GET,GET /api/ -> https://httpbin.org/,17.800000,0.000000,330,460,500,580,800,890,2300,2400,2500,2500,2500,2005,0,210.0,289.27142144656364,44.09390001092106,2856.8636999989394,313.0
1778884945,200,GET,GET /api/ -> https://locust.io/,18.200000,0.000000,300,380,510,580,770,1400,2500,2500,2700,2700,2700,1939,0,180.0,273.95757163455795,3.660599992144853,3382.826200017007,4762.0
1778884945,200,GET,GET /api/ -> https://redis.io/,18.300000,0.000000,310,420,470,510,710,1100,2400,2400,3200,3200,3200,1950,0,170.0,303.18909512798433,3.732299985131249,4522.812999988673,7221.0
1778884945,200,GET,GET /api/ -> https://training.play-with-docker.com/,18.600000,0.000000,330,440,500,560,890,1200,2300,2300,2500,2500,2500,1929,0,200.0,281.73042239501547,38.8579000136815,2920.2126000018325,1424.0
1778884945,200,GET,GET /api/ -> https://www.python.org/,18.600000,0.000000,310,400,530,620,870,1000,1300,2400,2700,2700,2700,1999,0,150.0,230.2292748871809,3.562199999578297,2680.472000007285,12980.0
1778884945,200,,Aggregated,186.500000,0.000000,310,440,530,610,960,2200,30000,30000,30000,30000,30000,19922,0,180.0,571.7249044022022,3.562199999578297,30830.23629998206,6699.410551149483
1778884946,200,GET,GET /api/ -> http://example.com/,21.300000,0.000000,310,470,920,1400,1900,2200,2400,2600,2700,2700,2700,2120,0,120.0,1706.6205864149913,3.6863999848719686,30484.48549999739,61.93396226415094
1778884946,200,GET,GET /api/ -> https://books.toscrape.com/,24.100000,0.000000,320,510,710,2200,30000,30000,30000,30000,30000,30000,30000,2117,0,190.0,1662.5106897027981,3.867399995215237,30830.23629998206,7477.286726499764
1778884946,200,GET,GET /api/ -> https://docs.docker.com/,16.000000,0.000000,360,500,640,710,900,2200,2300,3100,3200,3200,3200,2006,0,180.0,264.7416859922555,3.915000008419156,3178.341199993156,1741.0
1778884946,200,GET,GET /api/ -> https://flask.palletsprojects.com/,16.100000,0.000000,320,440,540,580,710,830,950,1100,2300,2300,2300,1995,0,180.0,268.08728691743966,3.7973999860696495,3260.0063999998383,19667.0
1778884946,200,GET,GET /api/ -> https://github.com/ibnesayeed/linkextractor,16.300000,0.000000,280,400,470,520,630,760,980,1100,2200,2200,2200,1953,0,170.0,263.3561210959302,3.6995999980717897,2922.7191999962088,11810.0
1778884946,200,GET,GET /api/ -> https://httpbin.org/,16.600000,0.000000,320,440,530,590,810,930,2300,2400,2500,2500,2500,2012,0,210.0,289.3817878232389,44.09390001092106,2856.8636999989394,313.0
1778884946,200,GET,GET /api/ -> https://locust.io/,16.300000,0.000000,300,390,500,570,790,1300,2500,2500,2700,2700,2700,1968,0,180.0,275.6573487293325,3.660599992144853,3382.826200017007,4762.0
1778884946,200,GET,GET /api/ -> https://redis.io/,16.200000,0.000000,350,450,500,540,710,950,2300,2400,3200,3200,3200,1983,0,180.0,304.6547667672666,3.732299985131249,4522.812999988673,7221.0
1778884946,200,GET,GET /api/ -> https://training.play-with-docker.com/,16.400000,0.000000,330,460,530,580,880,1200,2300,2300,2500,2500,2500,1942,0,200.0,282.12080653964273,38.8579000136815,2920.2126000018325,1424.0
1778884946,200,GET,GET /api/ -> https://www.python.org/,15.900000,0.000000,320,430,580,640,870,1000,1300,2400,2700,2700,2700,2008,0,150.0,231.1641644917407,3.562199999578297,2680.472000007285,12980.0
1778884946,200,,Aggregated,175.200000,0.000000,320,450,540,620,940,2200,30000,30000,30000,30000,30000,20104,0,180.0,569.9725282431508,3.562199999578297,30830.23629998206,6710.287504974134
1778884947,200,GET,GET /api/ -> http://example.com/,19.400000,0.000000,370,480,1300,1600,2000,2300,2500,2600,2700,2700,2700,2128,0,120.0,1700.6346844923683,3.6863999848719686,30484.48549999739,61.94548872180451
1778884947,200,GET,GET /api/ -> https://books.toscrape.com/,24.300000,0.000000,310,500,710,1800,30000,30000,30000,30000,30000,30000,30000,2125,0,190.0,1657.756808329814,3.867399995215237,30830.23629998206,7478.682352941177
1778884947,200,GET,GET /api/ -> https://docs.docker.com/,16.400000,0.000000,330,490,630,670,900,2200,2300,3100,3200,3200,3200,2022,0,180.0,263.9207806629268,3.915000008419156,3178.341199993156,1741.0
1778884947,200,GET,GET /api/ -> https://flask.palletsprojects.com/,14.800000,0.000000,330,460,550,590,750,890,1100,1300,2300,2300,2300,2018,0,180.0,270.2262838455121,3.7973999860696495,3260.0063999998383,19667.0
1778884947,200,GET,GET /api/ -> https://github.com/ibnesayeed/linkextractor,14.900000,0.000000,260,380,460,500,630,720,980,1100,2200,2200,2200,2002,0,180.0,264.2420879621439,3.6995999980717897,2922.7191999962088,11810.0
1778884947,200,GET,GET /api/ -> https://httpbin.org/,19.600000,0.000000,330,470,550,600,810,930,2300,2400,2500,2500,2500,2024,0,210.0,290.1581919468155,44.09390001092106,2856.8636999989394,313.0
1778884947,200,GET,GET /api/ -> https://locust.io/,14.700000,0.000000,310,420,530,590,770,1000,2400,2500,2700,2700,2700,2006,0,180.0,276.36130214317996,3.660599992144853,3382.826200017007,4762.0
1778884947,200,GET,GET /api/ -> https://redis.io/,14.700000,0.000000,320,450,520,550,790,960,2300,2400,3200,3200,3200,2012,0,180.0,306.069911580248,3.732299985131249,4522.812999988673,7221.0
1778884947,200,GET,GET /api/ -> https://training.play-with-docker.com/,15.100000,0.000000,310,400,500,550,780,1100,2300,2300,2500,2500,2500,1995,0,200.0,282.67727599000466,38.8579000136815,2920.2126000018325,1424.0
1778884947,200,GET,GET /api/ -> https://www.python.org/,17.900000,0.000000,310,430,590,630,870,1000,1300,2400,2700,2700,2700,2024,0,150.0,231.4708814720714,3.562199999578297,2680.472000007285,12980.0
1778884947,200,,Aggregated,171.800000,0.000000,320,450,540,620,920,2000,3100,30000,30000,30000,30000,20356,0,180.0,566.8880325260409,3.562199999578297,30830.23629998206,6715.6162310866575
1778884948,200,GET,GET /api/ -> http://example.com/,15.900000,0.000000,280,460,1300,1600,2000,2300,2500,2600,2700,2700,2700,2152,0,120.0,1682.007463661643,3.6863999848719686,30484.48549999739,61.979553903345725
1778884948,200,GET,GET /api/ -> https://books.toscrape.com/,20.700000,0.000000,270,430,610,960,30000,30000,30000,30000,30000,30000,30000,2150,0,180.0,1639.0383226050185,3.867399995215237,30830.23629998206,7482.976744186047
1778884948,200,GET,GET /api/ -> https://docs.docker.com/,17.100000,0.000000,310,460,560,650,880,2200,2300,3100,3200,3200,3200,2046,0,180.0,261.57348416442676,3.915000008419156,3178.341199993156,1741.0
1778884948,200,GET,GET /api/ -> https://flask.palletsprojects.com/,15.100000,0.000000,300,440,520,580,710,890,1100,1300,2300,2300,2300,2046,0,180.0,267.4474838222185,3.7973999860696495,3260.0063999998383,19667.0
1778884948,200,GET,GET /api/ -> https://github.com/ibnesayeed/linkextractor,13.200000,0.000000,200,290,410,460,580,720,980,1100,2200,2200,2200,2040,0,170.0,260.6210591667703,3.6995999980717897,2922.7191999962088,11810.0
1778884948,200,GET,GET /api/ -> https://httpbin.org/,17.000000,0.000000,290,430,530,590,800,890,2300,2400,2500,2500,2500,2047,0,210.0,288.00240762102493,44.09390001092106,2856.8636999989394,313.0
1778884948,200,GET,GET /api/ -> https://locust.io/,13.900000,0.000000,240,370,450,530,720,1000,2400,2500,2700,2700,2700,2042,0,180.0,273.7106830553964,3.660599992144853,3382.826200017007,4762.0
1778884948,200,GET,GET /api/ -> https://redis.io/,14.400000,0.000000,300,420,480,530,740,950,2300,2400,3200,3200,3200,2043,0,170.0,302.9453960349821,3.732299985131249,4522.812999988673,7221.0
1778884948,200,GET,GET /api/ -> https://training.play-with-docker.com/,13.000000,0.000000,260,350,440,500,640,1000,2300,2300,2500,2500,2500,2037,0,200.0,279.4660896907219,38.8579000136815,2920.2126000018325,1424.0
1778884948,200,GET,GET /api/ -> https://www.python.org/,17.100000,0.000000,280,410,530,620,850,1000,1300,2400,2700,2700,2700,2047,0,140.0,229.19243937445557,3.562199999578297,2680.472000007285,12980.0
1778884948,200,,Aggregated,157.400000,0.000000,270,400,500,570,860,1800,2500,30000,30000,30000,30000,20650,0,170.0,559.9739105084694,3.562199999578297,30830.23629998206,6716.84813559322
1778884949,200,GET,GET /api/ -> http://example.com/,16.000000,0.000000,140,380,480,1300,1800,2100,2400,2600,2700,2700,2700,2196,0,120.0,1649.2143418487876,3.6863999848719686,30484.48549999739,62.04007285974499
1778884949,200,GET,GET /api/ -> https://books.toscrape.com/,19.300000,0.000000,200,300,450,560,30000,30000,30000,30000,30000,30000,30000,2187,0,180.0,1612.6601130776912,3.867399995215237,30830.23629998206,7489.152263374485
1778884949,200,GET,GET /api/ -> https://docs.docker.com/,16.700000,0.000000,220,380,490,620,880,2200,2300,3100,3200,3200,3200,2074,0,170.0,259.108075313562,3.915000008419156,3178.341199993156,1741.0
1778884949,200,GET,GET /api/ -> https://flask.palletsprojects.com/,16.800000,0.000000,260,410,520,570,750,890,1100,1300,2300,2300,2300,2068,0,180.0,265.3081975340103,3.7973999860696495,3260.0063999998383,19667.0
1778884949,200,GET,GET /api/ -> https://github.com/ibnesayeed/linkextractor,14.400000,0.000000,170,260,370,450,580,720,980,1100,2200,2200,2200,2060,0,170.0,258.7264988835883,3.6995999980717897,2922.7191999962088,11810.0
1778884949,200,GET,GET /api/ -> https://httpbin.org/,16.100000,0.000000,210,360,470,530,720,870,2300,2400,2500,2500,2500,2078,0,210.0,285.29944740147795,44.09390001092106,2856.8636999989394,313.0
1778884949,200,GET,GET /api/ -> https://locust.io/,15.600000,0.000000,220,350,440,530,690,1300,2400,2500,2700,2700,2700,2062,0,180.0,271.62363753597833,3.660599992144853,3382.826200017007,4762.0
1778884949,200,GET,GET /api/ -> https://redis.io/,16.500000,0.000000,240,390,470,530,740,950,2300,2400,3200,3200,3200,2065,0,170.0,300.3647830505708,3.732299985131249,4522.812999988673,7221.0
1778884949,200,GET,GET /api/ -> https://training.play-with-docker.com/,14.200000,0.000000,220,310,400,480,630,910,2300,2300,2500,2500,2500,2057,0,200.0,277.6334814293338,38.8579000136815,2920.2126000018325,1424.0
1778884949,200,GET,GET /api/ -> https://www.python.org/,16.200000,0.000000,210,350,450,590,840,1000,1300,2400,2700,2700,2700,2076,0,140.0,226.63464499016155,3.562199999578297,2680.472000007285,12980.0
1778884949,200,,Aggregated,161.800000,0.000000,200,350,460,530,800,1600,2400,30000,30000,30000,30000,20923,0,170.0,553.5709751947779,3.562199999578297,30830.23629998206,6709.481288534149
1778884950,200,GET,GET /api/ -> http://example.com/,13.300000,0.000000,120,310,410,580,1800,2000,2400,2600,2700,2700,2700,2235,0,110.0,1622.5012877405222,3.6863999848719686,30484.48549999739,62.0917225950783
1778884950,200,GET,GET /api/ -> https://books.toscrape.com/,17.300000,0.000000,180,290,380,460,1000,30000,30000,30000,30000,30000,30000,2227,0,180.0,1587.7229744054569,3.867399995215237,30830.23629998206,7495.5976650202065
1778884950,200,GET,GET /api/ -> https://docs.docker.com/,17.000000,0.000000,200,370,490,620,880,2200,2300,3100,3200,3200,3200,2101,0,170.0,258.7350015708027,3.915000008419156,3178.341199993156,1741.0
1778884950,200,GET,GET /api/ -> https://flask.palletsprojects.com/,17.400000,0.000000,230,370,490,550,710,870,1100,1300,2300,2300,2300,2089,0,180.0,264.84399334625743,3.7973999860696495,3260.0063999998383,19667.0
1778884950,200,GET,GET /api/ -> https://github.com/ibnesayeed/linkextractor,18.500000,0.000000,150,260,330,440,560,720,980,1100,2200,2200,2200,2072,0,170.0,258.5207607626357,3.6995999980717897,2922.7191999962088,11810.0
1778884950,200,GET,GET /api/ -> https://httpbin.org/,15.700000,0.000000,200,310,400,460,630,860,2300,2400,2500,2500,2500,2118,0,210.0,284.4570957980611,44.09390001092106,2856.8636999989394,313.0
1778884950,200,GET,GET /api/ -> https://locust.io/,17.900000,0.000000,190,320,430,500,690,1300,2400,2500,2700,2700,2700,2078,0,180.0,271.0846657358864,3.660599992144853,3382.826200017007,4762.0
1778884950,200,GET,GET /api/ -> https://redis.io/,17.800000,0.000000,220,350,450,520,700,950,2300,2400,3200,3200,3200,2083,0,170.0,299.828022995398,3.732299985131249,4522.812999988673,7221.0
1778884950,200,GET,GET /api/ -> https://training.play-with-docker.com/,18.200000,0.000000,200,280,390,450,610,1000,2300,2300,2500,2500,2500,2068,0,200.0,277.39354787240217,38.8579000136815,2920.2126000018325,1424.0
1778884950,200,GET,GET /api/ -> https://www.python.org/,16.200000,0.000000,150,320,420,450,690,1000,1300,2400,2700,2700,2700,2107,0,140.0,225.7354944943636,3.562199999578297,2680.472000007285,12980.0
1778884950,200,,Aggregated,169.300000,0.000000,190,320,430,500,770,1400,2400,3100,30000,30000,30000,21178,0,170.0,549.3566993531243,3.562199999578297,30830.23629998206,6702.115402776466
1778884951,200,GET,GET /api/ -> http://example.com/,14.600000,0.000000,54,89,120,160,290,380,1200,1900,2700,2700,2700,2245,0,110.0,1615.886289799584,3.6863999848719686,30484.48549999739,62.10467706013363
1778884951,200,GET,GET /api/ -> https://books.toscrape.com/,17.200000,0.000000,150,260,320,380,520,840,980,1000,1800,1800,1800,2243,0,180.0,1578.3337209545082,3.867399995215237,30830.23629998206,7498.111457868926
1778884951,200,GET,GET /api/ -> https://docs.docker.com/,16.800000,0.000000,170,330,430,490,720,880,1300,3100,3200,3200,3200,2120,0,170.0,258.1993696699633,3.915000008419156,3178.341199993156,1741.0
1778884951,200,GET,GET /api/ -> https://flask.palletsprojects.com/,17.900000,0.000000,210,350,460,540,710,800,1100,1200,1300,1300,1300,2111,0,180.0,264.5508930366299,3.7973999860696495,3260.0063999998383,19667.0
1778884951,200,GET,GET /api/ -> https://github.com/ibnesayeed/linkextractor,19.700000,0.000000,150,240,330,440,530,700,950,1000,1100,1100,1100,2084,0,170.0,258.75527591179434,3.6995999980717897,2922.7191999962088,11810.0
1778884951,200,GET,GET /api/ -> https://httpbin.org/,15.500000,0.000000,200,300,380,460,600,810,880,1300,1600,1600,1600,2138,0,210.0,284.77041356420074,44.09390001092106,2856.8636999989394,313.0
1778884951,200,GET,GET /api/ -> https://locust.io/,19.300000,0.000000,160,290,380,440,610,840,1000,1400,1400,1400,1400,2091,0,180.0,270.721886608882,3.660599992144853,3382.826200017007,4762.0
1778884951,200,GET,GET /api/ -> https://redis.io/,18.400000,0.000000,210,340,440,500,610,800,950,1300,3200,3200,3200,2099,0,170.0,299.5373629344404,3.732299985131249,4522.812999988673,7221.0
1778884951,200,GET,GET /api/ -> https://training.play-with-docker.com/,20.200000,0.000000,190,270,350,420,530,630,910,1000,1100,1100,1100,2077,0,200.0,277.99898338956234,38.8579000136815,2920.2126000018325,1424.0
1778884951,200,GET,GET /api/ -> https://www.python.org/,15.900000,0.000000,140,310,400,450,660,990,1200,1300,2700,2700,2700,2129,0,140.0,225.9628484263459,3.562199999578297,2680.472000007285,12980.0
1778884951,200,,Aggregated,175.500000,0.000000,160,280,370,440,610,800,1000,1200,3200,3200,3200,21337,0,170.0,547.1757593523236,3.562199999578297,30830.23629998206,6709.151661433191
1778884954,200,GET,GET /api/ -> http://example.com/,20.000000,0.000000,74,120,160,200,410,1800,2200,2400,2700,2700,2700,2277,0,120.0,1605.363381510865,3.6863999848719686,30484.48549999739,62.1453667105841
1778884954,200,GET,GET /api/ -> https://books.toscrape.com/,21.100000,0.000000,140,200,250,290,440,560,1000,2300,2600,2600,2600,2277,0,180.0,1559.5848236719128,3.867399995215237,30830.23629998206,7503.335968379447
1778884954,200,GET,GET /api/ -> https://docs.docker.com/,19.400000,0.000000,190,310,410,510,800,1300,2600,2800,2800,2800,2800,2162,0,180.0,267.44732585581943,3.915000008419156,3178.341199993156,1741.0
1778884954,200,GET,GET /api/ -> https://flask.palletsprojects.com/,18.600000,0.000000,230,350,450,540,770,1200,2500,2700,2900,2900,2900,2146,0,180.0,273.6282815938073,3.7973999860696495,3260.0063999998383,19667.0
1778884954,200,GET,GET /api/ -> https://github.com/ibnesayeed/linkextractor,17.100000,0.000000,150,240,350,430,580,980,2500,2600,2600,2600,2600,2123,0,170.0,264.78646829964435,3.6995999980717897,2922.7191999962088,11810.0
1778884954,200,GET,GET /api/ -> https://httpbin.org/,20.000000,0.000000,190,270,340,450,760,2100,30000,30000,30000,30000,30000,2181,0,210.0,357.30687340679907,44.09390001092106,30018.251500005135,312.28243924805133
1778884954,200,GET,GET /api/ -> https://locust.io/,17.700000,0.000000,170,290,370,440,660,1400,2600,2800,2800,2800,2800,2130,0,180.0,278.04186046905073,3.660599992144853,3382.826200017007,4762.0
1778884954,200,GET,GET /api/ -> https://redis.io/,17.900000,0.000000,200,340,460,530,800,2300,2600,2800,2800,2800,2800,2132,0,170.0,310.2003832548606,3.732299985131249,4522.812999988673,7221.0
1778884954,200,GET,GET /api/ -> https://training.play-with-docker.com/,17.000000,0.000000,200,280,360,430,590,980,2400,2500,2600,2600,2600,2111,0,200.0,284.4171976315586,38.8579000136815,2920.2126000018325,1424.0
1778884954,200,GET,GET /api/ -> https://www.python.org/,19.400000,0.000000,120,260,390,450,920,1300,2400,2400,3000,3000,3000,2167,0,140.0,234.1279448545769,3.562199999578297,2962.0463000028394,12980.0
1778884954,200,,Aggregated,188.200000,0.000000,150,270,360,440,700,1300,2500,2600,30000,30000,30000,21706,0,170.0,556.2876060859091,3.562199999578297,30830.23629998206,6708.822399336589
1778884955,200,GET,GET /api/ -> http://example.com/,20.000000,0.000000,65,110,160,180,380,1800,2200,2400,2700,2700,2700,2286,0,120.0,1599.1475939196127,3.6863999848719686,30484.48549999739,62.15660542432196
1778884955,200,GET,GET /api/ -> https://books.toscrape.com/,20.600000,0.000000,130,170,220,280,380,520,850,2300,2600,2600,2600,2286,0,180.0,1553.7297201229158,3.867399995215237,30830.23629998206,7504.692913385827
1778884955,200,GET,GET /api/ -> https://docs.docker.com/,19.400000,0.000000,140,230,290,330,600,850,2600,2800,2800,2800,2800,2183,0,180.0,266.62016852970913,3.915000008419156,3178.341199993156,1741.0
1778884955,200,GET,GET /api/ -> https://flask.palletsprojects.com/,18.600000,0.000000,160,320,370,420,660,1200,2500,2700,2900,2900,2900,2183,0,180.0,272.90335556591293,3.7973999860696495,3260.0063999998383,19667.0
1778884955,200,GET,GET /api/ -> https://github.com/ibnesayeed/linkextractor,17.100000,0.000000,120,190,260,330,490,720,2400,2600,2600,2600,2600,2183,0,170.0,261.0350259277161,3.6995999980717897,2922.7191999962088,11810.0
1778884955,200,GET,GET /api/ -> https://httpbin.org/,20.000000,0.000000,170,260,340,410,760,30000,30000,30000,30000,30000,30000,2193,0,210.0,424.78611217519205,44.09390001092106,30180.425200000172,311.57273141814863
1778884955,200,GET,GET /api/ -> https://locust.io/,17.700000,0.000000,150,230,300,350,530,840,2500,2800,2800,2800,2800,2183,0,170.0,274.6400491979262,3.660599992144853,3382.826200017007,4762.0
1778884955,200,GET,GET /api/ -> https://redis.io/,17.900000,0.000000,170,260,370,430,650,2200,2600,2600,2800,2800,2800,2183,0,170.0,307.60036106248043,3.732299985131249,4522.812999988673,7221.0
1778884955,200,GET,GET /api/ -> https://training.play-with-docker.com/,17.000000,0.000000,180,260,310,350,480,670,2400,2400,2600,2600,2600,2180,0,200.0,281.49841568815106,38.8579000136815,2920.2126000018325,1424.0
1778884955,200,GET,GET /api/ -> https://www.python.org/,19.400000,0.000000,110,220,310,350,560,660,2400,2400,3000,3000,3000,2183,0,140.0,234.1665050846879,3.562199999578297,2962.0463000028394,12980.0
1778884955,200,,Aggregated,187.700000,0.000000,140,220,300,350,550,950,2500,2800,30000,30000,30000,22043,0,170.0,557.2079862541823,3.562199999578297,30830.23629998206,6718.438506555369
1778884956,200,GET,GET /api/ -> http://example.com/,17.200000,0.000000,45,85,120,160,240,1800,2200,2400,2700,2700,2700,2309,0,110.0,1583.3476639238854,3.6863999848719686,30484.48549999739,62.18492854049372
1778884956,200,GET,GET /api/ -> https://books.toscrape.com/,19.600000,0.000000,89,150,200,220,360,500,850,2300,2600,2600,2600,2308,0,180.0,1539.0538956243888,3.867399995215237,30830.23629998206,7507.965337954939
1778884956,200,GET,GET /api/ -> https://docs.docker.com/,20.700000,0.000000,99,200,250,290,410,850,2600,2800,2800,2800,2800,2204,0,170.0,264.2137806262901,3.743699984624982,3178.341199993156,1741.0
1778884956,200,GET,GET /api/ -> https://flask.palletsprojects.com/,19.900000,0.000000,120,210,300,330,450,1100,2600,2900,2900,2900,2900,2204,0,170.0,270.4551159258171,3.7973999860696495,3260.0063999998383,19667.0
1778884956,200,GET,GET /api/ -> https://github.com/ibnesayeed/linkextractor,18.800000,0.000000,96,160,210,260,420,700,2400,2600,2600,2600,2600,2200,0,160.0,259.1340842273679,3.6995999980717897,2922.7191999962088,11810.0
1778884956,200,GET,GET /api/ -> https://httpbin.org/,21.600000,0.000000,140,260,330,450,2600,30000,30000,30000,30000,30000,30000,2228,0,210.0,553.6198401706206,44.09390001092106,30180.425200000172,310.1903052064632
1778884956,200,GET,GET /api/ -> https://locust.io/,19.100000,0.000000,110,190,230,260,380,620,2500,2800,2800,2800,2800,2202,0,170.0,272.4186165754349,3.660599992144853,3382.826200017007,4762.0
1778884956,200,GET,GET /api/ -> https://redis.io/,19.800000,0.000000,130,210,260,320,570,2200,2600,2600,2800,2800,2800,2203,0,170.0,304.95092523807097,3.732299985131249,4522.812999988673,7221.0
1778884956,200,GET,GET /api/ -> https://training.play-with-docker.com/,18.100000,0.000000,140,210,270,320,450,550,2400,2400,2600,2600,2600,2200,0,200.0,279.4841635000987,38.8579000136815,2920.2126000018325,1424.0
1778884956,200,GET,GET /api/ -> https://www.python.org/,21.200000,0.000000,82,160,240,300,430,650,2400,2400,3000,3000,3000,2206,0,140.0,231.89574043509862,3.562199999578297,2962.0463000028394,12980.0
1778884956,200,,Aggregated,196.000000,0.000000,110,180,240,290,460,980,2600,3000,30000,30000,30000,22264,0,170.0,565.4040706701952,3.562199999578297,30830.23629998206,6714.3717211642115
1778884957,200,GET,GET /api/ -> http://example.com/,17.200000,0.000000,57,91,160,180,310,1600,2000,2300,2700,2700,2700,2368,0,110.0,1547.5010375845477,3.6863999848719686,30484.48549999739,62.255067567567565
1778884957,200,GET,GET /api/ -> https://books.toscrape.com/,17.200000,0.000000,110,160,210,230,360,500,840,850,2600,2600,2600,2363,0,170.0,1507.6437741011578,3.867399995215237,30830.23629998206,7515.879813796022
1778884957,200,GET,GET /api/ -> https://docs.docker.com/,21.600000,0.000000,96,200,250,290,410,720,2600,2800,2800,2800,2800,2229,0,170.0,263.19937142229867,3.743699984624982,3178.341199993156,1741.0
1778884957,200,GET,GET /api/ -> https://flask.palletsprojects.com/,22.800000,0.000000,120,200,280,320,420,770,2600,2900,2900,2900,2900,2223,0,170.0,269.3618433200571,3.7973999860696495,3260.0063999998383,19667.0
1778884957,200,GET,GET /api/ -> https://github.com/ibnesayeed/linkextractor,22.600000,0.000000,83,150,210,250,410,510,2500,2600,2600,2600,2600,2206,0,160.0,259.0727219855992,3.6995999980717897,2922.7191999962088,11810.0
1778884957,200,GET,GET /api/ -> https://httpbin.org/,18.900000,0.000000,140,230,320,340,2100,30000,30000,30000,30000,30000,30000,2271,0,210.0,546.4551036988595,44.09390001092106,30180.425200000172,310.24350506384854
1778884957,200,GET,GET /api/ -> https://locust.io/,23.000000,0.000000,94,160,220,250,340,490,2600,2800,2800,2800,2800,2212,0,170.0,271.8805974679442,3.660599992144853,3382.826200017007,4762.0
1778884957,200,GET,GET /api/ -> https://redis.io/,23.000000,0.000000,110,200,220,300,530,2300,2600,2800,2800,2800,2800,2214,0,170.0,304.12430040625173,3.732299985131249,4522.812999988673,7221.0
1778884957,200,GET,GET /api/ -> https://training.play-with-docker.com/,21.100000,0.000000,120,190,250,280,460,590,2400,2500,2600,2600,2600,2206,0,200.0,279.3886249321014,38.8579000136815,2920.2126000018325,1424.0
1778884957,200,GET,GET /api/ -> https://www.python.org/,19.700000,0.000000,82,160,240,290,410,630,2400,2400,3000,3000,3000,2244,0,140.0,230.3545538323536,3.562199999578297,2962.0463000028394,12980.0
1778884957,200,,Aggregated,207.100000,0.000000,99,170,230,280,420,840,2600,2900,30000,30000,30000,22536,0,170.0,560.5697304357919,3.562199999578297,30830.23629998206,6702.813232161874
1778884958,200,GET,GET /api/ -> http://example.com/,19.000000,0.000000,78,140,170,210,340,1600,2000,2300,2700,2700,2700,2391,0,110.0,1534.2841544960884,3.6863999848719686,30484.48549999739,62.2814721873693
1778884958,200,GET,GET /api/ -> https://books.toscrape.com/,18.900000,0.000000,150,200,240,280,410,510,840,850,2600,2600,2600,2381,0,180.0,1498.5547162960856,3.867399995215237,30830.23629998206,7518.390592188156
1778884958,200,GET,GET /api/ -> https://docs.docker.com/,20.200000,0.000000,150,250,310,340,510,720,2600,2800,2800,2800,2800,2260,0,170.0,263.7704083187335,3.743699984624982,3178.341199993156,1741.0
1778884958,200,GET,GET /api/ -> https://flask.palletsprojects.com/,22.300000,0.000000,150,280,320,350,500,860,2600,2900,2900,2900,2900,2246,0,180.0,269.98394292096685,3.7973999860696495,3260.0063999998383,19667.0
1778884958,200,GET,GET /api/ -> https://github.com/ibnesayeed/linkextractor,25.700000,0.000000,120,190,260,300,460,600,2500,2600,2600,2600,2600,2216,0,170.0,259.28525320403304,3.6995999980717897,2922.7191999962088,11810.0
1778884958,200,GET,GET /api/ -> https://httpbin.org/,20.600000,0.000000,190,290,380,450,30000,30000,30000,30000,30000,30000,30000,2303,0,210.0,608.3106231437631,44.09390001092106,30180.425200000172,309.60225792444635
1778884958,200,GET,GET /api/ -> https://locust.io/,24.800000,0.000000,140,210,240,280,380,640,2600,2800,2800,2800,2800,2227,0,170.0,271.7681874715381,3.660599992144853,3382.826200017007,4762.0
1778884958,200,GET,GET /api/ -> https://redis.io/,23.600000,0.000000,150,220,310,370,540,2300,2600,2800,2800,2800,2800,2238,0,170.0,303.7738995529296,3.732299985131249,4522.812999988673,7221.0
1778884958,200,GET,GET /api/ -> https://training.play-with-docker.com/,26.200000,0.000000,160,230,290,330,500,700,2400,2500,2600,2600,2600,2215,0,200.0,279.3973701581113,38.8579000136815,2920.2126000018325,1424.0
1778884958,200,GET,GET /api/ -> https://www.python.org/,19.500000,0.000000,110,220,310,350,510,860,2400,2400,3000,3000,3000,2264,0,140.0,231.77160225254465,3.562199999578297,2962.0463000028394,12980.0
1778884958,200,,Aggregated,220.800000,0.000000,140,220,280,330,500,1900,2600,30000,30000,30000,30000,22741,0,170.0,564.7606772261911,3.562199999578297,30830.23629998206,6699.237984257508
1778884959,200,GET,GET /api/ -> http://example.com/,22.500000,0.000000,110,180,230,270,460,1800,2200,2400,2700,2700,2700,2405,0,110.0,1527.6881177963157,3.6863999848719686,30484.48549999739,62.2972972972973
1778884959,200,GET,GET /api/ -> https://books.toscrape.com/,21.500000,0.000000,160,240,320,360,510,730,930,1500,2600,2600,2600,2404,0,180.0,1489.0690071551833,3.867399995215237,30830.23629998206,7521.544093178037
1778884959,200,GET,GET /api/ -> https://docs.docker.com/,20.200000,0.000000,220,290,340,390,550,720,2600,2800,2800,2800,2800,2280,0,180.0,264.7799474124137,3.743699984624982,3178.341199993156,1741.0
1778884959,200,GET,GET /api/ -> https://flask.palletsprojects.com/,20.300000,0.000000,210,320,360,420,670,1200,2500,2700,2900,2900,2900,2274,0,180.0,272.84951547954813,3.7973999860696495,3260.0063999998383,19667.0
1778884959,200,GET,GET /api/ -> https://github.com/ibnesayeed/linkextractor,24.300000,0.000000,150,270,350,410,600,860,2500,2600,2600,2600,2600,2247,0,170.0,262.31759452615097,3.6995999980717897,2922.7191999962088,11810.0
1778884959,200,GET,GET /api/ -> https://httpbin.org/,22.500000,0.000000,250,340,460,630,30000,30000,30000,30000,31000,31000,31000,2324,0,210.0,671.2917676420293,44.09390001092106,30642.52110000234,308.9595524956971
1778884959,200,GET,GET /api/ -> https://locust.io/,22.400000,0.000000,160,240,300,330,560,840,2600,2800,2800,2800,2800,2257,0,180.0,273.8358466987338,3.660599992144853,3382.826200017007,4762.0
1778884959,200,GET,GET /api/ -> https://redis.io/,21.200000,0.000000,200,280,370,400,640,2300,2600,2800,2800,2800,2800,2265,0,170.0,304.8109606178102,3.732299985131249,4522.812999988673,7221.0
1778884959,200,GET,GET /api/ -> https://training.play-with-docker.com/,25.000000,0.000000,190,270,330,390,500,700,2400,2500,2600,2600,2600,2235,0,200.0,279.93325378086365,38.8579000136815,2920.2126000018325,1424.0
1778884959,200,GET,GET /api/ -> https://www.python.org/,20.400000,0.000000,170,310,370,430,580,1100,2400,2400,3000,3000,3000,2287,0,140.0,234.40234573667618,3.562199999578297,2962.0463000028394,12980.0
1778884959,200,,Aggregated,220.300000,0.000000,180,280,340,400,620,2100,2800,30000,31000,31000,31000,22978,0,170.0,570.0083957002705,3.562199999578297,30830.23629998206,6708.601531900078
