Timestamp,User Count,Type,Name,Requests/s,Failures/s,50%,66%,75%,80%,90%,95%,98%,99%,99.9%,99.99%,100%,Total Request Count,Total Failure Count,Total Median Response Time,Total Average Response Time,Total Min Response Time,Total Max Response Time,Total Average Content Size
1778884326,0,,Aggregated,0.000000,0.000000,N/A,N/A,N/A,N/A,N/A,N/A,N/A,N/A,N/A,N/A,N/A,0,0,0,0.0,0,0,0
1778884327,5,GET,GET /api/ -> http://example.com/,0.000000,0.000000,0,0,0,0,0,0,0,0,0,0,0,5,0,200.0,202.75247999816202,193.2410000008531,221.12910001305863,65.0
1778884327,5,GET,GET /api/ -> https://books.toscrape.com/,0.000000,0.000000,0,0,0,0,0,0,0,0,0,0,0,2,0,760.0,766.9977000041399,757.5078000081703,776.4876000001095,7848.0
1778884327,5,,Aggregated,0.000000,0.000000,0,0,0,0,0,0,0,0,0,0,0,7,0,200.0,363.96539999987,193.2410000008531,776.4876000001095,2288.714285714286
1778884328,10,GET,GET /api/ -> http://example.com/,0.000000,0.000000,160,180,180,180,180,180,180,180,180,180,180,10,0,180.0,179.6312599995872,130.5712999892421,221.12910001305863,65.0
1778884328,10,GET,GET /api/ -> https://books.toscrape.com/,0.000000,0.000000,0,0,0,0,0,0,0,0,0,0,0,10,0,720.0,749.2603099992266,641.6091999853961,860.6165999954101,7848.0
1778884328,10,GET,GET /api/ -> https://httpbin.org/,0.000000,0.000000,0,0,0,0,0,0,0,0,0,0,0,4,0,560.8368999965023,640.2528250036994,560.8368999965023,845.3776999958791,313.0
1778884328,10,GET,GET /api/ -> https://www.python.org/,0.000000,0.000000,0,0,0,0,0,0,0,0,0,0,0,1,0,429.72369998460636,429.72369998460636,429.72369998460636,429.72369998460636,12980.0
1778884328,10,,Aggregated,0.000000,0.000000,690,720,780,810,850,860,860,860,860,860,860,25,0,560.0,491.1860279995017,130.5712999892421,860.6165999954101,3734.48
1778884329,15,GET,GET /api/ -> http://example.com/,5.000000,0.000000,170,180,180,200,200,200,200,200,200,200,200,15,0,180.0,179.87923333615376,130.5712999892421,221.12910001305863,65.0
1778884329,15,GET,GET /api/ -> https://books.toscrape.com/,0.000000,0.000000,710,710,710,710,720,720,720,720,720,720,720,11,0,720.0,745.5540090899872,641.6091999853961,860.6165999954101,7848.0
1778884329,15,GET,GET /api/ -> https://docs.docker.com/,0.000000,0.000000,0,0,0,0,0,0,0,0,0,0,0,4,0,440.0,439.3714999969234,361.6844000061974,483.4060999855865,1741.0
1778884329,15,GET,GET /api/ -> https://httpbin.org/,0.000000,0.000000,0,0,0,0,0,0,0,0,0,0,0,9,0,590.0,645.3868999993169,554.0444999933243,895.758400001796,313.0
1778884329,15,GET,GET /api/ -> https://www.python.org/,0.000000,0.000000,0,0,0,0,0,0,0,0,0,0,0,7,0,410.0,394.7832000100919,355.74980001547374,429.72369998460636,12980.0
1778884329,15,,Aggregated,5.000000,0.000000,480,640,710,710,810,850,900,900,900,900,900,46,0,430.0,461.49419782792074,130.5712999892421,895.758400001796,4085.7391304347825
1778884330,20,GET,GET /api/ -> http://example.com/,5.000000,0.000000,180,200,520,680,680,880,880,880,880,880,880,20,0,200.0,297.61554000288015,130.5712999892421,876.1642999888863,65.0
1778884330,20,GET,GET /api/ -> https://books.toscrape.com/,2.500000,0.000000,720,870,1100,1100,1200,1200,1200,1200,1200,1200,1200,15,0,780.0,828.0220266644998,641.6091999853961,1163.6391999782063,7848.0
1778884330,20,GET,GET /api/ -> https://docs.docker.com/,0.000000,0.000000,0,0,0,0,0,0,0,0,0,0,0,7,0,480.0,660.8887857167117,361.6844000061974,1028.3928000135347,1741.0
1778884330,20,GET,GET /api/ -> https://flask.palletsprojects.com/,0.000000,0.000000,0,0,0,0,0,0,0,0,0,0,0,3,0,1104.9621000129264,1222.0211333381787,1104.9621000129264,1438.1756999937352,19667.0
1778884330,20,GET,GET /api/ -> https://httpbin.org/,0.000000,0.000000,890,890,900,900,2100,2100,2100,2100,2100,2100,2100,11,0,590.0,800.0138272737703,554.0444999933243,2097.715900017647,313.0
1778884330,20,GET,GET /api/ -> https://www.python.org/,0.000000,0.000000,410,870,870,1000,1000,1000,1000,1000,1000,1000,1000,9,0,410.0,519.3446555640548,355.74980001547374,1038.4291000082158,12980.0
1778884330,20,,Aggregated,7.500000,0.000000,640,780,870,890,1100,1200,1400,2100,2100,2100,2100,65,0,590.0,617.5258476945321,130.5712999892421,2097.715900017647,4776.476923076923
1778884331,25,GET,GET /api/ -> http://example.com/,5.000000,0.000000,200,520,620,680,820,880,880,880,880,880,880,24,0,200.0,344.33960833606153,130.5712999892421,876.1642999888863,65.0
1778884331,25,GET,GET /api/ -> https://books.toscrape.com/,3.333333,0.000000,840,880,1100,1100,1100,1200,1200,1200,1200,1200,1200,18,0,810.0,846.1090055530399,641.6091999853961,1163.6391999782063,7848.0
1778884331,25,GET,GET /api/ -> https://docs.docker.com/,0.000000,0.000000,1000,1200,1200,1400,1400,1400,1400,1400,1400,1400,1400,9,0,880.0,799.7203000025669,361.6844000061974,1418.6745999904815,1741.0
1778884331,25,GET,GET /api/ -> https://flask.palletsprojects.com/,0.000000,0.000000,0,0,0,0,0,0,0,0,0,0,0,6,0,1104.9621000129264,1293.0514500039862,1104.9621000129264,1742.2433999890927,19667.0
1778884331,25,GET,GET /api/ -> https://httpbin.org/,1.666667,0.000000,870,890,900,1100,2100,2100,2100,2100,2100,2100,2100,15,0,760.0,823.4002066679144,554.0444999933243,2097.715900017647,313.0
1778884331,25,GET,GET /api/ -> https://www.python.org/,1.333333,0.000000,870,1000,1000,1000,1100,1100,1100,1100,1100,1100,1100,11,0,420.0,619.11723637075,355.74980001547374,1129.7935000038706,12980.0
1778884331,25,,Aggregated,11.333333,0.000000,710,870,900,1000,1100,1400,1700,2100,2100,2100,2100,83,0,690.0,694.1108048212552,130.5712999892421,2097.715900017647,5108.0722891566265
1778884332,30,GET,GET /api/ -> http://example.com/,3.750000,0.000000,500,580,620,680,820,880,1200,1200,1200,1200,1200,30,0,220.0,405.1469200028805,130.5712999892421,1152.3889000236522,65.0
1778884332,30,GET,GET /api/ -> https://books.toscrape.com/,3.750000,0.000000,880,1100,1100,1200,1400,1500,1500,1500,1500,1500,1500,22,0,840.0,927.4349545448786,641.6091999853961,1533.216000010725,7848.0
1778884332,30,GET,GET /api/ -> https://docs.docker.com/,1.000000,0.000000,960,1000,1200,1200,1400,1400,1400,1400,1400,1400,1400,12,0,880.0,809.2149250029858,361.6844000061974,1418.6745999904815,1741.0
1778884332,30,GET,GET /api/ -> https://flask.palletsprojects.com/,0.000000,0.000000,1200,1200,2000,2000,2000,2000,2000,2000,2000,2000,2000,7,0,1200.0,1389.143300001576,1104.9621000129264,1965.6943999871146,19667.0
1778884332,30,GET,GET /api/ -> https://httpbin.org/,2.500000,0.000000,890,1000,1100,1300,1400,2100,2100,2100,2100,2100,2100,19,0,850.0,883.5479263154986,554.0444999933243,2097.715900017647,313.0
1778884332,30,GET,GET /api/ -> https://www.python.org/,1.750000,0.000000,930,1000,1000,1000,1100,1400,1400,1400,1400,1400,1400,15,0,870.0,736.9485400035046,355.74980001547374,1399.295199982589,12980.0
1778884332,30,,Aggregated,12.750000,0.000000,780,890,1000,1100,1300,1400,2000,2100,2100,2100,2100,105,0,760.0,760.3256904777871,130.5712999892421,2097.715900017647,5083.942857142857
1778884333,35,GET,GET /api/ -> http://example.com/,4.200000,0.000000,500,610,620,650,820,880,1200,1200,1200,1200,1200,34,0,340.0,421.00260000220527,130.5712999892421,1152.3889000236522,65.0
1778884333,35,GET,GET /api/ -> https://books.toscrape.com/,3.000000,0.000000,1100,1200,1200,1200,1400,1500,2000,2000,2000,2000,2000,26,0,870.0,1003.2147730761118,641.6091999853961,1959.0803000028245,7848.0
1778884333,35,GET,GET /api/ -> https://docs.docker.com/,1.400000,0.000000,960,1000,1200,1200,1400,1400,1400,1400,1400,1400,1400,14,0,880.0,834.7962785753355,361.6844000061974,1418.6745999904815,1741.0
1778884333,35,GET,GET /api/ -> https://flask.palletsprojects.com/,0.800000,0.000000,1500,1500,1700,1700,2000,2000,2000,2000,2000,2000,2000,10,0,1400.0,1442.7263299992774,1104.9621000129264,1965.6943999871146,19667.0
1778884333,35,GET,GET /api/ -> https://httpbin.org/,3.000000,0.000000,890,1000,1300,1400,1500,2100,2100,2100,2100,2100,2100,20,0,850.0,916.4187750007841,554.0444999933243,2097.715900017647,313.0
1778884333,35,GET,GET /api/ -> https://redis.io/,0.000000,0.000000,0,0,0,0,0,0,0,0,0,0,0,2,0,3000.0,3073.172699994757,2961.0127999912947,3185.332599998219,7221.0
1778884333,35,GET,GET /api/ -> https://www.python.org/,2.000000,0.000000,1000,1000,1100,1200,1400,1400,1400,1400,1400,1400,1400,18,0,870.0,791.8229222268565,355.74980001547374,1423.9952000207268,12980.0
1778884333,35,,Aggregated,14.400000,0.000000,820,1000,1100,1200,1400,1700,2100,3000,3200,3200,3200,124,0,810.0,848.7065903241127,130.5712999892421,3185.332599998219,5497.129032258064
1778884334,45,GET,GET /api/ -> http://example.com/,4.333333,0.000000,520,610,650,680,820,1200,1700,1700,1700,1700,1700,38,0,450.0,467.4904210543517,130.5712999892421,1710.282999993069,65.0
1778884334,45,GET,GET /api/ -> https://books.toscrape.com/,3.333333,0.000000,1100,1200,1200,1200,1600,1900,2000,2000,2000,2000,2000,31,0,930.0,1045.0595322585168,641.6091999853961,1959.0803000028245,7848.0
1778884334,45,GET,GET /api/ -> https://docs.docker.com/,1.666667,0.000000,960,1200,1200,1400,1700,2200,2200,2200,2200,2200,2200,17,0,890.0,969.635064708521,361.6844000061974,2163.2033999776468,1741.0
1778884334,45,GET,GET /api/ -> https://flask.palletsprojects.com/,1.000000,0.000000,1700,1700,1800,1800,2000,2000,2000,2000,2000,2000,2000,12,0,1400.0,1494.0867999976035,1104.9621000129264,1965.6943999871146,19667.0
1778884334,45,GET,GET /api/ -> https://httpbin.org/,2.500000,0.000000,990,1300,1500,1500,1800,1800,2100,2100,2100,2100,2100,26,0,890.0,1032.889276925394,554.0444999933243,2097.715900017647,313.0
1778884334,45,GET,GET /api/ -> https://redis.io/,0.000000,0.000000,0,0,0,0,0,0,0,0,0,0,0,5,0,3200.0,3342.6491199992597,2961.0127999912947,3804.7282000188716,7221.0
1778884334,45,GET,GET /api/ -> https://www.python.org/,2.333333,0.000000,1000,1000,1200,1200,1400,1400,1400,1400,1400,1400,1400,20,0,870.0,815.6418250044226,355.74980001547374,1423.9952000207268,12980.0
1778884334,45,,Aggregated,15.166667,0.000000,880,1100,1200,1400,1700,2000,3200,3600,3800,3800,3800,149,0,870.0,969.5001510083254,130.5712999892421,3804.7282000188716,5471.154362416108
1778884335,50,GET,GET /api/ -> http://example.com/,4.285714,0.000000,520,620,680,690,1200,1800,1800,1800,1800,1800,1800,42,0,470.0,534.4548690495901,130.5712999892421,1822.6376000093296,65.0
1778884335,50,GET,GET /api/ -> https://books.toscrape.com/,3.285714,0.000000,1100,1200,1200,1400,1900,2000,2100,2100,2100,2100,2100,33,0,1000.0,1082.6591696981764,641.6091999853961,2103.360300010536,7848.0
1778884335,50,GET,GET /api/ -> https://docs.docker.com/,2.000000,0.000000,1000,1200,1400,1400,2000,2200,2200,2200,2200,2200,2200,20,0,890.0,1015.8819750024122,361.6844000061974,2163.2033999776468,1741.0
1778884335,50,GET,GET /api/ -> https://flask.palletsprojects.com/,1.142857,0.000000,1700,1800,2000,2200,2400,2400,2400,2400,2400,2400,2400,14,0,1500.0,1607.6623857100328,1104.9621000129264,2423.179599980358,19667.0
1778884335,50,GET,GET /api/ -> https://httpbin.org/,2.714286,0.000000,1000,1300,1500,1500,1800,1800,2100,2100,2100,2100,2100,29,0,910.0,1049.73907931206,554.0444999933243,2097.715900017647,313.0
1778884335,50,GET,GET /api/ -> https://locust.io/,0.000000,0.000000,0,0,0,0,0,0,0,0,0,0,0,1,0,790.0258000008762,790.0258000008762,790.0258000008762,790.0258000008762,4762.0
1778884335,50,GET,GET /api/ -> https://redis.io/,0.000000,0.000000,3200,3200,3600,3600,3600,3600,3600,3600,3600,3600,3600,6,0,3200.0,3310.239583331471,2961.0127999912947,3804.7282000188716,7221.0
1778884335,50,GET,GET /api/ -> https://www.python.org/,2.285714,0.000000,1000,1000,1200,1200,1400,1500,1500,1500,1500,1500,1500,23,0,880.0,857.7403217432616,355.74980001547374,1523.2077999971807,12980.0
1778884335,50,,Aggregated,15.714286,0.000000,890,1100,1300,1400,1800,2200,3200,3600,3800,3800,3800,168,0,880.0,1022.7481785728914,130.5712999892421,3804.7282000188716,5521.291666666667
1778884336,55,GET,GET /api/ -> http://example.com/,4.250000,0.000000,580,650,790,820,1200,1800,2000,2000,2000,2000,2000,47,0,520.0,590.7442638312436,130.5712999892421,1972.9709000093862,65.0
1778884336,55,GET,GET /api/ -> https://books.toscrape.com/,3.375000,0.000000,1100,1200,1500,1600,2100,3800,3900,3900,3900,3900,3900,38,0,1100.0,1258.7914342109702,641.6091999853961,3894.94850000483,7848.0
1778884336,55,GET,GET /api/ -> https://docs.docker.com/,1.875000,0.000000,960,1200,1200,1400,2000,2200,2200,2200,2200,2200,2200,23,0,890.0,989.0031565243945,361.6844000061974,2163.2033999776468,1741.0
1778884336,55,GET,GET /api/ -> https://flask.palletsprojects.com/,1.250000,0.000000,1700,1700,2000,2000,2200,2400,2400,2400,2400,2400,2400,16,0,1400.0,1554.076537497167,1095.1993000053335,2423.179599980358,19667.0
1778884336,55,GET,GET /api/ -> https://httpbin.org/,2.625000,0.000000,1000,1400,1500,1600,1800,2100,2100,2100,2100,2100,2100,30,0,910.0,1085.7559700011432,554.0444999933243,2130.24579998455,313.0
1778884336,55,GET,GET /api/ -> https://locust.io/,0.000000,0.000000,0,0,0,0,0,0,0,0,0,0,0,6,0,1600.0,1709.503399998842,790.0258000008762,2367.174500017427,4762.0
1778884336,55,GET,GET /api/ -> https://redis.io/,0.375000,0.000000,3200,3600,3600,4100,4100,4100,4100,4100,4100,4100,4100,8,0,3200.0,3388.413099997706,2961.0127999912947,4148.43099997961,7221.0
1778884336,55,GET,GET /api/ -> https://www.python.org/,2.375000,0.000000,1000,1200,1400,1400,1500,1800,2600,2600,2600,2600,2600,27,0,930.0,965.507003706147,355.74980001547374,2596.9727000046987,12980.0
1778884336,55,,Aggregated,16.125000,0.000000,950,1200,1400,1600,2100,3000,3800,3900,4100,4100,4100,195,0,930.0,1124.1899769239797,130.5712999892421,4148.43099997961,5652.225641025641
1778884337,60,GET,GET /api/ -> http://example.com/,4.333333,0.000000,620,790,880,1100,1700,1800,2000,2000,2000,2000,2000,51,0,520.0,633.3817627466987,130.5712999892421,1972.9709000093862,65.0
1778884337,60,GET,GET /api/ -> https://books.toscrape.com/,3.444444,0.000000,1200,1200,1500,1600,2100,3800,3900,3900,3900,3900,3900,39,0,1100.0,1267.1692307698181,641.6091999853961,3894.94850000483,7848.0
1778884337,60,GET,GET /api/ -> https://docs.docker.com/,2.000000,0.000000,940,1100,1200,1200,1700,2000,2200,2200,2200,2200,2200,25,0,890.0,965.3877200023271,361.6844000061974,2163.2033999776468,1741.0
1778884337,60,GET,GET /api/ -> https://flask.palletsprojects.com/,1.444444,0.000000,1700,2000,2200,2300,2400,3000,3000,3000,3000,3000,3000,18,0,1500.0,1674.031944442605,1095.1993000053335,2995.363800000632,19667.0
1778884337,60,GET,GET /api/ -> https://github.com/ibnesayeed/linkextractor,0.000000,0.000000,0,0,0,0,0,0,0,0,0,0,0,1,0,1668.7200000160374,1668.7200000160374,1668.7200000160374,1668.7200000160374,11810.0
1778884337,60,GET,GET /api/ -> https://httpbin.org/,3.000000,0.000000,1100,1500,1500,1800,2100,2100,3400,3400,3400,3400,3400,34,0,990.0,1189.8960352957467,554.0444999933243,3361.6144999978133,313.0
1778884337,60,GET,GET /api/ -> https://locust.io/,0.000000,0.000000,1600,1600,1600,1600,1600,1600,1600,1600,1600,1600,1600,6,0,1600.0,1709.503399998842,790.0258000008762,2367.174500017427,4762.0
1778884337,60,GET,GET /api/ -> https://redis.io/,0.666667,0.000000,3600,3900,4100,4100,4500,4500,4500,4500,4500,4500,4500,10,0,3200.0,3551.660149998497,2961.0127999912947,4541.083599993726,7221.0
1778884337,60,GET,GET /api/ -> https://www.python.org/,2.333333,0.000000,1000,1100,1400,1400,1500,1800,2600,2600,2600,2600,2600,28,0,880.0,952.8468714311851,355.74980001547374,2596.9727000046987,12980.0
1778884337,60,,Aggregated,17.222222,0.000000,1000,1300,1500,1700,2200,3200,3900,4100,4500,4500,4500,212,0,960.0,1181.9238556615671,130.5712999892421,4541.083599993726,5630.1509433962265
1778884338,65,GET,GET /api/ -> http://example.com/,4.333333,0.000000,650,820,1100,1200,1800,2000,2000,2000,2000,2000,2000,52,0,520.0,644.2244326938705,130.5712999892421,1972.9709000093862,65.0
1778884338,65,GET,GET /api/ -> https://books.toscrape.com/,3.444444,0.000000,1200,1400,1600,1600,2100,3800,3900,3900,3900,3900,3900,41,0,1100.0,1256.3394439036151,641.6091999853961,3894.94850000483,7848.0
1778884338,65,GET,GET /api/ -> https://docs.docker.com/,2.000000,0.000000,940,1100,1200,1200,1700,2000,2200,2200,2200,2200,2200,25,0,890.0,965.3877200023271,361.6844000061974,2163.2033999776468,1741.0
1778884338,65,GET,GET /api/ -> https://flask.palletsprojects.com/,1.444444,0.000000,1700,2000,2200,2300,2400,3000,3000,3000,3000,3000,3000,18,0,1500.0,1674.031944442605,1095.1993000053335,2995.363800000632,19667.0
1778884338,65,GET,GET /api/ -> https://github.com/ibnesayeed/linkextractor,0.000000,0.000000,1700,1700,1700,1700,1700,1700,1700,1700,1700,1700,1700,1,0,1668.7200000160374,1668.7200000160374,1668.7200000160374,1668.7200000160374,11810.0
1778884338,65,GET,GET /api/ -> https://httpbin.org/,3.000000,0.000000,1300,1500,1600,1800,1900,2100,3400,3400,3400,3400,3400,35,0,1000.0,1202.9166342873525,554.0444999933243,3361.6144999978133,313.0
1778884338,65,GET,GET /api/ -> https://locust.io/,0.000000,0.000000,1600,1600,1600,1600,1600,1600,1600,1600,1600,1600,1600,7,0,1600.0,1690.2506999987443,790.0258000008762,2367.174500017427,4762.0
1778884338,65,GET,GET /api/ -> https://redis.io/,0.666667,0.000000,3600,3900,4100,4100,4500,4500,4500,4500,4500,4500,4500,10,0,3200.0,3551.660149998497,2961.0127999912947,4541.083599993726,7221.0
1778884338,65,GET,GET /api/ -> https://www.python.org/,2.333333,0.000000,1000,1200,1400,1400,1500,1800,2600,2600,2600,2600,2600,28,0,880.0,952.8468714311851,355.74980001547374,2596.9727000046987,12980.0
1778884338,65,,Aggregated,17.222222,0.000000,1200,1500,1700,1800,2400,3200,3900,4100,4500,4500,4500,217,0,1000.0,1184.6807682040428,130.5712999892421,4541.083599993726,5596.442396313364
1778884340,70,GET,GET /api/ -> http://example.com/,4.200000,0.000000,790,1200,1700,1700,2000,2800,3400,3400,3400,3400,3400,57,0,610.0,770.5647543878417,130.5712999892421,3383.0298999964725,65.0
1778884340,70,GET,GET /api/ -> https://books.toscrape.com/,3.600000,0.000000,1400,1600,2100,3800,4000,5300,6000,6000,6000,6000,6000,45,0,1100.0,1573.0069733341224,641.6091999853961,5985.95820000628,7848.0
1778884340,70,GET,GET /api/ -> https://docs.docker.com/,2.500000,0.000000,940,1200,1400,1700,2200,4900,4900,4900,4900,4900,4900,27,0,890.0,1101.0149074093163,361.6844000061974,4917.271799989976,1741.0
1778884340,70,GET,GET /api/ -> https://flask.palletsprojects.com/,1.800000,0.000000,1800,2200,2400,2400,3200,4900,4900,4900,4900,4900,4900,20,0,1700.0,1909.6794499986572,1095.1993000053335,4884.938900009729,19667.0
1778884340,70,GET,GET /api/ -> https://github.com/ibnesayeed/linkextractor,0.100000,0.000000,4300,4400,4400,4600,4600,4600,4600,4600,4600,4600,4600,5,0,4300.0,3771.111200010637,1668.7200000160374,4561.917800019728,11810.0
1778884340,70,GET,GET /api/ -> https://httpbin.org/,3.500000,0.000000,1400,1600,1800,2100,3700,4200,5000,5000,5000,5000,5000,40,0,1100.0,1463.0660150010954,554.0444999933243,5009.195299993735,313.0
1778884340,70,GET,GET /api/ -> https://locust.io/,0.700000,0.000000,2500,2500,2900,2900,2900,2900,2900,2900,2900,2900,2900,9,0,2000.0,1910.9029333340004,790.0258000008762,2886.716000008164,4762.0
1778884340,70,GET,GET /api/ -> https://redis.io/,1.000000,0.000000,4100,4300,4500,5100,5100,5100,5100,5100,5100,5100,5100,13,0,3800.0,3841.7429769223627,2961.0127999912947,5104.684099991573,7221.0
1778884340,70,GET,GET /api/ -> https://www.python.org/,2.800000,0.000000,1200,1400,1500,1800,2700,4700,4800,4800,4800,4800,4800,31,0,1000.0,1253.9902645183893,355.74980001547374,4806.3700000057,12980.0
1778884340,70,,Aggregated,20.200000,0.000000,1400,1800,2300,2900,4000,4700,5100,5300,6000,6000,6000,247,0,1100.0,1481.8671101227974,130.5712999892421,5985.95820000628,5699.971659919029
1778884341,75,GET,GET /api/ -> http://example.com/,3.700000,0.000000,830,1500,1700,1800,3000,3200,3400,3400,3400,3400,3400,64,0,610.0,879.5096250014467,130.5712999892421,3383.0298999964725,65.0
1778884341,75,GET,GET /api/ -> https://books.toscrape.com/,3.100000,0.000000,1600,2100,3800,3900,5300,6000,6000,6000,6000,6000,6000,46,0,1100.0,1669.222360870386,641.6091999853961,5998.91480000224,7848.0
1778884341,75,GET,GET /api/ -> https://docs.docker.com/,2.500000,0.000000,940,1200,1700,2000,4900,5500,5500,5500,5500,5500,5500,28,0,890.0,1258.0595392875173,361.6844000061974,5498.264599998947,1741.0
1778884341,75,GET,GET /api/ -> https://flask.palletsprojects.com/,1.800000,0.000000,2000,2300,2400,3000,3200,4900,4900,4900,4900,4900,4900,20,0,1700.0,1909.6794499986572,1095.1993000053335,4884.938900009729,19667.0
1778884341,75,GET,GET /api/ -> https://github.com/ibnesayeed/linkextractor,0.100000,0.000000,4300,4400,4600,4600,5400,5400,5400,5400,5400,5400,5400,7,0,4300.0,3959.1862428642344,1668.7200000160374,5367.283200001111,11810.0
1778884341,75,GET,GET /api/ -> https://httpbin.org/,3.000000,0.000000,1500,1800,2100,2900,3700,4200,5000,5000,5000,5000,5000,44,0,1100.0,1526.3863022754033,554.0444999933243,5009.195299993735,313.0
1778884341,75,GET,GET /api/ -> https://locust.io/,0.700000,0.000000,1600,2500,2500,2900,2900,2900,2900,2900,2900,2900,2900,10,0,1600.0,1851.860919999308,790.0258000008762,2886.716000008164,4762.0
1778884341,75,GET,GET /api/ -> https://redis.io/,1.000000,0.000000,4100,4300,5100,5100,5100,7100,7100,7100,7100,7100,7100,15,0,3900.0,4077.076533333942,2961.0127999912947,7079.584600025555,7221.0
1778884341,75,GET,GET /api/ -> https://www.python.org/,2.400000,0.000000,1400,1500,2600,2700,4700,4800,4800,4800,4800,4800,4800,34,0,930.0,1263.7487794135643,355.74980001547374,4806.3700000057,12980.0
1778884341,75,,Aggregated,18.300000,0.000000,1500,2100,3000,3200,4300,5000,5500,6000,7100,7100,7100,268,0,1100.0,1582.1254380611372,130.5712999892421,7079.584600025555,5600.570895522388
1778884342,80,GET,GET /api/ -> http://example.com/,3.800000,0.000000,1200,1800,2000,2800,3300,3900,5500,5500,5500,5500,5500,69,0,650.0,1059.2028463779834,130.5712999892421,5526.560599973891,65.0
1778884342,80,GET,GET /api/ -> https://books.toscrape.com/,2.700000,0.000000,1700,2100,4000,5100,5600,6000,7000,7000,7000,7000,7000,56,0,1200.0,1922.56038571473,641.6091999853961,6964.7750000003725,7848.0
1778884342,80,GET,GET /api/ -> https://docs.docker.com/,2.200000,0.000000,1100,1700,2200,4900,5500,5600,5600,5600,5600,5600,5600,29,0,890.0,1407.6354517260213,361.6844000061974,5595.761000004131,1741.0
1778884342,80,GET,GET /api/ -> https://flask.palletsprojects.com/,1.900000,0.000000,2300,3000,3200,4900,5700,5700,5700,5700,5700,5700,5700,22,0,1700.0,2253.8861545458944,1095.1993000053335,5739.251000020886,19667.0
1778884342,80,GET,GET /api/ -> https://github.com/ibnesayeed/linkextractor,0.100000,0.000000,4300,4400,4600,4600,5400,5400,5400,5400,5400,5400,5400,8,0,3900.0,3721.9694000050367,1668.7200000160374,5367.283200001111,11810.0
1778884342,80,GET,GET /api/ -> https://httpbin.org/,2.500000,0.000000,1600,1900,2800,2900,3700,4200,5000,5000,5000,5000,5000,45,0,1100.0,1507.7497533360859,554.0444999933243,5009.195299993735,313.0
1778884342,80,GET,GET /api/ -> https://locust.io/,0.800000,0.000000,2300,2300,2500,2500,2900,2900,2900,2900,2900,2900,2900,11,0,2000.0,1893.2957181796983,790.0258000008762,2886.716000008164,4762.0
1778884342,80,GET,GET /api/ -> https://redis.io/,1.100000,0.000000,4300,4600,5100,5100,6800,7100,7100,7100,7100,7100,7100,19,0,4100.0,4297.430347370927,2510.5105000257026,7079.584600025555,7221.0
1778884342,80,GET,GET /api/ -> https://training.play-with-docker.com/,0.000000,0.000000,0,0,0,0,0,0,0,0,0,0,0,5,0,1900.0,2158.111200010171,740.5819999985397,4729.8482000187505,1424.0
1778884342,80,GET,GET /api/ -> https://www.python.org/,2.300000,0.000000,1300,1500,2600,2700,4600,4700,4800,4800,4800,4800,4800,37,0,1000.0,1336.9742000013011,355.74980001547374,4806.3700000057,12980.0
1778884342,80,,Aggregated,17.400000,0.000000,1800,2700,3400,3900,4900,5600,6500,7000,7100,7100,7100,301,0,1200.0,1765.833310632749,130.5712999892421,7079.584600025555,5689.906976744186
1778884343,85,GET,GET /api/ -> http://example.com/,3.800000,0.000000,1700,2000,2800,3100,3400,5300,5500,5500,5500,5500,5500,73,0,680.0,1124.113661644116,130.5712999892421,5526.560599973891,65.0
1778884343,85,GET,GET /api/ -> https://books.toscrape.com/,2.700000,0.000000,2100,3900,5100,5200,6000,6000,7000,7000,7000,7000,7000,58,0,1200.0,1909.493277586017,641.6091999853961,6964.7750000003725,7848.0
1778884343,85,GET,GET /api/ -> https://docs.docker.com/,2.200000,0.000000,1200,2200,2300,4900,5500,5600,5600,5600,5600,5600,5600,31,0,940.0,1460.7041806467028,361.6844000061974,5595.761000004131,1741.0
1778884343,85,GET,GET /api/ -> https://flask.palletsprojects.com/,1.900000,0.000000,3200,4900,5700,5700,7100,7100,7100,7100,7100,7100,7100,23,0,1700.0,2464.4882565214925,1095.1993000053335,7097.734499984654,19667.0
1778884343,85,GET,GET /api/ -> https://github.com/ibnesayeed/linkextractor,0.100000,0.000000,4300,4400,4600,4600,5400,5400,5400,5400,5400,5400,5400,8,0,3900.0,3721.9694000050367,1668.7200000160374,5367.283200001111,11810.0
1778884343,85,GET,GET /api/ -> https://httpbin.org/,2.500000,0.000000,1600,2800,3400,3600,4200,5000,5000,5000,5000,5000,5000,46,0,1100.0,1504.4405260895196,554.0444999933243,5009.195299993735,313.0
1778884343,85,GET,GET /api/ -> https://locust.io/,0.800000,0.000000,1600,2300,2500,2900,6400,6400,6400,6400,6400,6400,6400,14,0,1600.0,2107.012371428677,623.2677000225522,6430.928699992364,4762.0
1778884343,85,GET,GET /api/ -> https://redis.io/,1.100000,0.000000,4300,4600,5100,5100,6800,7100,7100,7100,7100,7100,7100,19,0,4100.0,4297.430347370927,2510.5105000257026,7079.584600025555,7221.0
1778884343,85,GET,GET /api/ -> https://training.play-with-docker.com/,0.000000,0.000000,2000,2000,2000,2000,2000,2000,2000,2000,2000,2000,2000,5,0,1900.0,2158.111200010171,740.5819999985397,4729.8482000187505,1424.0
1778884343,85,GET,GET /api/ -> https://www.python.org/,2.300000,0.000000,1500,2600,3200,3200,4700,4800,4800,4800,4800,4800,4800,37,0,1000.0,1336.9742000013011,355.74980001547374,4806.3700000057,12980.0
1778884343,85,,Aggregated,17.400000,0.000000,2000,3100,3900,4400,5300,6000,6800,7100,7100,7100,7100,314,0,1200.0,1799.885151275025,130.5712999892421,7097.734499984654,5625.369426751592
1778884345,90,GET,GET /api/ -> http://example.com/,4.300000,0.000000,2000,2800,3300,3400,5300,5500,7100,7100,7100,7100,7100,84,0,800.0,1384.6146500000032,130.5712999892421,7064.122399984626,65.0
1778884345,90,GET,GET /api/ -> https://books.toscrape.com/,3.500000,0.000000,2900,5100,5300,6000,7000,7200,7400,7400,7400,7400,7400,63,0,1200.0,2176.0923269843233,641.6091999853961,7350.690699997358,7848.0
1778884345,90,GET,GET /api/ -> https://docs.docker.com/,1.700000,0.000000,2300,4800,4900,5100,5500,5600,5600,5600,5600,5600,5600,34,0,960.0,1713.3456441198873,361.6844000061974,5595.761000004131,1741.0
1778884345,90,GET,GET /api/ -> https://flask.palletsprojects.com/,1.500000,0.000000,5000,5700,6100,6100,7100,7900,7900,7900,7900,7900,7900,27,0,2000.0,2948.613207405692,1095.1993000053335,7868.057299987413,19667.0
1778884345,90,GET,GET /api/ -> https://github.com/ibnesayeed/linkextractor,0.800000,0.000000,4300,4400,4600,4900,5400,5400,5400,5400,5400,5400,5400,10,0,3900.0,3749.3531300046016,1668.7200000160374,5367.283200001111,11810.0
1778884345,90,GET,GET /api/ -> https://httpbin.org/,2.700000,0.000000,2800,3400,3700,3700,4200,4600,5000,5000,5000,5000,5000,52,0,1300.0,1701.849140386912,554.0444999933243,5009.195299993735,313.0
1778884345,90,GET,GET /api/ -> https://locust.io/,1.400000,0.000000,2500,2900,3700,3700,4600,6400,6400,6400,6400,6400,6400,17,0,2300.0,2435.997452941271,623.2677000225522,6430.928699992364,4762.0
1778884345,90,GET,GET /api/ -> https://redis.io/,1.900000,0.000000,4500,5100,5100,6500,6800,7100,7100,7100,7100,7100,7100,19,0,4100.0,4297.430347370927,2510.5105000257026,7079.584600025555,7221.0
1778884345,90,GET,GET /api/ -> https://training.play-with-docker.com/,0.500000,0.000000,3000,3000,3000,3000,3000,3000,3000,3000,3000,3000,3000,6,0,1900.0,2290.0937666757577,740.5819999985397,4729.8482000187505,1424.0
1778884345,90,GET,GET /api/ -> https://www.python.org/,2.100000,0.000000,2700,3700,4600,4600,4700,4800,4800,4800,4800,4800,4800,40,0,1000.0,1556.6677300012088,355.74980001547374,4806.3700000057,12980.0
1778884345,90,,Aggregated,20.400000,0.000000,2900,3900,4600,4800,5600,6500,7100,7400,7900,7900,7900,352,0,1400.0,2035.0222937510227,130.5712999892421,7868.057299987413,5597.613636363636
1778884346,95,GET,GET /api/ -> http://example.com/,3.900000,0.000000,2300,3200,3500,3900,5300,5500,7100,7100,7100,7100,7100,90,0,840.0,1477.543136667292,130.5712999892421,7064.122399984626,65.0
1778884346,95,GET,GET /api/ -> https://books.toscrape.com/,3.100000,0.000000,4000,5300,5600,6000,7000,7200,7400,7400,7400,7400,7400,67,0,1200.0,2289.666761194161,641.6091999853961,7350.690699997358,7848.0
1778884346,95,GET,GET /api/ -> https://docs.docker.com/,1.600000,0.000000,4800,5100,5500,5500,5600,5600,5600,5600,5600,5600,5600,35,0,1000.0,1824.440097144439,361.6844000061974,5601.651499979198,1741.0
1778884346,95,GET,GET /api/ -> https://flask.palletsprojects.com/,1.300000,0.000000,5000,5700,6100,6100,7100,7900,7900,7900,7900,7900,7900,29,0,2200.0,2978.57925172289,1095.1993000053335,7868.057299987413,19667.0
1778884346,95,GET,GET /api/ -> https://github.com/ibnesayeed/linkextractor,0.800000,0.000000,3900,4400,4600,4900,5000,5400,5400,5400,5400,5400,5400,13,0,3900.0,3833.8534076935434,1668.7200000160374,5367.283200001111,11810.0
1778884346,95,GET,GET /api/ -> https://httpbin.org/,2.500000,0.000000,2900,3400,3700,3800,4200,4600,5000,5000,5000,5000,5000,54,0,1300.0,1726.9757111126737,554.0444999933243,5009.195299993735,313.0
1778884346,95,GET,GET /api/ -> https://locust.io/,1.400000,0.000000,2500,3600,3700,3700,4600,6400,6400,6400,6400,6400,6400,17,0,2300.0,2435.997452941271,623.2677000225522,6430.928699992364,4762.0
1778884346,95,GET,GET /api/ -> https://redis.io/,1.600000,0.000000,5100,5100,6500,6500,6800,7100,7100,7100,7100,7100,7100,20,0,4100.0,4391.289015002258,2510.5105000257026,7079.584600025555,7221.0
1778884346,95,GET,GET /api/ -> https://training.play-with-docker.com/,0.500000,0.000000,2000,2000,3000,3000,3000,3000,3000,3000,3000,3000,3000,7,0,1900.0,2181.478600009411,740.5819999985397,4729.8482000187505,1424.0
1778884346,95,GET,GET /api/ -> https://www.python.org/,1.800000,0.000000,2600,3200,4600,4600,4700,4800,4800,4800,4800,4800,4800,42,0,1000.0,1519.0741761914633,355.74980001547374,4806.3700000057,12980.0
1778884346,95,,Aggregated,18.500000,0.000000,3200,4100,4600,5000,5700,6500,7100,7400,7900,7900,7900,374,0,1400.0,2107.023375134596,130.5712999892421,7868.057299987413,5652.080213903743
1778884347,100,GET,GET /api/ -> http://example.com/,3.500000,0.000000,2000,3100,3400,3800,4300,5500,7100,7100,7100,7100,7100,94,0,840.0,1453.3644872346022,130.5712999892421,7064.122399984626,65.0
1778884347,100,GET,GET /api/ -> https://books.toscrape.com/,2.800000,0.000000,4000,5200,5600,5900,6100,7200,7400,7400,7400,7400,7400,74,0,1400.0,2409.420393243734,641.6091999853961,7350.690699997358,7848.0
1778884347,100,GET,GET /api/ -> https://docs.docker.com/,1.500000,0.000000,4800,5100,5500,5500,5600,5600,5600,5600,5600,5600,5600,35,0,1000.0,1824.440097144439,361.6844000061974,5601.651499979198,1741.0
1778884347,100,GET,GET /api/ -> https://flask.palletsprojects.com/,1.000000,0.000000,5000,5700,6100,6100,7100,7900,7900,7900,7900,7900,7900,29,0,2200.0,2978.57925172289,1095.1993000053335,7868.057299987413,19667.0
1778884347,100,GET,GET /api/ -> https://github.com/ibnesayeed/linkextractor,0.900000,0.000000,3700,4300,4600,4900,5000,5400,5400,5400,5400,5400,5400,15,0,3700.0,3562.986773333978,1488.2084999990184,5367.283200001111,11810.0
1778884347,100,GET,GET /api/ -> https://httpbin.org/,2.000000,0.000000,2800,3400,3700,3800,4200,4600,5000,5000,5000,5000,5000,55,0,1300.0,1708.4587418193803,554.0444999933243,5009.195299993735,313.0
1778884347,100,GET,GET /api/ -> https://locust.io/,1.400000,0.000000,2900,3600,4600,4600,6400,7800,7800,7800,7800,7800,7800,18,0,2300.0,2734.527688887384,623.2677000225522,7809.541699971305,4762.0
1778884347,100,GET,GET /api/ -> https://redis.io/,1.300000,0.000000,4600,5100,6200,6500,6800,7100,7100,7100,7100,7100,7100,21,0,4100.0,4383.687071431528,2510.5105000257026,7079.584600025555,7221.0
1778884347,100,GET,GET /api/ -> https://training.play-with-docker.com/,0.500000,0.000000,2000,2900,3000,3000,6400,6400,6400,6400,6400,6400,6400,12,0,1500.0,2198.007958342108,554.5339000236709,6411.301900021499,1424.0
1778884347,100,GET,GET /api/ -> https://www.python.org/,1.800000,0.000000,3200,4600,4600,4700,6600,9600,9600,9600,9600,9600,9600,47,0,1000.0,1876.4382744693455,355.74980001547374,9636.793199984822,12980.0
1778884347,100,,Aggregated,16.700000,0.000000,3200,4100,4700,5000,5900,6800,7400,7900,9600,9600,9600,400,0,1500.0,2171.013065750958,130.5712999892421,9636.793199984822,5692.525
1778884348,105,GET,GET /api/ -> http://example.com/,4.100000,0.000000,2300,3200,3500,3900,5300,5500,10000,10000,10000,10000,10000,99,0,900.0,1578.322800000391,130.5712999892421,10064.318499993533,65.0
1778884348,105,GET,GET /api/ -> https://books.toscrape.com/,2.900000,0.000000,4100,5200,5900,5900,7000,7300,7400,7400,7400,7400,7400,77,0,1500.0,2525.0237753252686,641.6091999853961,7350.690699997358,7848.0
1778884348,105,GET,GET /api/ -> https://docs.docker.com/,1.400000,0.000000,4900,5100,5500,5600,5600,5600,5600,5600,5600,5600,5600,35,0,1000.0,1824.440097144439,361.6844000061974,5601.651499979198,1741.0
1778884348,105,GET,GET /api/ -> https://flask.palletsprojects.com/,1.200000,0.000000,5000,5700,6100,7100,7900,11000,11000,11000,11000,11000,11000,33,0,2400.0,3335.781906059393,1095.1993000053335,10915.979300014442,19667.0
1778884348,105,GET,GET /api/ -> https://github.com/ibnesayeed/linkextractor,1.000000,0.000000,3900,4400,4900,4900,5400,5600,5600,5600,5600,5600,5600,16,0,3700.0,3690.339556249455,1488.2084999990184,5600.631299981615,11810.0
1778884348,105,GET,GET /api/ -> https://httpbin.org/,2.300000,0.000000,3200,3700,4200,4600,5700,5700,5800,5800,5800,5800,5800,62,0,1400.0,1971.0618048397478,554.0444999933243,5771.4999000018,313.0
1778884348,105,GET,GET /api/ -> https://locust.io/,1.200000,0.000000,2900,3600,4600,4600,6400,7800,7800,7800,7800,7800,7800,19,0,2300.0,2676.15692105181,623.2677000225522,7809.541699971305,4762.0
1778884348,105,GET,GET /api/ -> https://redis.io/,1.300000,0.000000,5100,5800,6200,6500,6800,7100,7100,7100,7100,7100,7100,23,0,4100.0,4350.053178264162,2243.7484000111,7079.584600025555,7221.0
1778884348,105,GET,GET /api/ -> https://training.play-with-docker.com/,0.600000,0.000000,2000,2900,3000,6400,7900,7900,7900,7900,7900,7900,7900,13,0,1900.0,2638.7877384706653,554.5339000236709,7928.145100013353,1424.0
1778884348,105,GET,GET /api/ -> https://www.python.org/,1.700000,0.000000,3300,4600,4700,4800,6600,9600,11000,11000,11000,11000,11000,52,0,1100.0,2138.6721211551608,355.74980001547374,11257.915099995444,12980.0
1778884348,105,,Aggregated,17.700000,0.000000,3400,4300,5100,5500,6100,7100,7900,10000,11000,11000,11000,429,0,1500.0,2336.320872961311,130.5712999892421,11257.915099995444,5778.731934731934
1778884349,110,GET,GET /api/ -> http://example.com/,4.000000,0.000000,2200,3100,3500,3900,5300,5500,10000,10000,10000,10000,10000,101,0,920.0,1581.2067158421096,130.5712999892421,10064.318499993533,65.0
1778884349,110,GET,GET /api/ -> https://books.toscrape.com/,2.900000,0.000000,4100,5200,5900,6000,7200,7400,8600,8600,8600,8600,8600,82,0,1600.0,2592.0928219519983,641.6091999853961,8581.558700010646,7848.0
1778884349,110,GET,GET /api/ -> https://docs.docker.com/,1.100000,0.000000,4200,4800,5500,5500,5600,5600,5600,5600,5600,5600,5600,38,0,1000.0,1871.121757896617,361.6844000061974,5601.651499979198,1741.0
1778884349,110,GET,GET /api/ -> https://flask.palletsprojects.com/,1.200000,0.000000,5700,5900,6100,7100,7900,11000,11000,11000,11000,11000,11000,33,0,2400.0,3335.781906059393,1095.1993000053335,10915.979300014442,19667.0
1778884349,110,GET,GET /api/ -> https://github.com/ibnesayeed/linkextractor,1.400000,0.000000,3900,4400,4900,4900,5400,5600,5600,5600,5600,5600,5600,17,0,3700.0,3544.1722235289703,1205.494900001213,5600.631299981615,11810.0
1778884349,110,GET,GET /api/ -> https://httpbin.org/,2.400000,0.000000,3200,3700,4200,4600,5700,5800,6800,6800,6800,6800,6800,66,0,1500.0,2078.682210607274,554.0444999933243,6756.969899986871,313.0
1778884349,110,GET,GET /api/ -> https://locust.io/,1.100000,0.000000,3600,3700,6400,6400,6600,7800,7800,7800,7800,7800,7800,20,0,2300.0,2872.87906499987,623.2677000225522,7809.541699971305,4762.0
1778884349,110,GET,GET /api/ -> https://redis.io/,1.300000,0.000000,4600,5800,6200,6500,6800,7100,7100,7100,7100,7100,7100,24,0,4100.0,4332.633983336564,2243.7484000111,7079.584600025555,7221.0
1778884349,110,GET,GET /api/ -> https://training.play-with-docker.com/,0.700000,0.000000,2000,2900,3000,6400,7900,7900,7900,7900,7900,7900,7900,13,0,1900.0,2638.7877384706653,554.5339000236709,7928.145100013353,1424.0
1778884349,110,GET,GET /api/ -> https://www.python.org/,1.400000,0.000000,3300,4600,4700,5500,8300,9600,11000,11000,11000,11000,11000,53,0,1200.0,2254.6459226429743,355.74980001547374,11257.915099995444,12980.0
1778884349,110,,Aggregated,17.500000,0.000000,3400,4300,5100,5500,6400,7200,8600,10000,11000,11000,11000,447,0,1600.0,2385.060725951884,130.5712999892421,11257.915099995444,5730.859060402685
1778884350,120,GET,GET /api/ -> http://example.com/,4.300000,0.000000,2200,3300,3900,4000,5500,5600,10000,10000,10000,10000,10000,105,0,1100.0,1625.6728314287361,130.5712999892421,10064.318499993533,65.0
1778884350,120,GET,GET /api/ -> https://books.toscrape.com/,3.400000,0.000000,3600,5200,5500,5900,7000,7300,8600,8600,8600,8600,8600,89,0,1600.0,2606.214285394886,641.6091999853961,8581.558700010646,7848.0
1778884350,120,GET,GET /api/ -> https://docs.docker.com/,1.000000,0.000000,4800,5100,5600,5600,5600,8500,8500,8500,8500,8500,8500,39,0,1100.0,2041.6625794888928,361.6844000061974,8522.21379999537,1741.0
1778884350,120,GET,GET /api/ -> https://flask.palletsprojects.com/,1.200000,0.000000,5700,5800,6100,7100,7900,11000,11000,11000,11000,11000,11000,34,0,2400.0,3408.5719735286307,1095.1993000053335,10915.979300014442,19667.0
1778884350,120,GET,GET /api/ -> https://github.com/ibnesayeed/linkextractor,1.400000,0.000000,3600,4900,5000,5400,5500,5600,5600,5600,5600,5600,5600,18,0,3700.0,3650.5082944446863,1205.494900001213,5600.631299981615,11810.0
1778884350,120,GET,GET /api/ -> https://httpbin.org/,2.200000,0.000000,3200,3700,4100,5300,5700,5800,6800,6800,6800,6800,6800,72,0,1500.0,2152.4556402784783,554.0444999933243,6756.969899986871,313.0
1778884350,120,GET,GET /api/ -> https://locust.io/,1.200000,0.000000,3600,4600,6400,6400,6600,7800,7800,7800,7800,7800,7800,20,0,2300.0,2872.87906499987,623.2677000225522,7809.541699971305,4762.0
1778884350,120,GET,GET /api/ -> https://redis.io/,1.100000,0.000000,4800,5800,6500,6500,6800,7100,7100,7100,7100,7100,7100,25,0,4100.0,4351.042928004172,2243.7484000111,7079.584600025555,7221.0
1778884350,120,GET,GET /api/ -> https://training.play-with-docker.com/,1.200000,0.000000,2900,3000,3900,6400,7900,7900,7900,7900,7900,7900,7900,14,0,1900.0,2729.629200008016,554.5339000236709,7928.145100013353,1424.0
1778884350,120,GET,GET /api/ -> https://www.python.org/,2.000000,0.000000,3700,4600,5500,6600,9600,11000,11000,11000,11000,11000,11000,53,0,1200.0,2254.6459226429743,355.74980001547374,11257.915099995444,12980.0
1778884350,120,,Aggregated,19.000000,0.000000,3400,4300,5300,5600,6500,7400,8600,10000,11000,11000,11000,469,0,1700.0,2436.6645181248373,130.5712999892421,11257.915099995444,5672.987206823028
1778884351,125,GET,GET /api/ -> http://example.com/,4.800000,0.000000,2300,3500,4100,4700,5600,6300,10000,10000,10000,10000,10000,109,0,1100.0,1737.1455844037273,130.5712999892421,10064.318499993533,65.0
1778884351,125,GET,GET /api/ -> https://books.toscrape.com/,3.600000,0.000000,3800,5200,5300,5600,7000,7300,8600,8600,8600,8600,8600,93,0,1700.0,2664.164518281224,641.6091999853961,8581.558700010646,7848.0
1778884351,125,GET,GET /api/ -> https://docs.docker.com/,1.000000,0.000000,4200,4800,5600,5600,6500,8500,8500,8500,8500,8500,8500,44,0,1200.0,2247.5864818195328,361.6844000061974,8522.21379999537,1741.0
1778884351,125,GET,GET /api/ -> https://flask.palletsprojects.com/,1.500000,0.000000,5700,5800,6100,6100,7900,11000,11000,11000,11000,11000,11000,36,0,2300.0,3301.8400583322446,806.3519000133965,10915.979300014442,19667.0
1778884351,125,GET,GET /api/ -> https://github.com/ibnesayeed/linkextractor,1.500000,0.000000,3600,4900,5000,5000,5500,5600,5600,5600,5600,5600,5600,18,0,3700.0,3650.5082944446863,1205.494900001213,5600.631299981615,11810.0
1778884351,125,GET,GET /api/ -> https://httpbin.org/,2.800000,0.000000,2900,3700,4100,4600,5700,5800,6800,6800,6800,6800,6800,75,0,1500.0,2107.986144000121,554.0444999933243,6756.969899986871,313.0
1778884351,125,GET,GET /api/ -> https://locust.io/,1.300000,0.000000,3600,4600,6400,6400,6600,7800,7800,7800,7800,7800,7800,21,0,2300.0,2826.0966523805455,623.2677000225522,7809.541699971305,4762.0
1778884351,125,GET,GET /api/ -> https://redis.io/,1.300000,0.000000,4200,4800,5800,6200,6500,6500,6500,6500,6500,6500,6500,27,0,4100.0,4267.718266670946,2243.7484000111,7079.584600025555,7221.0
1778884351,125,GET,GET /api/ -> https://training.play-with-docker.com/,1.300000,0.000000,2900,3000,3900,6400,7900,7900,7900,7900,7900,7900,7900,14,0,1900.0,2729.629200008016,554.5339000236709,7928.145100013353,1424.0
1778884351,125,GET,GET /api/ -> https://www.python.org/,2.400000,0.000000,3700,4300,4600,5500,8300,9600,11000,11000,11000,11000,11000,58,0,1300.0,2320.676100000755,355.74980001547374,11257.915099995444,12980.0
1778884351,125,,Aggregated,21.500000,0.000000,3300,4300,5200,5600,6400,7400,8600,10000,11000,11000,11000,495,0,1700.0,2476.918730910014,130.5712999892421,11257.915099995444,5707.80808080808
1778884352,130,GET,GET /api/ -> http://example.com/,4.900000,0.000000,2300,3500,4100,4700,5600,6300,10000,10000,10000,10000,10000,109,0,1100.0,1737.1455844037273,130.5712999892421,10064.318499993533,65.0
1778884352,130,GET,GET /api/ -> https://books.toscrape.com/,4.200000,0.000000,3600,4900,5200,5500,7000,7300,8600,8600,8600,8600,8600,96,0,1600.0,2653.1452166682357,641.6091999853961,8581.558700010646,7848.0
1778884352,130,GET,GET /api/ -> https://docs.docker.com/,1.200000,0.000000,4200,4800,5600,5600,6500,8500,8500,8500,8500,8500,8500,44,0,1200.0,2247.5864818195328,361.6844000061974,8522.21379999537,1741.0
1778884352,130,GET,GET /api/ -> https://flask.palletsprojects.com/,1.400000,0.000000,5700,5800,6100,6100,7900,11000,11000,11000,11000,11000,11000,36,0,2300.0,3301.8400583322446,806.3519000133965,10915.979300014442,19667.0
1778884352,130,GET,GET /api/ -> https://github.com/ibnesayeed/linkextractor,1.600000,0.000000,3700,4800,5000,5000,5500,5600,5600,5600,5600,5600,5600,19,0,3900.0,3712.959757894216,1205.494900001213,5600.631299981615,11810.0
1778884352,130,GET,GET /api/ -> https://httpbin.org/,3.200000,0.000000,2900,3700,4100,5200,5700,5800,6800,6800,6800,6800,6800,77,0,1500.0,2130.1300103897865,554.0444999933243,6756.969899986871,313.0
1778884352,130,GET,GET /api/ -> https://locust.io/,1.200000,0.000000,3600,4600,6400,6400,6600,7800,7800,7800,7800,7800,7800,21,0,2300.0,2826.0966523805455,623.2677000225522,7809.541699971305,4762.0
1778884352,130,GET,GET /api/ -> https://redis.io/,1.300000,0.000000,4200,4800,5800,6200,6500,6500,6500,6500,6500,6500,6500,27,0,4100.0,4267.718266670946,2243.7484000111,7079.584600025555,7221.0
1778884352,130,GET,GET /api/ -> https://training.play-with-docker.com/,1.300000,0.000000,2900,3000,3900,6400,7900,7900,7900,7900,7900,7900,7900,14,0,1900.0,2729.629200008016,554.5339000236709,7928.145100013353,1424.0
1778884352,130,GET,GET /api/ -> https://www.python.org/,2.300000,0.000000,3700,4000,4600,5500,8300,9600,11000,11000,11000,11000,11000,60,0,1400.0,2365.84374000037,355.74980001547374,11257.915099995444,12980.0
1778884352,130,,Aggregated,22.600000,0.000000,3400,4300,5200,5500,6400,7300,8600,10000,11000,11000,11000,503,0,1700.0,2487.314033996863,130.5712999892421,11257.915099995444,5740.168986083499
1778884353,135,GET,GET /api/ -> http://example.com/,4.400000,0.000000,2300,3500,4100,4300,6200,7100,10000,10000,10000,10000,10000,109,0,1100.0,1737.1455844037273,130.5712999892421,10064.318499993533,65.0
1778884353,135,GET,GET /api/ -> https://books.toscrape.com/,4.500000,0.000000,3900,5100,5200,5500,7200,7400,8600,8600,8600,8600,8600,99,0,1800.0,2737.2434464661933,641.6091999853961,8581.558700010646,7848.0
1778884353,135,GET,GET /api/ -> https://docs.docker.com/,1.400000,0.000000,4800,5100,5600,6500,8500,11000,11000,11000,11000,11000,11000,45,0,1200.0,2441.390568890428,361.6844000061974,10968.770400009817,1741.0
1778884353,135,GET,GET /api/ -> https://flask.palletsprojects.com/,1.400000,0.000000,4000,5800,5900,6100,7900,11000,11000,11000,11000,11000,11000,36,0,2300.0,3301.8400583322446,806.3519000133965,10915.979300014442,19667.0
1778884353,135,GET,GET /api/ -> https://github.com/ibnesayeed/linkextractor,1.300000,0.000000,3700,4900,5000,5000,5500,5600,5600,5600,5600,5600,5600,19,0,3900.0,3712.959757894216,1205.494900001213,5600.631299981615,11810.0
1778884353,135,GET,GET /api/ -> https://httpbin.org/,3.000000,0.000000,3200,3800,5200,5300,5700,6800,8100,8100,8100,8100,8100,78,0,1500.0,2207.0216192309417,554.0444999933243,8127.675499999896,313.0
1778884353,135,GET,GET /api/ -> https://locust.io/,1.200000,0.000000,3700,4600,6600,6600,7800,7800,7800,7800,7800,7800,7800,21,0,2300.0,2826.0966523805455,623.2677000225522,7809.541699971305,4762.0
1778884353,135,GET,GET /api/ -> https://redis.io/,1.200000,0.000000,4200,4800,5800,6200,6500,6500,6500,6500,6500,6500,6500,27,0,4100.0,4267.718266670946,2243.7484000111,7079.584600025555,7221.0
1778884353,135,GET,GET /api/ -> https://training.play-with-docker.com/,1.400000,0.000000,2900,3000,3900,6400,7900,7900,7900,7900,7900,7900,7900,15,0,2000.0,2729.0360066729286,554.5339000236709,7928.145100013353,1424.0
1778884353,135,GET,GET /api/ -> https://www.python.org/,1.900000,0.000000,3800,4600,5100,6600,8300,9600,11000,11000,11000,11000,11000,62,0,1400.0,2504.0417258071925,355.74980001547374,11257.915099995444,12980.0
1778884353,135,,Aggregated,21.700000,0.000000,3600,4600,5200,5600,6600,8200,10000,11000,11000,11000,11000,511,0,1800.0,2548.965282388336,130.5712999892421,11257.915099995444,5753.986301369863
1778884355,140,GET,GET /api/ -> http://example.com/,4.300000,0.000000,2100,3800,4000,4700,6200,6300,10000,10000,10000,10000,10000,109,0,1100.0,1737.1455844037273,130.5712999892421,10064.318499993533,65.0
1778884355,140,GET,GET /api/ -> https://books.toscrape.com/,4.400000,0.000000,3900,4800,5200,5200,5900,8200,8600,8600,8600,8600,8600,99,0,1800.0,2737.2434464661933,641.6091999853961,8581.558700010646,7848.0
1778884355,140,GET,GET /api/ -> https://docs.docker.com/,1.600000,0.000000,4800,5600,6500,6500,8500,11000,11000,11000,11000,11000,11000,46,0,1200.0,2519.2597108714676,361.6844000061974,10968.770400009817,1741.0
1778884355,140,GET,GET /api/ -> https://flask.palletsprojects.com/,1.600000,0.000000,3500,3600,5800,5900,11000,11000,11000,11000,11000,11000,11000,37,0,2400.0,3304.9049837824673,806.3519000133965,10915.979300014442,19667.0
1778884355,140,GET,GET /api/ -> https://github.com/ibnesayeed/linkextractor,1.100000,0.000000,3700,4800,5000,5500,5600,5600,5600,5600,5600,5600,5600,19,0,3900.0,3712.959757894216,1205.494900001213,5600.631299981615,11810.0
1778884355,140,GET,GET /api/ -> https://httpbin.org/,3.100000,0.000000,2900,4100,5300,5700,5800,6800,8100,8100,8100,8100,8100,80,0,1500.0,2225.783356250031,554.0444999933243,8127.675499999896,313.0
1778884355,140,GET,GET /api/ -> https://locust.io/,1.100000,0.000000,3700,4600,6600,6600,7800,7800,7800,7800,7800,7800,7800,22,0,2300.0,2846.2010045451198,623.2677000225522,7809.541699971305,4762.0
1778884355,140,GET,GET /api/ -> https://redis.io/,1.000000,0.000000,4200,4800,5800,5800,6200,6200,6200,6200,6200,6200,6200,27,0,4100.0,4267.718266670946,2243.7484000111,7079.584600025555,7221.0
1778884355,140,GET,GET /api/ -> https://training.play-with-docker.com/,1.000000,0.000000,2700,2900,3900,6400,7900,7900,7900,7900,7900,7900,7900,15,0,2000.0,2729.0360066729286,554.5339000236709,7928.145100013353,1424.0
1778884355,140,GET,GET /api/ -> https://www.python.org/,2.300000,0.000000,3900,5100,6600,8200,8800,9600,11000,11000,11000,11000,11000,64,0,1400.0,2635.5468156252755,355.74980001547374,11257.915099995444,12980.0
1778884355,140,,Aggregated,21.500000,0.000000,3600,4700,5300,5700,6600,8300,10000,11000,11000,11000,11000,518,0,1800.0,2576.3854372594797,130.5712999892421,11257.915099995444,5778.075289575289
1778884356,145,GET,GET /api/ -> http://example.com/,3.600000,0.000000,2300,3900,5600,6200,9300,10000,10000,10000,10000,10000,10000,110,0,1100.0,1806.2847454545342,130.5712999892421,10064.318499993533,65.0
1778884356,145,GET,GET /api/ -> https://books.toscrape.com/,4.100000,0.000000,3800,4800,5200,5200,7300,8600,9900,9900,9900,9900,9900,100,0,1800.0,2808.428352001356,641.6091999853961,9855.733999982476,7848.0
1778884356,145,GET,GET /api/ -> https://docs.docker.com/,1.400000,0.000000,5600,6500,7600,8500,9500,11000,11000,11000,11000,11000,11000,48,0,1400.0,2769.5062562512853,361.6844000061974,10968.770400009817,1741.0
1778884356,145,GET,GET /api/ -> https://flask.palletsprojects.com/,1.300000,0.000000,3500,5800,5900,5900,11000,11000,11000,11000,11000,11000,11000,37,0,2400.0,3304.9049837824673,806.3519000133965,10915.979300014442,19667.0
1778884356,145,GET,GET /api/ -> https://github.com/ibnesayeed/linkextractor,1.100000,0.000000,4800,5500,5500,5600,5600,5600,5600,5600,5600,5600,5600,19,0,3900.0,3712.959757894216,1205.494900001213,5600.631299981615,11810.0
1778884356,145,GET,GET /api/ -> https://httpbin.org/,3.200000,0.000000,3100,5200,5500,5700,6800,8100,8600,8600,8600,8600,8600,83,0,1600.0,2376.5366337348355,554.0444999933243,8630.428400007077,313.0
1778884356,145,GET,GET /api/ -> https://locust.io/,0.700000,0.000000,4300,4300,6600,6600,7800,7800,7800,7800,7800,7800,7800,23,0,2300.0,2910.3708434774053,623.2677000225522,7809.541699971305,4762.0
1778884356,145,GET,GET /api/ -> https://redis.io/,0.800000,0.000000,4200,4800,5800,5800,6200,6200,6200,6200,6200,6200,6200,27,0,4100.0,4267.718266670946,2243.7484000111,7079.584600025555,7221.0
1778884356,145,GET,GET /api/ -> https://training.play-with-docker.com/,1.000000,0.000000,2900,3900,6400,6400,7900,7900,7900,7900,7900,7900,7900,15,0,2000.0,2729.0360066729286,554.5339000236709,7928.145100013353,1424.0
1778884356,145,GET,GET /api/ -> https://www.python.org/,2.500000,0.000000,4000,5100,6600,8200,8800,9600,11000,11000,11000,11000,11000,66,0,1500.0,2715.6820727276763,355.74980001547374,11257.915099995444,12980.0
1778884356,145,,Aggregated,19.700000,0.000000,3800,4900,5600,5900,8100,9300,10000,11000,11000,11000,11000,528,0,1900.0,2660.7731011370174,130.5712999892421,11257.915099995444,5750.1875
1778884357,150,GET,GET /api/ -> http://example.com/,3.600000,0.000000,2300,4700,6200,6300,9300,10000,10000,10000,10000,10000,10000,110,0,1100.0,1806.2847454545342,130.5712999892421,10064.318499993533,65.0
1778884357,150,GET,GET /api/ -> https://books.toscrape.com/,4.100000,0.000000,3800,4900,5300,7300,9200,9900,12000,12000,12000,12000,12000,102,0,1900.0,2959.1210500012476,641.6091999853961,11828.186800004914,7848.0
1778884357,150,GET,GET /api/ -> https://docs.docker.com/,1.400000,0.000000,5300,6500,7600,8500,9500,11000,11000,11000,11000,11000,11000,49,0,1700.0,2821.3099489809365,361.6844000061974,10968.770400009817,1741.0
1778884357,150,GET,GET /api/ -> https://flask.palletsprojects.com/,1.300000,0.000000,3400,3500,5800,5800,5900,5900,5900,5900,5900,5900,5900,37,0,2400.0,3304.9049837824673,806.3519000133965,10915.979300014442,19667.0
1778884357,150,GET,GET /api/ -> https://github.com/ibnesayeed/linkextractor,1.100000,0.000000,5500,5500,5600,5600,5600,5600,5600,5600,5600,5600,5600,19,0,3900.0,3712.959757894216,1205.494900001213,5600.631299981615,11810.0
1778884357,150,GET,GET /api/ -> https://httpbin.org/,3.200000,0.000000,3100,5100,5300,5500,6800,8100,8600,8600,8600,8600,8600,83,0,1600.0,2376.5366337348355,554.0444999933243,8630.428400007077,313.0
1778884357,150,GET,GET /api/ -> https://locust.io/,0.700000,0.000000,5300,5300,6600,6600,8200,8200,8200,8200,8200,8200,8200,25,0,2400.0,3217.5789479981177,623.2677000225522,8242.055299982894,4762.0
1778884357,150,GET,GET /api/ -> https://redis.io/,0.800000,0.000000,3900,3900,4800,4800,5800,5800,5800,5800,5800,5800,5800,27,0,4100.0,4267.718266670946,2243.7484000111,7079.584600025555,7221.0
1778884357,150,GET,GET /api/ -> https://training.play-with-docker.com/,1.000000,0.000000,3900,3900,7900,7900,7900,7900,7900,7900,7900,7900,7900,15,0,2000.0,2729.0360066729286,554.5339000236709,7928.145100013353,1424.0
1778884357,150,GET,GET /api/ -> https://www.python.org/,2.500000,0.000000,4000,5500,6600,8200,8800,11000,11000,11000,11000,11000,11000,68,0,1500.0,2801.173502941417,355.74980001547374,11257.915099995444,12980.0
1778884357,150,,Aggregated,19.700000,0.000000,3900,5200,5800,6200,8300,9300,11000,11000,12000,12000,12000,535,0,1900.0,2721.363219065988,130.5712999892421,11828.186800004914,5773.869158878505
1778884358,155,GET,GET /api/ -> http://example.com/,2.400000,0.000000,4700,6200,6300,6300,7800,9300,9300,9300,9300,9300,9300,111,0,1200.0,1860.0041126126532,130.5712999892421,10064.318499993533,65.0
1778884358,155,GET,GET /api/ -> https://books.toscrape.com/,3.700000,0.000000,3900,5100,5300,8200,9200,9900,12000,12000,12000,12000,12000,103,0,1900.0,3017.5536300984745,641.6091999853961,11828.186800004914,7848.0
1778884358,155,GET,GET /api/ -> https://docs.docker.com/,1.400000,0.000000,5300,6000,6500,7600,9500,11000,11000,11000,11000,11000,11000,52,0,1900.0,2903.950938462423,361.6844000061974,10968.770400009817,1741.0
1778884358,155,GET,GET /api/ -> https://flask.palletsprojects.com/,0.900000,0.000000,3400,3500,5800,5900,7800,7800,7800,7800,7800,7800,7800,39,0,2400.0,3384.0006923061223,806.3519000133965,10915.979300014442,19667.0
1778884358,155,GET,GET /api/ -> https://github.com/ibnesayeed/linkextractor,0.900000,0.000000,5500,5500,8900,8900,8900,8900,8900,8900,8900,8900,8900,20,0,3900.0,3970.0300600001356,1205.494900001213,8854.365800012602,11810.0
1778884358,155,GET,GET /api/ -> https://httpbin.org/,3.000000,0.000000,3100,5100,5300,5500,7900,8100,8600,8600,8600,8600,8600,86,0,1600.0,2470.2835465114035,554.0444999933243,8630.428400007077,313.0
1778884358,155,GET,GET /api/ -> https://locust.io/,0.600000,0.000000,5300,6600,8200,8200,9100,9100,9100,9100,9100,9100,9100,26,0,2400.0,3445.160203843933,623.2677000225522,9134.69159998931,4762.0
1778884358,155,GET,GET /api/ -> https://redis.io/,0.800000,0.000000,3900,3900,4800,4800,4800,4800,4800,4800,4800,4800,4800,27,0,4100.0,4267.718266670946,2243.7484000111,7079.584600025555,7221.0
1778884358,155,GET,GET /api/ -> https://training.play-with-docker.com/,0.900000,0.000000,3900,3900,7900,7900,7900,7900,7900,7900,7900,7900,7900,15,0,2000.0,2729.0360066729286,554.5339000236709,7928.145100013353,1424.0
1778884358,155,GET,GET /api/ -> https://www.python.org/,2.500000,0.000000,4600,5800,6600,8000,8300,8800,8800,8800,8800,8800,8800,69,0,1700.0,2876.6135144932364,355.74980001547374,11257.915099995444,12980.0
1778884358,155,,Aggregated,17.100000,0.000000,4000,5300,6000,6600,8600,9200,9900,11000,12000,12000,12000,548,0,1900.0,2803.50250638741,130.5712999892421,11828.186800004914,5788.286496350365
1778884359,160,GET,GET /api/ -> http://example.com/,2.400000,0.000000,6200,6300,7800,8200,9300,9300,9300,9300,9300,9300,9300,112,0,1200.0,1916.4873008929655,130.5712999892421,10064.318499993533,65.0
1778884359,160,GET,GET /api/ -> https://books.toscrape.com/,3.700000,0.000000,4900,5300,9000,9200,12000,13000,13000,13000,13000,13000,13000,104,0,1900.0,3114.0740269242647,641.6091999853961,13055.674899980659,7848.0
1778884359,160,GET,GET /api/ -> https://docs.docker.com/,1.400000,0.000000,5500,6500,8500,9500,10000,11000,11000,11000,11000,11000,11000,53,0,1900.0,3045.3913773592335,361.6844000061974,10968.770400009817,1741.0
1778884359,160,GET,GET /api/ -> https://flask.palletsprojects.com/,0.900000,0.000000,3400,5400,5800,5800,7800,7800,7800,7800,7800,7800,7800,41,0,2400.0,3393.1186439010894,806.3519000133965,10915.979300014442,19667.0
1778884359,160,GET,GET /api/ -> https://github.com/ibnesayeed/linkextractor,0.900000,0.000000,5500,5500,8900,8900,8900,8900,8900,8900,8900,8900,8900,20,0,3900.0,3970.0300600001356,1205.494900001213,8854.365800012602,11810.0
1778884359,160,GET,GET /api/ -> https://httpbin.org/,3.000000,0.000000,3100,5200,5500,6300,8100,8600,8600,8600,8600,8600,8600,86,0,1600.0,2470.2835465114035,554.0444999933243,8630.428400007077,313.0
1778884359,160,GET,GET /api/ -> https://locust.io/,0.600000,0.000000,5300,8200,9100,9100,12000,12000,12000,12000,12000,12000,12000,27,0,2500.0,3749.9211370347807,623.2677000225522,11673.705399996834,4762.0
1778884359,160,GET,GET /api/ -> https://redis.io/,0.800000,0.000000,4800,4800,6600,6600,6600,6600,6600,6600,6600,6600,6600,28,0,4100.0,4352.144075004617,2243.7484000111,7079.584600025555,7221.0
1778884359,160,GET,GET /api/ -> https://training.play-with-docker.com/,0.900000,0.000000,3900,3900,3900,3900,3900,3900,3900,3900,3900,3900,3900,15,0,2000.0,2729.0360066729286,554.5339000236709,7928.145100013353,1424.0
1778884359,160,GET,GET /api/ -> https://www.python.org/,2.500000,0.000000,4600,5800,8000,8200,8400,8800,8800,8800,8800,8800,8800,71,0,1800.0,2977.726381690599,355.74980001547374,11257.915099995444,12980.0
1778884359,160,,Aggregated,17.100000,0.000000,4800,5500,6600,8000,9000,9900,12000,12000,13000,13000,13000,557,0,2000.0,2883.915418492456,130.5712999892421,13055.674899980659,5850.829443447038
1778884360,165,GET,GET /api/ -> http://example.com/,1.500000,0.000000,6300,7800,8200,8200,9300,9300,9300,9300,9300,9300,9300,112,0,1200.0,1916.4873008929655,130.5712999892421,10064.318499993533,65.0
1778884360,165,GET,GET /api/ -> https://books.toscrape.com/,2.800000,0.000000,4900,8200,9200,9900,12000,13000,13000,13000,13000,13000,13000,105,0,2000.0,3126.923598096584,641.6091999853961,13055.674899980659,7848.0
1778884360,165,GET,GET /api/ -> https://docs.docker.com/,1.700000,0.000000,5500,6500,7600,9500,10000,11000,11000,11000,11000,11000,11000,54,0,1900.0,3021.32277777882,361.6844000061974,10968.770400009817,1741.0
1778884360,165,GET,GET /api/ -> https://flask.palletsprojects.com/,0.900000,0.000000,3400,5400,7800,7800,8300,8300,8300,8300,8300,8300,8300,42,0,2400.0,3510.2751238085884,806.3519000133965,10915.979300014442,19667.0
1778884360,165,GET,GET /api/ -> https://github.com/ibnesayeed/linkextractor,0.500000,0.000000,5500,5500,8900,8900,8900,8900,8900,8900,8900,8900,8900,21,0,3900.0,3912.539271428527,1205.494900001213,8854.365800012602,11810.0
1778884360,165,GET,GET /api/ -> https://httpbin.org/,2.900000,0.000000,5100,5500,7900,7900,8100,8600,8600,8600,8600,8600,8600,88,0,1600.0,2553.1894579544314,554.0444999933243,8630.428400007077,313.0
1778884360,165,GET,GET /api/ -> https://locust.io/,0.700000,0.000000,5300,8200,9100,9100,12000,12000,12000,12000,12000,12000,12000,27,0,2500.0,3749.9211370347807,623.2677000225522,11673.705399996834,4762.0
1778884360,165,GET,GET /api/ -> https://redis.io/,0.600000,0.000000,6600,6600,8300,8300,8300,8300,8300,8300,8300,8300,8300,29,0,4100.0,4488.9211069003695,2243.7484000111,8318.677999981446,7221.0
1778884360,165,GET,GET /api/ -> https://training.play-with-docker.com/,0.300000,0.000000,3900,3900,3900,3900,3900,3900,3900,3900,3900,3900,3900,15,0,2000.0,2729.0360066729286,554.5339000236709,7928.145100013353,1424.0
1778884360,165,GET,GET /api/ -> https://www.python.org/,2.100000,0.000000,4600,5800,8000,8200,8800,8800,8800,8800,8800,8800,8800,72,0,1800.0,3058.3425125005306,355.74980001547374,11257.915099995444,12980.0
1778884360,165,,Aggregated,14.000000,0.000000,5100,6500,8100,8200,9100,10000,12000,13000,13000,13000,13000,565,0,2000.0,2925.5987991156485,130.5712999892421,13055.674899980659,5877.530973451328
1778884361,170,GET,GET /api/ -> http://example.com/,1.200000,0.000000,6300,7800,8200,8200,9300,9300,9300,9300,9300,9300,9300,112,0,1200.0,1916.4873008929655,130.5712999892421,10064.318499993533,65.0
1778884361,170,GET,GET /api/ -> https://books.toscrape.com/,2.700000,0.000000,5100,9000,9200,9900,12000,13000,13000,13000,13000,13000,13000,106,0,1900.0,3111.551548114633,641.6091999853961,13055.674899980659,7848.0
1778884361,170,GET,GET /api/ -> https://docs.docker.com/,1.800000,0.000000,6000,7600,9500,10000,11000,13000,13000,13000,13000,13000,13000,55,0,1900.0,3207.9653272733344,361.6844000061974,13286.662999977125,1741.0
1778884361,170,GET,GET /api/ -> https://flask.palletsprojects.com/,0.800000,0.000000,3400,5400,7800,7800,8300,8300,8300,8300,8300,8300,8300,42,0,2400.0,3510.2751238085884,806.3519000133965,10915.979300014442,19667.0
1778884361,170,GET,GET /api/ -> https://github.com/ibnesayeed/linkextractor,0.400000,0.000000,6500,6500,8900,8900,8900,8900,8900,8900,8900,8900,8900,22,0,3900.0,4029.7923045449847,1205.494900001213,8854.365800012602,11810.0
1778884361,170,GET,GET /api/ -> https://httpbin.org/,2.300000,0.000000,6300,8000,8000,8100,11000,14000,14000,14000,14000,14000,14000,92,0,1700.0,2888.342913043111,554.0444999933243,14494.54159999732,313.0
1778884361,170,GET,GET /api/ -> https://locust.io/,0.700000,0.000000,5300,8200,9100,9100,12000,12000,12000,12000,12000,12000,12000,27,0,2500.0,3749.9211370347807,623.2677000225522,11673.705399996834,4762.0
1778884361,170,GET,GET /api/ -> https://redis.io/,0.500000,0.000000,8300,12000,16000,16000,16000,16000,16000,16000,16000,16000,16000,32,0,4200.0,5419.308881252618,2243.7484000111,15782.333399984054,7221.0
1778884361,170,GET,GET /api/ -> https://training.play-with-docker.com/,0.200000,0.000000,8100,8100,8100,8100,8100,8100,8100,8100,8100,8100,8100,16,0,2000.0,3067.6793125057884,554.5339000236709,8147.3288999986835,1424.0
1778884361,170,GET,GET /api/ -> https://www.python.org/,1.900000,0.000000,5800,8000,8200,8400,8800,8800,8800,8800,8800,8800,8800,72,0,1800.0,3058.3425125005306,355.74980001547374,11257.915099995444,12980.0
1778884361,170,,Aggregated,12.500000,0.000000,6600,8200,8800,9100,12000,13000,16000,16000,16000,16000,16000,576,0,2100.0,3067.1405442712967,130.5712999892421,15782.333399984054,5844.692708333333
1778884362,175,GET,GET /api/ -> http://example.com/,1.000000,0.000000,7800,8200,9300,9300,9700,9700,9700,9700,9700,9700,9700,113,0,1200.0,1985.1890247788042,130.5712999892421,10064.318499993533,65.0
1778884362,175,GET,GET /api/ -> https://books.toscrape.com/,2.100000,0.000000,9000,9200,9900,12000,13000,13000,13000,13000,13000,13000,13000,106,0,1900.0,3111.551548114633,641.6091999853961,13055.674899980659,7848.0
1778884362,175,GET,GET /api/ -> https://docs.docker.com/,1.600000,0.000000,7600,9500,11000,11000,13000,15000,15000,15000,15000,15000,15000,56,0,1900.0,3416.626207143833,361.6844000061974,14892.974600021262,1741.0
1778884362,175,GET,GET /api/ -> https://flask.palletsprojects.com/,0.900000,0.000000,4500,5400,7800,7800,8300,8300,8300,8300,8300,8300,8300,43,0,3000.0,3532.2726697669104,806.3519000133965,10915.979300014442,19667.0
1778884362,175,GET,GET /api/ -> https://github.com/ibnesayeed/linkextractor,0.300000,0.000000,6500,8900,8900,11000,11000,11000,11000,11000,11000,11000,11000,23,0,4300.0,4319.468660868512,1205.494900001213,10692.34849998611,11810.0
1778884362,175,GET,GET /api/ -> https://httpbin.org/,2.100000,0.000000,7900,8000,8100,8600,11000,14000,14000,14000,14000,14000,14000,92,0,1700.0,2888.342913043111,554.0444999933243,14494.54159999732,313.0
1778884362,175,GET,GET /api/ -> https://locust.io/,0.700000,0.000000,5300,8200,9100,9100,12000,12000,12000,12000,12000,12000,12000,28,0,2400.0,3661.096078569244,623.2677000225522,11673.705399996834,4762.0
1778884362,175,GET,GET /api/ -> https://redis.io/,0.500000,0.000000,8300,12000,16000,16000,16000,16000,16000,16000,16000,16000,16000,32,0,4200.0,5419.308881252618,2243.7484000111,15782.333399984054,7221.0
1778884362,175,GET,GET /api/ -> https://training.play-with-docker.com/,0.200000,0.000000,3700,3700,8100,8100,8100,8100,8100,8100,8100,8100,8100,17,0,2700.0,3105.600635300267,554.5339000236709,8147.3288999986835,1424.0
1778884362,175,GET,GET /api/ -> https://www.python.org/,1.900000,0.000000,6600,8200,8400,8800,8800,10000,10000,10000,10000,10000,10000,74,0,2300.0,3172.0027391896333,355.74980001547374,11257.915099995444,12980.0
1778884362,175,,Aggregated,11.300000,0.000000,7800,8300,9000,9500,12000,13000,16000,16000,16000,16000,16000,584,0,2100.0,3126.5358414388525,130.5712999892421,15782.333399984054,5876.664383561644
1778884363,180,GET,GET /api/ -> http://example.com/,1.000000,0.000000,9300,9300,9700,9700,9700,9700,9700,9700,9700,9700,9700,113,0,1200.0,1985.1890247788042,130.5712999892421,10064.318499993533,65.0
1778884363,180,GET,GET /api/ -> https://books.toscrape.com/,2.100000,0.000000,9000,9200,9900,12000,13000,13000,13000,13000,13000,13000,13000,106,0,1900.0,3111.551548114633,641.6091999853961,13055.674899980659,7848.0
1778884363,180,GET,GET /api/ -> https://docs.docker.com/,1.600000,0.000000,7600,9500,11000,11000,13000,15000,15000,15000,15000,15000,15000,57,0,2000.0,3553.063535088624,361.6844000061974,14892.974600021262,1741.0
1778884363,180,GET,GET /api/ -> https://flask.palletsprojects.com/,0.900000,0.000000,4700,5400,7800,7900,8300,8300,8300,8300,8300,8300,8300,46,0,3200.0,3671.29796304368,806.3519000133965,10915.979300014442,19667.0
1778884363,180,GET,GET /api/ -> https://github.com/ibnesayeed/linkextractor,0.300000,0.000000,6500,8900,8900,11000,11000,11000,11000,11000,11000,11000,11000,23,0,4300.0,4319.468660868512,1205.494900001213,10692.34849998611,11810.0
1778884363,180,GET,GET /api/ -> https://httpbin.org/,2.100000,0.000000,7900,8000,8000,8600,11000,14000,14000,14000,14000,14000,14000,92,0,1700.0,2888.342913043111,554.0444999933243,14494.54159999732,313.0
1778884363,180,GET,GET /api/ -> https://locust.io/,0.700000,0.000000,5300,8200,9100,9100,12000,12000,12000,12000,12000,12000,12000,28,0,2400.0,3661.096078569244,623.2677000225522,11673.705399996834,4762.0
1778884363,180,GET,GET /api/ -> https://redis.io/,0.500000,0.000000,8300,12000,16000,16000,16000,16000,16000,16000,16000,16000,16000,32,0,4200.0,5419.308881252618,2243.7484000111,15782.333399984054,7221.0
1778884363,180,GET,GET /api/ -> https://training.play-with-docker.com/,0.200000,0.000000,8100,8100,13000,13000,13000,13000,13000,13000,13000,13000,13000,18,0,2700.0,3657.0674722267236,554.5339000236709,13032.003699976485,1424.0
1778884363,180,GET,GET /api/ -> https://www.python.org/,1.900000,0.000000,6900,8400,8800,8800,10000,14000,14000,14000,14000,14000,14000,76,0,2400.0,3362.26456578994,355.74980001547374,13886.565799999516,12980.0
1778884363,180,,Aggregated,11.300000,0.000000,7800,8400,9300,10000,13000,14000,16000,16000,16000,16000,16000,591,0,2100.0,3194.447334687475,130.5712999892421,15782.333399984054,5956.172588832487
1778884364,185,GET,GET /api/ -> http://example.com/,0.400000,0.000000,9300,9300,9700,9700,9700,9700,9700,9700,9700,9700,9700,113,0,1200.0,1985.1890247788042,130.5712999892421,10064.318499993533,65.0
1778884364,185,GET,GET /api/ -> https://books.toscrape.com/,1.300000,0.000000,9200,9900,12000,12000,13000,13000,13000,13000,13000,13000,13000,106,0,1900.0,3111.551548114633,641.6091999853961,13055.674899980659,7848.0
1778884364,185,GET,GET /api/ -> https://docs.docker.com/,1.100000,0.000000,7600,9500,11000,11000,13000,15000,15000,15000,15000,15000,15000,58,0,2000.0,3527.641631035106,361.6844000061974,14892.974600021262,1741.0
1778884364,185,GET,GET /api/ -> https://flask.palletsprojects.com/,0.700000,0.000000,4700,5400,7800,7900,8300,8300,8300,8300,8300,8300,8300,46,0,3200.0,3671.29796304368,806.3519000133965,10915.979300014442,19667.0
1778884364,185,GET,GET /api/ -> https://github.com/ibnesayeed/linkextractor,0.500000,0.000000,8900,8900,11000,11000,11000,11000,11000,11000,11000,11000,11000,23,0,4300.0,4319.468660868512,1205.494900001213,10692.34849998611,11810.0
1778884364,185,GET,GET /api/ -> https://httpbin.org/,1.700000,0.000000,8000,8000,8600,11000,12000,14000,14000,14000,14000,14000,14000,94,0,1800.0,3027.760863829555,554.0444999933243,14494.54159999732,313.0
1778884364,185,GET,GET /api/ -> https://locust.io/,0.700000,0.000000,8200,8200,9100,9100,12000,12000,12000,12000,12000,12000,12000,28,0,2400.0,3661.096078569244,623.2677000225522,11673.705399996834,4762.0
1778884364,185,GET,GET /api/ -> https://redis.io/,0.500000,0.000000,12000,16000,16000,16000,16000,16000,16000,16000,16000,16000,16000,32,0,4200.0,5419.308881252618,2243.7484000111,15782.333399984054,7221.0
1778884364,185,GET,GET /api/ -> https://training.play-with-docker.com/,0.300000,0.000000,8100,8100,13000,13000,13000,13000,13000,13000,13000,13000,13000,18,0,2700.0,3657.0674722267236,554.5339000236709,13032.003699976485,1424.0
1778884364,185,GET,GET /api/ -> https://www.python.org/,1.300000,0.000000,7300,8400,8800,10000,11000,14000,14000,14000,14000,14000,14000,81,0,2800.0,3665.10818271652,355.74980001547374,13886.565799999516,12980.0
1778884364,185,,Aggregated,8.500000,0.000000,7900,8800,9700,11000,12000,14000,16000,16000,16000,16000,16000,599,0,2200.0,3255.7939848085093,130.5712999892421,15782.333399984054,5988.923205342237
1778884365,190,GET,GET /api/ -> http://example.com/,0.400000,0.000000,9300,9700,9700,9700,9700,9700,9700,9700,9700,9700,9700,114,0,1200.0,2052.9561122808414,130.5712999892421,10064.318499993533,65.0
1778884365,190,GET,GET /api/ -> https://books.toscrape.com/,1.300000,0.000000,12000,13000,13000,13000,14000,14000,14000,14000,14000,14000,14000,108,0,2000.0,3311.777806482698,641.6091999853961,14372.506399988197,7848.0
1778884365,190,GET,GET /api/ -> https://docs.docker.com/,1.100000,0.000000,8200,10000,13000,13000,15000,16000,16000,16000,16000,16000,16000,60,0,2100.0,3817.5781633341103,361.6844000061974,16266.842100012582,1741.0
1778884365,190,GET,GET /api/ -> https://flask.palletsprojects.com/,0.700000,0.000000,4700,5400,7800,7900,8300,8300,8300,8300,8300,8300,8300,46,0,3200.0,3671.29796304368,806.3519000133965,10915.979300014442,19667.0
1778884365,190,GET,GET /api/ -> https://github.com/ibnesayeed/linkextractor,0.500000,0.000000,8900,8900,11000,11000,11000,11000,11000,11000,11000,11000,11000,23,0,4300.0,4319.468660868512,1205.494900001213,10692.34849998611,11810.0
1778884365,190,GET,GET /api/ -> https://httpbin.org/,1.700000,0.000000,8000,8000,11000,12000,14000,14000,14000,14000,14000,14000,14000,95,0,1800.0,3144.453061052512,554.0444999933243,14494.54159999732,313.0
1778884365,190,GET,GET /api/ -> https://locust.io/,0.700000,0.000000,8200,9100,9100,12000,12000,12000,12000,12000,12000,12000,12000,28,0,2400.0,3661.096078569244,623.2677000225522,11673.705399996834,4762.0
1778884365,190,GET,GET /api/ -> https://redis.io/,0.500000,0.000000,16000,16000,16000,16000,18000,18000,18000,18000,18000,18000,18000,33,0,4300.0,5801.864630305456,2243.7484000111,18043.64859999623,7221.0
1778884365,190,GET,GET /api/ -> https://training.play-with-docker.com/,0.300000,0.000000,8100,8100,13000,13000,13000,13000,13000,13000,13000,13000,13000,18,0,2700.0,3657.0674722267236,554.5339000236709,13032.003699976485,1424.0
1778884365,190,GET,GET /api/ -> https://www.python.org/,1.300000,0.000000,7400,8400,10000,10000,11000,14000,14000,14000,14000,14000,14000,82,0,2800.0,3675.6834646345474,355.74980001547374,13886.565799999516,12980.0
1778884365,190,,Aggregated,8.500000,0.000000,8000,9100,11000,12000,14000,16000,16000,18000,18000,18000,18000,607,0,2200.0,3375.485498517793,130.5712999892421,18043.64859999623,5975.489291598023
1778884366,195,GET,GET /api/ -> http://example.com/,0.400000,0.000000,9700,9700,9700,9700,9700,9700,9700,9700,9700,9700,9700,114,0,1200.0,2052.9561122808414,130.5712999892421,10064.318499993533,65.0
1778884366,195,GET,GET /api/ -> https://books.toscrape.com/,0.700000,0.000000,9000,13000,13000,13000,14000,14000,14000,14000,14000,14000,14000,109,0,2000.0,3354.1605935790876,641.6091999853961,14372.506399988197,7848.0
1778884366,195,GET,GET /api/ -> https://docs.docker.com/,1.200000,0.000000,8200,11000,12000,13000,15000,16000,16000,16000,16000,16000,16000,62,0,2100.0,3923.044743548681,361.6844000061974,16266.842100012582,1741.0
1778884366,195,GET,GET /api/ -> https://flask.palletsprojects.com/,1.000000,0.000000,4700,7800,7900,7900,8300,16000,16000,16000,16000,16000,16000,48,0,3200.0,3903.4639000007396,806.3519000133965,15715.287900005933,19667.0
1778884366,195,GET,GET /api/ -> https://github.com/ibnesayeed/linkextractor,0.400000,0.000000,8900,9900,9900,11000,11000,11000,11000,11000,11000,11000,11000,24,0,4300.0,4550.759574998665,1205.494900001213,10692.34849998611,11810.0
1778884366,195,GET,GET /api/ -> https://httpbin.org/,1.600000,0.000000,8000,11000,12000,14000,14000,17000,17000,17000,17000,17000,17000,96,0,1800.0,3289.397302083065,554.0444999933243,17059.10019998555,313.0
1778884366,195,GET,GET /api/ -> https://locust.io/,0.700000,0.000000,9100,9100,12000,12000,12000,12000,12000,12000,12000,12000,12000,29,0,2500.0,3711.121831032054,623.2677000225522,11673.705399996834,4762.0
1778884366,195,GET,GET /api/ -> https://redis.io/,0.500000,0.000000,16000,16000,16000,16000,18000,18000,18000,18000,18000,18000,18000,33,0,4300.0,5801.864630305456,2243.7484000111,18043.64859999623,7221.0
1778884366,195,GET,GET /api/ -> https://training.play-with-docker.com/,0.300000,0.000000,8100,8100,13000,13000,13000,13000,13000,13000,13000,13000,13000,18,0,2700.0,3657.0674722267236,554.5339000236709,13032.003699976485,1424.0
1778884366,195,GET,GET /api/ -> https://www.python.org/,1.800000,0.000000,8000,8800,11000,11000,11000,14000,14000,14000,14000,14000,14000,83,0,2900.0,3766.022962650932,355.74980001547374,13886.565799999516,12980.0
1778884366,195,,Aggregated,8.600000,0.000000,8000,9900,11000,12000,14000,16000,17000,18000,18000,18000,18000,616,0,2300.0,3462.219318019886,130.5712999892421,18043.64859999623,6018.913961038961
1778884367,200,GET,GET /api/ -> http://example.com/,0.500000,0.000000,9700,9700,9700,9700,17000,17000,17000,17000,17000,17000,17000,116,0,1200.0,2190.311068103695,130.5712999892421,17454.38209999702,65.0
1778884367,200,GET,GET /api/ -> https://books.toscrape.com/,0.900000,0.000000,7900,13000,13000,13000,14000,14000,14000,14000,14000,14000,14000,110,0,2000.0,3337.3854981827953,641.6091999853961,14372.506399988197,7848.0
1778884367,200,GET,GET /api/ -> https://docs.docker.com/,1.400000,0.000000,11000,12000,13000,13000,15000,16000,16000,16000,16000,16000,16000,63,0,2200.0,4047.9156031750977,361.6844000061974,16266.842100012582,1741.0
1778884367,200,GET,GET /api/ -> https://flask.palletsprojects.com/,0.900000,0.000000,4700,5400,7900,8300,16000,16000,16000,16000,16000,16000,16000,48,0,3200.0,3903.4639000007396,806.3519000133965,15715.287900005933,19667.0
1778884367,200,GET,GET /api/ -> https://github.com/ibnesayeed/linkextractor,0.400000,0.000000,9500,9500,9900,9900,11000,11000,11000,11000,11000,11000,11000,25,0,4400.0,4749.588879998773,1205.494900001213,10692.34849998611,11810.0
1778884367,200,GET,GET /api/ -> https://httpbin.org/,1.500000,0.000000,8000,12000,14000,14000,17000,18000,18000,18000,18000,18000,18000,97,0,1900.0,3442.12395773172,554.0444999933243,18103.882900002645,313.0
1778884367,200,GET,GET /api/ -> https://locust.io/,0.600000,0.000000,5100,5100,12000,12000,12000,12000,12000,12000,12000,12000,12000,29,0,2500.0,3711.121831032054,623.2677000225522,11673.705399996834,4762.0
1778884367,200,GET,GET /api/ -> https://redis.io/,0.600000,0.000000,16000,16000,16000,16000,18000,18000,18000,18000,18000,18000,18000,33,0,4300.0,5801.864630305456,2243.7484000111,18043.64859999623,7221.0
1778884367,200,GET,GET /api/ -> https://training.play-with-docker.com/,0.300000,0.000000,8100,8100,13000,13000,13000,13000,13000,13000,13000,13000,13000,19,0,2900.0,3737.634815793411,554.5339000236709,13032.003699976485,1424.0
1778884367,200,GET,GET /api/ -> https://www.python.org/,1.800000,0.000000,8400,10000,11000,11000,11000,14000,14000,14000,14000,14000,14000,83,0,2900.0,3766.022962650932,355.74980001547374,13886.565799999516,12980.0
1778884367,200,,Aggregated,8.900000,0.000000,8300,11000,12000,13000,16000,17000,18000,18000,18000,18000,18000,623,0,2300.0,3529.499547512456,130.5712999892421,18103.882900002645,5988.630818619583
1778884368,200,GET,GET /api/ -> http://example.com/,0.400000,0.000000,9700,9700,9700,9700,17000,17000,17000,17000,17000,17000,17000,116,0,1200.0,2190.311068103695,130.5712999892421,17454.38209999702,65.0
1778884368,200,GET,GET /api/ -> https://books.toscrape.com/,0.900000,0.000000,7900,13000,14000,14000,23000,23000,23000,23000,23000,23000,23000,111,0,2000.0,3512.2238909920075,641.6091999853961,22744.447100005345,7848.0
1778884368,200,GET,GET /api/ -> https://docs.docker.com/,1.400000,0.000000,11000,12000,13000,15000,16000,16000,16000,16000,16000,16000,16000,66,0,2200.0,4268.208474243169,361.6844000061974,16266.842100012582,1741.0
1778884368,200,GET,GET /api/ -> https://flask.palletsprojects.com/,1.100000,0.000000,7900,8300,16000,16000,16000,16000,16000,16000,16000,16000,16000,49,0,3200.0,4158.050077551577,806.3519000133965,16378.18659999175,19667.0
1778884368,200,GET,GET /api/ -> https://github.com/ibnesayeed/linkextractor,0.400000,0.000000,9500,9900,9900,11000,11000,11000,11000,11000,11000,11000,11000,25,0,4400.0,4749.588879998773,1205.494900001213,10692.34849998611,11810.0
1778884368,200,GET,GET /api/ -> https://httpbin.org/,1.300000,0.000000,11000,12000,14000,14000,17000,18000,18000,18000,18000,18000,18000,98,0,1800.0,3421.082129591496,554.0444999933243,18103.882900002645,313.0
1778884368,200,GET,GET /api/ -> https://locust.io/,0.600000,0.000000,5100,5100,12000,12000,12000,12000,12000,12000,12000,12000,12000,29,0,2500.0,3711.121831032054,623.2677000225522,11673.705399996834,4762.0
1778884368,200,GET,GET /api/ -> https://redis.io/,0.600000,0.000000,16000,16000,16000,18000,18000,18000,18000,18000,18000,18000,18000,33,0,4300.0,5801.864630305456,2243.7484000111,18043.64859999623,7221.0
1778884368,200,GET,GET /api/ -> https://training.play-with-docker.com/,0.300000,0.000000,8100,8100,13000,13000,13000,13000,13000,13000,13000,13000,13000,19,0,2900.0,3737.634815793411,554.5339000236709,13032.003699976485,1424.0
1778884368,200,GET,GET /api/ -> https://www.python.org/,1.700000,0.000000,8800,10000,11000,11000,11000,14000,14000,14000,14000,14000,14000,83,0,2900.0,3766.022962650932,355.74980001547374,13886.565799999516,12980.0
1778884368,200,,Aggregated,8.700000,0.000000,8800,11000,13000,14000,16000,17000,18000,23000,23000,23000,23000,629,0,2300.0,3602.645394118069,130.5712999892421,22744.447100005345,5984.050874403815
1778884369,200,GET,GET /api/ -> http://example.com/,0.400000,0.000000,9700,9700,17000,17000,17000,17000,17000,17000,17000,17000,17000,116,0,1200.0,2190.311068103695,130.5712999892421,17454.38209999702,65.0
1778884369,200,GET,GET /api/ -> https://books.toscrape.com/,0.900000,0.000000,13000,13000,14000,14000,23000,23000,23000,23000,23000,23000,23000,111,0,2000.0,3512.2238909920075,641.6091999853961,22744.447100005345,7848.0
1778884369,200,GET,GET /api/ -> https://docs.docker.com/,1.400000,0.000000,12000,12000,15000,15000,16000,16000,16000,16000,16000,16000,16000,66,0,2200.0,4268.208474243169,361.6844000061974,16266.842100012582,1741.0
1778884369,200,GET,GET /api/ -> https://flask.palletsprojects.com/,1.100000,0.000000,7900,8300,16000,16000,16000,16000,16000,16000,16000,16000,16000,49,0,3200.0,4158.050077551577,806.3519000133965,16378.18659999175,19667.0
1778884369,200,GET,GET /api/ -> https://github.com/ibnesayeed/linkextractor,0.400000,0.000000,9500,9900,9900,11000,11000,11000,11000,11000,11000,11000,11000,25,0,4400.0,4749.588879998773,1205.494900001213,10692.34849998611,11810.0
1778884369,200,GET,GET /api/ -> https://httpbin.org/,1.300000,0.000000,12000,14000,14000,17000,18000,18000,18000,18000,18000,18000,18000,98,0,1800.0,3421.082129591496,554.0444999933243,18103.882900002645,313.0
1778884369,200,GET,GET /api/ -> https://locust.io/,0.600000,0.000000,5100,5100,5100,5100,5100,5100,5100,5100,5100,5100,5100,29,0,2500.0,3711.121831032054,623.2677000225522,11673.705399996834,4762.0
1778884369,200,GET,GET /api/ -> https://redis.io/,0.600000,0.000000,16000,16000,16000,18000,18000,18000,18000,18000,18000,18000,18000,34,0,4300.0,5932.278961767545,2243.7484000111,18043.64859999623,7221.0
1778884369,200,GET,GET /api/ -> https://training.play-with-docker.com/,0.300000,0.000000,8100,8100,13000,13000,13000,13000,13000,13000,13000,13000,13000,19,0,2900.0,3737.634815793411,554.5339000236709,13032.003699976485,1424.0
1778884369,200,GET,GET /api/ -> https://www.python.org/,1.700000,0.000000,8800,10000,11000,11000,11000,14000,14000,14000,14000,14000,14000,83,0,2900.0,3766.022962650932,355.74980001547374,13886.565799999516,12980.0
1778884369,200,,Aggregated,8.700000,0.000000,9700,12000,13000,14000,16000,17000,18000,23000,23000,23000,23000,630,0,2300.0,3613.1744520639395,130.5712999892421,22744.447100005345,5986.0142857142855
1778884370,200,GET,GET /api/ -> http://example.com/,0.400000,0.000000,9700,9700,17000,17000,17000,17000,17000,17000,17000,17000,17000,116,0,1200.0,2190.311068103695,130.5712999892421,17454.38209999702,65.0
1778884370,200,GET,GET /api/ -> https://books.toscrape.com/,0.900000,0.000000,13000,13000,14000,14000,23000,23000,23000,23000,23000,23000,23000,111,0,2000.0,3512.2238909920075,641.6091999853961,22744.447100005345,7848.0
1778884370,200,GET,GET /api/ -> https://docs.docker.com/,1.400000,0.000000,12000,12000,15000,15000,16000,16000,16000,16000,16000,16000,16000,66,0,2200.0,4268.208474243169,361.6844000061974,16266.842100012582,1741.0
1778884370,200,GET,GET /api/ -> https://flask.palletsprojects.com/,1.100000,0.000000,4700,7900,16000,16000,16000,16000,16000,16000,16000,16000,16000,49,0,3200.0,4158.050077551577,806.3519000133965,16378.18659999175,19667.0
1778884370,200,GET,GET /api/ -> https://github.com/ibnesayeed/linkextractor,0.400000,0.000000,9900,9900,11000,11000,11000,11000,11000,11000,11000,11000,11000,25,0,4400.0,4749.588879998773,1205.494900001213,10692.34849998611,11810.0
1778884370,200,GET,GET /api/ -> https://httpbin.org/,1.300000,0.000000,12000,14000,17000,17000,18000,18000,18000,18000,18000,18000,18000,98,0,1800.0,3421.082129591496,554.0444999933243,18103.882900002645,313.0
1778884370,200,GET,GET /api/ -> https://locust.io/,0.600000,0.000000,5100,5100,5100,5100,5100,5100,5100,5100,5100,5100,5100,29,0,2500.0,3711.121831032054,623.2677000225522,11673.705399996834,4762.0
1778884370,200,GET,GET /api/ -> https://redis.io/,0.600000,0.000000,16000,16000,18000,18000,18000,18000,18000,18000,18000,18000,18000,34,0,4300.0,5932.278961767545,2243.7484000111,18043.64859999623,7221.0
1778884370,200,GET,GET /api/ -> https://training.play-with-docker.com/,0.300000,0.000000,5200,5200,13000,13000,13000,13000,13000,13000,13000,13000,13000,19,0,2900.0,3737.634815793411,554.5339000236709,13032.003699976485,1424.0
1778884370,200,GET,GET /api/ -> https://www.python.org/,1.700000,0.000000,7400,11000,11000,11000,11000,14000,14000,14000,14000,14000,14000,83,0,2900.0,3766.022962650932,355.74980001547374,13886.565799999516,12980.0
1778884370,200,,Aggregated,8.700000,0.000000,9700,11000,14000,14000,16000,18000,18000,23000,23000,23000,23000,630,0,2300.0,3613.1744520639395,130.5712999892421,22744.447100005345,5986.0142857142855
1778884371,200,GET,GET /api/ -> http://example.com/,0.400000,0.000000,9700,9700,17000,17000,17000,17000,17000,17000,17000,17000,17000,116,0,1200.0,2190.311068103695,130.5712999892421,17454.38209999702,65.0
1778884371,200,GET,GET /api/ -> https://books.toscrape.com/,0.700000,0.000000,13000,13000,14000,14000,23000,23000,23000,23000,23000,23000,23000,111,0,2000.0,3512.2238909920075,641.6091999853961,22744.447100005345,7848.0
1778884371,200,GET,GET /api/ -> https://docs.docker.com/,1.300000,0.000000,11000,12000,14000,15000,16000,16000,16000,16000,16000,16000,16000,68,0,2200.0,4471.105605883007,361.6844000061974,16266.842100012582,1741.0
1778884371,200,GET,GET /api/ -> https://flask.palletsprojects.com/,0.800000,0.000000,7900,7900,16000,16000,16000,16000,16000,16000,16000,16000,16000,49,0,3200.0,4158.050077551577,806.3519000133965,16378.18659999175,19667.0
1778884371,200,GET,GET /api/ -> https://github.com/ibnesayeed/linkextractor,0.500000,0.000000,9900,9900,11000,11000,11000,11000,11000,11000,11000,11000,11000,25,0,4400.0,4749.588879998773,1205.494900001213,10692.34849998611,11810.0
1778884371,200,GET,GET /api/ -> https://httpbin.org/,1.200000,0.000000,12000,14000,17000,17000,18000,18000,18000,18000,18000,18000,18000,98,0,1800.0,3421.082129591496,554.0444999933243,18103.882900002645,313.0
1778884371,200,GET,GET /api/ -> https://locust.io/,0.200000,0.000000,5100,5100,5100,5100,5100,5100,5100,5100,5100,5100,5100,29,0,2500.0,3711.121831032054,623.2677000225522,11673.705399996834,4762.0
1778884371,200,GET,GET /api/ -> https://redis.io/,0.600000,0.000000,16000,16000,18000,18000,18000,18000,18000,18000,18000,18000,18000,34,0,4300.0,5932.278961767545,2243.7484000111,18043.64859999623,7221.0
1778884371,200,GET,GET /api/ -> https://training.play-with-docker.com/,0.400000,0.000000,13000,13000,13000,13000,13000,13000,13000,13000,13000,13000,13000,19,0,2900.0,3737.634815793411,554.5339000236709,13032.003699976485,1424.0
1778884371,200,GET,GET /api/ -> https://www.python.org/,1.200000,0.000000,7400,10000,11000,11000,11000,14000,14000,14000,14000,14000,14000,84,0,2900.0,3809.7718821431736,355.74980001547374,13886.565799999516,12980.0
1778884371,200,,Aggregated,7.300000,0.000000,9900,12000,14000,14000,16000,18000,18000,23000,23000,23000,23000,633,0,2300.0,3643.08729684088,130.5712999892421,22744.447100005345,5983.650868878357
1778884372,200,GET,GET /api/ -> http://example.com/,0.400000,0.000000,9700,9700,17000,17000,17000,17000,17000,17000,17000,17000,17000,116,0,1200.0,2190.311068103695,130.5712999892421,17454.38209999702,65.0
1778884372,200,GET,GET /api/ -> https://books.toscrape.com/,0.600000,0.000000,13000,14000,14000,23000,23000,23000,23000,23000,23000,23000,23000,111,0,2000.0,3512.2238909920075,641.6091999853961,22744.447100005345,7848.0
1778884372,200,GET,GET /api/ -> https://docs.docker.com/,1.200000,0.000000,11000,12000,14000,15000,16000,16000,16000,16000,16000,16000,16000,69,0,2300.0,4529.241252174699,361.6844000061974,16266.842100012582,1741.0
1778884372,200,GET,GET /api/ -> https://flask.palletsprojects.com/,0.700000,0.000000,7900,8100,16000,16000,16000,16000,16000,16000,16000,16000,16000,50,0,3200.0,4237.316954000271,806.3519000133965,16378.18659999175,19667.0
1778884372,200,GET,GET /api/ -> https://github.com/ibnesayeed/linkextractor,0.500000,0.000000,11000,11000,16000,16000,16000,16000,16000,16000,16000,16000,16000,26,0,4400.0,5184.876723075062,1205.494900001213,16067.07279998227,11810.0
1778884372,200,GET,GET /api/ -> https://httpbin.org/,1.000000,0.000000,12000,14000,17000,17000,18000,18000,18000,18000,18000,18000,18000,99,0,1900.0,3464.055016161192,554.0444999933243,18103.882900002645,313.0
1778884372,200,GET,GET /api/ -> https://locust.io/,0.200000,0.000000,5100,5100,5100,5100,5100,5100,5100,5100,5100,5100,5100,29,0,2500.0,3711.121831032054,623.2677000225522,11673.705399996834,4762.0
1778884372,200,GET,GET /api/ -> https://redis.io/,0.500000,0.000000,18000,18000,30000,30000,30000,30000,30000,30000,30000,30000,30000,35,0,4500.0,6620.526240002697,2243.7484000111,30020.93369999784,7014.685714285714
1778884372,200,GET,GET /api/ -> https://training.play-with-docker.com/,0.400000,0.000000,13000,13000,13000,13000,13000,13000,13000,13000,13000,13000,13000,19,0,2900.0,3737.634815793411,554.5339000236709,13032.003699976485,1424.0
1778884372,200,GET,GET /api/ -> https://www.python.org/,1.100000,0.000000,7400,11000,11000,11000,14000,14000,14000,14000,14000,14000,14000,86,0,3200.0,3972.1261988374335,355.74980001547374,14281.411300005857,12980.0
1778884372,200,,Aggregated,6.600000,0.000000,9700,12000,14000,16000,17000,18000,30000,30000,30000,30000,30000,640,0,2400.0,3746.911777187871,130.5712999892421,30020.93369999784,6011.159375
1778884373,200,GET,GET /api/ -> http://example.com/,0.400000,0.000000,9700,9700,17000,17000,17000,17000,17000,17000,17000,17000,17000,116,0,1200.0,2190.311068103695,130.5712999892421,17454.38209999702,65.0
1778884373,200,GET,GET /api/ -> https://books.toscrape.com/,0.500000,0.000000,13000,13000,14000,14000,23000,23000,23000,23000,23000,23000,23000,112,0,2000.0,3538.196395536943,641.6091999853961,22744.447100005345,7848.0
1778884373,200,GET,GET /api/ -> https://docs.docker.com/,1.300000,0.000000,8800,12000,14000,16000,16000,28000,28000,28000,28000,28000,28000,72,0,2300.0,4937.889551389769,361.6844000061974,27878.112100006547,1741.0
1778884373,200,GET,GET /api/ -> https://flask.palletsprojects.com/,0.700000,0.000000,11000,16000,16000,16000,21000,27000,27000,27000,27000,27000,27000,57,0,3500.0,5257.8976491232315,806.3519000133965,27034.472500003176,19667.0
1778884373,200,GET,GET /api/ -> https://github.com/ibnesayeed/linkextractor,0.300000,0.000000,9900,9900,16000,16000,16000,16000,16000,16000,16000,16000,16000,26,0,4400.0,5184.876723075062,1205.494900001213,16067.07279998227,11810.0
1778884373,200,GET,GET /api/ -> https://httpbin.org/,0.700000,0.000000,14000,17000,18000,18000,30000,30000,30000,30000,30000,30000,30000,101,0,1900.0,3830.8208544550134,554.0444999933243,30011.610199988354,309.9009900990099
1778884373,200,GET,GET /api/ -> https://locust.io/,0.200000,0.000000,14000,14000,14000,14000,14000,14000,14000,14000,14000,14000,14000,30,0,2500.0,4063.342949997362,623.2677000225522,14277.755399991293,4762.0
1778884373,200,GET,GET /api/ -> https://redis.io/,0.300000,0.000000,18000,19000,19000,30000,30000,30000,30000,30000,30000,30000,30000,37,0,4600.0,7194.697597300841,2243.7484000111,30020.93369999784,7025.8378378378375
1778884373,200,GET,GET /api/ -> https://training.play-with-docker.com/,0.300000,0.000000,13000,13000,13000,13000,13000,13000,13000,13000,13000,13000,13000,19,0,2900.0,3737.634815793411,554.5339000236709,13032.003699976485,1424.0
1778884373,200,GET,GET /api/ -> https://www.python.org/,1.100000,0.000000,11000,11000,14000,14000,22000,22000,22000,22000,22000,22000,22000,88,0,3300.0,4199.215182954504,355.74980001547374,21747.763199993642,12980.0
1778884373,200,,Aggregated,5.800000,0.000000,11000,14000,16000,16000,21000,27000,30000,30000,30000,30000,30000,658,0,2600.0,4036.4013559274854,130.5712999892421,30020.93369999784,6144.922492401216
1778884374,200,GET,GET /api/ -> http://example.com/,0.300000,0.000000,12000,17000,17000,26000,26000,26000,26000,26000,26000,26000,26000,118,0,1200.0,2472.783519491559,130.5712999892421,26152.387299982365,65.0
1778884374,200,GET,GET /api/ -> https://books.toscrape.com/,0.500000,0.000000,7900,7900,23000,23000,23000,23000,23000,23000,23000,23000,23000,112,0,2000.0,3538.196395536943,641.6091999853961,22744.447100005345,7848.0
1778884374,200,GET,GET /api/ -> https://docs.docker.com/,1.400000,0.000000,12000,14000,14000,16000,20000,28000,28000,28000,28000,28000,28000,74,0,2300.0,5224.6698756762025,361.6844000061974,27878.112100006547,1741.0
1778884374,200,GET,GET /api/ -> https://flask.palletsprojects.com/,0.600000,0.000000,12000,16000,21000,21000,25000,27000,27000,27000,27000,27000,27000,58,0,3500.0,5595.457046552147,806.3519000133965,27034.472500003176,19667.0
1778884374,200,GET,GET /api/ -> https://github.com/ibnesayeed/linkextractor,0.300000,0.000000,12000,12000,16000,16000,16000,16000,16000,16000,16000,16000,16000,27,0,4600.0,5443.691144442979,1205.494900001213,16067.07279998227,11810.0
1778884374,200,GET,GET /api/ -> https://httpbin.org/,0.600000,0.000000,14000,17000,18000,23000,30000,30000,30000,30000,30000,30000,30000,104,0,2000.0,4122.317819230095,554.0444999933243,30011.610199988354,309.99038461538464
1778884374,200,GET,GET /api/ -> https://locust.io/,0.100000,0.000000,5800,5800,14000,14000,14000,14000,14000,14000,14000,14000,14000,31,0,2900.0,4120.468796771621,623.2677000225522,14277.755399991293,4762.0
1778884374,200,GET,GET /api/ -> https://redis.io/,0.200000,0.000000,18000,18000,19000,19000,30000,30000,30000,30000,30000,30000,30000,38,0,4600.0,7390.972323687349,2243.7484000111,30020.93369999784,7030.973684210527
1778884374,200,GET,GET /api/ -> https://training.play-with-docker.com/,0.200000,0.000000,5200,5200,5200,5200,5200,5200,5200,5200,5200,5200,5200,19,0,2900.0,3737.634815793411,554.5339000236709,13032.003699976485,1424.0
1778884374,200,GET,GET /api/ -> https://www.python.org/,1.300000,0.000000,11000,13000,14000,16000,22000,22000,22000,22000,22000,22000,22000,91,0,3700.0,4452.96440659293,355.74980001547374,21747.763199993642,12980.0
1778884374,200,,Aggregated,5.500000,0.000000,12000,14000,16000,18000,23000,27000,30000,30000,30000,30000,30000,672,0,2800.0,4255.588614137152,130.5712999892421,30020.93369999784,6146.294642857143
1778884375,200,GET,GET /api/ -> http://example.com/,0.300000,0.000000,12000,17000,17000,26000,26000,26000,26000,26000,26000,26000,26000,119,0,1200.0,2497.554594117702,130.5712999892421,26152.387299982365,65.0
1778884375,200,GET,GET /api/ -> https://books.toscrape.com/,0.500000,0.000000,6400,6400,23000,23000,23000,23000,23000,23000,23000,23000,23000,112,0,2000.0,3538.196395536943,641.6091999853961,22744.447100005345,7848.0
1778884375,200,GET,GET /api/ -> https://docs.docker.com/,1.300000,0.000000,11000,14000,16000,16000,20000,28000,28000,28000,28000,28000,28000,77,0,3100.0,5410.78343116958,361.6844000061974,27878.112100006547,1741.0
1778884375,200,GET,GET /api/ -> https://flask.palletsprojects.com/,0.800000,0.000000,11000,16000,16000,21000,25000,27000,27000,27000,27000,27000,27000,59,0,3600.0,5571.085854237643,806.3519000133965,27034.472500003176,19667.0
1778884375,200,GET,GET /api/ -> https://github.com/ibnesayeed/linkextractor,0.300000,0.000000,12000,12000,16000,16000,16000,16000,16000,16000,16000,16000,16000,27,0,4600.0,5443.691144442979,1205.494900001213,16067.07279998227,11810.0
1778884375,200,GET,GET /api/ -> https://httpbin.org/,0.900000,0.000000,17000,18000,23000,23000,30000,30000,30000,30000,30000,30000,30000,105,0,2100.0,4298.9480914279175,554.0444999933243,30011.610199988354,310.0190476190476
1778884375,200,GET,GET /api/ -> https://locust.io/,0.200000,0.000000,14000,14000,14000,14000,14000,14000,14000,14000,14000,14000,14000,32,0,2900.0,4417.135424997468,623.2677000225522,14277.755399991293,4762.0
1778884375,200,GET,GET /api/ -> https://redis.io/,0.400000,0.000000,18000,18000,19000,19000,30000,30000,30000,30000,30000,30000,30000,38,0,4600.0,7390.972323687349,2243.7484000111,30020.93369999784,7030.973684210527
1778884375,200,GET,GET /api/ -> https://training.play-with-docker.com/,0.100000,0.000000,26000,26000,26000,26000,26000,26000,26000,26000,26000,26000,26000,20,0,2900.0,4874.056805003784,554.5339000236709,26466.074600000866,1424.0
1778884375,200,GET,GET /api/ -> https://www.python.org/,1.100000,0.000000,11000,13000,15000,15000,16000,22000,22000,22000,22000,22000,22000,94,0,3400.0,4511.10858723312,355.74980001547374,21747.763199993642,12980.0
1778884375,200,,Aggregated,5.900000,0.000000,12000,15000,16000,19000,25000,27000,30000,30000,30000,30000,30000,683,0,2800.0,4364.438094143693,130.5712999892421,30020.93369999784,6150.3718887262075
1778884376,200,GET,GET /api/ -> http://example.com/,0.400000,0.000000,12000,17000,17000,26000,26000,26000,26000,26000,26000,26000,26000,119,0,1200.0,2497.554594117702,130.5712999892421,26152.387299982365,65.0
1778884376,200,GET,GET /api/ -> https://books.toscrape.com/,0.600000,0.000000,6400,23000,23000,25000,25000,25000,25000,25000,25000,25000,25000,114,0,2000.0,3708.332435089049,641.6091999853961,25257.02610000735,7848.0
1778884376,200,GET,GET /api/ -> https://docs.docker.com/,1.500000,0.000000,11000,14000,16000,16000,20000,28000,28000,28000,28000,28000,28000,77,0,3100.0,5410.78343116958,361.6844000061974,27878.112100006547,1741.0
1778884376,200,GET,GET /api/ -> https://flask.palletsprojects.com/,1.100000,0.000000,11000,16000,16000,21000,25000,27000,27000,27000,27000,27000,27000,61,0,4000.0,5815.675973771025,806.3519000133965,27034.472500003176,19667.0
1778884376,200,GET,GET /api/ -> https://github.com/ibnesayeed/linkextractor,0.400000,0.000000,12000,16000,16000,18000,18000,18000,18000,18000,18000,18000,18000,28,0,4600.0,5884.7230857125915,1205.494900001213,17792.58549999213,11810.0
1778884376,200,GET,GET /api/ -> https://httpbin.org/,0.900000,0.000000,18000,18000,23000,23000,30000,30000,30000,30000,30000,30000,30000,106,0,2100.0,4432.8758339614515,554.0444999933243,30011.610199988354,310.04716981132077
1778884376,200,GET,GET /api/ -> https://locust.io/,0.200000,0.000000,14000,14000,14000,14000,14000,14000,14000,14000,14000,14000,14000,32,0,2900.0,4417.135424997468,623.2677000225522,14277.755399991293,4762.0
1778884376,200,GET,GET /api/ -> https://redis.io/,0.500000,0.000000,19000,19000,28000,28000,30000,30000,30000,30000,30000,30000,30000,39,0,4800.0,7921.813410259067,2243.7484000111,30020.93369999784,7035.846153846154
1778884376,200,GET,GET /api/ -> https://training.play-with-docker.com/,0.100000,0.000000,16000,16000,26000,26000,26000,26000,26000,26000,26000,26000,26000,21,0,3000.0,5390.0564666698865,554.5339000236709,26466.074600000866,1424.0
1778884376,200,GET,GET /api/ -> https://www.python.org/,1.000000,0.000000,11000,14000,15000,16000,22000,24000,24000,24000,24000,24000,24000,95,0,3700.0,4719.166137893856,355.74980001547374,24276.57590000308,12980.0
1778884376,200,,Aggregated,6.700000,0.000000,14000,16000,18000,22000,26000,28000,30000,30000,30000,30000,30000,692,0,2900.0,4534.412663583992,130.5712999892421,30020.93369999784,6198.6734104046245
1778884377,200,GET,GET /api/ -> http://example.com/,0.400000,0.000000,12000,17000,17000,26000,26000,26000,26000,26000,26000,26000,26000,119,0,1200.0,2497.554594117702,130.5712999892421,26152.387299982365,65.0
1778884377,200,GET,GET /api/ -> https://books.toscrape.com/,0.400000,0.000000,6400,23000,23000,25000,25000,25000,25000,25000,25000,25000,25000,115,0,2100.0,3705.8956008708187,641.6091999853961,25257.02610000735,7848.0
1778884377,200,GET,GET /api/ -> https://docs.docker.com/,1.600000,0.000000,14000,16000,22000,22000,25000,28000,28000,28000,28000,28000,28000,80,0,3800.0,6075.976150000861,361.6844000061974,27878.112100006547,1741.0
1778884377,200,GET,GET /api/ -> https://flask.palletsprojects.com/,1.300000,0.000000,9700,12000,16000,16000,25000,27000,27000,27000,27000,27000,27000,65,0,4200.0,5911.841641538418,806.3519000133965,27034.472500003176,19667.0
1778884377,200,GET,GET /api/ -> https://github.com/ibnesayeed/linkextractor,0.400000,0.000000,12000,16000,16000,18000,18000,18000,18000,18000,18000,18000,18000,28,0,4600.0,5884.7230857125915,1205.494900001213,17792.58549999213,11810.0
1778884377,200,GET,GET /api/ -> https://httpbin.org/,0.900000,0.000000,14000,18000,23000,23000,23000,30000,30000,30000,30000,30000,30000,107,0,2100.0,4398.895742989931,554.0444999933243,30011.610199988354,310.0747663551402
1778884377,200,GET,GET /api/ -> https://locust.io/,0.400000,0.000000,14000,14000,14000,14000,14000,14000,14000,14000,14000,14000,14000,32,0,2900.0,4417.135424997468,623.2677000225522,14277.755399991293,4762.0
1778884377,200,GET,GET /api/ -> https://redis.io/,0.500000,0.000000,19000,19000,28000,28000,30000,30000,30000,30000,30000,30000,30000,39,0,4800.0,7921.813410259067,2243.7484000111,30020.93369999784,7035.846153846154
1778884377,200,GET,GET /api/ -> https://training.play-with-docker.com/,0.200000,0.000000,16000,16000,26000,26000,26000,26000,26000,26000,26000,26000,26000,21,0,3000.0,5390.0564666698865,554.5339000236709,26466.074600000866,1424.0
1778884377,200,GET,GET /api/ -> https://www.python.org/,1.000000,0.000000,11000,14000,15000,16000,22000,24000,24000,24000,24000,24000,24000,95,0,3700.0,4719.166137893856,355.74980001547374,24276.57590000308,12980.0
1778884377,200,,Aggregated,7.100000,0.000000,13000,16000,20000,22000,25000,28000,30000,30000,30000,30000,30000,701,0,2900.0,4623.395015549358,130.5712999892421,30020.93369999784,6250.405135520685
1778884378,200,GET,GET /api/ -> http://example.com/,0.500000,0.000000,26000,30000,30000,30000,30000,30000,30000,30000,30000,30000,30000,124,0,1400.0,3485.0884814516194,130.5712999892421,30029.08799998113,62.903225806451616
1778884378,200,GET,GET /api/ -> https://books.toscrape.com/,0.300000,0.000000,6400,6400,23000,23000,25000,25000,25000,25000,25000,25000,25000,116,0,2100.0,3705.7194456910706,641.6091999853961,25257.02610000735,7848.0
1778884378,200,GET,GET /api/ -> https://docs.docker.com/,1.500000,0.000000,14000,16000,22000,22000,25000,28000,28000,28000,28000,28000,28000,80,0,3800.0,6075.976150000861,361.6844000061974,27878.112100006547,1741.0
1778884378,200,GET,GET /api/ -> https://flask.palletsprojects.com/,1.100000,0.000000,9700,12000,16000,16000,25000,27000,27000,27000,27000,27000,27000,66,0,4000.0,5841.473354545694,806.3519000133965,27034.472500003176,19667.0
1778884378,200,GET,GET /api/ -> https://github.com/ibnesayeed/linkextractor,0.400000,0.000000,16000,16000,18000,18000,18000,18000,18000,18000,18000,18000,18000,28,0,4600.0,5884.7230857125915,1205.494900001213,17792.58549999213,11810.0
1778884378,200,GET,GET /api/ -> https://httpbin.org/,1.100000,0.000000,14000,18000,23000,23000,23000,30000,30000,30000,30000,30000,30000,107,0,2100.0,4398.895742989931,554.0444999933243,30011.610199988354,310.0747663551402
1778884378,200,GET,GET /api/ -> https://locust.io/,0.300000,0.000000,14000,14000,18000,18000,18000,18000,18000,18000,18000,18000,18000,33,0,3300.0,4841.994227270003,623.2677000225522,18437.475899991114,4762.0
1778884378,200,GET,GET /api/ -> https://redis.io/,0.500000,0.000000,16000,19000,28000,28000,30000,30000,30000,30000,30000,30000,30000,41,0,5100.0,8066.632212197874,2243.7484000111,30020.93369999784,7044.878048780488
1778884378,200,GET,GET /api/ -> https://training.play-with-docker.com/,0.200000,0.000000,16000,26000,26000,30000,30000,30000,30000,30000,30000,30000,30000,23,0,3700.0,6722.278056523267,554.5339000236709,30002.2340999858,1362.0869565217392
1778884378,200,GET,GET /api/ -> https://www.python.org/,1.200000,0.000000,13000,15000,16000,22000,24000,25000,25000,25000,25000,25000,25000,97,0,3800.0,4931.088783504314,355.74980001547374,24727.417599991895,12980.0
1778884378,200,,Aggregated,7.100000,0.000000,14000,16000,22000,23000,28000,30000,30000,30000,30000,30000,30000,715,0,3000.0,4884.656768112031,130.5712999892421,30029.08799998113,6231.751048951049
1778884379,200,GET,GET /api/ -> http://example.com/,0.300000,0.000000,30000,30000,30000,30000,30000,30000,30000,30000,30000,30000,30000,129,0,1500.0,4513.896268216917,130.5712999892421,30035.6485999946,60.46511627906977
1778884379,200,GET,GET /api/ -> https://books.toscrape.com/,0.400000,0.000000,6400,23000,25000,25000,29000,29000,29000,29000,29000,29000,29000,117,0,2100.0,3921.197396582669,641.6091999853961,28916.63970000809,7848.0
1778884379,200,GET,GET /api/ -> https://docs.docker.com/,1.600000,0.000000,14000,20000,22000,22000,25000,28000,28000,28000,28000,28000,28000,80,0,3800.0,6075.976150000861,361.6844000061974,27878.112100006547,1741.0
1778884379,200,GET,GET /api/ -> https://flask.palletsprojects.com/,1.500000,0.000000,11000,12000,16000,16000,25000,27000,27000,27000,27000,27000,27000,68,0,4200.0,6061.424454411334,806.3519000133965,27034.472500003176,19667.0
1778884379,200,GET,GET /api/ -> https://github.com/ibnesayeed/linkextractor,0.300000,0.000000,16000,16000,18000,18000,18000,18000,18000,18000,18000,18000,18000,28,0,4600.0,5884.7230857125915,1205.494900001213,17792.58549999213,11810.0
1778884379,200,GET,GET /api/ -> https://httpbin.org/,1.000000,0.000000,14000,18000,23000,23000,30000,30000,30000,30000,30000,30000,30000,110,0,2100.0,4610.794296362755,554.0444999933243,30019.676299998537,307.3090909090909
1778884379,200,GET,GET /api/ -> https://locust.io/,0.300000,0.000000,14000,14000,18000,18000,18000,18000,18000,18000,18000,18000,18000,33,0,3300.0,4841.994227270003,623.2677000225522,18437.475899991114,4762.0
1778884379,200,GET,GET /api/ -> https://redis.io/,0.600000,0.000000,16000,16000,19000,28000,30000,30000,30000,30000,30000,30000,30000,43,0,5100.0,8237.148844188912,2243.7484000111,30020.93369999784,7053.069767441861
1778884379,200,GET,GET /api/ -> https://training.play-with-docker.com/,0.200000,0.000000,16000,16000,26000,26000,30000,30000,30000,30000,30000,30000,30000,24,0,3700.0,6663.990095834985,554.5339000236709,30002.2340999858,1364.6666666666667
1778884379,200,GET,GET /api/ -> https://www.python.org/,1.200000,0.000000,13000,15000,16000,22000,24000,25000,25000,25000,25000,25000,25000,97,0,3800.0,4931.088783504314,355.74980001547374,24727.417599991895,12980.0
1778884379,200,,Aggregated,7.400000,0.000000,14000,18000,23000,25000,30000,30000,30000,30000,30000,30000,30000,729,0,3100.0,5162.58144307276,130.5712999892421,30035.6485999946,6199.418381344307
1778884380,200,GET,GET /api/ -> http://example.com/,0.800000,0.000000,30000,30000,30000,30000,30000,30000,30000,30000,30000,30000,30000,134,0,1600.0,5465.866466417714,130.5712999892421,30035.6485999946,58.208955223880594
1778884380,200,GET,GET /api/ -> https://books.toscrape.com/,0.600000,0.000000,6400,6400,25000,25000,29000,29000,29000,29000,29000,29000,29000,117,0,2100.0,3921.197396582669,641.6091999853961,28916.63970000809,7848.0
1778884380,200,GET,GET /api/ -> https://docs.docker.com/,1.500000,0.000000,16000,20000,22000,22000,25000,28000,28000,28000,28000,28000,28000,80,0,3800.0,6075.976150000861,361.6844000061974,27878.112100006547,1741.0
1778884380,200,GET,GET /api/ -> https://flask.palletsprojects.com/,1.800000,0.000000,11000,12000,16000,21000,25000,27000,27000,27000,27000,27000,27000,69,0,4400.0,6327.46552608644,806.3519000133965,27034.472500003176,19667.0
1778884380,200,GET,GET /api/ -> https://github.com/ibnesayeed/linkextractor,0.300000,0.000000,16000,16000,18000,18000,18000,18000,18000,18000,18000,18000,18000,29,0,4600.0,5776.873210343685,1205.494900001213,17792.58549999213,11810.0
1778884380,200,GET,GET /api/ -> https://httpbin.org/,0.900000,0.000000,14000,18000,23000,23000,30000,30000,30000,30000,30000,30000,30000,110,0,2100.0,4610.794296362755,554.0444999933243,30019.676299998537,307.3090909090909
1778884380,200,GET,GET /api/ -> https://locust.io/,0.400000,0.000000,14000,14000,14000,18000,18000,18000,18000,18000,18000,18000,18000,34,0,3200.0,4795.161147055777,623.2677000225522,18437.475899991114,4762.0
1778884380,200,GET,GET /api/ -> https://redis.io/,0.700000,0.000000,16000,16000,23000,23000,28000,30000,30000,30000,30000,30000,30000,46,0,5800.0,8503.335578263353,2243.7484000111,30020.93369999784,7064.021739130435
1778884380,200,GET,GET /api/ -> https://training.play-with-docker.com/,0.400000,0.000000,16000,16000,26000,26000,30000,30000,30000,30000,30000,30000,30000,25,0,3700.0,6526.829788001487,554.5339000236709,30002.2340999858,1367.04
1778884380,200,GET,GET /api/ -> https://www.python.org/,1.300000,0.000000,13000,15000,16000,22000,24000,25000,25000,25000,25000,25000,25000,97,0,3800.0,4931.088783504314,355.74980001547374,24727.417599991895,12980.0
1778884380,200,,Aggregated,8.700000,0.000000,14000,20000,25000,27000,30000,30000,30000,30000,30000,30000,30000,741,0,3200.0,5376.8844577598065,130.5712999892421,30035.6485999946,6179.085020242915
1778884381,200,GET,GET /api/ -> http://example.com/,1.300000,0.000000,30000,30000,30000,30000,30000,30000,30000,30000,30000,30000,30000,139,0,1700.0,6349.582950359507,130.5712999892421,30038.584299996728,56.115107913669064
1778884381,200,GET,GET /api/ -> https://books.toscrape.com/,0.500000,0.000000,6400,6400,25000,25000,29000,29000,29000,29000,29000,29000,29000,117,0,2100.0,3921.197396582669,641.6091999853961,28916.63970000809,7848.0
1778884381,200,GET,GET /api/ -> https://docs.docker.com/,1.400000,0.000000,16000,20000,22000,25000,28000,30000,30000,30000,30000,30000,30000,84,0,4200.0,6518.93847023859,361.6844000061974,30004.99619997572,1720.2738095238096
1778884381,200,GET,GET /api/ -> https://flask.palletsprojects.com/,1.800000,0.000000,9700,12000,15000,16000,24000,25000,27000,27000,27000,27000,27000,73,0,4500.0,6439.567152054722,806.3519000133965,27034.472500003176,19667.0
1778884381,200,GET,GET /api/ -> https://github.com/ibnesayeed/linkextractor,0.300000,0.000000,15000,16000,16000,18000,18000,18000,18000,18000,18000,18000,18000,30,0,4600.0,6096.992639998401,1205.494900001213,17792.58549999213,11810.0
1778884381,200,GET,GET /api/ -> https://httpbin.org/,1.100000,0.000000,14000,18000,23000,23000,30000,30000,30000,30000,30000,30000,30000,110,0,2100.0,4610.794296362755,554.0444999933243,30019.676299998537,307.3090909090909
1778884381,200,GET,GET /api/ -> https://locust.io/,0.400000,0.000000,14000,14000,17000,17000,18000,18000,18000,18000,18000,18000,18000,36,0,3300.0,5165.006338885481,623.2677000225522,18437.475899991114,4762.0
1778884381,200,GET,GET /api/ -> https://redis.io/,0.700000,0.000000,16000,19000,23000,23000,30000,30000,30000,30000,30000,30000,30000,50,0,6200.0,9152.869026002008,2243.7484000111,30020.93369999784,6932.16
1778884381,200,GET,GET /api/ -> https://training.play-with-docker.com/,0.400000,0.000000,16000,21000,26000,26000,30000,30000,30000,30000,30000,30000,30000,26,0,3700.0,7075.454592309632,554.5339000236709,30002.2340999858,1369.2307692307693
1778884381,200,GET,GET /api/ -> https://www.python.org/,1.400000,0.000000,13000,16000,20000,22000,24000,25000,25000,25000,25000,25000,25000,99,0,3900.0,5094.220891918851,355.74980001547374,24727.417599991895,12980.0
1778884381,200,,Aggregated,9.300000,0.000000,15000,22000,25000,29000,30000,30000,30000,30000,30000,30000,30000,764,0,3300.0,5734.321829973863,130.5712999892421,30038.584299996728,6194.992146596858
1778884382,200,GET,GET /api/ -> http://example.com/,1.800000,0.000000,30000,30000,30000,30000,30000,30000,30000,30000,30000,30000,30000,144,0,1800.0,7172.523523610936,130.5712999892421,30055.084999999963,54.166666666666664
1778884382,200,GET,GET /api/ -> https://books.toscrape.com/,0.600000,0.000000,6400,6400,25000,25000,29000,29000,29000,29000,29000,29000,29000,117,0,2100.0,3921.197396582669,641.6091999853961,28916.63970000809,7848.0
1778884382,200,GET,GET /api/ -> https://docs.docker.com/,1.400000,0.000000,9800,16000,20000,22000,25000,30000,30000,30000,30000,30000,30000,89,0,4800.0,6571.746429213613,361.6844000061974,30004.99619997572,1721.438202247191
1778884382,200,GET,GET /api/ -> https://flask.palletsprojects.com/,2.000000,0.000000,9000,11000,13000,15000,24000,25000,27000,27000,27000,27000,27000,75,0,4500.0,6372.209762666996,806.3519000133965,27034.472500003176,19667.0
1778884382,200,GET,GET /api/ -> https://github.com/ibnesayeed/linkextractor,0.300000,0.000000,12000,15000,15000,18000,18000,18000,18000,18000,18000,18000,18000,31,0,4800.0,6134.4380129021665,1205.494900001213,17792.58549999213,11810.0
1778884382,200,GET,GET /api/ -> https://httpbin.org/,1.200000,0.000000,13000,18000,23000,23000,30000,30000,30000,30000,30000,30000,30000,110,0,2100.0,4610.794296362755,554.0444999933243,30019.676299998537,307.3090909090909
1778884382,200,GET,GET /api/ -> https://locust.io/,0.500000,0.000000,14000,14000,17000,17000,18000,18000,18000,18000,18000,18000,18000,37,0,3300.0,5115.635786483196,623.2677000225522,18437.475899991114,4762.0
1778884382,200,GET,GET /api/ -> https://redis.io/,1.000000,0.000000,12000,16000,22000,23000,28000,30000,30000,30000,30000,30000,30000,51,0,6500.0,9113.831931374758,2243.7484000111,30020.93369999784,6937.823529411765
1778884382,200,GET,GET /api/ -> https://training.play-with-docker.com/,0.600000,0.000000,16000,21000,26000,26000,30000,30000,30000,30000,30000,30000,30000,26,0,3700.0,7075.454592309632,554.5339000236709,30002.2340999858,1369.2307692307693
1778884382,200,GET,GET /api/ -> https://www.python.org/,1.400000,0.000000,13000,15000,20000,20000,24000,25000,25000,25000,25000,25000,25000,99,0,3900.0,5094.220891918851,355.74980001547374,24727.417599991895,12980.0
1778884382,200,,Aggregated,10.800000,0.000000,14000,22000,26000,30000,30000,30000,30000,30000,30000,30000,30000,779,0,3400.0,5897.50094801035,130.5712999892421,30055.084999999963,6167.915275994866
1778884383,200,GET,GET /api/ -> http://example.com/,2.300000,0.000000,30000,30000,30000,30000,30000,30000,30000,30000,30000,30000,30000,149,0,1900.0,7939.523030201171,130.5712999892421,30055.084999999963,52.348993288590606
1778884383,200,GET,GET /api/ -> https://books.toscrape.com/,0.600000,0.000000,6400,6400,25000,25000,29000,29000,29000,29000,29000,29000,29000,117,0,2100.0,3921.197396582669,641.6091999853961,28916.63970000809,7848.0
1778884383,200,GET,GET /api/ -> https://docs.docker.com/,1.300000,0.000000,9800,17000,20000,22000,25000,30000,30000,30000,30000,30000,30000,92,0,4900.0,6762.201248913302,361.6844000061974,30004.99619997572,1722.0760869565217
1778884383,200,GET,GET /api/ -> https://flask.palletsprojects.com/,2.100000,0.000000,8500,11000,13000,15000,24000,25000,25000,25000,25000,25000,25000,76,0,4500.0,6399.962846053026,806.3519000133965,27034.472500003176,19667.0
1778884383,200,GET,GET /api/ -> https://github.com/ibnesayeed/linkextractor,0.400000,0.000000,12000,15000,15000,18000,18000,18000,18000,18000,18000,18000,18000,31,0,4800.0,6134.4380129021665,1205.494900001213,17792.58549999213,11810.0
1778884383,200,GET,GET /api/ -> https://httpbin.org/,1.200000,0.000000,16000,19000,23000,23000,30000,30000,30000,30000,30000,30000,30000,114,0,2600.0,5068.814905262308,554.0444999933243,30019.676299998537,304.7631578947368
1778884383,200,GET,GET /api/ -> https://locust.io/,0.600000,0.000000,10000,14000,17000,17000,18000,18000,18000,18000,18000,18000,18000,38,0,3300.0,5244.834160523361,623.2677000225522,18437.475899991114,4762.0
1778884383,200,GET,GET /api/ -> https://redis.io/,1.300000,0.000000,11000,15000,22000,23000,28000,30000,30000,30000,30000,30000,30000,52,0,6500.0,9147.848507694456,2243.7484000111,30020.93369999784,6943.2692307692305
1778884383,200,GET,GET /api/ -> https://training.play-with-docker.com/,0.700000,0.000000,16000,21000,26000,26000,30000,30000,30000,30000,30000,30000,30000,26,0,3700.0,7075.454592309632,554.5339000236709,30002.2340999858,1369.2307692307693
1778884383,200,GET,GET /api/ -> https://www.python.org/,1.400000,0.000000,13000,19000,20000,20000,24000,25000,25000,25000,25000,25000,25000,101,0,3900.0,5282.280227722367,355.74980001547374,24727.417599991895,12980.0
1778884383,200,,Aggregated,11.900000,0.000000,15000,23000,30000,30000,30000,30000,30000,30000,30000,30000,30000,796,0,3600.0,6169.3029379398,130.5712999892421,30055.084999999963,6116.304020100502
1778884384,200,GET,GET /api/ -> http://example.com/,2.800000,0.000000,30000,30000,30000,30000,30000,30000,30000,30000,30000,30000,30000,156,0,2000.0,8572.639010255769,130.5712999892421,30082.763399987016,50.833333333333336
1778884384,200,GET,GET /api/ -> https://books.toscrape.com/,0.600000,0.000000,23000,23000,25000,25000,29000,29000,29000,29000,29000,29000,29000,118,0,2100.0,4082.994560171185,641.6091999853961,28916.63970000809,7848.0
1778884384,200,GET,GET /api/ -> https://docs.docker.com/,1.700000,0.000000,8600,17000,22000,22000,25000,30000,30000,30000,30000,30000,30000,92,0,4900.0,6762.201248913302,361.6844000061974,30004.99619997572,1722.0760869565217
1778884384,200,GET,GET /api/ -> https://flask.palletsprojects.com/,2.500000,0.000000,9000,11000,13000,15000,24000,25000,25000,25000,25000,25000,25000,77,0,4700.0,6460.857319480788,806.3519000133965,27034.472500003176,19667.0
1778884384,200,GET,GET /api/ -> https://github.com/ibnesayeed/linkextractor,0.500000,0.000000,15000,15000,18000,18000,18000,18000,18000,18000,18000,18000,18000,31,0,4800.0,6134.4380129021665,1205.494900001213,17792.58549999213,11810.0
1778884384,200,GET,GET /api/ -> https://httpbin.org/,1.200000,0.000000,16000,19000,23000,23000,30000,30000,30000,30000,30000,30000,30000,115,0,2600.0,5089.097914781735,554.0444999933243,30019.676299998537,304.83478260869566
1778884384,200,GET,GET /api/ -> https://locust.io/,0.700000,0.000000,5800,10000,14000,14000,17000,18000,18000,18000,18000,18000,18000,41,0,3300.0,5046.1510999970105,623.2677000225522,18437.475899991114,4762.0
1778884384,200,GET,GET /api/ -> https://redis.io/,1.700000,0.000000,9400,15000,16000,22000,28000,30000,30000,30000,30000,30000,30000,54,0,6200.0,8986.802500001633,2243.7484000111,30020.93369999784,6953.555555555556
1778884384,200,GET,GET /api/ -> https://training.play-with-docker.com/,0.700000,0.000000,16000,21000,26000,26000,30000,30000,30000,30000,30000,30000,30000,26,0,3700.0,7075.454592309632,554.5339000236709,30002.2340999858,1369.2307692307693
1778884384,200,GET,GET /api/ -> https://www.python.org/,1.400000,0.000000,15000,19000,20000,24000,25000,25000,25000,25000,25000,25000,25000,101,0,3900.0,5282.280227722367,355.74980001547374,24727.417599991895,12980.0
1778884384,200,,Aggregated,13.800000,0.000000,16000,24000,30000,30000,30000,30000,30000,30000,30000,30000,30000,811,0,3600.0,6317.878006535127,130.5712999892421,30082.763399987016,6073.075215782984
1778884385,200,GET,GET /api/ -> http://example.com/,3.300000,0.000000,30000,30000,30000,30000,30000,30000,30000,30000,30000,30000,30000,162,0,2200.0,9234.112795061119,130.5712999892421,30112.27380001219,49.351851851851855
1778884385,200,GET,GET /api/ -> https://books.toscrape.com/,0.600000,0.000000,19000,23000,25000,25000,29000,29000,29000,29000,29000,29000,29000,119,0,2100.0,4205.516868909262,641.6091999853961,28916.63970000809,7848.0
1778884385,200,GET,GET /api/ -> https://docs.docker.com/,2.000000,0.000000,8600,17000,22000,22000,25000,30000,30000,30000,30000,30000,30000,95,0,5100.0,6935.273788421182,361.6844000061974,30004.99619997572,1722.6736842105263
1778884385,200,GET,GET /api/ -> https://flask.palletsprojects.com/,2.100000,0.000000,9000,11000,12000,13000,16000,24000,24000,24000,24000,24000,24000,77,0,4700.0,6460.857319480788,806.3519000133965,27034.472500003176,19667.0
1778884385,200,GET,GET /api/ -> https://github.com/ibnesayeed/linkextractor,0.500000,0.000000,15000,15000,18000,18000,18000,18000,18000,18000,18000,18000,18000,31,0,4800.0,6134.4380129021665,1205.494900001213,17792.58549999213,11810.0
1778884385,200,GET,GET /api/ -> https://httpbin.org/,1.100000,0.000000,16000,18000,23000,23000,30000,30000,30000,30000,30000,30000,30000,116,0,2600.0,5092.791050861204,554.0444999933243,30019.676299998537,304.9051724137931
1778884385,200,GET,GET /api/ -> https://locust.io/,0.800000,0.000000,3300,6200,10000,17000,18000,18000,18000,18000,18000,18000,18000,41,0,3300.0,5046.1510999970105,623.2677000225522,18437.475899991114,4762.0
1778884385,200,GET,GET /api/ -> https://redis.io/,1.500000,0.000000,9400,12000,22000,23000,28000,30000,30000,30000,30000,30000,30000,57,0,6600.0,9295.155914036226,2243.7484000111,30020.93369999784,6967.631578947368
1778884385,200,GET,GET /api/ -> https://training.play-with-docker.com/,0.700000,0.000000,16000,16000,21000,21000,30000,30000,30000,30000,30000,30000,30000,26,0,3700.0,7075.454592309632,554.5339000236709,30002.2340999858,1369.2307692307693
1778884385,200,GET,GET /api/ -> https://www.python.org/,1.300000,0.000000,15000,19000,20000,24000,25000,25000,25000,25000,25000,25000,25000,101,0,3900.0,5282.280227722367,355.74980001547374,24727.417599991895,12980.0
1778884385,200,,Aggregated,13.900000,0.000000,16000,25000,30000,30000,30000,30000,30000,30000,30000,30000,30000,825,0,3700.0,6530.71436193934,130.5712999892421,30112.27380001219,6012.57696969697
1778884386,200,GET,GET /api/ -> http://example.com/,3.700000,0.000000,30000,30000,30000,30000,30000,30000,30000,30000,30000,30000,30000,167,0,2300.0,9856.760731137192,130.5712999892421,30112.27380001219,47.874251497005986
1778884386,200,GET,GET /api/ -> https://books.toscrape.com/,0.500000,0.000000,8600,19000,23000,23000,29000,29000,29000,29000,29000,29000,29000,122,0,2100.0,4197.104681149167,641.6091999853961,28916.63970000809,7848.0
1778884386,200,GET,GET /api/ -> https://docs.docker.com/,2.000000,0.000000,8500,13000,20000,20000,23000,30000,30000,30000,30000,30000,30000,95,0,5100.0,6935.273788421182,361.6844000061974,30004.99619997572,1722.6736842105263
1778884386,200,GET,GET /api/ -> https://flask.palletsprojects.com/,1.900000,0.000000,8300,11000,12000,13000,15000,24000,24000,24000,24000,24000,24000,78,0,4500.0,6430.531106410527,806.3519000133965,27034.472500003176,19667.0
1778884386,200,GET,GET /api/ -> https://github.com/ibnesayeed/linkextractor,0.400000,0.000000,7300,15000,15000,18000,18000,18000,18000,18000,18000,18000,18000,32,0,4800.0,6097.233803124254,1205.494900001213,17792.58549999213,11810.0
1778884386,200,GET,GET /api/ -> https://httpbin.org/,1.200000,0.000000,7400,16000,19000,30000,30000,30000,30000,30000,30000,30000,30000,116,0,2600.0,5092.791050861204,554.0444999933243,30019.676299998537,304.9051724137931
1778884386,200,GET,GET /api/ -> https://locust.io/,0.800000,0.000000,6200,10000,13000,13000,17000,18000,18000,18000,18000,18000,18000,43,0,3300.0,5302.945765113691,623.2677000225522,18437.475899991114,4762.0
1778884386,200,GET,GET /api/ -> https://redis.io/,1.600000,0.000000,9400,11000,16000,22000,24000,30000,30000,30000,30000,30000,30000,58,0,6500.0,9228.56598793216,2243.7484000111,30020.93369999784,6972.0
1778884386,200,GET,GET /api/ -> https://training.play-with-docker.com/,0.700000,0.000000,11000,21000,21000,30000,30000,30000,30000,30000,30000,30000,30000,26,0,3700.0,7075.454592309632,554.5339000236709,30002.2340999858,1369.2307692307693
1778884386,200,GET,GET /api/ -> https://www.python.org/,1.100000,0.000000,12000,19000,20000,20000,25000,25000,25000,25000,25000,25000,25000,103,0,3900.0,5312.52231747528,355.74980001547374,24727.417599991895,12980.0
1778884386,200,,Aggregated,13.900000,0.000000,15000,30000,30000,30000,30000,30000,30000,30000,30000,30000,30000,840,0,3800.0,6665.319769404736,130.5712999892421,30112.27380001219,6021.55
1778884387,200,GET,GET /api/ -> http://example.com/,4.000000,0.000000,30000,30000,30000,30000,30000,30000,30000,30000,30000,30000,30000,172,0,2600.0,10443.96459244122,130.5712999892421,30112.27380001219,46.48255813953488
1778884387,200,GET,GET /api/ -> https://books.toscrape.com/,0.600000,0.000000,8600,19000,23000,23000,29000,29000,29000,29000,29000,29000,29000,122,0,2100.0,4197.104681149167,641.6091999853961,28916.63970000809,7848.0
1778884387,200,GET,GET /api/ -> https://docs.docker.com/,1.900000,0.000000,8600,11000,17000,20000,23000,30000,30000,30000,30000,30000,30000,97,0,5300.0,6996.844979381722,361.6844000061974,30004.99619997572,1723.0515463917525
1778884387,200,GET,GET /api/ -> https://flask.palletsprojects.com/,1.800000,0.000000,8500,11000,13000,15000,24000,30000,30000,30000,30000,30000,30000,80,0,4700.0,6724.363733750215,806.3519000133965,30011.001400009263,19421.1625
1778884387,200,GET,GET /api/ -> https://github.com/ibnesayeed/linkextractor,0.400000,0.000000,7300,7300,15000,15000,18000,18000,18000,18000,18000,18000,18000,33,0,4900.0,6134.478821211925,1205.494900001213,17792.58549999213,11810.0
1778884387,200,GET,GET /api/ -> https://httpbin.org/,1.200000,0.000000,7400,16000,19000,30000,30000,30000,30000,30000,30000,30000,30000,116,0,2600.0,5092.791050861204,554.0444999933243,30019.676299998537,304.9051724137931
1778884387,200,GET,GET /api/ -> https://locust.io/,0.900000,0.000000,6200,8400,10000,13000,17000,18000,18000,18000,18000,18000,18000,45,0,3300.0,5237.588664441783,623.2677000225522,18437.475899991114,4762.0
1778884387,200,GET,GET /api/ -> https://redis.io/,1.700000,0.000000,10000,12000,16000,22000,24000,24000,30000,30000,30000,30000,30000,62,0,6800.0,9551.381808065344,2243.7484000111,30020.93369999784,6988.064516129032
1778884387,200,GET,GET /api/ -> https://training.play-with-docker.com/,0.600000,0.000000,11000,11000,21000,21000,30000,30000,30000,30000,30000,30000,30000,27,0,3900.0,7031.467111112929,554.5339000236709,30002.2340999858,1371.2592592592594
1778884387,200,GET,GET /api/ -> https://www.python.org/,0.900000,0.000000,12000,19000,20000,20000,25000,25000,25000,25000,25000,25000,25000,103,0,3900.0,5312.52231747528,355.74980001547374,24727.417599991895,12980.0
1778884387,200,,Aggregated,14.000000,0.000000,13000,30000,30000,30000,30000,30000,30000,30000,30000,30000,30000,857,0,3800.0,6864.842331855261,130.5712999892421,30112.27380001219,5989.373395565927
1778884388,200,GET,GET /api/ -> http://example.com/,4.800000,0.000000,30000,30000,30000,30000,30000,30000,30000,30000,30000,30000,30000,177,0,2800.0,10997.42971525375,130.5712999892421,30112.27380001219,45.16949152542373
1778884388,200,GET,GET /api/ -> https://books.toscrape.com/,0.900000,0.000000,19000,19000,23000,23000,29000,29000,29000,29000,29000,29000,29000,122,0,2100.0,4197.104681149167,641.6091999853961,28916.63970000809,7848.0
1778884388,200,GET,GET /api/ -> https://docs.docker.com/,1.800000,0.000000,8500,8700,13000,17000,23000,30000,30000,30000,30000,30000,30000,98,0,5300.0,6993.436058163548,361.6844000061974,30004.99619997572,1723.234693877551
1778884388,200,GET,GET /api/ -> https://flask.palletsprojects.com/,1.900000,0.000000,8300,11000,14000,15000,24000,30000,30000,30000,30000,30000,30000,82,0,4900.0,6808.456056098249,806.3519000133965,30011.001400009263,19427.158536585364
1778884388,200,GET,GET /api/ -> https://github.com/ibnesayeed/linkextractor,0.400000,0.000000,5800,7300,7300,7400,15000,15000,15000,15000,15000,15000,15000,37,0,4900.0,6048.362429728857,1205.494900001213,17792.58549999213,11810.0
1778884388,200,GET,GET /api/ -> https://httpbin.org/,1.000000,0.000000,7400,16000,19000,19000,30000,30000,30000,30000,30000,30000,30000,116,0,2600.0,5092.791050861204,554.0444999933243,30019.676299998537,304.9051724137931
1778884388,200,GET,GET /api/ -> https://locust.io/,1.000000,0.000000,6300,8500,8800,10000,13000,17000,17000,17000,17000,17000,17000,47,0,3600.0,5384.476338294608,623.2677000225522,18437.475899991114,4762.0
1778884388,200,GET,GET /api/ -> https://redis.io/,1.900000,0.000000,10000,11000,16000,22000,24000,24000,30000,30000,30000,30000,30000,63,0,6900.0,9563.55497619139,2243.7484000111,30020.93369999784,6991.761904761905
1778884388,200,GET,GET /api/ -> https://training.play-with-docker.com/,0.600000,0.000000,5900,21000,21000,22000,22000,22000,22000,22000,22000,22000,22000,28,0,3900.0,7548.540600001746,554.5339000236709,30002.2340999858,1373.142857142857
1778884388,200,GET,GET /api/ -> https://www.python.org/,0.700000,0.000000,12000,19000,20000,20000,25000,25000,25000,25000,25000,25000,25000,103,0,3900.0,5312.52231747528,355.74980001547374,24727.417599991895,12980.0
1778884388,200,,Aggregated,15.000000,0.000000,12000,24000,30000,30000,30000,30000,30000,30000,30000,30000,30000,873,0,3900.0,7022.816059221041,130.5712999892421,30112.27380001219,6001.577319587629
1778884389,200,GET,GET /api/ -> http://example.com/,4.800000,0.000000,30000,30000,30000,30000,30000,30000,30000,30000,30000,30000,30000,182,0,3100.0,11521.435914834441,130.5712999892421,30112.27380001219,43.92857142857143
1778884389,200,GET,GET /api/ -> https://books.toscrape.com/,0.800000,0.000000,19000,19000,23000,23000,29000,29000,29000,29000,29000,29000,29000,122,0,2100.0,4197.104681149167,641.6091999853961,28916.63970000809,7848.0
1778884389,200,GET,GET /api/ -> https://docs.docker.com/,1.800000,0.000000,8400,8700,13000,17000,23000,30000,30000,30000,30000,30000,30000,99,0,5300.0,6990.262402020479,361.6844000061974,30004.99619997572,1723.4141414141413
1778884389,200,GET,GET /api/ -> https://flask.palletsprojects.com/,1.600000,0.000000,8100,8500,11000,13000,14000,30000,30000,30000,30000,30000,30000,82,0,4900.0,6808.456056098249,806.3519000133965,30011.001400009263,19427.158536585364
1778884389,200,GET,GET /api/ -> https://github.com/ibnesayeed/linkextractor,0.400000,0.000000,5800,7300,7300,7400,15000,15000,15000,15000,15000,15000,15000,37,0,4900.0,6048.362429728857,1205.494900001213,17792.58549999213,11810.0
1778884389,200,GET,GET /api/ -> https://httpbin.org/,1.000000,0.000000,5600,16000,19000,19000,30000,30000,30000,30000,30000,30000,30000,120,0,2900.0,5269.452252498741,554.0444999933243,30019.676299998537,302.56666666666666
1778884389,200,GET,GET /api/ -> https://locust.io/,1.300000,0.000000,6300,8500,8800,10000,13000,17000,17000,17000,17000,17000,17000,48,0,3600.0,5361.539716663174,623.2677000225522,18437.475899991114,4762.0
1778884389,200,GET,GET /api/ -> https://redis.io/,2.000000,0.000000,10000,11000,12000,22000,24000,30000,30000,30000,30000,30000,30000,63,0,6900.0,9563.55497619139,2243.7484000111,30020.93369999784,6991.761904761905
1778884389,200,GET,GET /api/ -> https://training.play-with-docker.com/,0.500000,0.000000,21000,21000,22000,22000,22000,22000,22000,22000,22000,22000,22000,29,0,4700.0,7908.171010347171,554.5339000236709,30002.2340999858,1374.896551724138
1778884389,200,GET,GET /api/ -> https://www.python.org/,0.800000,0.000000,12000,14000,19000,20000,28000,28000,28000,28000,28000,28000,28000,106,0,4000.0,5614.026888678639,355.74980001547374,28049.806399998488,12980.0
1778884389,200,,Aggregated,15.000000,0.000000,12000,28000,30000,30000,30000,30000,30000,30000,30000,30000,30000,888,0,4000.0,7206.850046846687,130.5712999892421,30112.27380001219,5954.03490990991
1778884390,200,GET,GET /api/ -> http://example.com/,5.300000,0.000000,30000,30000,30000,30000,30000,30000,30000,30000,30000,30000,30000,190,0,3400.0,11930.34874420984,130.5712999892421,30112.27380001219,43.10526315789474
1778884390,200,GET,GET /api/ -> https://books.toscrape.com/,0.600000,0.000000,19000,19000,23000,23000,29000,29000,29000,29000,29000,29000,29000,122,0,2100.0,4197.104681149167,641.6091999853961,28916.63970000809,7848.0
1778884390,200,GET,GET /api/ -> https://docs.docker.com/,1.700000,0.000000,8400,8700,13000,17000,23000,30000,30000,30000,30000,30000,30000,100,0,5300.0,6958.958016000397,361.6844000061974,30004.99619997572,1723.59
1778884390,200,GET,GET /api/ -> https://flask.palletsprojects.com/,1.400000,0.000000,8300,11000,13000,14000,14000,30000,30000,30000,30000,30000,30000,84,0,4900.0,6861.141469048259,806.3519000133965,30011.001400009263,19432.869047619046
1778884390,200,GET,GET /api/ -> https://github.com/ibnesayeed/linkextractor,0.600000,0.000000,5800,7300,7300,7400,15000,15000,15000,15000,15000,15000,15000,39,0,5000.0,6028.616430767728,1205.494900001213,17792.58549999213,11810.0
1778884390,200,GET,GET /api/ -> https://httpbin.org/,0.900000,0.000000,7400,16000,19000,30000,30000,30000,30000,30000,30000,30000,30000,120,0,2900.0,5269.452252498741,554.0444999933243,30019.676299998537,302.56666666666666
1778884390,200,GET,GET /api/ -> https://locust.io/,1.200000,0.000000,6300,8500,8800,10000,13000,17000,17000,17000,17000,17000,17000,48,0,3600.0,5361.539716663174,623.2677000225522,18437.475899991114,4762.0
1778884390,200,GET,GET /api/ -> https://redis.io/,2.300000,0.000000,10000,11000,12000,13000,24000,30000,30000,30000,30000,30000,30000,66,0,7000.0,9562.5986575769,2243.7484000111,30020.93369999784,7002.181818181818
1778884390,200,GET,GET /api/ -> https://training.play-with-docker.com/,0.500000,0.000000,21000,21000,22000,22000,22000,22000,22000,22000,22000,22000,22000,29,0,4700.0,7908.171010347171,554.5339000236709,30002.2340999858,1374.896551724138
1778884390,200,GET,GET /api/ -> https://www.python.org/,0.700000,0.000000,12000,14000,19000,20000,28000,28000,28000,28000,28000,28000,28000,107,0,4000.0,5621.121756074228,355.74980001547374,28049.806399998488,12980.0
1778884390,200,,Aggregated,15.200000,0.000000,11000,24000,30000,30000,30000,30000,30000,30000,30000,30000,30000,905,0,4000.0,7334.560700110351,130.5712999892421,30112.27380001219,5952.172375690608
1778884391,200,GET,GET /api/ -> http://example.com/,4.800000,0.000000,30000,30000,30000,30000,30000,30000,30000,30000,30000,30000,30000,196,0,3500.0,12383.465703060208,130.5712999892421,30112.27380001219,42.11734693877551
1778884391,200,GET,GET /api/ -> https://books.toscrape.com/,0.600000,0.000000,8600,19000,19000,23000,23000,23000,23000,23000,23000,23000,23000,122,0,2100.0,4197.104681149167,641.6091999853961,28916.63970000809,7848.0
1778884391,200,GET,GET /api/ -> https://docs.docker.com/,1.800000,0.000000,8500,8700,11000,13000,20000,23000,23000,23000,23000,23000,23000,100,0,5300.0,6958.958016000397,361.6844000061974,30004.99619997572,1723.59
1778884391,200,GET,GET /api/ -> https://flask.palletsprojects.com/,1.500000,0.000000,9200,9400,14000,14000,14000,30000,30000,30000,30000,30000,30000,86,0,5000.0,6918.947333721769,806.3519000133965,30011.001400009263,19438.31395348837
1778884391,200,GET,GET /api/ -> https://github.com/ibnesayeed/linkextractor,0.900000,0.000000,5800,7300,7300,7300,7400,15000,15000,15000,15000,15000,15000,40,0,4900.0,5939.318467498379,1205.494900001213,17792.58549999213,11810.0
1778884391,200,GET,GET /api/ -> https://httpbin.org/,0.700000,0.000000,7400,16000,19000,30000,30000,30000,30000,30000,30000,30000,30000,120,0,2900.0,5269.452252498741,554.0444999933243,30019.676299998537,302.56666666666666
1778884391,200,GET,GET /api/ -> https://locust.io/,1.500000,0.000000,6300,8500,8800,10000,11000,13000,13000,13000,13000,13000,13000,49,0,3700.0,5483.382061221257,623.2677000225522,18437.475899991114,4762.0
1778884391,200,GET,GET /api/ -> https://redis.io/,2.200000,0.000000,10000,11000,12000,13000,24000,30000,30000,30000,30000,30000,30000,67,0,7000.0,9494.976785076076,2243.7484000111,30020.93369999784,7005.44776119403
1778884391,200,GET,GET /api/ -> https://training.play-with-docker.com/,0.500000,0.000000,18000,21000,21000,22000,22000,22000,22000,22000,22000,22000,22000,30,0,4700.0,8007.941260001583,554.5339000236709,30002.2340999858,1376.5333333333333
1778884391,200,GET,GET /api/ -> https://www.python.org/,0.700000,0.000000,12000,14000,19000,19000,28000,28000,28000,28000,28000,28000,28000,107,0,4000.0,5621.121756074228,355.74980001547374,28049.806399998488,12980.0
1778884391,200,,Aggregated,15.200000,0.000000,11000,28000,30000,30000,30000,30000,30000,30000,30000,30000,30000,917,0,4100.0,7466.287635223361,130.5712999892421,30112.27380001219,5944.745910577972
1778884392,200,GET,GET /api/ -> http://example.com/,5.200000,0.000000,30000,30000,30000,30000,30000,30000,30000,30000,30000,30000,30000,201,0,3900.0,12823.614463183172,130.5712999892421,30112.27380001219,41.069651741293534
1778884392,200,GET,GET /api/ -> https://books.toscrape.com/,0.500000,0.000000,8600,19000,19000,23000,23000,23000,23000,23000,23000,23000,23000,122,0,2100.0,4197.104681149167,641.6091999853961,28916.63970000809,7848.0
1778884392,200,GET,GET /api/ -> https://docs.docker.com/,1.900000,0.000000,8500,11000,12000,12000,13000,23000,23000,23000,23000,23000,23000,101,0,5300.0,7004.415006931216,361.6844000061974,30004.99619997572,1723.7623762376238
1778884392,200,GET,GET /api/ -> https://flask.palletsprojects.com/,1.300000,0.000000,9200,9400,11000,14000,14000,30000,30000,30000,30000,30000,30000,88,0,5400.0,6948.5607988644915,806.3519000133965,30011.001400009263,19443.511363636364
1778884392,200,GET,GET /api/ -> https://github.com/ibnesayeed/linkextractor,0.900000,0.000000,5500,5800,7300,7300,7400,15000,15000,15000,15000,15000,15000,42,0,5000.0,5897.999885712385,1205.494900001213,17792.58549999213,11810.0
1778884392,200,GET,GET /api/ -> https://httpbin.org/,1.000000,0.000000,7400,19000,30000,30000,30000,30000,30000,30000,30000,30000,30000,120,0,2900.0,5269.452252498741,554.0444999933243,30019.676299998537,302.56666666666666
1778884392,200,GET,GET /api/ -> https://locust.io/,1.400000,0.000000,6300,8500,8800,10000,11000,13000,13000,13000,13000,13000,13000,50,0,3600.0,5401.26247999724,623.2677000225522,18437.475899991114,4762.0
1778884392,200,GET,GET /api/ -> https://redis.io/,2.000000,0.000000,10000,11000,12000,13000,24000,30000,30000,30000,30000,30000,30000,69,0,7100.0,9803.890305798606,2243.7484000111,30020.93369999784,6907.04347826087
1778884392,200,GET,GET /api/ -> https://training.play-with-docker.com/,0.400000,0.000000,11000,18000,21000,21000,22000,22000,22000,22000,22000,22000,22000,32,0,4700.0,7820.654996877238,554.5339000236709,30002.2340999858,1379.5
1778884392,200,GET,GET /api/ -> https://www.python.org/,1.000000,0.000000,12000,14000,14000,26000,28000,28000,28000,28000,28000,28000,28000,110,0,4000.0,5862.222450908634,355.74980001547374,28049.806399998488,12980.0
1778884392,200,,Aggregated,15.600000,0.000000,11000,28000,30000,30000,30000,30000,30000,30000,30000,30000,30000,935,0,4200.0,7625.88213294107,130.5712999892421,30112.27380001219,5957.00320855615
1778884393,200,GET,GET /api/ -> http://example.com/,5.300000,0.000000,30000,30000,30000,30000,30000,30000,30000,30000,30000,30000,30000,206,0,4100.0,13241.605498057163,130.5712999892421,30112.27380001219,40.07281553398058
1778884393,200,GET,GET /api/ -> https://books.toscrape.com/,0.500000,0.000000,8600,19000,19000,23000,23000,23000,23000,23000,23000,23000,23000,122,0,2100.0,4197.104681149167,641.6091999853961,28916.63970000809,7848.0
1778884393,200,GET,GET /api/ -> https://docs.docker.com/,1.900000,0.000000,8700,11000,13000,13000,23000,30000,30000,30000,30000,30000,30000,104,0,5300.0,7111.136145192666,361.6844000061974,30004.99619997572,1724.2596153846155
1778884393,200,GET,GET /api/ -> https://flask.palletsprojects.com/,1.400000,0.000000,9200,9400,12000,14000,14000,30000,30000,30000,30000,30000,30000,91,0,5700.0,6962.2438725280435,806.3519000133965,30011.001400009263,19450.879120879123
1778884393,200,GET,GET /api/ -> https://github.com/ibnesayeed/linkextractor,1.000000,0.000000,5500,5800,7300,7300,7400,19000,19000,19000,19000,19000,19000,43,0,5000.0,6202.7544906954445,1205.494900001213,19002.447899983963,11810.0
1778884393,200,GET,GET /api/ -> https://httpbin.org/,1.000000,0.000000,3900,5500,5500,30000,30000,30000,30000,30000,30000,30000,30000,120,0,2900.0,5269.452252498741,554.0444999933243,30019.676299998537,302.56666666666666
1778884393,200,GET,GET /api/ -> https://locust.io/,1.300000,0.000000,5800,8400,8500,8800,11000,13000,13000,13000,13000,13000,13000,52,0,3600.0,5321.143123074412,623.2677000225522,18437.475899991114,4762.0
1778884393,200,GET,GET /api/ -> https://redis.io/,2.000000,0.000000,10000,12000,13000,21000,24000,28000,30000,30000,30000,30000,30000,74,0,7200.0,10207.425983785495,2243.7484000111,30020.93369999784,6928.256756756757
1778884393,200,GET,GET /api/ -> https://training.play-with-docker.com/,0.300000,0.000000,6300,11000,18000,18000,22000,22000,22000,22000,22000,22000,22000,34,0,4700.0,7561.527508825427,554.5339000236709,30002.2340999858,1382.1176470588234
1778884393,200,GET,GET /api/ -> https://www.python.org/,1.000000,0.000000,12000,14000,14000,26000,28000,28000,28000,28000,28000,28000,28000,110,0,4000.0,5862.222450908634,355.74980001547374,28049.806399998488,12980.0
1778884393,200,,Aggregated,15.700000,0.000000,11000,24000,30000,30000,30000,30000,30000,30000,30000,30000,30000,956,0,4300.0,7788.679852196475,130.5712999892421,30112.27380001219,5956.390167364017
1778884394,200,GET,GET /api/ -> http://example.com/,5.200000,0.000000,30000,30000,30000,30000,30000,30000,30000,30000,30000,30000,30000,211,0,5300.0,13641.397351657684,130.5712999892421,30137.70900000236,39.12322274881517
1778884394,200,GET,GET /api/ -> https://books.toscrape.com/,0.500000,0.000000,8600,8600,8600,8600,8600,8600,8600,8600,8600,8600,8600,122,0,2100.0,4197.104681149167,641.6091999853961,28916.63970000809,7848.0
1778884394,200,GET,GET /api/ -> https://docs.docker.com/,1.400000,0.000000,6700,8700,11000,12000,30000,30000,30000,30000,30000,30000,30000,104,0,5300.0,7111.136145192666,361.6844000061974,30004.99619997572,1724.2596153846155
1778884394,200,GET,GET /api/ -> https://flask.palletsprojects.com/,1.300000,0.000000,9400,10000,12000,14000,14000,30000,30000,30000,30000,30000,30000,92,0,5700.0,6998.4454804352545,806.3519000133965,30011.001400009263,19453.228260869564
1778884394,200,GET,GET /api/ -> https://github.com/ibnesayeed/linkextractor,1.100000,0.000000,5500,5800,7300,7400,9300,19000,19000,19000,19000,19000,19000,44,0,5000.0,6272.639259088795,1205.494900001213,19002.447899983963,11810.0
1778884394,200,GET,GET /api/ -> https://httpbin.org/,1.000000,0.000000,5500,5500,7700,7700,30000,30000,30000,30000,30000,30000,30000,121,0,2900.0,5289.686017354165,554.0444999933243,30019.676299998537,302.6528925619835
1778884394,200,GET,GET /api/ -> https://locust.io/,1.300000,0.000000,7300,8500,8800,10000,11000,13000,13000,13000,13000,13000,13000,55,0,4300.0,5584.293116360839,623.2677000225522,18437.475899991114,4762.0
1778884394,200,GET,GET /api/ -> https://redis.io/,1.700000,0.000000,10000,12000,13000,21000,28000,30000,30000,30000,30000,30000,30000,75,0,7400.0,10195.60959600145,2243.7484000111,30020.93369999784,6932.16
1778884394,200,GET,GET /api/ -> https://training.play-with-docker.com/,0.500000,0.000000,6300,11000,12000,18000,22000,22000,22000,22000,22000,22000,22000,36,0,4700.0,7539.4556444468135,554.5339000236709,30002.2340999858,1384.4444444444443
1778884394,200,GET,GET /api/ -> https://www.python.org/,0.800000,0.000000,14000,14000,15000,26000,28000,28000,28000,28000,28000,28000,28000,111,0,4200.0,5944.696574774203,355.74980001547374,28049.806399998488,12980.0
1778884394,200,,Aggregated,14.800000,0.000000,11000,26000,30000,30000,30000,30000,30000,30000,30000,30000,30000,971,0,4500.0,7922.691508959622,130.5712999892421,30137.70900000236,5935.565396498455
1778884396,200,GET,GET /api/ -> http://example.com/,5.200000,0.000000,30000,30000,30000,30000,30000,30000,30000,30000,30000,30000,30000,221,0,6200.0,14392.76744931993,130.5712999892421,30474.4975999929,37.35294117647059
1778884396,200,GET,GET /api/ -> https://books.toscrape.com/,0.500000,0.000000,8600,8600,8600,8600,8600,8600,8600,8600,8600,8600,8600,123,0,2100.0,4212.9623276438015,641.6091999853961,28916.63970000809,7848.0
1778884396,200,GET,GET /api/ -> https://docs.docker.com/,1.200000,0.000000,6700,8700,11000,12000,30000,30000,30000,30000,30000,30000,30000,105,0,5300.0,7106.258481905042,361.6844000061974,30004.99619997572,1724.4190476190477
1778884396,200,GET,GET /api/ -> https://flask.palletsprojects.com/,1.600000,0.000000,9400,10000,12000,14000,14000,30000,30000,30000,30000,30000,30000,92,0,5700.0,6998.4454804352545,806.3519000133965,30011.001400009263,19453.228260869564
1778884396,200,GET,GET /api/ -> https://github.com/ibnesayeed/linkextractor,1.300000,0.000000,5800,5800,7400,7400,9300,19000,19000,19000,19000,19000,19000,44,0,5000.0,6272.639259088795,1205.494900001213,19002.447899983963,11810.0
1778884396,200,GET,GET /api/ -> https://httpbin.org/,0.600000,0.000000,7700,7700,11000,11000,30000,30000,30000,30000,30000,30000,30000,122,0,2900.0,5339.420237703694,554.0444999933243,30019.676299998537,302.73770491803276
1778884396,200,GET,GET /api/ -> https://locust.io/,1.700000,0.000000,8400,8500,8800,8800,11000,13000,13000,13000,13000,13000,13000,58,0,4300.0,5692.089281031352,623.2677000225522,18437.475899991114,4762.0
1778884396,200,GET,GET /api/ -> https://redis.io/,2.200000,0.000000,12000,13000,21000,21000,28000,30000,30000,30000,30000,30000,30000,75,0,7400.0,10195.60959600145,2243.7484000111,30020.93369999784,6932.16
1778884396,200,GET,GET /api/ -> https://training.play-with-docker.com/,1.000000,0.000000,6000,11000,12000,12000,18000,22000,22000,22000,22000,22000,22000,37,0,5200.0,7497.082643245498,554.5339000236709,30002.2340999858,1385.5135135135135
1778884396,200,GET,GET /api/ -> https://www.python.org/,1.000000,0.000000,14000,14000,15000,26000,28000,28000,28000,28000,28000,28000,28000,111,0,4200.0,5944.696574774203,355.74980001547374,28049.806399998488,12980.0
1778884396,200,,Aggregated,16.300000,0.000000,12000,30000,30000,30000,30000,30000,30000,30000,30000,30000,30000,988,0,4600.0,8146.235596558375,130.5712999892421,30474.4975999929,5859.358299595142
1778884397,200,GET,GET /api/ -> http://example.com/,5.300000,0.000000,30000,30000,30000,30000,30000,30000,30000,30000,30000,30000,30000,227,0,7100.0,14679.218019382144,130.5712999892421,30474.4975999929,36.651982378854626
1778884397,200,GET,GET /api/ -> https://books.toscrape.com/,0.400000,0.000000,8600,8600,8600,8600,8600,8600,8600,8600,8600,8600,8600,123,0,2100.0,4212.9623276438015,641.6091999853961,28916.63970000809,7848.0
1778884397,200,GET,GET /api/ -> https://docs.docker.com/,0.900000,0.000000,6700,6700,12000,12000,30000,30000,30000,30000,30000,30000,30000,105,0,5300.0,7106.258481905042,361.6844000061974,30004.99619997572,1724.4190476190477
1778884397,200,GET,GET /api/ -> https://flask.palletsprojects.com/,1.500000,0.000000,9400,10000,12000,13000,14000,14000,14000,14000,14000,14000,14000,94,0,5700.0,7056.0882500006865,806.3519000133965,30011.001400009263,19457.77659574468
1778884397,200,GET,GET /api/ -> https://github.com/ibnesayeed/linkextractor,1.300000,0.000000,5500,5800,9300,9300,19000,25000,25000,25000,25000,25000,25000,45,0,5100.0,6680.9169088871895,1205.494900001213,24645.133500016527,11810.0
1778884397,200,GET,GET /api/ -> https://httpbin.org/,0.500000,0.000000,7700,7700,11000,11000,30000,30000,30000,30000,30000,30000,30000,122,0,2900.0,5339.420237703694,554.0444999933243,30019.676299998537,302.73770491803276
1778884397,200,GET,GET /api/ -> https://locust.io/,1.400000,0.000000,7300,8500,8800,10000,11000,13000,13000,13000,13000,13000,13000,60,0,4300.0,5672.356623330658,623.2677000225522,18437.475899991114,4762.0
1778884397,200,GET,GET /api/ -> https://redis.io/,2.000000,0.000000,10000,13000,13000,21000,28000,30000,30000,30000,30000,30000,30000,76,0,7400.0,10173.62304868584,2243.7484000111,30020.93369999784,6935.960526315789
1778884397,200,GET,GET /api/ -> https://training.play-with-docker.com/,1.000000,0.000000,6000,11000,12000,12000,18000,22000,22000,22000,22000,22000,22000,37,0,5200.0,7497.082643245498,554.5339000236709,30002.2340999858,1385.5135135135135
1778884397,200,GET,GET /api/ -> https://www.python.org/,1.000000,0.000000,14000,15000,26000,26000,28000,28000,28000,28000,28000,28000,28000,111,0,4200.0,5944.696574774203,355.74980001547374,28049.806399998488,12980.0
1778884397,200,,Aggregated,15.300000,0.000000,12000,30000,30000,30000,30000,30000,30000,30000,30000,30000,30000,1000,0,4600.0,8262.64694939979,130.5712999892421,30474.4975999929,5857.0
1778884398,200,GET,GET /api/ -> http://example.com/,4.900000,0.000000,30000,30000,30000,30000,30000,30000,30000,30000,30000,30000,30000,227,0,7100.0,14679.218019382144,130.5712999892421,30474.4975999929,36.651982378854626
1778884398,200,GET,GET /api/ -> https://books.toscrape.com/,0.200000,0.000000,8400,8400,8600,8600,8600,8600,8600,8600,8600,8600,8600,124,0,2100.0,4246.733265324081,641.6091999853961,28916.63970000809,7848.0
1778884398,200,GET,GET /api/ -> https://docs.docker.com/,1.000000,0.000000,6700,8500,12000,12000,30000,30000,30000,30000,30000,30000,30000,107,0,5500.0,7161.269745794908,361.6844000061974,30004.99619997572,1724.728971962617
1778884398,200,GET,GET /api/ -> https://flask.palletsprojects.com/,1.400000,0.000000,9400,12000,14000,14000,15000,16000,16000,16000,16000,16000,16000,96,0,5700.0,7229.559015625758,806.3519000133965,30011.001400009263,19462.135416666668
1778884398,200,GET,GET /api/ -> https://github.com/ibnesayeed/linkextractor,1.300000,0.000000,5400,5800,5800,9300,19000,25000,25000,25000,25000,25000,25000,47,0,5000.0,6575.533457444683,1205.494900001213,24645.133500016527,11810.0
1778884398,200,GET,GET /api/ -> https://httpbin.org/,0.600000,0.000000,7700,7700,11000,11000,30000,30000,30000,30000,30000,30000,30000,122,0,2900.0,5339.420237703694,554.0444999933243,30019.676299998537,302.73770491803276
1778884398,200,GET,GET /api/ -> https://locust.io/,1.600000,0.000000,7300,8700,8800,10000,11000,13000,13000,13000,13000,13000,13000,62,0,4400.0,5738.8348806426,623.2677000225522,18437.475899991114,4762.0
1778884398,200,GET,GET /api/ -> https://redis.io/,1.800000,0.000000,10000,13000,21000,24000,28000,30000,30000,30000,30000,30000,30000,78,0,7700.0,10324.436506411681,2243.7484000111,30020.93369999784,6943.2692307692305
1778884398,200,GET,GET /api/ -> https://training.play-with-docker.com/,1.000000,0.000000,6000,6300,11000,12000,18000,18000,18000,18000,18000,18000,18000,38,0,4800.0,7426.348681580796,554.5339000236709,30002.2340999858,1386.5263157894738
1778884398,200,GET,GET /api/ -> https://www.python.org/,0.900000,0.000000,14000,15000,21000,21000,26000,26000,26000,26000,26000,26000,26000,112,0,4200.0,6081.281999106587,355.74980001547374,28049.806399998488,12980.0
1778884398,200,,Aggregated,14.700000,0.000000,12000,30000,30000,30000,30000,30000,30000,30000,30000,30000,30000,1013,0,4700.0,8296.099633760885,130.5712999892421,30474.4975999929,5893.044422507403
1778884399,200,GET,GET /api/ -> http://example.com/,5.500000,0.000000,30000,30000,30000,30000,30000,30000,30000,30000,30000,30000,30000,229,0,7100.0,14596.109761571046,130.5712999892421,30474.4975999929,36.89956331877729
1778884399,200,GET,GET /api/ -> https://books.toscrape.com/,0.100000,0.000000,8400,8400,8600,8600,8600,8600,8600,8600,8600,8600,8600,124,0,2100.0,4246.733265324081,641.6091999853961,28916.63970000809,7848.0
1778884399,200,GET,GET /api/ -> https://docs.docker.com/,0.800000,0.000000,10000,10000,12000,12000,30000,30000,30000,30000,30000,30000,30000,109,0,5500.0,7221.213884404412,361.6844000061974,30004.99619997572,1725.0275229357799
1778884399,200,GET,GET /api/ -> https://flask.palletsprojects.com/,1.300000,0.000000,9400,11000,12000,13000,15000,16000,16000,16000,16000,16000,16000,99,0,5700.0,7186.962721212896,806.3519000133965,30011.001400009263,19468.343434343435
1778884399,200,GET,GET /api/ -> https://github.com/ibnesayeed/linkextractor,1.200000,0.000000,5500,5800,9300,19000,25000,25000,25000,25000,25000,25000,25000,47,0,5000.0,6575.533457444683,1205.494900001213,24645.133500016527,11810.0
1778884399,200,GET,GET /api/ -> https://httpbin.org/,0.600000,0.000000,3900,7700,11000,11000,30000,30000,30000,30000,30000,30000,30000,124,0,2900.0,5283.779342740731,554.0444999933243,30019.676299998537,302.9032258064516
1778884399,200,GET,GET /api/ -> https://locust.io/,1.500000,0.000000,7300,8700,11000,11000,13000,14000,14000,14000,14000,14000,14000,64,0,4600.0,5859.655581248262,623.2677000225522,18437.475899991114,4762.0
1778884399,200,GET,GET /api/ -> https://redis.io/,1.600000,0.000000,10000,13000,21000,24000,28000,30000,30000,30000,30000,30000,30000,79,0,7700.0,10291.665667089961,2243.7484000111,30020.93369999784,6946.784810126583
1778884399,200,GET,GET /api/ -> https://training.play-with-docker.com/,1.100000,0.000000,6300,7800,11000,11000,12000,18000,18000,18000,18000,18000,18000,40,0,5200.0,7513.756640002248,554.5339000236709,30002.2340999858,1388.4
1778884399,200,GET,GET /api/ -> https://www.python.org/,0.800000,0.000000,14000,15000,21000,21000,26000,26000,26000,26000,26000,26000,26000,112,0,4200.0,6081.281999106587,355.74980001547374,28049.806399998488,12980.0
1778884399,200,,Aggregated,14.500000,0.000000,11000,21000,30000,30000,30000,30000,30000,30000,30000,30000,30000,1027,0,4700.0,8278.167272151792,130.5712999892421,30474.4975999929,5893.365141187926
1778884400,200,GET,GET /api/ -> http://example.com/,5.000000,0.000000,30000,30000,30000,30000,30000,30000,30000,30000,30000,30000,30000,230,0,6300.0,14549.56547825979,130.5712999892421,30474.4975999929,37.02173913043478
1778884400,200,GET,GET /api/ -> https://books.toscrape.com/,0.100000,0.000000,8400,8400,9500,9500,9500,9500,9500,9500,9500,9500,9500,125,0,2100.0,4289.113502401626,641.6091999853961,28916.63970000809,7848.0
1778884400,200,GET,GET /api/ -> https://docs.docker.com/,0.900000,0.000000,10000,10000,12000,12000,30000,30000,30000,30000,30000,30000,30000,109,0,5500.0,7221.213884404412,361.6844000061974,30004.99619997572,1725.0275229357799
1778884400,200,GET,GET /api/ -> https://flask.palletsprojects.com/,1.400000,0.000000,9400,10000,12000,13000,15000,16000,16000,16000,16000,16000,16000,99,0,5700.0,7186.962721212896,806.3519000133965,30011.001400009263,19468.343434343435
1778884400,200,GET,GET /api/ -> https://github.com/ibnesayeed/linkextractor,1.200000,0.000000,5100,9300,19000,19000,25000,25000,25000,25000,25000,25000,25000,47,0,5000.0,6575.533457444683,1205.494900001213,24645.133500016527,11810.0
1778884400,200,GET,GET /api/ -> https://httpbin.org/,0.600000,0.000000,3900,7700,11000,11000,30000,30000,30000,30000,30000,30000,30000,124,0,2900.0,5283.779342740731,554.0444999933243,30019.676299998537,302.9032258064516
1778884400,200,GET,GET /api/ -> https://locust.io/,1.600000,0.000000,7300,10000,11000,11000,14000,16000,16000,16000,16000,16000,16000,68,0,5100.0,6039.431758822021,623.2677000225522,18437.475899991114,4762.0
1778884400,200,GET,GET /api/ -> https://redis.io/,1.400000,0.000000,9300,12000,21000,24000,28000,30000,30000,30000,30000,30000,30000,82,0,7700.0,10190.333654879374,2243.7484000111,30020.93369999784,6956.817073170731
1778884400,200,GET,GET /api/ -> https://training.play-with-docker.com/,0.900000,0.000000,6300,7800,11000,11000,12000,13000,13000,13000,13000,13000,13000,44,0,5300.0,7558.641790912423,554.5339000236709,30002.2340999858,1391.6363636363637
1778884400,200,GET,GET /api/ -> https://www.python.org/,0.800000,0.000000,15000,21000,21000,26000,26000,26000,26000,26000,26000,26000,26000,112,0,4200.0,6081.281999106587,355.74980001547374,28049.806399998488,12980.0
1778884400,200,,Aggregated,13.900000,0.000000,10000,16000,30000,30000,30000,30000,30000,30000,30000,30000,30000,1040,0,4800.0,8274.396272692265,130.5712999892421,30474.4975999929,5871.928846153846
1778884401,200,GET,GET /api/ -> http://example.com/,5.100000,0.000000,30000,30000,30000,30000,30000,30000,30000,30000,30000,30000,30000,230,0,6300.0,14549.56547825979,130.5712999892421,30474.4975999929,37.02173913043478
1778884401,200,GET,GET /api/ -> https://books.toscrape.com/,0.200000,0.000000,8400,8400,9500,9500,9500,9500,9500,9500,9500,9500,9500,125,0,2100.0,4289.113502401626,641.6091999853961,28916.63970000809,7848.0
1778884401,200,GET,GET /api/ -> https://docs.docker.com/,0.900000,0.000000,10000,10000,12000,12000,30000,30000,30000,30000,30000,30000,30000,109,0,5500.0,7221.213884404412,361.6844000061974,30004.99619997572,1725.0275229357799
1778884401,200,GET,GET /api/ -> https://flask.palletsprojects.com/,1.500000,0.000000,10000,12000,13000,15000,16000,27000,27000,27000,27000,27000,27000,100,0,5700.0,7387.247661000583,806.3519000133965,30011.001400009263,19470.33
1778884401,200,GET,GET /api/ -> https://github.com/ibnesayeed/linkextractor,1.000000,0.000000,5000,7100,9300,9300,19000,25000,25000,25000,25000,25000,25000,50,0,5000.0,6438.68783799815,1205.494900001213,24645.133500016527,11810.0
1778884401,200,GET,GET /api/ -> https://httpbin.org/,0.700000,0.000000,3000,7700,7700,11000,11000,11000,11000,11000,11000,11000,11000,125,0,2900.0,5248.920420798939,554.0444999933243,30019.676299998537,302.984
1778884401,200,GET,GET /api/ -> https://locust.io/,1.500000,0.000000,7300,8700,10000,11000,14000,16000,23000,23000,23000,23000,23000,71,0,5300.0,6224.902045068619,623.2677000225522,22609.944099996937,4762.0
1778884401,200,GET,GET /api/ -> https://redis.io/,1.600000,0.000000,9300,13000,21000,24000,28000,30000,30000,30000,30000,30000,30000,83,0,7700.0,10275.53289277228,2243.7484000111,30020.93369999784,6960.0
1778884401,200,GET,GET /api/ -> https://training.play-with-docker.com/,1.100000,0.000000,6300,7800,10000,11000,12000,13000,13000,13000,13000,13000,13000,44,0,5300.0,7558.641790912423,554.5339000236709,30002.2340999858,1391.6363636363637
1778884401,200,GET,GET /api/ -> https://www.python.org/,0.800000,0.000000,15000,21000,21000,26000,26000,26000,26000,26000,26000,26000,26000,112,0,4200.0,6081.281999106587,355.74980001547374,28049.806399998488,12980.0
1778884401,200,,Aggregated,14.400000,0.000000,10000,16000,30000,30000,30000,30000,30000,30000,30000,30000,30000,1049,0,4800.0,8288.79587206857,130.5712999892421,30474.4975999929,5894.874165872259
1778884402,200,GET,GET /api/ -> http://example.com/,4.400000,0.000000,30000,30000,30000,30000,30000,30000,30000,30000,30000,30000,30000,232,0,6500.0,14490.018760774794,130.5712999892421,30474.4975999929,37.26293103448276
1778884402,200,GET,GET /api/ -> https://books.toscrape.com/,0.300000,0.000000,8400,8400,9500,9500,9500,9500,9500,9500,9500,9500,9500,125,0,2100.0,4289.113502401626,641.6091999853961,28916.63970000809,7848.0
1778884402,200,GET,GET /api/ -> https://docs.docker.com/,1.000000,0.000000,10000,10000,12000,12000,30000,30000,30000,30000,30000,30000,30000,109,0,5500.0,7221.213884404412,361.6844000061974,30004.99619997572,1725.0275229357799
1778884402,200,GET,GET /api/ -> https://flask.palletsprojects.com/,1.700000,0.000000,10000,12000,13000,15000,16000,27000,27000,27000,27000,27000,27000,101,0,5800.0,7401.740837624379,806.3519000133965,30011.001400009263,19472.27722772277
1778884402,200,GET,GET /api/ -> https://github.com/ibnesayeed/linkextractor,1.000000,0.000000,7100,9300,19000,19000,25000,25000,25000,25000,25000,25000,25000,50,0,5000.0,6438.68783799815,1205.494900001213,24645.133500016527,11810.0
1778884402,200,GET,GET /api/ -> https://httpbin.org/,0.400000,0.000000,3000,7700,7700,11000,11000,11000,11000,11000,11000,11000,11000,125,0,2900.0,5248.920420798939,554.0444999933243,30019.676299998537,302.984
1778884402,200,GET,GET /api/ -> https://locust.io/,1.600000,0.000000,7300,10000,11000,13000,16000,23000,30000,30000,30000,30000,30000,73,0,5300.0,6535.620583560197,623.2677000225522,30015.115100017283,4696.767123287671
1778884402,200,GET,GET /api/ -> https://redis.io/,1.500000,0.000000,9300,17000,21000,24000,24000,28000,28000,28000,28000,28000,28000,84,0,7700.0,10437.507411905764,2243.7484000111,30020.93369999784,6963.107142857143
1778884402,200,GET,GET /api/ -> https://training.play-with-docker.com/,1.300000,0.000000,6800,7800,11000,11000,12000,13000,13000,13000,13000,13000,13000,44,0,5300.0,7558.641790912423,554.5339000236709,30002.2340999858,1391.6363636363637
1778884402,200,GET,GET /api/ -> https://www.python.org/,0.500000,0.000000,13000,15000,15000,21000,21000,21000,21000,21000,21000,21000,21000,115,0,4200.0,6097.087501738544,355.74980001547374,28049.806399998488,12980.0
1778884402,200,,Aggregated,13.700000,0.000000,9500,14000,24000,30000,30000,30000,30000,30000,30000,30000,30000,1058,0,4800.0,8315.838704631318,130.5712999892421,30474.4975999929,5911.571833648393
1778884403,200,GET,GET /api/ -> http://example.com/,3.800000,0.000000,30000,30000,30000,30000,30000,30000,30000,30000,30000,30000,30000,234,0,6300.0,14384.692381622797,130.5712999892421,30474.4975999929,37.5
1778884403,200,GET,GET /api/ -> https://books.toscrape.com/,0.300000,0.000000,8400,9500,12000,12000,19000,19000,19000,19000,19000,19000,19000,129,0,2900.0,4450.7391325596545,641.6091999853961,28916.63970000809,7848.0
1778884403,200,GET,GET /api/ -> https://docs.docker.com/,0.900000,0.000000,10000,10000,10000,12000,30000,30000,30000,30000,30000,30000,30000,110,0,5500.0,7250.244850909803,361.6844000061974,30004.99619997572,1725.1727272727273
1778884403,200,GET,GET /api/ -> https://flask.palletsprojects.com/,1.500000,0.000000,10000,11000,13000,13000,16000,27000,27000,27000,27000,27000,27000,104,0,5800.0,7419.178685577488,806.3519000133965,30011.001400009263,19477.89423076923
1778884403,200,GET,GET /api/ -> https://github.com/ibnesayeed/linkextractor,1.000000,0.000000,7100,9300,14000,19000,25000,25000,25000,25000,25000,25000,25000,51,0,5000.0,6594.656796077056,1205.494900001213,24645.133500016527,11810.0
1778884403,200,GET,GET /api/ -> https://httpbin.org/,0.500000,0.000000,3000,7700,7700,11000,11000,11000,11000,11000,11000,11000,11000,125,0,2900.0,5248.920420798939,554.0444999933243,30019.676299998537,302.984
1778884403,200,GET,GET /api/ -> https://locust.io/,2.200000,0.000000,7500,10000,13000,16000,22000,23000,30000,30000,30000,30000,30000,75,0,5700.0,6861.156681331729,623.2677000225522,30015.115100017283,4698.506666666667
1778884403,200,GET,GET /api/ -> https://redis.io/,1.600000,0.000000,9300,17000,21000,24000,24000,28000,28000,28000,28000,28000,28000,84,0,7700.0,10437.507411905764,2243.7484000111,30020.93369999784,6963.107142857143
1778884403,200,GET,GET /api/ -> https://training.play-with-docker.com/,1.500000,0.000000,6800,10000,11000,12000,13000,15000,15000,15000,15000,15000,15000,45,0,5700.0,7720.601128892223,554.5339000236709,30002.2340999858,1392.3555555555556
1778884403,200,GET,GET /api/ -> https://www.python.org/,0.500000,0.000000,13000,15000,20000,21000,30000,30000,30000,30000,30000,30000,30000,119,0,4500.0,6483.2456470586985,355.74980001547374,30019.438899995293,12870.9243697479
1778884403,200,,Aggregated,13.800000,0.000000,10000,14000,22000,30000,30000,30000,30000,30000,30000,30000,30000,1076,0,4900.0,8375.462907063165,130.5712999892421,30474.4975999929,5955.766728624535
1778884404,200,GET,GET /api/ -> http://example.com/,3.400000,0.000000,30000,30000,30000,30000,30000,30000,30000,30000,30000,30000,30000,236,0,6200.0,14296.846051693752,130.5712999892421,30474.4975999929,37.733050847457626
1778884404,200,GET,GET /api/ -> https://books.toscrape.com/,0.300000,0.000000,8400,9500,12000,12000,19000,19000,19000,19000,19000,19000,19000,129,0,2900.0,4450.7391325596545,641.6091999853961,28916.63970000809,7848.0
1778884404,200,GET,GET /api/ -> https://docs.docker.com/,0.900000,0.000000,10000,10000,10000,10000,12000,12000,12000,12000,12000,12000,12000,112,0,5500.0,7180.712349108165,361.6844000061974,30004.99619997572,1725.455357142857
1778884404,200,GET,GET /api/ -> https://flask.palletsprojects.com/,1.300000,0.000000,10000,11000,12000,13000,16000,27000,27000,27000,27000,27000,27000,105,0,5900.0,7444.555250476835,806.3519000133965,30011.001400009263,19479.69523809524
1778884404,200,GET,GET /api/ -> https://github.com/ibnesayeed/linkextractor,0.800000,0.000000,7100,9300,14000,19000,25000,25000,25000,25000,25000,25000,25000,51,0,5000.0,6594.656796077056,1205.494900001213,24645.133500016527,11810.0
1778884404,200,GET,GET /api/ -> https://httpbin.org/,0.500000,0.000000,3000,3000,11000,11000,11000,11000,11000,11000,11000,11000,11000,125,0,2900.0,5248.920420798939,554.0444999933243,30019.676299998537,302.984
1778884404,200,GET,GET /api/ -> https://locust.io/,2.200000,0.000000,8400,11000,16000,16000,23000,30000,30000,30000,30000,30000,30000,75,0,5700.0,6861.156681331729,623.2677000225522,30015.115100017283,4698.506666666667
1778884404,200,GET,GET /api/ -> https://redis.io/,1.600000,0.000000,12000,17000,17000,21000,24000,28000,28000,28000,28000,28000,28000,87,0,8000.0,10574.22685172528,2243.7484000111,30020.93369999784,6972.0
1778884404,200,GET,GET /api/ -> https://training.play-with-docker.com/,1.300000,0.000000,7800,10000,11000,13000,15000,15000,15000,15000,15000,15000,15000,45,0,5700.0,7720.601128892223,554.5339000236709,30002.2340999858,1392.3555555555556
1778884404,200,GET,GET /api/ -> https://www.python.org/,0.500000,0.000000,13000,15000,20000,21000,30000,30000,30000,30000,30000,30000,30000,119,0,4500.0,6483.2456470586985,355.74980001547374,30019.438899995293,12870.9243697479
1778884404,200,,Aggregated,12.800000,0.000000,8800,13000,16000,22000,30000,30000,30000,30000,30000,30000,30000,1084,0,4900.0,8376.420129059057,130.5712999892421,30474.4975999929,5953.272140221402
1778884405,200,GET,GET /api/ -> http://example.com/,3.100000,0.000000,8800,30000,30000,30000,30000,30000,30000,30000,30000,30000,30000,239,0,6200.0,14194.403442258263,130.5712999892421,30474.4975999929,38.07531380753138
1778884405,200,GET,GET /api/ -> https://books.toscrape.com/,0.500000,0.000000,8400,9500,12000,12000,19000,19000,19000,19000,19000,19000,19000,129,0,2900.0,4450.7391325596545,641.6091999853961,28916.63970000809,7848.0
1778884405,200,GET,GET /api/ -> https://docs.docker.com/,0.800000,0.000000,10000,10000,10000,10000,12000,12000,12000,12000,12000,12000,12000,112,0,5500.0,7180.712349108165,361.6844000061974,30004.99619997572,1725.455357142857
1778884405,200,GET,GET /api/ -> https://flask.palletsprojects.com/,1.300000,0.000000,10000,11000,13000,15000,16000,27000,27000,27000,27000,27000,27000,105,0,5900.0,7444.555250476835,806.3519000133965,30011.001400009263,19479.69523809524
1778884405,200,GET,GET /api/ -> https://github.com/ibnesayeed/linkextractor,0.800000,0.000000,7100,11000,14000,14000,25000,25000,25000,25000,25000,25000,25000,52,0,5000.0,6675.366917306047,1205.494900001213,24645.133500016527,11810.0
1778884405,200,GET,GET /api/ -> https://httpbin.org/,0.500000,0.000000,3000,3000,11000,11000,11000,11000,11000,11000,11000,11000,11000,125,0,2900.0,5248.920420798939,554.0444999933243,30019.676299998537,302.984
1778884405,200,GET,GET /api/ -> https://locust.io/,2.400000,0.000000,7500,11000,16000,16000,23000,30000,30000,30000,30000,30000,30000,76,0,5300.0,6817.919606577274,623.2677000225522,30015.115100017283,4699.3421052631575
1778884405,200,GET,GET /api/ -> https://redis.io/,1.400000,0.000000,12000,14000,17000,17000,24000,24000,24000,24000,24000,24000,24000,88,0,8000.0,10604.37815000114,2243.7484000111,30020.93369999784,6974.829545454545
1778884405,200,GET,GET /api/ -> https://training.play-with-docker.com/,1.200000,0.000000,7800,10000,11000,13000,15000,15000,15000,15000,15000,15000,15000,45,0,5700.0,7720.601128892223,554.5339000236709,30002.2340999858,1392.3555555555556
1778884405,200,GET,GET /api/ -> https://www.python.org/,0.900000,0.000000,13000,20000,21000,23000,30000,30000,30000,30000,30000,30000,30000,120,0,4500.0,6617.90945583319,355.74980001547374,30019.438899995293,12871.833333333334
1778884405,200,,Aggregated,12.900000,0.000000,8800,12000,15000,19000,30000,30000,30000,30000,30000,30000,30000,1091,0,4900.0,8385.594262419792,130.5712999892421,30474.4975999929,5948.959670027498
1778884406,200,GET,GET /api/ -> http://example.com/,2.900000,0.000000,6500,11000,30000,30000,30000,30000,30000,30000,30000,30000,30000,239,0,6200.0,14194.403442258263,130.5712999892421,30474.4975999929,38.07531380753138
1778884406,200,GET,GET /api/ -> https://books.toscrape.com/,0.700000,0.000000,8400,9500,12000,12000,19000,19000,19000,19000,19000,19000,19000,130,0,2900.0,4444.3403323091425,641.6091999853961,28916.63970000809,7848.0
1778884406,200,GET,GET /api/ -> https://docs.docker.com/,0.700000,0.000000,10000,10000,10000,10000,12000,12000,12000,12000,12000,12000,12000,113,0,5500.0,7147.121984956928,361.6844000061974,30004.99619997572,1725.5929203539822
1778884406,200,GET,GET /api/ -> https://flask.palletsprojects.com/,1.300000,0.000000,10000,11000,13000,15000,16000,27000,27000,27000,27000,27000,27000,106,0,5800.0,7390.432269811874,806.3519000133965,30011.001400009263,19481.462264150945
1778884406,200,GET,GET /api/ -> https://github.com/ibnesayeed/linkextractor,0.700000,0.000000,7000,7100,11000,14000,25000,25000,25000,25000,25000,25000,25000,54,0,5100.0,6657.521820368991,1205.494900001213,24645.133500016527,11810.0
1778884406,200,GET,GET /api/ -> https://httpbin.org/,0.400000,0.000000,930,930,3000,3000,3000,3000,3000,3000,3000,3000,3000,125,0,2900.0,5248.920420798939,554.0444999933243,30019.676299998537,302.984
1778884406,200,GET,GET /api/ -> https://locust.io/,2.000000,0.000000,8200,14000,16000,16000,23000,30000,30000,30000,30000,30000,30000,77,0,5700.0,6835.480966232188,623.2677000225522,30015.115100017283,4700.1558441558445
1778884406,200,GET,GET /api/ -> https://redis.io/,1.000000,0.000000,12000,14000,17000,17000,24000,24000,24000,24000,24000,24000,24000,89,0,8000.0,10564.166726967322,2243.7484000111,30020.93369999784,6977.595505617977
1778884406,200,GET,GET /api/ -> https://training.play-with-docker.com/,0.900000,0.000000,7800,10000,11000,13000,15000,15000,15000,15000,15000,15000,15000,45,0,5700.0,7720.601128892223,554.5339000236709,30002.2340999858,1392.3555555555556
1778884406,200,GET,GET /api/ -> https://www.python.org/,0.800000,0.000000,13000,20000,21000,23000,30000,30000,30000,30000,30000,30000,30000,120,0,4500.0,6617.90945583319,355.74980001547374,30019.438899995293,12871.833333333334
1778884406,200,,Aggregated,11.400000,0.000000,8400,11000,14000,16000,24000,30000,30000,30000,30000,30000,30000,1098,0,4900.0,8365.18903488161,130.5712999892421,30474.4975999929,5970.103825136612
1778884407,200,GET,GET /api/ -> http://example.com/,2.600000,0.000000,4200,4800,8100,8100,8800,11000,11000,11000,11000,11000,11000,239,0,6200.0,14194.403442258263,130.5712999892421,30474.4975999929,38.07531380753138
1778884407,200,GET,GET /api/ -> https://books.toscrape.com/,0.700000,0.000000,8800,9500,12000,12000,19000,19000,19000,19000,19000,19000,19000,131,0,2900.0,4477.76887939069,641.6091999853961,28916.63970000809,7848.0
1778884407,200,GET,GET /api/ -> https://docs.docker.com/,0.800000,0.000000,10000,10000,10000,10000,14000,14000,14000,14000,14000,14000,14000,114,0,5500.0,7206.191714913553,361.6844000061974,30004.99619997572,1725.7280701754387
1778884407,200,GET,GET /api/ -> https://flask.palletsprojects.com/,1.300000,0.000000,8900,11000,11000,15000,16000,27000,27000,27000,27000,27000,27000,107,0,5800.0,7359.2546710287,806.3519000133965,30011.001400009263,19483.196261682242
1778884407,200,GET,GET /api/ -> https://github.com/ibnesayeed/linkextractor,0.800000,0.000000,7000,7100,11000,11000,14000,14000,14000,14000,14000,14000,14000,55,0,5400.0,6744.120521816975,1205.494900001213,24645.133500016527,11810.0
1778884407,200,GET,GET /api/ -> https://httpbin.org/,0.400000,0.000000,930,930,3000,3000,3000,3000,3000,3000,3000,3000,3000,125,0,2900.0,5248.920420798939,554.0444999933243,30019.676299998537,302.984
1778884407,200,GET,GET /api/ -> https://locust.io/,2.000000,0.000000,8200,10000,16000,16000,23000,30000,30000,30000,30000,30000,30000,79,0,5700.0,6785.726665821637,623.2677000225522,30015.115100017283,4701.721518987341
1778884407,200,GET,GET /api/ -> https://redis.io/,1.300000,0.000000,12000,13000,14000,17000,17000,24000,24000,24000,24000,24000,24000,91,0,8000.0,10557.186367034024,2243.7484000111,30020.93369999784,6982.945054945055
1778884407,200,GET,GET /api/ -> https://training.play-with-docker.com/,0.900000,0.000000,7800,10000,11000,13000,15000,15000,15000,15000,15000,15000,15000,46,0,5300.0,7634.237236959566,554.5339000236709,30002.2340999858,1393.0434782608695
1778884407,200,GET,GET /api/ -> https://www.python.org/,0.800000,0.000000,13000,20000,21000,23000,30000,30000,30000,30000,30000,30000,30000,121,0,4500.0,6615.679418181564,355.74980001547374,30019.438899995293,12872.727272727272
1778884407,200,,Aggregated,11.600000,0.000000,7800,10000,13000,14000,17000,23000,27000,30000,30000,30000,30000,1108,0,4900.0,8360.547311371882,130.5712999892421,30474.4975999929,5987.915162454874
1778884408,200,GET,GET /api/ -> http://example.com/,2.300000,0.000000,4800,5500,8100,8100,8800,11000,11000,11000,11000,11000,11000,240,0,5600.0,14158.009064582193,130.5712999892421,30474.4975999929,38.1875
1778884408,200,GET,GET /api/ -> https://books.toscrape.com/,0.600000,0.000000,12000,30000,30000,30000,30000,30000,30000,30000,30000,30000,30000,135,0,2900.0,5234.72001185313,641.6091999853961,30027.883200004,7615.466666666666
1778884408,200,GET,GET /api/ -> https://docs.docker.com/,0.800000,0.000000,10000,10000,10000,10000,14000,14000,14000,14000,14000,14000,14000,115,0,5600.0,7192.204742609908,361.6844000061974,30004.99619997572,1725.8608695652174
1778884408,200,GET,GET /api/ -> https://flask.palletsprojects.com/,1.400000,0.000000,8900,10000,11000,11000,24000,27000,27000,27000,27000,27000,27000,109,0,5900.0,7524.015131193147,806.3519000133965,30011.001400009263,19486.56880733945
1778884408,200,GET,GET /api/ -> https://github.com/ibnesayeed/linkextractor,1.000000,0.000000,7100,11000,11000,11000,14000,22000,22000,22000,22000,22000,22000,57,0,5400.0,7059.769645613606,1205.494900001213,24645.133500016527,11810.0
1778884408,200,GET,GET /api/ -> https://httpbin.org/,0.300000,0.000000,930,930,930,930,930,930,930,930,930,930,930,125,0,2900.0,5248.920420798939,554.0444999933243,30019.676299998537,302.984
1778884408,200,GET,GET /api/ -> https://locust.io/,1.800000,0.000000,8200,16000,16000,16000,23000,30000,30000,30000,30000,30000,30000,80,0,5700.0,6903.332561249044,623.2677000225522,30015.115100017283,4702.475
1778884408,200,GET,GET /api/ -> https://redis.io/,1.400000,0.000000,12000,13000,14000,17000,17000,24000,24000,24000,24000,24000,24000,91,0,8000.0,10557.186367034024,2243.7484000111,30020.93369999784,6982.945054945055
1778884408,200,GET,GET /api/ -> https://training.play-with-docker.com/,0.900000,0.000000,7800,10000,13000,13000,15000,15000,15000,15000,15000,15000,15000,46,0,5300.0,7634.237236959566,554.5339000236709,30002.2340999858,1393.0434782608695
1778884408,200,GET,GET /api/ -> https://www.python.org/,0.900000,0.000000,13000,21000,23000,23000,30000,30000,30000,30000,30000,30000,30000,122,0,4500.0,6807.48036885219,355.74980001547374,30019.438899995293,12767.213114754099
1778884408,200,,Aggregated,11.400000,0.000000,8500,11000,13000,16000,23000,30000,30000,30000,30000,30000,30000,1120,0,5000.0,8486.616586071488,130.5712999892421,30474.4975999929,5985.832142857143
1778884409,200,GET,GET /api/ -> http://example.com/,1.700000,0.000000,4800,6500,8100,8800,11000,16000,16000,16000,16000,16000,16000,242,0,5600.0,14122.401485949355,130.5712999892421,30474.4975999929,38.40909090909091
1778884409,200,GET,GET /api/ -> https://books.toscrape.com/,0.700000,0.000000,30000,30000,30000,30000,30000,30000,30000,30000,30000,30000,30000,141,0,3400.0,6104.661263831179,641.6091999853961,30035.462100000586,7347.063829787234
1778884409,200,GET,GET /api/ -> https://docs.docker.com/,0.800000,0.000000,6300,10000,10000,10000,14000,14000,14000,14000,14000,14000,14000,117,0,5600.0,7157.340779488371,361.6844000061974,30004.99619997572,1726.1196581196582
1778884409,200,GET,GET /api/ -> https://flask.palletsprojects.com/,1.400000,0.000000,8900,10000,11000,11000,24000,27000,27000,27000,27000,27000,27000,109,0,5900.0,7524.015131193147,806.3519000133965,30011.001400009263,19486.56880733945
1778884409,200,GET,GET /api/ -> https://github.com/ibnesayeed/linkextractor,1.000000,0.000000,9500,11000,14000,14000,19000,22000,22000,22000,22000,22000,22000,59,0,5400.0,7265.243183049942,1205.494900001213,24645.133500016527,11810.0
1778884409,200,GET,GET /api/ -> https://httpbin.org/,0.300000,0.000000,930,930,930,930,930,930,930,930,930,930,930,125,0,2900.0,5248.920420798939,554.0444999933243,30019.676299998537,302.984
1778884409,200,GET,GET /api/ -> https://locust.io/,1.700000,0.000000,8600,16000,16000,16000,23000,30000,30000,30000,30000,30000,30000,81,0,5800.0,6925.56369629506,623.2677000225522,30015.115100017283,4703.20987654321
1778884409,200,GET,GET /api/ -> https://redis.io/,1.600000,0.000000,13000,13000,17000,17000,17000,24000,24000,24000,24000,24000,24000,91,0,8000.0,10557.186367034024,2243.7484000111,30020.93369999784,6982.945054945055
1778884409,200,GET,GET /api/ -> https://training.play-with-docker.com/,0.900000,0.000000,6800,10000,10000,15000,15000,15000,15000,15000,15000,15000,15000,47,0,5300.0,7551.2544574492185,554.5339000236709,30002.2340999858,1393.7021276595744
1778884409,200,GET,GET /api/ -> https://www.python.org/,0.900000,0.000000,13000,21000,23000,23000,30000,30000,30000,30000,30000,30000,30000,122,0,4500.0,6807.48036885219,355.74980001547374,30019.438899995293,12767.213114754099
1778884409,200,,Aggregated,11.000000,0.000000,8600,13000,16000,19000,30000,30000,30000,30000,30000,30000,30000,1134,0,5100.0,8578.27645679015,130.5712999892421,30474.4975999929,5948.322751322751
1778884410,200,GET,GET /api/ -> http://example.com/,1.200000,0.000000,4800,6500,8800,11000,16000,30000,30000,30000,30000,30000,30000,243,0,6200.0,14187.829251850735,130.5712999892421,30474.4975999929,38.251028806584365
1778884410,200,GET,GET /api/ -> https://books.toscrape.com/,1.200000,0.000000,30000,30000,30000,30000,30000,30000,30000,30000,30000,30000,30000,147,0,3700.0,6925.188469388887,641.6091999853961,30052.416199992876,7100.571428571428
1778884410,200,GET,GET /api/ -> https://docs.docker.com/,0.800000,0.000000,6300,10000,10000,10000,14000,14000,14000,14000,14000,14000,14000,117,0,5600.0,7157.340779488371,361.6844000061974,30004.99619997572,1726.1196581196582
1778884410,200,GET,GET /api/ -> https://flask.palletsprojects.com/,1.300000,0.000000,8600,10000,11000,11000,24000,27000,27000,27000,27000,27000,27000,110,0,5800.0,7473.524329091411,806.3519000133965,30011.001400009263,19488.20909090909
1778884410,200,GET,GET /api/ -> https://github.com/ibnesayeed/linkextractor,1.100000,0.000000,11000,11000,19000,19000,22000,22000,22000,22000,22000,22000,22000,61,0,5400.0,7429.342006556461,1205.494900001213,24645.133500016527,11810.0
1778884410,200,GET,GET /api/ -> https://httpbin.org/,0.300000,0.000000,930,930,930,930,930,930,930,930,930,930,930,125,0,2900.0,5248.920420798939,554.0444999933243,30019.676299998537,302.984
1778884410,200,GET,GET /api/ -> https://locust.io/,1.800000,0.000000,8200,8700,16000,16000,22000,30000,30000,30000,30000,30000,30000,83,0,5800.0,6886.183934938443,623.2677000225522,30015.115100017283,4704.626506024097
1778884410,200,GET,GET /api/ -> https://redis.io/,1.400000,0.000000,13000,13000,14000,17000,24000,24000,24000,24000,24000,24000,24000,92,0,8000.0,10576.840254348772,2243.7484000111,30020.93369999784,6985.532608695652
1778884410,200,GET,GET /api/ -> https://training.play-with-docker.com/,0.900000,0.000000,9300,9300,10000,10000,15000,15000,15000,15000,15000,15000,15000,48,0,5300.0,7588.0752333353785,554.5339000236709,30002.2340999858,1394.3333333333333
1778884410,200,GET,GET /api/ -> https://www.python.org/,1.000000,0.000000,13000,20000,23000,30000,30000,30000,30000,30000,30000,30000,30000,122,0,4500.0,6807.48036885219,355.74980001547374,30019.438899995293,12767.213114754099
1778884410,200,,Aggregated,11.000000,0.000000,9300,14000,20000,24000,30000,30000,30000,30000,30000,30000,30000,1148,0,5100.0,8687.987336062677,130.5712999892421,30474.4975999929,5936.151567944251
1778884411,200,GET,GET /api/ -> http://example.com/,1.200000,0.000000,4800,6500,8800,11000,16000,30000,30000,30000,30000,30000,30000,243,0,6200.0,14187.829251850735,130.5712999892421,30474.4975999929,38.251028806584365
1778884411,200,GET,GET /api/ -> https://books.toscrape.com/,1.600000,0.000000,30000,30000,30000,30000,30000,30000,30000,30000,30000,30000,30000,152,0,3800.0,7685.4371953957425,641.6091999853961,30052.416199992876,6867.0
1778884411,200,GET,GET /api/ -> https://docs.docker.com/,0.900000,0.000000,5600,5700,6300,10000,14000,14000,14000,14000,14000,14000,14000,118,0,5500.0,7132.657910170827,361.6844000061974,30004.99619997572,1726.2457627118645
1778884411,200,GET,GET /api/ -> https://flask.palletsprojects.com/,1.200000,0.000000,8600,8900,11000,11000,24000,30000,30000,30000,30000,30000,30000,112,0,5800.0,7626.899113393457,806.3519000133965,30011.001400009263,19315.803571428572
1778884411,200,GET,GET /api/ -> https://github.com/ibnesayeed/linkextractor,1.000000,0.000000,9500,11000,14000,19000,22000,22000,22000,22000,22000,22000,22000,64,0,5400.0,7509.274174998609,1205.494900001213,24645.133500016527,11810.0
1778884411,200,GET,GET /api/ -> https://httpbin.org/,0.200000,0.000000,930,930,930,930,930,930,930,930,930,930,930,125,0,2900.0,5248.920420798939,554.0444999933243,30019.676299998537,302.984
1778884411,200,GET,GET /api/ -> https://locust.io/,1.800000,0.000000,8200,8700,16000,22000,30000,30000,30000,30000,30000,30000,30000,86,0,5800.0,7122.027943022468,623.2677000225522,30015.115100017283,4651.2558139534885
1778884411,200,GET,GET /api/ -> https://redis.io/,1.200000,0.000000,13000,14000,17000,17000,24000,30000,30000,30000,30000,30000,30000,94,0,8300.0,10824.683847873066,2243.7484000111,30020.93369999784,6913.723404255319
1778884411,200,GET,GET /api/ -> https://training.play-with-docker.com/,0.700000,0.000000,13000,13000,14000,14000,15000,15000,15000,15000,15000,15000,15000,50,0,5700.0,7821.792832001811,554.5339000236709,30002.2340999858,1395.52
1778884411,200,GET,GET /api/ -> https://www.python.org/,1.000000,0.000000,13000,20000,23000,30000,30000,30000,30000,30000,30000,30000,30000,122,0,4500.0,6807.48036885219,355.74980001547374,30019.438899995293,12767.213114754099
1778884411,200,,Aggregated,10.800000,0.000000,10000,14000,22000,30000,30000,30000,30000,30000,30000,30000,30000,1166,0,5200.0,8833.637073070282,130.5712999892421,30474.4975999929,5910.062607204117
1778884412,200,GET,GET /api/ -> http://example.com/,1.300000,0.000000,4200,5500,11000,11000,16000,30000,30000,30000,30000,30000,30000,243,0,6200.0,14187.829251850735,130.5712999892421,30474.4975999929,38.251028806584365
1778884412,200,GET,GET /api/ -> https://books.toscrape.com/,2.100000,0.000000,30000,30000,30000,30000,30000,30000,30000,30000,30000,30000,30000,159,0,3900.0,8432.449169183492,641.6091999853961,30052.416199992876,6663.396226415094
1778884412,200,GET,GET /api/ -> https://docs.docker.com/,0.800000,0.000000,5700,9100,9200,9200,10000,14000,14000,14000,14000,14000,14000,120,0,5600.0,7166.118272501626,361.6844000061974,30004.99619997572,1726.4916666666666
1778884412,200,GET,GET /api/ -> https://flask.palletsprojects.com/,1.000000,0.000000,7800,10000,11000,11000,24000,30000,30000,30000,30000,30000,30000,112,0,5800.0,7626.899113393457,806.3519000133965,30011.001400009263,19315.803571428572
1778884412,200,GET,GET /api/ -> https://github.com/ibnesayeed/linkextractor,1.300000,0.000000,11000,12000,14000,19000,22000,22000,22000,22000,22000,22000,22000,65,0,5500.0,7581.437236921808,1205.494900001213,24645.133500016527,11810.0
1778884412,200,GET,GET /api/ -> https://httpbin.org/,0.100000,0.000000,6400,6400,6400,6400,6400,6400,6400,6400,6400,6400,6400,126,0,2900.0,5258.216393649779,554.0444999933243,30019.676299998537,303.06349206349205
1778884412,200,GET,GET /api/ -> https://locust.io/,1.700000,0.000000,8200,8600,16000,16000,22000,30000,30000,30000,30000,30000,30000,86,0,5800.0,7122.027943022468,623.2677000225522,30015.115100017283,4651.2558139534885
1778884412,200,GET,GET /api/ -> https://redis.io/,1.200000,0.000000,13000,13000,14000,14000,17000,30000,30000,30000,30000,30000,30000,96,0,8500.0,10847.329351042694,2243.7484000111,30020.93369999784,6920.125
1778884412,200,GET,GET /api/ -> https://training.play-with-docker.com/,0.500000,0.000000,9300,13000,14000,14000,15000,15000,15000,15000,15000,15000,15000,51,0,5900.0,7796.689374511605,554.5339000236709,30002.2340999858,1396.078431372549
1778884412,200,GET,GET /api/ -> https://www.python.org/,1.000000,0.000000,13000,20000,23000,30000,30000,30000,30000,30000,30000,30000,30000,122,0,4500.0,6807.48036885219,355.74980001547374,30019.438899995293,12767.213114754099
1778884412,200,,Aggregated,11.000000,0.000000,11000,16000,30000,30000,30000,30000,30000,30000,30000,30000,30000,1180,0,5300.0,8932.084143559365,130.5712999892421,30474.4975999929,5879.9152542372885
1778884413,200,GET,GET /api/ -> http://example.com/,1.300000,0.000000,5500,11000,11000,16000,30000,30000,30000,30000,30000,30000,30000,244,0,6200.0,14173.956651228296,130.5712999892421,30474.4975999929,38.36065573770492
1778884413,200,GET,GET /api/ -> https://books.toscrape.com/,2.700000,0.000000,30000,30000,30000,30000,30000,30000,30000,30000,30000,30000,30000,165,0,4000.0,9061.70142545527,641.6091999853961,30052.416199992876,6468.654545454546
1778884413,200,GET,GET /api/ -> https://docs.docker.com/,0.800000,0.000000,5700,6300,9100,9200,14000,14000,14000,14000,14000,14000,14000,120,0,5600.0,7166.118272501626,361.6844000061974,30004.99619997572,1726.4916666666666
1778884413,200,GET,GET /api/ -> https://flask.palletsprojects.com/,1.100000,0.000000,7400,8600,10000,11000,24000,30000,30000,30000,30000,30000,30000,114,0,5800.0,7597.92486754432,806.3519000133965,30011.001400009263,19321.964912280702
1778884413,200,GET,GET /api/ -> https://github.com/ibnesayeed/linkextractor,1.200000,0.000000,10000,11000,13000,14000,22000,22000,22000,22000,22000,22000,22000,69,0,5600.0,7682.102189853575,1205.494900001213,24645.133500016527,11810.0
1778884413,200,GET,GET /api/ -> https://httpbin.org/,0.000000,0.000000,6400,6400,6400,6400,6400,6400,6400,6400,6400,6400,6400,126,0,2900.0,5258.216393649779,554.0444999933243,30019.676299998537,303.06349206349205
1778884413,200,GET,GET /api/ -> https://locust.io/,1.400000,0.000000,8200,8600,16000,16000,22000,30000,30000,30000,30000,30000,30000,86,0,5800.0,7122.027943022468,623.2677000225522,30015.115100017283,4651.2558139534885
1778884413,200,GET,GET /api/ -> https://redis.io/,1.000000,0.000000,13000,13000,14000,14000,20000,30000,30000,30000,30000,30000,30000,99,0,9200.0,10937.08956060723,2243.7484000111,30020.93369999784,6929.242424242424
1778884413,200,GET,GET /api/ -> https://training.play-with-docker.com/,0.400000,0.000000,12000,13000,14000,14000,15000,15000,15000,15000,15000,15000,15000,52,0,5900.0,7875.576194232473,554.5339000236709,30002.2340999858,1396.6153846153845
1778884413,200,GET,GET /api/ -> https://www.python.org/,1.000000,0.000000,30000,30000,30000,30000,30000,30000,30000,30000,30000,30000,30000,123,0,4600.0,6996.257903251695,355.74980001547374,30027.1170999913,12663.414634146342
1778884413,200,,Aggregated,10.900000,0.000000,11000,19000,30000,30000,30000,30000,30000,30000,30000,30000,30000,1198,0,5400.0,9046.460814858043,130.5712999892421,30474.4975999929,5889.711185308848
1778884414,200,GET,GET /api/ -> http://example.com/,1.300000,0.000000,11000,11000,16000,16000,30000,30000,30000,30000,30000,30000,30000,245,0,6200.0,14118.47139795795,130.5712999892421,30474.4975999929,38.46938775510204
1778884414,200,GET,GET /api/ -> https://books.toscrape.com/,3.200000,0.000000,30000,30000,30000,30000,30000,30000,30000,30000,30000,30000,30000,170,0,4100.0,9680.374596471152,641.6091999853961,30112.922300002538,6278.4
1778884414,200,GET,GET /api/ -> https://docs.docker.com/,1.100000,0.000000,6300,9100,9200,9200,14000,14000,14000,14000,14000,14000,14000,120,0,5600.0,7166.118272501626,361.6844000061974,30004.99619997572,1726.4916666666666
1778884414,200,GET,GET /api/ -> https://flask.palletsprojects.com/,1.200000,0.000000,4500,7400,8600,24000,30000,30000,30000,30000,30000,30000,30000,114,0,5800.0,7597.92486754432,806.3519000133965,30011.001400009263,19321.964912280702
1778884414,200,GET,GET /api/ -> https://github.com/ibnesayeed/linkextractor,1.400000,0.000000,11000,14000,14000,19000,22000,22000,22000,22000,22000,22000,22000,72,0,5700.0,8032.201031943259,1205.494900001213,24645.133500016527,11810.0
1778884414,200,GET,GET /api/ -> https://httpbin.org/,0.000000,0.000000,7000,7000,12000,12000,12000,12000,12000,12000,12000,12000,12000,128,0,3000.0,5321.273823436286,554.0444999933243,30019.676299998537,303.21875
1778884414,200,GET,GET /api/ -> https://locust.io/,1.500000,0.000000,6900,8600,8700,14000,16000,30000,30000,30000,30000,30000,30000,88,0,5800.0,7136.867517044844,623.2677000225522,30015.115100017283,4653.772727272727
1778884414,200,GET,GET /api/ -> https://redis.io/,1.100000,0.000000,12000,13000,14000,14000,20000,30000,30000,30000,30000,30000,30000,100,0,9200.0,10935.468092001101,2243.7484000111,30020.93369999784,6932.16
1778884414,200,GET,GET /api/ -> https://training.play-with-docker.com/,0.600000,0.000000,9300,12000,13000,13000,14000,14000,14000,14000,14000,14000,14000,52,0,5900.0,7875.576194232473,554.5339000236709,30002.2340999858,1396.6153846153845
1778884414,200,GET,GET /api/ -> https://www.python.org/,1.000000,0.000000,30000,30000,30000,30000,30000,30000,30000,30000,30000,30000,30000,123,0,4600.0,6996.257903251695,355.74980001547374,30027.1170999913,12663.414634146342
1778884414,200,,Aggregated,12.400000,0.000000,12000,22000,30000,30000,30000,30000,30000,30000,30000,30000,30000,1212,0,5400.0,9143.472904372858,130.5712999892421,30474.4975999929,5865.297029702971
1778884415,200,GET,GET /api/ -> http://example.com/,1.100000,0.000000,5500,11000,11000,16000,30000,30000,30000,30000,30000,30000,30000,246,0,5600.0,14062.305074795482,130.5712999892421,30474.4975999929,38.577235772357724
1778884415,200,GET,GET /api/ -> https://books.toscrape.com/,3.800000,0.000000,30000,30000,30000,30000,30000,30000,30000,30000,30000,30000,30000,176,0,4700.0,10238.822086932321,641.6091999853961,30112.922300002538,6108.954545454545
1778884415,200,GET,GET /api/ -> https://docs.docker.com/,1.100000,0.000000,6300,9100,9200,9200,14000,14000,14000,14000,14000,14000,14000,120,0,5600.0,7166.118272501626,361.6844000061974,30004.99619997572,1726.4916666666666
1778884415,200,GET,GET /api/ -> https://flask.palletsprojects.com/,1.100000,0.000000,4500,7400,12000,12000,24000,30000,30000,30000,30000,30000,30000,117,0,5800.0,7567.6902076928445,806.3519000133965,30011.001400009263,19330.811965811965
1778884415,200,GET,GET /api/ -> https://github.com/ibnesayeed/linkextractor,1.500000,0.000000,10000,13000,14000,14000,21000,22000,22000,22000,22000,22000,22000,75,0,5800.0,8041.097193332389,1205.494900001213,24645.133500016527,11810.0
1778884415,200,GET,GET /api/ -> https://httpbin.org/,0.100000,0.000000,7000,7000,12000,12000,12000,12000,12000,12000,12000,12000,12000,128,0,3000.0,5321.273823436286,554.0444999933243,30019.676299998537,303.21875
1778884415,200,GET,GET /api/ -> https://locust.io/,1.200000,0.000000,8200,8700,14000,14000,16000,30000,30000,30000,30000,30000,30000,92,0,5800.0,7177.002295651144,623.2677000225522,30015.115100017283,4658.478260869565
1778884415,200,GET,GET /api/ -> https://redis.io/,1.300000,0.000000,12000,13000,14000,14000,20000,30000,30000,30000,30000,30000,30000,100,0,9200.0,10935.468092001101,2243.7484000111,30020.93369999784,6932.16
1778884415,200,GET,GET /api/ -> https://training.play-with-docker.com/,0.700000,0.000000,6000,6500,12000,12000,13000,14000,14000,14000,14000,14000,14000,57,0,5800.0,7511.042715790641,554.5339000236709,30002.2340999858,1399.017543859649
1778884415,200,GET,GET /api/ -> https://www.python.org/,0.300000,0.000000,23000,30000,30000,30000,30000,30000,30000,30000,30000,30000,30000,124,0,4500.0,6965.244383870619,355.74980001547374,30027.1170999913,12665.967741935483
1778884415,200,,Aggregated,12.200000,0.000000,12000,22000,30000,30000,30000,30000,30000,30000,30000,30000,30000,1235,0,5500.0,9179.408729068702,130.5712999892421,30474.4975999929,5870.633198380567
1778884416,200,GET,GET /api/ -> http://example.com/,0.900000,0.000000,5500,11000,16000,27000,30000,30000,30000,30000,30000,30000,30000,248,0,5600.0,14073.580999998794,130.5712999892421,30474.4975999929,38.79032258064516
1778884416,200,GET,GET /api/ -> https://books.toscrape.com/,3.600000,0.000000,30000,30000,30000,30000,30000,30000,30000,30000,30000,30000,30000,182,0,4900.0,10799.45878626425,641.6091999853961,30112.922300002538,5950.681318681319
1778884416,200,GET,GET /api/ -> https://docs.docker.com/,0.900000,0.000000,6300,9100,9200,9200,14000,14000,14000,14000,14000,14000,14000,120,0,5600.0,7166.118272501626,361.6844000061974,30004.99619997572,1726.4916666666666
1778884416,200,GET,GET /api/ -> https://flask.palletsprojects.com/,0.900000,0.000000,7400,8500,12000,12000,24000,30000,30000,30000,30000,30000,30000,118,0,5800.0,7575.373652542821,806.3519000133965,30011.001400009263,19333.661016949154
1778884416,200,GET,GET /api/ -> https://github.com/ibnesayeed/linkextractor,1.800000,0.000000,11000,14000,14000,19000,22000,22000,24000,24000,24000,24000,24000,77,0,5800.0,8221.873336362762,1205.494900001213,24645.133500016527,11810.0
1778884416,200,GET,GET /api/ -> https://httpbin.org/,0.100000,0.000000,12000,12000,13000,13000,13000,13000,13000,13000,13000,13000,13000,129,0,3100.0,5381.942623254506,554.0444999933243,30019.676299998537,303.29457364341084
1778884416,200,GET,GET /api/ -> https://locust.io/,1.100000,0.000000,6900,8700,14000,14000,16000,30000,30000,30000,30000,30000,30000,93,0,5800.0,7125.957927955765,623.2677000225522,30015.115100017283,4659.591397849463
1778884416,200,GET,GET /api/ -> https://redis.io/,1.400000,0.000000,12000,13000,14000,19000,20000,30000,30000,30000,30000,30000,30000,103,0,9400.0,11013.121867962396,2243.7484000111,30020.93369999784,6940.57281553398
1778884416,200,GET,GET /api/ -> https://training.play-with-docker.com/,0.700000,0.000000,5800,6500,9300,12000,13000,14000,14000,14000,14000,14000,14000,58,0,5700.0,7463.744162070035,554.5339000236709,30002.2340999858,1399.448275862069
1778884416,200,GET,GET /api/ -> https://www.python.org/,0.400000,0.000000,30000,30000,30000,30000,30000,30000,30000,30000,30000,30000,30000,124,0,4500.0,6965.244383870619,355.74980001547374,30027.1170999913,12665.967741935483
1778884416,200,,Aggregated,11.800000,0.000000,13000,24000,30000,30000,30000,30000,30000,30000,30000,30000,30000,1252,0,5500.0,9289.605288178787,130.5712999892421,30474.4975999929,5854.360223642173
1778884417,200,GET,GET /api/ -> http://example.com/,0.800000,0.000000,4400,11000,16000,16000,27000,30000,30000,30000,30000,30000,30000,250,0,5500.0,13969.646369598802,130.5712999892421,30474.4975999929,39.0
1778884417,200,GET,GET /api/ -> https://books.toscrape.com/,4.200000,0.000000,30000,30000,30000,30000,30000,30000,30000,30000,30000,30000,30000,190,0,5200.0,11275.597300000587,641.6091999853961,30112.922300002538,5824.042105263158
1778884417,200,GET,GET /api/ -> https://docs.docker.com/,0.800000,0.000000,6300,6300,9100,9100,9200,9200,9200,9200,9200,9200,9200,120,0,5600.0,7166.118272501626,361.6844000061974,30004.99619997572,1726.4916666666666
1778884417,200,GET,GET /api/ -> https://flask.palletsprojects.com/,0.900000,0.000000,8500,8600,18000,18000,24000,30000,30000,30000,30000,30000,30000,119,0,5900.0,7662.573269748387,806.3519000133965,30011.001400009263,19336.462184873948
1778884417,200,GET,GET /api/ -> https://github.com/ibnesayeed/linkextractor,2.100000,0.000000,12000,14000,19000,20000,22000,22000,24000,24000,24000,24000,24000,81,0,6400.0,8627.815238270912,1205.494900001213,24645.133500016527,11810.0
1778884417,200,GET,GET /api/ -> https://httpbin.org/,0.300000,0.000000,7000,12000,13000,13000,15000,15000,15000,15000,15000,15000,15000,132,0,3200.0,5461.058583332157,554.0444999933243,30019.676299998537,303.5151515151515
1778884417,200,GET,GET /api/ -> https://locust.io/,1.300000,0.000000,6900,8700,14000,14000,16000,30000,30000,30000,30000,30000,30000,95,0,5800.0,7102.942087367103,623.2677000225522,30015.115100017283,4661.747368421053
1778884417,200,GET,GET /api/ -> https://redis.io/,1.200000,0.000000,12000,13000,14000,19000,30000,30000,30000,30000,30000,30000,30000,108,0,9400.0,11149.149228704993,2243.7484000111,30020.93369999784,6886.694444444444
1778884417,200,GET,GET /api/ -> https://training.play-with-docker.com/,0.700000,0.000000,6000,6800,9900,12000,13000,14000,14000,14000,14000,14000,14000,61,0,5800.0,7449.567993443467,554.5339000236709,30002.2340999858,1400.655737704918
1778884417,200,GET,GET /api/ -> https://www.python.org/,0.400000,0.000000,30000,30000,30000,30000,30000,30000,30000,30000,30000,30000,30000,125,0,4500.0,6916.192273599794,355.74980001547374,30027.1170999913,12668.48
1778884417,200,,Aggregated,12.700000,0.000000,13000,22000,30000,30000,30000,30000,30000,30000,30000,30000,30000,1281,0,5600.0,9386.497701248945,130.5712999892421,30474.4975999929,5836.720530835285
1778884418,200,GET,GET /api/ -> http://example.com/,0.700000,0.000000,5900,9200,16000,16000,27000,30000,30000,30000,30000,30000,30000,252,0,5600.0,13918.885623014668,130.5712999892421,30474.4975999929,39.20634920634921
1778884418,200,GET,GET /api/ -> https://books.toscrape.com/,4.900000,0.000000,30000,30000,30000,30000,30000,30000,30000,30000,30000,30000,30000,196,0,5200.0,11780.19861887834,641.6091999853961,30112.922300002538,5685.7959183673465
1778884418,200,GET,GET /api/ -> https://docs.docker.com/,0.700000,0.000000,4200,4200,9100,9100,9200,9200,9200,9200,9200,9200,9200,122,0,5500.0,7077.796377870445,361.6844000061974,30004.99619997572,1726.7295081967213
1778884418,200,GET,GET /api/ -> https://flask.palletsprojects.com/,1.100000,0.000000,8500,8600,18000,18000,24000,30000,30000,30000,30000,30000,30000,119,0,5900.0,7662.573269748387,806.3519000133965,30011.001400009263,19336.462184873948
1778884418,200,GET,GET /api/ -> https://github.com/ibnesayeed/linkextractor,2.200000,0.000000,12000,14000,19000,20000,22000,22000,24000,24000,24000,24000,24000,84,0,6400.0,8715.146688094786,1205.494900001213,24645.133500016527,11810.0
1778884418,200,GET,GET /api/ -> https://httpbin.org/,0.300000,0.000000,7000,12000,13000,13000,15000,15000,15000,15000,15000,15000,15000,133,0,3200.0,5468.115569923652,554.0444999933243,30019.676299998537,303.5864661654135
1778884418,200,GET,GET /api/ -> https://locust.io/,1.600000,0.000000,6900,8700,14000,14000,16000,30000,30000,30000,30000,30000,30000,95,0,5800.0,7102.942087367103,623.2677000225522,30015.115100017283,4661.747368421053
1778884418,200,GET,GET /api/ -> https://redis.io/,1.100000,0.000000,12000,14000,19000,20000,30000,30000,30000,30000,30000,30000,30000,110,0,9400.0,11199.921578183421,2243.7484000111,30020.93369999784,6892.772727272727
1778884418,200,GET,GET /api/ -> https://training.play-with-docker.com/,1.200000,0.000000,6000,9300,9900,12000,14000,14000,14000,14000,14000,14000,14000,63,0,5800.0,7474.514817461438,554.5339000236709,30002.2340999858,1401.3968253968253
1778884418,200,GET,GET /api/ -> https://www.python.org/,0.400000,0.000000,30000,30000,30000,30000,30000,30000,30000,30000,30000,30000,30000,125,0,4500.0,6916.192273599794,355.74980001547374,30027.1170999913,12668.48
1778884418,200,,Aggregated,14.200000,0.000000,12000,20000,30000,30000,30000,30000,30000,30000,30000,30000,30000,1299,0,5600.0,9463.692467821413,130.5712999892421,30474.4975999929,5805.490377213241
1778884419,200,GET,GET /api/ -> http://example.com/,1.000000,0.000000,5900,9200,16000,16000,27000,30000,30000,30000,30000,30000,30000,252,0,5600.0,13918.885623014668,130.5712999892421,30474.4975999929,39.20634920634921
1778884419,200,GET,GET /api/ -> https://books.toscrape.com/,5.200000,0.000000,30000,30000,30000,30000,30000,30000,30000,30000,30000,30000,30000,202,0,5300.0,12187.849850000643,641.6091999853961,30112.922300002538,5555.762376237623
1778884419,200,GET,GET /api/ -> https://docs.docker.com/,0.700000,0.000000,4200,4200,9100,9100,9200,9200,9200,9200,9200,9200,9200,122,0,5500.0,7077.796377870445,361.6844000061974,30004.99619997572,1726.7295081967213
1778884419,200,GET,GET /api/ -> https://flask.palletsprojects.com/,1.200000,0.000000,7400,8500,12000,18000,30000,30000,30000,30000,30000,30000,30000,119,0,5900.0,7662.573269748387,806.3519000133965,30011.001400009263,19336.462184873948
1778884419,200,GET,GET /api/ -> https://github.com/ibnesayeed/linkextractor,2.300000,0.000000,10000,14000,14000,17000,22000,22000,24000,24000,24000,24000,24000,86,0,6200.0,8589.124220929672,1205.494900001213,24645.133500016527,11810.0
1778884419,200,GET,GET /api/ -> https://httpbin.org/,0.400000,0.000000,7000,12000,13000,15000,16000,16000,16000,16000,16000,16000,16000,134,0,3200.0,5548.461794775021,554.0444999933243,30019.676299998537,303.65671641791045
1778884419,200,GET,GET /api/ -> https://locust.io/,1.600000,0.000000,4700,6900,11000,14000,14000,30000,30000,30000,30000,30000,30000,96,0,5700.0,7052.652829165406,623.2677000225522,30015.115100017283,4662.791666666667
1778884419,200,GET,GET /api/ -> https://redis.io/,1.300000,0.000000,12000,14000,19000,20000,30000,30000,30000,30000,30000,30000,30000,110,0,9400.0,11199.921578183421,2243.7484000111,30020.93369999784,6892.772727272727
1778884419,200,GET,GET /api/ -> https://training.play-with-docker.com/,1.200000,0.000000,5800,6800,9900,12000,13000,14000,14000,14000,14000,14000,14000,68,0,5700.0,7313.595094118415,554.5339000236709,30002.2340999858,1403.0588235294117
1778884419,200,GET,GET /api/ -> https://www.python.org/,0.400000,0.000000,30000,30000,30000,30000,30000,30000,30000,30000,30000,30000,30000,126,0,4500.0,7099.511372222055,355.74980001547374,30027.1170999913,12567.936507936507
1778884419,200,,Aggregated,15.300000,0.000000,12000,19000,30000,30000,30000,30000,30000,30000,30000,30000,30000,1315,0,5600.0,9526.927552775647,130.5712999892421,30474.4975999929,5768.057034220532
1778884420,200,GET,GET /api/ -> http://example.com/,1.100000,0.000000,3500,5900,11000,16000,27000,30000,30000,30000,30000,30000,30000,255,0,5500.0,13771.832534116485,130.5712999892421,30474.4975999929,39.509803921568626
1778884420,200,GET,GET /api/ -> https://books.toscrape.com/,5.500000,0.000000,30000,30000,30000,30000,30000,30000,30000,30000,30000,30000,30000,208,0,5900.0,12612.446754808425,641.6091999853961,30112.922300002538,5433.2307692307695
1778884420,200,GET,GET /api/ -> https://docs.docker.com/,0.600000,0.000000,4200,9100,9100,9200,9200,9200,9200,9200,9200,9200,9200,122,0,5500.0,7077.796377870445,361.6844000061974,30004.99619997572,1726.7295081967213
1778884420,200,GET,GET /api/ -> https://flask.palletsprojects.com/,1.200000,0.000000,7400,8500,12000,18000,30000,30000,30000,30000,30000,30000,30000,119,0,5900.0,7662.573269748387,806.3519000133965,30011.001400009263,19336.462184873948
1778884420,200,GET,GET /api/ -> https://github.com/ibnesayeed/linkextractor,2.400000,0.000000,8200,13000,14000,17000,22000,22000,24000,24000,24000,24000,24000,88,0,5800.0,8508.084197726434,1205.494900001213,24645.133500016527,11810.0
1778884420,200,GET,GET /api/ -> https://httpbin.org/,0.700000,0.000000,7000,12000,13000,15000,16000,16000,16000,16000,16000,16000,16000,134,0,3200.0,5548.461794775021,554.0444999933243,30019.676299998537,303.65671641791045
1778884420,200,GET,GET /api/ -> https://locust.io/,1.600000,0.000000,6900,11000,14000,14000,16000,30000,30000,30000,30000,30000,30000,97,0,5800.0,7147.304683503966,623.2677000225522,30015.115100017283,4663.81443298969
1778884420,200,GET,GET /api/ -> https://redis.io/,1.700000,0.000000,11000,14000,15000,19000,20000,30000,30000,30000,30000,30000,30000,113,0,9400.0,11143.342669913132,2243.7484000111,30020.93369999784,6901.486725663717
1778884420,200,GET,GET /api/ -> https://training.play-with-docker.com/,1.500000,0.000000,5700,6500,9900,11000,13000,14000,14000,14000,14000,14000,14000,74,0,5300.0,7090.473912163902,554.5339000236709,30002.2340999858,1404.7567567567567
1778884420,200,GET,GET /api/ -> https://www.python.org/,0.400000,0.000000,5800,5800,30000,30000,30000,30000,30000,30000,30000,30000,30000,128,0,4500.0,7053.030058593549,355.74980001547374,30027.1170999913,12574.375
1778884420,200,,Aggregated,16.700000,0.000000,11000,16000,30000,30000,30000,30000,30000,30000,30000,30000,30000,1338,0,5600.0,9553.600957623366,130.5712999892421,30474.4975999929,5738.106875934231
1778884421,200,GET,GET /api/ -> http://example.com/,1.200000,0.000000,1900,4400,7300,9200,11000,27000,27000,27000,27000,27000,27000,258,0,5500.0,13642.72006705316,130.5712999892421,30474.4975999929,39.8062015503876
1778884421,200,GET,GET /api/ -> https://books.toscrape.com/,5.600000,0.000000,30000,30000,30000,30000,30000,30000,30000,30000,30000,30000,30000,216,0,6000.0,12974.007906945191,641.6091999853961,30112.922300002538,5341.0
1778884421,200,GET,GET /api/ -> https://docs.docker.com/,0.600000,0.000000,4200,9100,9100,9200,9200,9200,9200,9200,9200,9200,9200,122,0,5500.0,7077.796377870445,361.6844000061974,30004.99619997572,1726.7295081967213
1778884421,200,GET,GET /api/ -> https://flask.palletsprojects.com/,1.000000,0.000000,7400,8500,12000,18000,30000,30000,30000,30000,30000,30000,30000,119,0,5900.0,7662.573269748387,806.3519000133965,30011.001400009263,19336.462184873948
1778884421,200,GET,GET /api/ -> https://github.com/ibnesayeed/linkextractor,2.700000,0.000000,10000,14000,14000,17000,22000,22000,24000,24000,24000,24000,24000,90,0,5800.0,8533.988834443477,1205.494900001213,24645.133500016527,11810.0
1778884421,200,GET,GET /api/ -> https://httpbin.org/,0.800000,0.000000,7000,12000,13000,15000,16000,16000,16000,16000,16000,16000,16000,135,0,3200.0,5525.799894073107,554.0444999933243,30019.676299998537,303.72592592592594
1778884421,200,GET,GET /api/ -> https://locust.io/,1.400000,0.000000,5700,9900,11000,14000,16000,30000,30000,30000,30000,30000,30000,101,0,5700.0,7067.628340593062,623.2677000225522,30015.115100017283,4667.702970297029
1778884421,200,GET,GET /api/ -> https://redis.io/,1.900000,0.000000,11000,12000,15000,19000,20000,30000,30000,30000,30000,30000,30000,115,0,9300.0,11063.547202610442,2243.7484000111,30020.93369999784,6907.04347826087
1778884421,200,GET,GET /api/ -> https://training.play-with-docker.com/,1.700000,0.000000,5300,6000,7300,8900,12000,12000,14000,14000,14000,14000,14000,77,0,5700.0,7074.546397404364,554.5339000236709,30002.2340999858,1405.5064935064936
1778884421,200,GET,GET /api/ -> https://www.python.org/,0.300000,0.000000,5800,5800,30000,30000,30000,30000,30000,30000,30000,30000,30000,128,0,4500.0,7053.030058593549,355.74980001547374,30027.1170999913,12574.375
1778884421,200,,Aggregated,17.200000,0.000000,10000,16000,30000,30000,30000,30000,30000,30000,30000,30000,30000,1361,0,5700.0,9585.050076414493,130.5712999892421,30474.4975999929,5703.909625275533
1778884422,200,GET,GET /api/ -> http://example.com/,0.900000,0.000000,1900,4400,5900,7300,11000,27000,27000,27000,27000,27000,27000,261,0,5500.0,13511.871104596772,130.5712999892421,30474.4975999929,40.09578544061303
1778884422,200,GET,GET /api/ -> https://books.toscrape.com/,5.600000,0.000000,30000,30000,30000,30000,30000,30000,30000,30000,30000,30000,30000,223,0,6100.0,13261.308199104034,641.6091999853961,30112.922300002538,5243.730941704036
1778884422,200,GET,GET /api/ -> https://docs.docker.com/,0.500000,0.000000,4200,9100,9100,9200,9200,9200,9200,9200,9200,9200,9200,122,0,5500.0,7077.796377870445,361.6844000061974,30004.99619997572,1726.7295081967213
1778884422,200,GET,GET /api/ -> https://flask.palletsprojects.com/,1.000000,0.000000,8500,12000,12000,12000,18000,18000,18000,18000,18000,18000,18000,120,0,5900.0,7694.756375833822,806.3519000133965,30011.001400009263,19339.216666666667
1778884422,200,GET,GET /api/ -> https://github.com/ibnesayeed/linkextractor,2.600000,0.000000,8200,14000,14000,20000,22000,22000,24000,24000,24000,24000,24000,90,0,5800.0,8533.988834443477,1205.494900001213,24645.133500016527,11810.0
1778884422,200,GET,GET /api/ -> https://httpbin.org/,0.900000,0.000000,6400,7000,12000,13000,15000,16000,16000,16000,16000,16000,16000,138,0,3200.0,5474.765713042554,554.0444999933243,30019.676299998537,303.92753623188406
1778884422,200,GET,GET /api/ -> https://locust.io/,1.500000,0.000000,5200,7300,11000,14000,16000,30000,30000,30000,30000,30000,30000,104,0,5700.0,7222.071092306578,623.2677000225522,30015.115100017283,4624.634615384615
1778884422,200,GET,GET /api/ -> https://redis.io/,1.900000,0.000000,9500,12000,15000,19000,20000,30000,30000,30000,30000,30000,30000,116,0,9200.0,11022.825221553423,2243.7484000111,30020.93369999784,6909.75
1778884422,200,GET,GET /api/ -> https://training.play-with-docker.com/,2.100000,0.000000,5700,6800,8900,9900,12000,12000,14000,14000,14000,14000,14000,79,0,5700.0,7149.45112025517,554.5339000236709,30002.2340999858,1405.9746835443038
1778884422,200,GET,GET /api/ -> https://www.python.org/,0.400000,0.000000,3700,5800,30000,30000,30000,30000,30000,30000,30000,30000,30000,129,0,4500.0,7027.268827131628,355.74980001547374,30027.1170999913,12577.519379844962
1778884422,200,,Aggregated,17.400000,0.000000,9200,14000,30000,30000,30000,30000,30000,30000,30000,30000,30000,1382,0,5600.0,9620.387923227361,130.5712999892421,30474.4975999929,5667.21490593343
1778884424,200,GET,GET /api/ -> http://example.com/,1.200000,0.000000,1700,2500,4400,4800,7300,9200,27000,27000,27000,27000,27000,267,0,4800.0,13237.587381647101,130.5712999892421,30474.4975999929,40.655430711610485
1778884424,200,GET,GET /api/ -> https://books.toscrape.com/,5.600000,0.000000,30000,30000,30000,30000,30000,30000,30000,30000,30000,30000,30000,229,0,6700.0,13599.955968559934,641.6091999853961,30112.922300002538,5140.611353711791
1778884424,200,GET,GET /api/ -> https://docs.docker.com/,0.500000,0.000000,2700,2700,3100,3100,3100,3100,3100,3100,3100,3100,3100,123,0,5500.0,7045.431407318522,361.6844000061974,30004.99619997572,1726.8455284552845
1778884424,200,GET,GET /api/ -> https://flask.palletsprojects.com/,0.900000,0.000000,12000,12000,12000,12000,18000,18000,18000,18000,18000,18000,18000,120,0,5900.0,7694.756375833822,806.3519000133965,30011.001400009263,19339.216666666667
1778884424,200,GET,GET /api/ -> https://github.com/ibnesayeed/linkextractor,2.700000,0.000000,6400,7600,17000,20000,22000,24000,24000,24000,24000,24000,24000,92,0,5800.0,8457.851345651485,1205.494900001213,24645.133500016527,11810.0
1778884424,200,GET,GET /api/ -> https://httpbin.org/,0.900000,0.000000,6400,7000,8000,12000,15000,16000,16000,16000,16000,16000,16000,143,0,3200.0,5451.46120629266,554.0444999933243,30019.676299998537,304.24475524475525
1778884424,200,GET,GET /api/ -> https://locust.io/,1.300000,0.000000,5200,5700,9900,11000,16000,30000,30000,30000,30000,30000,30000,106,0,5700.0,7158.546182074373,623.2677000225522,30015.115100017283,4627.226415094339
1778884424,200,GET,GET /api/ -> https://redis.io/,2.000000,0.000000,9400,11000,14000,15000,20000,30000,30000,30000,30000,30000,30000,117,0,9200.0,10992.354727352165,2243.7484000111,30020.93369999784,6912.410256410257
1778884424,200,GET,GET /api/ -> https://training.play-with-docker.com/,2.600000,0.000000,5300,6000,8800,9900,12000,14000,16000,16000,16000,16000,16000,82,0,5700.0,7129.0248865872145,554.5339000236709,30002.2340999858,1406.6341463414635
1778884424,200,GET,GET /api/ -> https://www.python.org/,0.600000,0.000000,3700,5000,5800,30000,30000,30000,30000,30000,30000,30000,30000,132,0,4500.0,7137.051178787784,355.74980001547374,30027.1170999913,12488.333333333334
1778884424,200,,Aggregated,18.300000,0.000000,7300,14000,24000,30000,30000,30000,30000,30000,30000,30000,30000,1411,0,5600.0,9615.909317434618,130.5712999892421,30474.4975999929,5608.952515946137
1778884425,200,GET,GET /api/ -> http://example.com/,1.500000,0.000000,1900,3500,5800,5900,7300,9200,27000,27000,27000,27000,27000,270,0,4800.0,13139.690579999135,130.5712999892421,30474.4975999929,40.925925925925924
1778884425,200,GET,GET /api/ -> https://books.toscrape.com/,5.900000,0.000000,30000,30000,30000,30000,30000,30000,30000,30000,30000,30000,30000,236,0,7000.0,13856.173011865487,641.6091999853961,30112.922300002538,5054.64406779661
1778884425,200,GET,GET /api/ -> https://docs.docker.com/,0.200000,0.000000,2700,3100,3100,4400,4400,4400,4400,4400,4400,4400,4400,125,0,5500.0,6973.675738401478,361.6844000061974,30004.99619997572,1727.072
1778884425,200,GET,GET /api/ -> https://flask.palletsprojects.com/,0.700000,0.000000,12000,12000,18000,18000,18000,18000,18000,18000,18000,18000,18000,120,0,5900.0,7694.756375833822,806.3519000133965,30011.001400009263,19339.216666666667
1778884425,200,GET,GET /api/ -> https://github.com/ibnesayeed/linkextractor,2.600000,0.000000,6200,7600,14000,17000,22000,22000,22000,22000,22000,22000,22000,93,0,5800.0,8393.688735483285,1205.494900001213,24645.133500016527,11810.0
1778884425,200,GET,GET /api/ -> https://httpbin.org/,1.000000,0.000000,5300,6600,8000,8000,15000,16000,16000,16000,16000,16000,16000,144,0,3200.0,5418.702428471281,554.0444999933243,30019.676299998537,304.30555555555554
1778884425,200,GET,GET /api/ -> https://locust.io/,1.500000,0.000000,5700,7300,7800,8100,16000,30000,30000,30000,30000,30000,30000,109,0,5700.0,7166.296109172928,623.2677000225522,30015.115100017283,4630.935779816514
1778884425,200,GET,GET /api/ -> https://redis.io/,2.000000,0.000000,9100,12000,14000,15000,20000,30000,30000,30000,30000,30000,30000,117,0,9200.0,10992.354727352165,2243.7484000111,30020.93369999784,6912.410256410257
1778884425,200,GET,GET /api/ -> https://training.play-with-docker.com/,2.700000,0.000000,4800,7300,8900,9900,12000,14000,16000,16000,16000,16000,16000,84,0,5700.0,7105.73992143015,554.5339000236709,30002.2340999858,1407.047619047619
1778884425,200,GET,GET /api/ -> https://www.python.org/,0.600000,0.000000,5000,5800,7400,30000,30000,30000,30000,30000,30000,30000,30000,133,0,4600.0,7138.999077443539,355.74980001547374,30027.1170999913,12492.03007518797
1778884425,200,,Aggregated,18.700000,0.000000,7300,13000,22000,30000,30000,30000,30000,30000,30000,30000,30000,1431,0,5700.0,9634.773257582281,130.5712999892421,30474.4975999929,5573.614255765199
1778884426,200,GET,GET /api/ -> http://example.com/,1.800000,0.000000,1500,3500,5800,6100,7300,8700,9200,9200,9200,9200,9200,274,0,4800.0,13015.06310401367,130.5712999892421,30474.4975999929,41.277372262773724
1778884426,200,GET,GET /api/ -> https://books.toscrape.com/,5.800000,0.000000,30000,30000,30000,30000,30000,30000,30000,30000,30000,30000,30000,245,0,7000.0,14008.10619265409,641.6091999853961,30112.922300002538,4997.09387755102
1778884426,200,GET,GET /api/ -> https://docs.docker.com/,0.200000,0.000000,2700,2700,3100,3100,4400,4400,4400,4400,4400,4400,4400,126,0,5300.0,6933.119685715711,361.6844000061974,30004.99619997572,1727.1825396825398
1778884426,200,GET,GET /api/ -> https://flask.palletsprojects.com/,0.800000,0.000000,12000,12000,18000,18000,18000,18000,18000,18000,18000,18000,18000,121,0,6100.0,7687.389348760827,806.3519000133965,30011.001400009263,19341.92561983471
1778884426,200,GET,GET /api/ -> https://github.com/ibnesayeed/linkextractor,2.500000,0.000000,6400,10000,14000,17000,22000,22000,22000,22000,22000,22000,22000,94,0,5800.0,8410.871693616464,1205.494900001213,24645.133500016527,11810.0
1778884426,200,GET,GET /api/ -> https://httpbin.org/,1.200000,0.000000,5100,6600,6700,8000,15000,16000,16000,16000,16000,16000,16000,146,0,3200.0,5422.486554793791,554.0444999933243,30019.676299998537,304.4246575342466
1778884426,200,GET,GET /api/ -> https://locust.io/,1.800000,0.000000,5700,7300,8100,9900,16000,30000,30000,30000,30000,30000,30000,111,0,5700.0,7174.378993692347,623.2677000225522,30015.115100017283,4633.2972972972975
1778884426,200,GET,GET /api/ -> https://redis.io/,1.900000,0.000000,9100,10000,14000,15000,20000,30000,30000,30000,30000,30000,30000,118,0,9200.0,10983.99137796773,2243.7484000111,30020.93369999784,6915.025423728814
1778884426,200,GET,GET /api/ -> https://training.play-with-docker.com/,2.800000,0.000000,5800,8800,9900,11000,14000,16000,24000,24000,24000,24000,24000,86,0,5700.0,7326.925920931687,554.5339000236709,30002.2340999858,1407.4418604651162
1778884426,200,GET,GET /api/ -> https://www.python.org/,0.700000,0.000000,5000,5800,7400,30000,30000,30000,30000,30000,30000,30000,30000,134,0,4500.0,7108.028057462679,355.74980001547374,30027.1170999913,12495.671641791045
1778884426,200,,Aggregated,19.500000,0.000000,7000,12000,22000,30000,30000,30000,30000,30000,30000,30000,30000,1455,0,5700.0,9662.696849003598,130.5712999892421,30474.4975999929,5549.0797250859105
1778884427,200,GET,GET /api/ -> http://example.com/,2.300000,0.000000,1500,3500,5800,6100,7300,8700,9200,9200,9200,9200,9200,275,0,4800.0,12969.55477054453,130.5712999892421,30474.4975999929,41.36363636363637
1778884427,200,GET,GET /api/ -> https://books.toscrape.com/,6.400000,0.000000,30000,30000,30000,30000,30000,30000,30000,30000,30000,30000,30000,251,0,7300.0,14321.642421514927,641.6091999853961,30112.922300002538,4908.908366533865
1778884427,200,GET,GET /api/ -> https://docs.docker.com/,0.300000,0.000000,2700,2700,3100,3100,4400,4400,4400,4400,4400,4400,4400,126,0,5300.0,6933.119685715711,361.6844000061974,30004.99619997572,1727.1825396825398
1778884427,200,GET,GET /api/ -> https://flask.palletsprojects.com/,0.600000,0.000000,12000,12000,18000,18000,18000,18000,18000,18000,18000,18000,18000,122,0,5900.0,7641.611404098631,806.3519000133965,30011.001400009263,19344.590163934427
1778884427,200,GET,GET /api/ -> https://github.com/ibnesayeed/linkextractor,2.300000,0.000000,5100,7600,8200,10000,14000,22000,22000,22000,22000,22000,22000,95,0,6200.0,8409.04582947321,1205.494900001213,24645.133500016527,11810.0
1778884427,200,GET,GET /api/ -> https://httpbin.org/,1.700000,0.000000,3000,5300,6600,8000,8400,16000,16000,16000,16000,16000,16000,147,0,3200.0,5399.246631972024,554.0444999933243,30019.676299998537,304.4829931972789
1778884427,200,GET,GET /api/ -> https://locust.io/,2.000000,0.000000,5700,7300,8100,9900,16000,30000,30000,30000,30000,30000,30000,111,0,5700.0,7174.378993692347,623.2677000225522,30015.115100017283,4633.2972972972975
1778884427,200,GET,GET /api/ -> https://redis.io/,1.800000,0.000000,7500,8500,10000,15000,20000,20000,20000,20000,20000,20000,20000,118,0,9200.0,10983.99137796773,2243.7484000111,30020.93369999784,6915.025423728814
1778884427,200,GET,GET /api/ -> https://training.play-with-docker.com/,3.000000,0.000000,5700,8800,8900,11000,14000,16000,24000,24000,24000,24000,24000,86,0,5700.0,7326.925920931687,554.5339000236709,30002.2340999858,1407.4418604651162
1778884427,200,GET,GET /api/ -> https://www.python.org/,0.900000,0.000000,3700,5700,5800,7400,30000,30000,30000,30000,30000,30000,30000,137,0,4500.0,7040.913104379412,355.74980001547374,30027.1170999913,12506.277372262773
1778884427,200,,Aggregated,21.300000,0.000000,6600,11000,30000,30000,30000,30000,30000,30000,30000,30000,30000,1468,0,5700.0,9705.003995572331,130.5712999892421,30474.4975999929,5553.510899182561
1778884428,200,GET,GET /api/ -> http://example.com/,2.500000,0.000000,1500,3500,5800,6100,7300,8700,9200,9200,9200,9200,9200,275,0,4800.0,12969.55477054453,130.5712999892421,30474.4975999929,41.36363636363637
1778884428,200,GET,GET /api/ -> https://books.toscrape.com/,6.500000,0.000000,30000,30000,30000,30000,30000,30000,30000,30000,30000,30000,30000,260,0,7400.0,14499.603203462457,641.6091999853961,30112.922300002538,4859.723076923077
1778884428,200,GET,GET /api/ -> https://docs.docker.com/,0.500000,0.000000,2700,2700,3100,4400,5100,5100,5100,5100,5100,5100,5100,129,0,5300.0,6839.8358077537305,361.6844000061974,30004.99619997572,1727.5038759689924
1778884428,200,GET,GET /api/ -> https://flask.palletsprojects.com/,0.600000,0.000000,12000,12000,18000,18000,18000,18000,18000,18000,18000,18000,18000,122,0,5900.0,7641.611404098631,806.3519000133965,30011.001400009263,19344.590163934427
1778884428,200,GET,GET /api/ -> https://github.com/ibnesayeed/linkextractor,2.000000,0.000000,5000,7600,8200,8200,10000,14000,14000,14000,14000,14000,14000,95,0,6200.0,8409.04582947321,1205.494900001213,24645.133500016527,11810.0
1778884428,200,GET,GET /api/ -> https://httpbin.org/,1.600000,0.000000,3000,5300,6600,8000,8400,16000,16000,16000,16000,16000,16000,147,0,3200.0,5399.246631972024,554.0444999933243,30019.676299998537,304.4829931972789
1778884428,200,GET,GET /api/ -> https://locust.io/,2.100000,0.000000,5700,7800,9900,9900,16000,30000,30000,30000,30000,30000,30000,111,0,5700.0,7174.378993692347,623.2677000225522,30015.115100017283,4633.2972972972975
1778884428,200,GET,GET /api/ -> https://redis.io/,1.700000,0.000000,7500,8500,10000,10000,15000,20000,20000,20000,20000,20000,20000,119,0,9200.0,10928.804856304132,2243.7484000111,30020.93369999784,6917.596638655462
1778884428,200,GET,GET /api/ -> https://training.play-with-docker.com/,3.200000,0.000000,5700,7600,8800,11000,12000,16000,24000,24000,24000,24000,24000,88,0,5700.0,7270.214985228945,554.5339000236709,30002.2340999858,1407.8181818181818
1778884428,200,GET,GET /api/ -> https://www.python.org/,1.000000,0.000000,3700,5700,7400,11000,30000,30000,30000,30000,30000,30000,30000,140,0,4500.0,7007.385219285373,355.74980001547374,30027.1170999913,12516.42857142857
1778884428,200,,Aggregated,21.700000,0.000000,6100,10000,30000,30000,30000,30000,30000,30000,30000,30000,30000,1486,0,5700.0,9731.753102018989,130.5712999892421,30474.4975999929,5543.86137281292
1778884429,200,GET,GET /api/ -> http://example.com/,2.600000,0.000000,1700,3500,4800,5800,6900,7300,8700,8700,8700,8700,8700,278,0,4800.0,12874.657393164518,130.5712999892421,30474.4975999929,41.618705035971225
1778884429,200,GET,GET /api/ -> https://books.toscrape.com/,6.900000,0.000000,30000,30000,30000,30000,30000,30000,30000,30000,30000,30000,30000,263,0,7400.0,14379.046610647287,641.6091999853961,30112.922300002538,4893.809885931559
1778884429,200,GET,GET /api/ -> https://docs.docker.com/,0.600000,0.000000,2700,2700,3100,4400,5100,5100,5100,5100,5100,5100,5100,129,0,5300.0,6839.8358077537305,361.6844000061974,30004.99619997572,1727.5038759689924
1778884429,200,GET,GET /api/ -> https://flask.palletsprojects.com/,0.400000,0.000000,6800,9700,9700,12000,12000,12000,12000,12000,12000,12000,12000,124,0,5900.0,7641.805241935682,806.3519000133965,30011.001400009263,19349.790322580644
1778884429,200,GET,GET /api/ -> https://github.com/ibnesayeed/linkextractor,1.800000,0.000000,6900,7200,8200,8200,10000,14000,14000,14000,14000,14000,14000,98,0,6200.0,8343.889515305576,1205.494900001213,24645.133500016527,11810.0
1778884429,200,GET,GET /api/ -> https://httpbin.org/,1.800000,0.000000,3000,6600,6600,8000,16000,20000,20000,20000,20000,20000,20000,150,0,3200.0,5473.7240939990925,554.0444999933243,30019.676299998537,304.6533333333333
1778884429,200,GET,GET /api/ -> https://locust.io/,1.800000,0.000000,5700,7800,9900,9900,16000,30000,30000,30000,30000,30000,30000,112,0,5700.0,7160.6792107130395,623.2677000225522,30015.115100017283,4634.446428571428
1778884429,200,GET,GET /api/ -> https://redis.io/,1.400000,0.000000,7000,7500,8500,10000,15000,15000,15000,15000,15000,15000,15000,119,0,9200.0,10928.804856304132,2243.7484000111,30020.93369999784,6917.596638655462
1778884429,200,GET,GET /api/ -> https://training.play-with-docker.com/,2.800000,0.000000,7300,8800,8900,11000,14000,16000,24000,24000,24000,24000,24000,89,0,5800.0,7347.030733709728,554.5339000236709,30002.2340999858,1408.0
1778884429,200,GET,GET /api/ -> https://www.python.org/,1.300000,0.000000,3700,5700,5800,7400,11000,30000,30000,30000,30000,30000,30000,140,0,4500.0,7007.385219285373,355.74980001547374,30027.1170999913,12516.42857142857
1778884429,200,,Aggregated,21.400000,0.000000,6100,8800,16000,30000,30000,30000,30000,30000,30000,30000,30000,1502,0,5700.0,9698.382147270437,130.5712999892421,30474.4975999929,5555.1304926764315
1778884430,200,GET,GET /api/ -> http://example.com/,2.500000,0.000000,1900,3700,5800,6400,6900,7300,8700,8700,8700,8700,8700,280,0,4800.0,12812.975291427678,130.5712999892421,30474.4975999929,41.785714285714285
1778884430,200,GET,GET /api/ -> https://books.toscrape.com/,7.000000,0.000000,30000,30000,30000,30000,30000,30000,30000,30000,30000,30000,30000,269,0,7000.0,14151.165715242403,641.6091999853961,30112.922300002538,4959.7026022304835
1778884430,200,GET,GET /api/ -> https://docs.docker.com/,0.900000,0.000000,2700,3100,4400,4400,5100,5100,5100,5100,5100,5100,5100,130,0,5100.0,6793.0806830785095,361.6844000061974,30004.99619997572,1727.6076923076923
1778884430,200,GET,GET /api/ -> https://flask.palletsprojects.com/,0.300000,0.000000,6800,9700,9700,12000,12000,12000,12000,12000,12000,12000,12000,124,0,5900.0,7641.805241935682,806.3519000133965,30011.001400009263,19349.790322580644
1778884430,200,GET,GET /api/ -> https://github.com/ibnesayeed/linkextractor,1.400000,0.000000,7200,7600,8200,10000,14000,14000,14000,14000,14000,14000,14000,98,0,6200.0,8343.889515305576,1205.494900001213,24645.133500016527,11810.0
1778884430,200,GET,GET /api/ -> https://httpbin.org/,1.500000,0.000000,2500,5100,6600,6600,8400,20000,20000,20000,20000,20000,20000,153,0,3100.0,5394.360107842421,554.0444999933243,30019.676299998537,304.8169934640523
1778884430,200,GET,GET /api/ -> https://locust.io/,1.600000,0.000000,5700,6400,8100,9900,11000,30000,30000,30000,30000,30000,30000,112,0,5700.0,7160.6792107130395,623.2677000225522,30015.115100017283,4634.446428571428
1778884430,200,GET,GET /api/ -> https://redis.io/,1.100000,0.000000,6300,7500,8500,8500,10000,10000,10000,10000,10000,10000,10000,120,0,9100.0,10867.827150001782,2243.7484000111,30020.93369999784,6920.125
1778884430,200,GET,GET /api/ -> https://training.play-with-docker.com/,2.700000,0.000000,7600,8800,11000,11000,16000,24000,24000,24000,24000,24000,24000,90,0,5800.0,7338.6090077796125,554.5339000236709,30002.2340999858,1408.1777777777777
1778884430,200,GET,GET /api/ -> https://www.python.org/,1.500000,0.000000,3700,5700,6600,6600,11000,30000,30000,30000,30000,30000,30000,142,0,4500.0,6972.252788027899,355.74980001547374,30027.1170999913,12522.957746478873
1778884430,200,,Aggregated,20.500000,0.000000,5700,8000,12000,30000,30000,30000,30000,30000,30000,30000,30000,1518,0,5600.0,9634.182676548227,130.5712999892421,30474.4975999929,5552.245718050066
1778884431,200,GET,GET /api/ -> http://example.com/,2.600000,0.000000,2000,4800,5800,6100,6600,6900,8700,8700,8700,8700,8700,281,0,4800.0,12785.442785408392,130.5712999892421,30474.4975999929,41.86832740213523
1778884431,200,GET,GET /api/ -> https://books.toscrape.com/,6.600000,0.000000,30000,30000,30000,30000,30000,30000,30000,30000,30000,30000,30000,273,0,7000.0,14016.503986081341,641.6091999853961,30112.922300002538,5002.021978021978
1778884431,200,GET,GET /api/ -> https://docs.docker.com/,0.700000,0.000000,2700,3100,4400,4400,5100,5100,5100,5100,5100,5100,5100,130,0,5100.0,6793.0806830785095,361.6844000061974,30004.99619997572,1727.6076923076923
1778884431,200,GET,GET /api/ -> https://flask.palletsprojects.com/,0.400000,0.000000,6800,6800,9700,9700,12000,12000,12000,12000,12000,12000,12000,125,0,5900.0,7604.836454400327,806.3519000133965,30011.001400009263,19352.328
1778884431,200,GET,GET /api/ -> https://github.com/ibnesayeed/linkextractor,1.400000,0.000000,6900,7600,8200,10000,10000,14000,14000,14000,14000,14000,14000,101,0,6400.0,8328.71703762304,1205.494900001213,24645.133500016527,11810.0
1778884431,200,GET,GET /api/ -> https://httpbin.org/,1.500000,0.000000,2500,5300,6600,6600,8400,18000,20000,20000,20000,20000,20000,158,0,3000.0,5401.535089239898,554.0444999933243,30019.676299998537,305.0759493670886
1778884431,200,GET,GET /api/ -> https://locust.io/,1.700000,0.000000,6400,7000,8100,8100,11000,30000,30000,30000,30000,30000,30000,113,0,5700.0,7159.291300883741,623.2677000225522,30015.115100017283,4635.575221238938
1778884431,200,GET,GET /api/ -> https://redis.io/,0.900000,0.000000,6300,6300,7500,7500,10000,10000,10000,10000,10000,10000,10000,121,0,9100.0,10822.8491983489,2243.7484000111,30020.93369999784,6922.611570247934
1778884431,200,GET,GET /api/ -> https://training.play-with-docker.com/,2.600000,0.000000,7300,8800,11000,14000,16000,24000,24000,24000,24000,24000,24000,92,0,5800.0,7303.338926088738,554.5339000236709,30002.2340999858,1408.5217391304348
1778884431,200,GET,GET /api/ -> https://www.python.org/,1.500000,0.000000,3500,5000,6600,7400,11000,30000,30000,30000,30000,30000,30000,143,0,4500.0,6927.670013286512,355.74980001547374,30027.1170999913,12526.153846153846
1778884431,200,,Aggregated,19.900000,0.000000,5600,7500,10000,16000,30000,30000,30000,30000,30000,30000,30000,1537,0,5600.0,9582.753210475104,130.5712999892421,30474.4975999929,5559.036434612883
1778884432,200,GET,GET /api/ -> http://example.com/,2.800000,0.000000,2000,3700,5800,6100,6600,6900,8700,8700,8700,8700,8700,282,0,4800.0,12740.795082623199,130.5712999892421,30474.4975999929,41.95035460992908
1778884432,200,GET,GET /api/ -> https://books.toscrape.com/,6.700000,0.000000,9900,30000,30000,30000,30000,30000,30000,30000,30000,30000,30000,278,0,7000.0,13882.104239209428,641.6091999853961,30112.922300002538,5053.208633093525
1778884432,200,GET,GET /api/ -> https://docs.docker.com/,0.800000,0.000000,2700,3100,4400,5100,6100,6100,6100,6100,6100,6100,6100,131,0,5300.0,6787.604435116189,361.6844000061974,30004.99619997572,1727.7099236641222
1778884432,200,GET,GET /api/ -> https://flask.palletsprojects.com/,0.500000,0.000000,6800,6800,9700,9700,12000,12000,12000,12000,12000,12000,12000,125,0,5900.0,7604.836454400327,806.3519000133965,30011.001400009263,19352.328
1778884432,200,GET,GET /api/ -> https://github.com/ibnesayeed/linkextractor,1.200000,0.000000,6900,7200,8200,8200,10000,10000,10000,10000,10000,10000,10000,102,0,6400.0,8263.921749018824,1205.494900001213,24645.133500016527,11810.0
1778884432,200,GET,GET /api/ -> https://httpbin.org/,1.800000,0.000000,3000,5800,6600,8000,9800,18000,20000,20000,20000,20000,20000,162,0,3100.0,5417.712305555153,554.0444999933243,30019.676299998537,305.2716049382716
1778884432,200,GET,GET /api/ -> https://locust.io/,1.600000,0.000000,6400,7000,7800,8100,11000,11000,11000,11000,11000,11000,11000,114,0,5700.0,7149.160813156509,623.2677000225522,30015.115100017283,4636.684210526316
1778884432,200,GET,GET /api/ -> https://redis.io/,1.000000,0.000000,5400,7500,7500,10000,10000,10000,10000,10000,10000,10000,10000,121,0,9100.0,10822.8491983489,2243.7484000111,30020.93369999784,6922.611570247934
1778884432,200,GET,GET /api/ -> https://training.play-with-docker.com/,2.200000,0.000000,6900,7600,8800,14000,16000,24000,24000,24000,24000,24000,24000,93,0,5800.0,7249.271637636177,554.5339000236709,30002.2340999858,1408.6881720430108
1778884432,200,GET,GET /api/ -> https://www.python.org/,1.600000,0.000000,3500,5700,7400,8200,11000,30000,30000,30000,30000,30000,30000,144,0,4500.0,6936.264782638722,355.74980001547374,30027.1170999913,12529.305555555555
1778884432,200,,Aggregated,20.200000,0.000000,5700,7300,8800,11000,30000,30000,30000,30000,30000,30000,30000,1552,0,5700.0,9542.572692139342,130.5712999892421,30474.4975999929,5552.521262886598
1778884433,200,GET,GET /api/ -> http://example.com/,2.500000,0.000000,3700,5800,6400,6600,6900,8700,8700,8700,8700,8700,8700,282,0,4800.0,12740.795082623199,130.5712999892421,30474.4975999929,41.95035460992908
1778884433,200,GET,GET /api/ -> https://books.toscrape.com/,6.400000,0.000000,8500,30000,30000,30000,30000,30000,30000,30000,30000,30000,30000,278,0,7000.0,13882.104239209428,641.6091999853961,30112.922300002538,5053.208633093525
1778884433,200,GET,GET /api/ -> https://docs.docker.com/,0.800000,0.000000,2700,4400,5100,6100,30000,30000,30000,30000,30000,30000,30000,133,0,5300.0,6919.840266918886,361.6844000061974,30010.106800007634,1714.8195488721803
1778884433,200,GET,GET /api/ -> https://flask.palletsprojects.com/,0.600000,0.000000,5600,5600,6800,6800,9700,9700,9700,9700,9700,9700,9700,126,0,5800.0,7583.179696825691,806.3519000133965,30011.001400009263,19354.825396825396
1778884433,200,GET,GET /api/ -> https://github.com/ibnesayeed/linkextractor,1.300000,0.000000,7100,8200,10000,10000,11000,30000,30000,30000,30000,30000,30000,107,0,6700.0,8483.78183644822,1205.494900001213,30037.409600015962,11699.626168224298
1778884433,200,GET,GET /api/ -> https://httpbin.org/,2.300000,0.000000,2600,5800,6600,8400,18000,20000,20000,20000,20000,20000,20000,162,0,3100.0,5417.712305555153,554.0444999933243,30019.676299998537,305.2716049382716
1778884433,200,GET,GET /api/ -> https://locust.io/,1.600000,0.000000,6400,7000,7800,8100,11000,11000,11000,11000,11000,11000,11000,115,0,5700.0,7112.929893042083,623.2677000225522,30015.115100017283,4637.773913043478
1778884433,200,GET,GET /api/ -> https://redis.io/,0.800000,0.000000,5400,7500,7500,10000,10000,10000,10000,10000,10000,10000,10000,121,0,9100.0,10822.8491983489,2243.7484000111,30020.93369999784,6922.611570247934
1778884433,200,GET,GET /api/ -> https://training.play-with-docker.com/,1.800000,0.000000,6900,7600,8800,8800,14000,24000,24000,24000,24000,24000,24000,93,0,5800.0,7249.271637636177,554.5339000236709,30002.2340999858,1408.6881720430108
1778884433,200,GET,GET /api/ -> https://www.python.org/,1.500000,0.000000,3500,6600,7400,8200,9000,11000,11000,11000,11000,11000,11000,146,0,4500.0,6922.203741095759,355.74980001547374,30027.1170999913,12535.479452054795
1778884433,200,,Aggregated,19.600000,0.000000,5800,7400,9600,11000,30000,30000,30000,30000,30000,30000,30000,1563,0,5700.0,9549.429519066083,130.5712999892421,30474.4975999929,5577.020473448497
1778884434,200,GET,GET /api/ -> http://example.com/,2.400000,0.000000,3700,4200,5100,6400,6600,6600,6600,6600,6600,6600,6600,283,0,4800.0,12710.765775264112,130.5712999892421,30474.4975999929,42.03180212014134
1778884434,200,GET,GET /api/ -> https://books.toscrape.com/,6.000000,0.000000,7800,13000,30000,30000,30000,30000,30000,30000,30000,30000,30000,279,0,7000.0,13863.07409641658,641.6091999853961,30112.922300002538,5063.225806451613
1778884434,200,GET,GET /api/ -> https://docs.docker.com/,0.900000,0.000000,2700,5100,6100,6400,30000,30000,30000,30000,30000,30000,30000,135,0,5300.0,6871.344634075649,361.6844000061974,30010.106800007634,1715.2074074074073
1778884434,200,GET,GET /api/ -> https://flask.palletsprojects.com/,0.600000,0.000000,4900,4900,5600,5600,9700,9700,9700,9700,9700,9700,9700,127,0,5800.0,7550.371340945076,806.3519000133965,30011.001400009263,19357.283464566928
1778884434,200,GET,GET /api/ -> https://github.com/ibnesayeed/linkextractor,1.200000,0.000000,7200,8900,9500,10000,11000,30000,30000,30000,30000,30000,30000,108,0,6700.0,8487.563368518346,1205.494900001213,30037.409600015962,11700.648148148148
1778884434,200,GET,GET /api/ -> https://httpbin.org/,2.700000,0.000000,5700,6100,6600,8400,18000,20000,20000,20000,20000,20000,20000,164,0,3200.0,5441.698711584982,554.0444999933243,30019.676299998537,305.3658536585366
1778884434,200,GET,GET /api/ -> https://locust.io/,1.300000,0.000000,6000,7000,11000,11000,13000,13000,13000,13000,13000,13000,13000,116,0,5700.0,7165.73085086089,623.2677000225522,30015.115100017283,4638.8448275862065
1778884434,200,GET,GET /api/ -> https://redis.io/,0.600000,0.000000,5400,5600,5600,10000,10000,10000,10000,10000,10000,10000,10000,122,0,8500.0,10779.894049182061,2243.7484000111,30020.93369999784,6925.05737704918
1778884434,200,GET,GET /api/ -> https://training.play-with-docker.com/,1.600000,0.000000,6600,7300,8800,13000,14000,24000,24000,24000,24000,24000,24000,97,0,5700.0,7139.515073197358,554.5339000236709,30002.2340999858,1409.319587628866
1778884434,200,GET,GET /api/ -> https://www.python.org/,1.600000,0.000000,3500,5700,6600,8200,9000,11000,11000,11000,11000,11000,11000,148,0,4500.0,6879.434522972882,355.74980001547374,30027.1170999913,12541.486486486487
1778884434,200,,Aggregated,18.900000,0.000000,5600,6900,8500,9700,20000,30000,30000,30000,30000,30000,30000,1579,0,5700.0,9510.848403990065,130.5712999892421,30474.4975999929,5575.693476884104
1778884436,200,GET,GET /api/ -> http://example.com/,1.600000,0.000000,4200,6400,6600,6600,8800,17000,17000,17000,17000,17000,17000,285,0,4800.0,12713.420287718314,130.5712999892421,30474.4975999929,42.19298245614035
1778884436,200,GET,GET /api/ -> https://books.toscrape.com/,5.000000,0.000000,5700,8500,9600,15000,30000,30000,30000,30000,30000,30000,30000,280,0,7000.0,13829.629367143623,641.6091999853961,30112.922300002538,5073.171428571429
1778884436,200,GET,GET /api/ -> https://docs.docker.com/,1.200000,0.000000,5100,6100,6400,9600,30000,30000,30000,30000,30000,30000,30000,136,0,5300.0,6891.172696325049,361.6844000061974,30010.106800007634,1715.3970588235295
1778884436,200,GET,GET /api/ -> https://flask.palletsprojects.com/,0.700000,0.000000,4900,4900,5600,5600,9700,9700,9700,9700,9700,9700,9700,127,0,5800.0,7550.371340945076,806.3519000133965,30011.001400009263,19357.283464566928
1778884436,200,GET,GET /api/ -> https://github.com/ibnesayeed/linkextractor,1.600000,0.000000,7200,8900,10000,11000,13000,30000,30000,30000,30000,30000,30000,109,0,6900.0,8526.195844036736,1205.494900001213,30037.409600015962,11701.651376146789
1778884436,200,GET,GET /api/ -> https://httpbin.org/,2.100000,0.000000,5700,6000,6400,6600,9800,18000,20000,20000,20000,20000,20000,167,0,3400.0,5441.058138322851,554.0444999933243,30019.676299998537,305.50299401197606
1778884436,200,GET,GET /api/ -> https://locust.io/,0.900000,0.000000,6000,7000,7000,13000,13000,13000,13000,13000,13000,13000,13000,116,0,5700.0,7165.73085086089,623.2677000225522,30015.115100017283,4638.8448275862065
1778884436,200,GET,GET /api/ -> https://redis.io/,0.500000,0.000000,5400,5400,5600,5600,5600,5600,5600,5600,5600,5600,5600,122,0,8500.0,10779.894049182061,2243.7484000111,30020.93369999784,6925.05737704918
1778884436,200,GET,GET /api/ -> https://training.play-with-docker.com/,1.500000,0.000000,6600,6900,11000,11000,13000,14000,14000,14000,14000,14000,14000,98,0,5700.0,7180.4095061239905,554.5339000236709,30002.2340999858,1409.469387755102
1778884436,200,GET,GET /api/ -> https://www.python.org/,1.600000,0.000000,4500,8200,11000,11000,13000,21000,21000,21000,21000,21000,21000,152,0,4500.0,7020.134397368422,355.74980001547374,30027.1170999913,12553.026315789473
1778884436,200,,Aggregated,16.700000,0.000000,5700,6900,8800,9700,14000,30000,30000,30000,30000,30000,30000,1592,0,5700.0,9514.3480657037,130.5712999892421,30474.4975999929,5577.78391959799
1778884437,200,GET,GET /api/ -> http://example.com/,1.300000,0.000000,5100,6400,6600,8800,17000,17000,17000,17000,17000,17000,17000,285,0,4800.0,12713.420287718314,130.5712999892421,30474.4975999929,42.19298245614035
1778884437,200,GET,GET /api/ -> https://books.toscrape.com/,4.300000,0.000000,5500,6100,7800,8500,9900,15000,15000,15000,15000,15000,15000,280,0,7000.0,13829.629367143623,641.6091999853961,30112.922300002538,5073.171428571429
1778884437,200,GET,GET /api/ -> https://docs.docker.com/,1.000000,0.000000,5100,6400,7900,7900,9600,30000,30000,30000,30000,30000,30000,137,0,5300.0,6898.721053286279,361.6844000061974,30010.106800007634,1715.5839416058395
1778884437,200,GET,GET /api/ -> https://flask.palletsprojects.com/,0.700000,0.000000,5600,5600,9700,9700,11000,11000,11000,11000,11000,11000,11000,128,0,5800.0,7580.665667187532,806.3519000133965,30011.001400009263,19359.703125
1778884437,200,GET,GET /api/ -> https://github.com/ibnesayeed/linkextractor,1.500000,0.000000,7200,9500,10000,11000,13000,30000,30000,30000,30000,30000,30000,109,0,6900.0,8526.195844036736,1205.494900001213,30037.409600015962,11701.651376146789
1778884437,200,GET,GET /api/ -> https://httpbin.org/,2.000000,0.000000,5800,6100,6600,8400,12000,18000,20000,20000,20000,20000,20000,168,0,3400.0,5478.932517856655,554.0444999933243,30019.676299998537,305.54761904761904
1778884437,200,GET,GET /api/ -> https://locust.io/,0.700000,0.000000,6400,6400,7000,7000,13000,13000,13000,13000,13000,13000,13000,117,0,5800.0,7158.827532477563,623.2677000225522,30015.115100017283,4639.897435897436
1778884437,200,GET,GET /api/ -> https://redis.io/,0.500000,0.000000,5400,5600,5600,8500,8500,8500,8500,8500,8500,8500,8500,123,0,8500.0,10761.283050408128,2243.7484000111,30020.93369999784,6927.463414634146
1778884437,200,GET,GET /api/ -> https://training.play-with-docker.com/,1.300000,0.000000,4700,6900,11000,11000,13000,14000,14000,14000,14000,14000,14000,99,0,5700.0,7155.402040405368,554.5339000236709,30002.2340999858,1409.6161616161617
1778884437,200,GET,GET /api/ -> https://www.python.org/,1.500000,0.000000,6100,6900,9000,11000,13000,21000,21000,21000,21000,21000,21000,155,0,4500.0,6991.690063225707,355.74980001547374,30027.1170999913,12561.290322580646
1778884437,200,,Aggregated,14.800000,0.000000,5800,6900,8500,9500,13000,17000,21000,30000,30000,30000,30000,1601,0,5700.0,9502.938415240631,130.5712999892421,30474.4975999929,5592.692067457839
1778884438,200,GET,GET /api/ -> http://example.com/,1.100000,0.000000,6200,6400,6800,8800,17000,17000,17000,17000,17000,17000,17000,287,0,5100.0,12669.931871427518,130.5712999892421,30474.4975999929,42.35191637630662
1778884438,200,GET,GET /api/ -> https://books.toscrape.com/,3.500000,0.000000,5500,6100,8500,8600,12000,15000,15000,15000,15000,15000,15000,281,0,7000.0,13823.464797509672,641.6091999853961,30112.922300002538,5083.046263345196
1778884438,200,GET,GET /api/ -> https://docs.docker.com/,0.900000,0.000000,6400,7900,9600,9600,30000,30000,30000,30000,30000,30000,30000,137,0,5300.0,6898.721053286279,361.6844000061974,30010.106800007634,1715.5839416058395
1778884438,200,GET,GET /api/ -> https://flask.palletsprojects.com/,0.600000,0.000000,5600,5600,7000,7000,11000,11000,11000,11000,11000,11000,11000,129,0,5900.0,7575.907369767398,806.3519000133965,30011.001400009263,19362.08527131783
1778884438,200,GET,GET /api/ -> https://github.com/ibnesayeed/linkextractor,1.400000,0.000000,7200,9500,10000,11000,13000,30000,30000,30000,30000,30000,30000,109,0,6900.0,8526.195844036736,1205.494900001213,30037.409600015962,11701.651376146789
1778884438,200,GET,GET /api/ -> https://httpbin.org/,2.100000,0.000000,6100,9700,12000,20000,30000,30000,30000,30000,30000,30000,30000,173,0,3700.0,6070.74273294753,554.0444999933243,30032.84669999266,298.52601156069363
1778884438,200,GET,GET /api/ -> https://locust.io/,0.500000,0.000000,6400,6400,7000,7000,13000,13000,13000,13000,13000,13000,13000,117,0,5800.0,7158.827532477563,623.2677000225522,30015.115100017283,4639.897435897436
1778884438,200,GET,GET /api/ -> https://redis.io/,0.400000,0.000000,5600,5600,8500,8500,8500,8500,8500,8500,8500,8500,8500,123,0,8500.0,10761.283050408128,2243.7484000111,30020.93369999784,6927.463414634146
1778884438,200,GET,GET /api/ -> https://training.play-with-docker.com/,1.100000,0.000000,4700,6900,9800,9800,11000,13000,13000,13000,13000,13000,13000,100,0,5700.0,7181.481172001222,554.5339000236709,30002.2340999858,1409.76
1778884438,200,GET,GET /api/ -> https://www.python.org/,1.700000,0.000000,6400,6900,8200,9000,13000,21000,21000,21000,21000,21000,21000,158,0,4500.0,6968.460835442772,355.74980001547374,30027.1170999913,12569.240506329113
1778884438,200,,Aggregated,13.300000,0.000000,6100,7100,9000,9800,13000,30000,30000,30000,30000,30000,30000,1614,0,5700.0,9543.407865985251,130.5712999892421,30474.4975999929,5589.976456009913
1778884439,200,GET,GET /api/ -> http://example.com/,1.100000,0.000000,6200,6400,8800,8800,10000,17000,17000,17000,17000,17000,17000,290,0,5100.0,12603.439486895564,130.5712999892421,30474.4975999929,42.58620689655172
1778884439,200,GET,GET /api/ -> https://books.toscrape.com/,3.500000,0.000000,7400,8500,9900,9900,12000,15000,15000,15000,15000,15000,15000,281,0,7000.0,13823.464797509672,641.6091999853961,30112.922300002538,5083.046263345196
1778884439,200,GET,GET /api/ -> https://docs.docker.com/,0.900000,0.000000,7900,9600,12000,30000,30000,30000,30000,30000,30000,30000,30000,139,0,5500.0,7099.324018706605,361.6844000061974,30029.053500009468,1703.4244604316548
1778884439,200,GET,GET /api/ -> https://flask.palletsprojects.com/,0.600000,0.000000,4900,7000,7000,11000,11000,11000,11000,11000,11000,11000,11000,129,0,5900.0,7575.907369767398,806.3519000133965,30011.001400009263,19362.08527131783
1778884439,200,GET,GET /api/ -> https://github.com/ibnesayeed/linkextractor,1.400000,0.000000,8900,9500,11000,11000,13000,30000,30000,30000,30000,30000,30000,110,0,6700.0,8501.232782727246,1205.494900001213,30037.409600015962,11702.636363636364
1778884439,200,GET,GET /api/ -> https://httpbin.org/,2.100000,0.000000,9700,18000,30000,30000,30000,30000,30000,30000,30000,30000,30000,180,0,3800.0,6761.310896666288,554.0444999933243,30035.4542999994,290.39444444444445
1778884439,200,GET,GET /api/ -> https://locust.io/,0.500000,0.000000,6400,7000,7000,13000,13000,13000,13000,13000,13000,13000,13000,117,0,5800.0,7158.827532477563,623.2677000225522,30015.115100017283,4639.897435897436
1778884439,200,GET,GET /api/ -> https://redis.io/,0.400000,0.000000,5600,5600,8500,8500,8500,8500,8500,8500,8500,8500,8500,123,0,8500.0,10761.283050408128,2243.7484000111,30020.93369999784,6927.463414634146
1778884439,200,GET,GET /api/ -> https://training.play-with-docker.com/,1.100000,0.000000,4700,8400,9800,9800,11000,13000,13000,13000,13000,13000,13000,101,0,5800.0,7193.099739605164,554.5339000236709,30002.2340999858,1409.90099009901
1778884439,200,GET,GET /api/ -> https://www.python.org/,1.700000,0.000000,6400,8200,9000,9600,13000,21000,21000,21000,21000,21000,21000,159,0,4600.0,6985.135083647449,355.74980001547374,30027.1170999913,12571.82389937107
1778884439,200,,Aggregated,13.300000,0.000000,6800,8900,10000,12000,30000,30000,30000,30000,30000,30000,30000,1629,0,5800.0,9609.589260036953,130.5712999892421,30474.4975999929,5556.1682013505215
1778884440,200,GET,GET /api/ -> http://example.com/,1.100000,0.000000,6200,6800,8800,10000,17000,17000,17000,17000,17000,17000,17000,290,0,5100.0,12603.439486895564,130.5712999892421,30474.4975999929,42.58620689655172
1778884440,200,GET,GET /api/ -> https://books.toscrape.com/,2.100000,0.000000,8500,8600,9900,12000,30000,30000,30000,30000,30000,30000,30000,282,0,7000.0,13880.856368795172,641.6091999853961,30112.922300002538,5065.021276595745
1778884440,200,GET,GET /api/ -> https://docs.docker.com/,0.800000,0.000000,7900,9600,12000,30000,30000,30000,30000,30000,30000,30000,30000,139,0,5500.0,7099.324018706605,361.6844000061974,30029.053500009468,1703.4244604316548
1778884440,200,GET,GET /api/ -> https://flask.palletsprojects.com/,0.600000,0.000000,4900,7000,7000,11000,11000,11000,11000,11000,11000,11000,11000,129,0,5900.0,7575.907369767398,806.3519000133965,30011.001400009263,19362.08527131783
1778884440,200,GET,GET /api/ -> https://github.com/ibnesayeed/linkextractor,1.400000,0.000000,8900,9500,11000,13000,30000,30000,30000,30000,30000,30000,30000,110,0,6700.0,8501.232782727246,1205.494900001213,30037.409600015962,11702.636363636364
1778884440,200,GET,GET /api/ -> https://httpbin.org/,2.500000,0.000000,30000,30000,30000,30000,30000,30000,30000,30000,30000,30000,30000,185,0,3900.0,7391.1984486484935,554.0444999933243,30080.4375000007,282.54594594594596
1778884440,200,GET,GET /api/ -> https://locust.io/,0.600000,0.000000,6400,6400,13000,13000,13000,13000,13000,13000,13000,13000,13000,117,0,5800.0,7158.827532477563,623.2677000225522,30015.115100017283,4639.897435897436
1778884440,200,GET,GET /api/ -> https://redis.io/,0.400000,0.000000,5600,5600,8500,8500,8500,8500,8500,8500,8500,8500,8500,123,0,8500.0,10761.283050408128,2243.7484000111,30020.93369999784,6927.463414634146
1778884440,200,GET,GET /api/ -> https://training.play-with-docker.com/,1.100000,0.000000,4700,8400,9800,11000,13000,13000,13000,13000,13000,13000,13000,101,0,5800.0,7193.099739605164,554.5339000236709,30002.2340999858,1409.90099009901
1778884440,200,GET,GET /api/ -> https://www.python.org/,1.600000,0.000000,6900,8200,9600,9600,13000,21000,21000,21000,21000,21000,21000,159,0,4600.0,6985.135083647449,355.74980001547374,30027.1170999913,12571.82389937107
1778884440,200,,Aggregated,12.200000,0.000000,8100,9800,12000,17000,30000,30000,30000,30000,30000,30000,30000,1635,0,5800.0,9684.62663247722,130.5712999892421,30474.4975999929,5535.778593272171
1778884441,200,GET,GET /api/ -> http://example.com/,1.200000,0.000000,5500,6800,8800,8800,10000,17000,17000,17000,17000,17000,17000,291,0,5100.0,12577.653942610794,130.5712999892421,30474.4975999929,42.66323024054983
1778884441,200,GET,GET /api/ -> https://books.toscrape.com/,1.900000,0.000000,8600,9900,12000,12000,30000,30000,30000,30000,30000,30000,30000,283,0,7000.0,13845.23908904675,641.6091999853961,30112.922300002538,5074.855123674912
1778884441,200,GET,GET /api/ -> https://docs.docker.com/,1.000000,0.000000,9600,10000,12000,30000,30000,30000,30000,30000,30000,30000,30000,140,0,5500.0,7121.291399287293,361.6844000061974,30029.053500009468,1703.692857142857
1778884441,200,GET,GET /api/ -> https://flask.palletsprojects.com/,0.600000,0.000000,7000,7000,11000,11000,11000,11000,11000,11000,11000,11000,11000,129,0,5900.0,7575.907369767398,806.3519000133965,30011.001400009263,19362.08527131783
1778884441,200,GET,GET /api/ -> https://github.com/ibnesayeed/linkextractor,1.200000,0.000000,9500,11000,13000,30000,30000,30000,30000,30000,30000,30000,30000,111,0,6900.0,8695.104010810872,1205.494900001213,30037.409600015962,11597.207207207208
1778884441,200,GET,GET /api/ -> https://httpbin.org/,3.200000,0.000000,30000,30000,30000,30000,30000,30000,30000,30000,30000,30000,30000,192,0,4300.0,7973.035015104112,554.0444999933243,30093.3481999964,275.5052083333333
1778884441,200,GET,GET /api/ -> https://locust.io/,0.500000,0.000000,13000,13000,30000,30000,30000,30000,30000,30000,30000,30000,30000,118,0,5800.0,7353.0539525413815,623.2677000225522,30077.545100008138,4600.576271186441
1778884441,200,GET,GET /api/ -> https://redis.io/,0.400000,0.000000,8500,8500,30000,30000,30000,30000,30000,30000,30000,30000,30000,124,0,8500.0,10916.597150808111,2243.7484000111,30020.93369999784,6871.596774193548
1778884441,200,GET,GET /api/ -> https://training.play-with-docker.com/,1.200000,0.000000,8400,9800,11000,13000,22000,22000,22000,22000,22000,22000,22000,102,0,5800.0,7338.105457844315,554.5339000236709,30002.2340999858,1410.0392156862745
1778884441,200,GET,GET /api/ -> https://www.python.org/,1.900000,0.000000,6400,8100,9600,11000,13000,21000,21000,21000,21000,21000,21000,159,0,4600.0,6985.135083647449,355.74980001547374,30027.1170999913,12571.82389937107
1778884441,200,,Aggregated,13.100000,0.000000,9000,12000,30000,30000,30000,30000,30000,30000,30000,30000,30000,1649,0,5800.0,9781.075635112382,130.5712999892421,30474.4975999929,5495.87750151607
