Timestamp,User Count,Type,Name,Requests/s,Failures/s,50%,66%,75%,80%,90%,95%,98%,99%,99.9%,99.99%,100%,Total Request Count,Total Failure Count,Total Median Response Time,Total Average Response Time,Total Min Response Time,Total Max Response Time,Total Average Content Size
1778883560,0,,Aggregated,0.000000,0.000000,N/A,N/A,N/A,N/A,N/A,N/A,N/A,N/A,N/A,N/A,N/A,0,0,0,0.0,0,0,0
1778883561,5,GET,GET /api/ -> http://example.com/,0.000000,0.000000,0,0,0,0,0,0,0,0,0,0,0,5,0,940.0,940.7415199966636,926.5359000128228,962.3220000066794,68.0
1778883561,5,,Aggregated,0.000000,0.000000,0,0,0,0,0,0,0,0,0,0,0,5,0,940.0,940.7415199966636,926.5359000128228,962.3220000066794,68.0
1778883562,15,GET,GET /api/ -> http://example.com/,0.000000,0.000000,0,0,0,0,0,0,0,0,0,0,0,10,0,130.0,524.0188399970066,84.89369999733754,962.3220000066794,68.0
1778883562,15,,Aggregated,0.000000,0.000000,930,930,940,940,960,960,960,960,960,960,960,10,0,130.0,524.0188399970066,84.89369999733754,962.3220000066794,68.0
1778883563,20,GET,GET /api/ -> http://example.com/,0.000000,0.000000,170,240,240,380,380,380,380,380,380,380,380,15,0,170.0,414.21044666591723,84.89369999733754,962.3220000066794,68.0
1778883563,20,GET,GET /api/ -> https://books.toscrape.com/,0.000000,0.000000,0,0,0,0,0,0,0,0,0,0,0,9,0,1700.0,1753.0519333377015,1671.355600003153,1875.912999996217,8223.0
1778883563,20,,Aggregated,0.000000,0.000000,940,1700,1700,1700,1800,1800,1900,1900,1900,1900,1900,24,0,930.0,916.2760041678363,84.89369999733754,1875.912999996217,3126.125
1778883564,25,GET,GET /api/ -> http://example.com/,5.000000,0.000000,710,770,810,840,880,880,880,880,880,880,880,20,0,380.0,510.89924999832874,84.89369999733754,962.3220000066794,68.0
1778883564,25,GET,GET /api/ -> https://books.toscrape.com/,0.000000,0.000000,0,0,0,0,0,0,0,0,0,0,0,13,0,1700.0,1796.4444384672859,1020.3803000040352,2975.1004000136163,8223.0
1778883564,25,GET,GET /api/ -> https://httpbin.org/,0.000000,0.000000,0,0,0,0,0,0,0,0,0,0,0,2,0,1132.6997000142,1176.649550005095,1132.6997000142,1220.59939999599,332.0
1778883564,25,,Aggregated,5.000000,0.000000,940,1700,1700,1700,1800,1900,3000,3000,3000,3000,3000,35,0,940.0,1026.430337144328,84.89369999733754,2975.1004000136163,3112.0857142857144
1778883565,30,GET,GET /api/ -> http://example.com/,5.000000,0.000000,280,380,770,810,840,880,880,880,880,880,880,25,0,280.0,462.2044960001949,84.89369999733754,962.3220000066794,68.0
1778883565,30,GET,GET /api/ -> https://books.toscrape.com/,0.000000,0.000000,1800,1800,1900,1900,3000,3000,3000,3000,3000,3000,3000,16,0,1700.0,1749.1746562554908,1020.3803000040352,2975.1004000136163,8223.0
1778883565,30,GET,GET /api/ -> https://httpbin.org/,0.000000,0.000000,0,0,0,0,0,0,0,0,0,0,0,14,0,1200.0,1184.8851142900198,828.2271999923978,1789.2694000038318,332.0
1778883565,30,,Aggregated,5.000000,0.000000,940,1300,1700,1700,1800,1900,1900,3000,3000,3000,3000,55,0,940.0,1020.5508818209637,84.89369999733754,2975.1004000136163,2507.5636363636363
1778883566,35,GET,GET /api/ -> http://example.com/,3.750000,0.000000,280,380,770,810,840,880,880,880,880,880,880,25,0,280.0,462.2044960001949,84.89369999733754,962.3220000066794,68.0
1778883566,35,GET,GET /api/ -> https://books.toscrape.com/,2.500000,0.000000,1800,1900,2100,2100,3000,3000,3000,3000,3000,3000,3000,18,0,1700.0,1748.596438893906,1020.3803000040352,2975.1004000136163,8223.0
1778883566,35,GET,GET /api/ -> https://httpbin.org/,0.000000,0.000000,930,930,940,940,1000,1000,1000,1000,1000,1000,1000,16,0,1200.0,1160.7916562552418,828.2271999923978,1789.2694000038318,332.0
1778883566,35,GET,GET /api/ -> https://www.python.org/,0.000000,0.000000,0,0,0,0,0,0,0,0,0,0,0,1,0,1980.9161000011954,1980.9161000011954,1980.9161000011954,1980.9161000011954,14427.0
1778883566,35,,Aggregated,6.250000,0.000000,1000,1300,1700,1700,1800,2000,2100,3000,3000,3000,3000,60,0,960.0,1059.7238483363374,84.89369999733754,2975.1004000136163,2824.2166666666667
1778883567,40,GET,GET /api/ -> http://example.com/,5.000000,0.000000,380,810,880,1300,1900,1900,1900,1900,1900,1900,1900,29,0,380.0,636.1819413793675,84.89369999733754,1935.3708999988157,68.0
1778883567,40,GET,GET /api/ -> https://books.toscrape.com/,3.000000,0.000000,2200,2400,2500,2600,2700,3000,3000,3000,3000,3000,3000,25,0,1800.0,1949.6097040048335,1020.3803000040352,2975.1004000136163,8223.0
1778883567,40,GET,GET /api/ -> https://httpbin.org/,2.000000,0.000000,930,930,940,940,1000,1000,1000,1000,1000,1000,1000,16,0,1200.0,1160.7916562552418,828.2271999923978,1789.2694000038318,332.0
1778883567,40,GET,GET /api/ -> https://www.python.org/,0.000000,0.000000,0,0,0,0,0,0,0,0,0,0,0,8,0,2700.0,2654.306025000551,1980.9161000011954,2936.522799980594,14427.0
1778883567,40,,Aggregated,10.000000,0.000000,1300,1700,1900,2100,2600,2900,2900,3000,3000,3000,3000,78,0,1300.0,1371.751712823215,84.89369999733754,2975.1004000136163,4208.653846153846
1778883568,45,GET,GET /api/ -> http://example.com/,4.166667,0.000000,840,1200,1300,1300,1900,1900,2000,2000,2000,2000,2000,36,0,810.0,771.1215305567343,84.89369999733754,2026.9810000027064,68.0
1778883568,45,GET,GET /api/ -> https://books.toscrape.com/,2.833333,0.000000,2200,2400,2500,2600,2700,3000,3000,3000,3000,3000,3000,25,0,1800.0,1949.6097040048335,1020.3803000040352,2975.1004000136163,8223.0
1778883568,45,GET,GET /api/ -> https://docs.docker.com/,0.000000,0.000000,0,0,0,0,0,0,0,0,0,0,0,1,0,2098.6160000029486,2098.6160000029486,2098.6160000029486,2098.6160000029486,1856.0
1778883568,45,GET,GET /api/ -> https://httpbin.org/,2.500000,0.000000,1000,1700,1700,1800,2500,2500,2500,2500,2500,2500,2500,20,0,1200.0,1315.4423700048937,828.2271999923978,2546.7925000120886,332.0
1778883568,45,GET,GET /api/ -> https://www.python.org/,0.000000,0.000000,2700,2800,2900,2900,2900,2900,2900,2900,2900,2900,2900,14,0,2700.0,2650.06704285666,1980.9161000011954,2936.522799980594,14427.0
1778883568,45,,Aggregated,9.500000,0.000000,1300,1800,2100,2400,2700,2900,2900,3000,3000,3000,3000,96,0,1300.0,1479.2606218776807,84.89369999733754,2975.1004000136163,4359.34375
1778883569,50,GET,GET /api/ -> http://example.com/,3.714286,0.000000,990,1200,1300,1300,1700,1900,2000,2000,2000,2000,2000,41,0,930.0,831.0368219525383,84.89369999733754,2026.9810000027064,68.0
1778883569,50,GET,GET /api/ -> https://books.toscrape.com/,3.000000,0.000000,2100,2400,2500,2500,2700,3000,3000,3000,3000,3000,3000,29,0,1900.0,1959.8614448312155,1020.3803000040352,2975.1004000136163,8223.0
1778883569,50,GET,GET /api/ -> https://docs.docker.com/,0.000000,0.000000,0,0,0,0,0,0,0,0,0,0,0,9,0,1900.0,1944.34349999776,1838.2319000083953,2098.6160000029486,1856.0
1778883569,50,GET,GET /api/ -> https://httpbin.org/,2.285714,0.000000,1500,1700,1700,1800,2000,2500,2500,2500,2500,2500,2500,25,0,1300.0,1381.2137240031734,828.2271999923978,2546.7925000120886,332.0
1778883569,50,GET,GET /api/ -> https://www.python.org/,0.285714,0.000000,2700,2900,2900,2900,2900,2900,2900,2900,2900,2900,2900,16,0,2700.0,2671.7455124999105,1980.9161000011954,2936.522799980594,14427.0
1778883569,50,,Aggregated,9.285714,0.000000,1700,1900,2000,2200,2700,2900,2900,2900,3000,3000,3000,120,0,1700.0,1547.382120001809,84.89369999733754,2975.1004000136163,4142.425
1778883570,55,GET,GET /api/ -> http://example.com/,4.375000,0.000000,1000,1200,1300,1300,1700,1900,2000,2000,2000,2000,2000,45,0,940.0,854.1214288910851,84.89369999733754,2026.9810000027064,68.0
1778883570,55,GET,GET /api/ -> https://books.toscrape.com/,3.125000,0.000000,2200,2400,2500,2500,2600,2700,3000,3000,3000,3000,3000,34,0,1900.0,2010.8349147091812,1020.3803000040352,2975.1004000136163,8223.0
1778883570,55,GET,GET /api/ -> https://docs.docker.com/,0.000000,0.000000,2000,2000,2000,2000,2300,2600,2600,2600,2600,2600,2600,14,0,2000.0,2020.097785710407,1838.2319000083953,2554.3743999733124,1856.0
1778883570,55,GET,GET /api/ -> https://httpbin.org/,2.000000,0.000000,1500,1700,1700,1800,2000,2500,2500,2500,2500,2500,2500,25,0,1300.0,1381.2137240031734,828.2271999923978,2546.7925000120886,332.0
1778883570,55,GET,GET /api/ -> https://www.python.org/,1.625000,0.000000,2700,2900,2900,2900,2900,2900,2900,2900,2900,2900,2900,16,0,2700.0,2671.7455124999105,1980.9161000011954,2936.522799980594,14427.0
1778883570,55,,Aggregated,11.125000,0.000000,1700,1900,2100,2300,2600,2800,2900,2900,3000,3000,3000,134,0,1700.0,1584.8021768674223,84.89369999733754,2975.1004000136163,4087.7462686567164
1778883571,60,GET,GET /api/ -> http://example.com/,4.333333,0.000000,1000,1200,1300,1300,1700,1900,2000,2000,2000,2000,2000,45,0,940.0,854.1214288910851,84.89369999733754,2026.9810000027064,68.0
1778883571,60,GET,GET /api/ -> https://books.toscrape.com/,2.777778,0.000000,2300,2400,2500,2500,2800,2900,3000,3000,3000,3000,3000,40,0,2100.0,2091.2268675027008,1020.3803000040352,2975.1004000136163,8223.0
1778883571,60,GET,GET /api/ -> https://docs.docker.com/,0.222222,0.000000,2000,2000,2300,2400,2600,2900,2900,2900,2900,2900,2900,16,0,2000.0,2101.517881246764,1838.2319000083953,2936.1549000022933,1856.0
1778883571,60,GET,GET /api/ -> https://flask.palletsprojects.com/,0.000000,0.000000,0,0,0,0,0,0,0,0,0,0,0,2,0,2435.774899990065,2525.310899989563,2435.774899990065,2614.846899989061,20936.0
1778883571,60,GET,GET /api/ -> https://httpbin.org/,2.666667,0.000000,1700,1700,1700,1800,2000,2500,2500,2500,2500,2500,2500,28,0,1300.0,1420.044528574051,828.2271999923978,2546.7925000120886,332.0
1778883571,60,GET,GET /api/ -> https://www.python.org/,1.777778,0.000000,2700,2800,2900,2900,2900,2900,2900,2900,2900,2900,2900,18,0,2700.0,2657.6017777794427,1980.9161000011954,2936.522799980594,14427.0
1778883571,60,,Aggregated,11.777778,0.000000,1800,2000,2400,2500,2700,2900,2900,2900,3000,3000,3000,149,0,1700.0,1666.8290315452189,84.89369999733754,2975.1004000136163,4513.624161073825
1778883572,65,GET,GET /api/ -> http://example.com/,4.500000,0.000000,1100,1300,1800,1800,2400,2500,2600,2600,2600,2600,2600,58,0,1000.0,1085.1218689675643,84.89369999733754,2621.7823999759275,68.0
1778883572,65,GET,GET /api/ -> https://books.toscrape.com/,3.100000,0.000000,2300,2400,2500,2500,2700,2900,3000,3000,3000,3000,3000,41,0,2100.0,2105.812534148998,1020.3803000040352,2975.1004000136163,8223.0
1778883572,65,GET,GET /api/ -> https://docs.docker.com/,1.200000,0.000000,2000,2000,2300,2400,2600,2900,2900,2900,2900,2900,2900,16,0,2000.0,2101.517881246764,1838.2319000083953,2936.1549000022933,1856.0
1778883572,65,GET,GET /api/ -> https://flask.palletsprojects.com/,0.000000,0.000000,0,0,0,0,0,0,0,0,0,0,0,9,0,2700.0,2672.190288890205,2435.774899990065,2809.5429000095464,20936.0
1778883572,65,GET,GET /api/ -> https://httpbin.org/,2.500000,0.000000,1700,1700,2000,2000,2500,3000,3000,3000,3000,3000,3000,30,0,1300.0,1506.3473833356209,828.2271999923978,3008.4468999993987,332.0
1778883572,65,GET,GET /api/ -> https://www.python.org/,1.600000,0.000000,2900,2900,3200,3300,3400,3500,3500,3500,3500,3500,3500,25,0,2800.0,2840.070172001142,1980.9161000011954,3481.841999979224,14427.0
1778883572,65,,Aggregated,12.900000,0.000000,1900,2400,2500,2600,2800,3000,3400,3500,3500,3500,3500,179,0,1800.0,1805.26009385634,84.89369999733754,3481.841999979224,5194.648044692737
1778883573,70,GET,GET /api/ -> http://example.com/,4.500000,0.000000,1100,1400,1800,1800,2400,2500,2600,2600,2600,2600,2600,60,0,1000.0,1084.5836800018635,84.89369999733754,2621.7823999759275,68.0
1778883573,70,GET,GET /api/ -> https://books.toscrape.com/,3.600000,0.000000,2400,2500,2500,2700,2900,3300,3800,3800,3800,3800,3800,43,0,2200.0,2173.305320933185,1020.3803000040352,3823.1899000238627,8223.0
1778883573,70,GET,GET /api/ -> https://docs.docker.com/,1.400000,0.000000,2000,2300,2400,2400,2600,2900,2900,2900,2900,2900,2900,18,0,2000.0,2130.786572219222,1838.2319000083953,2936.1549000022933,1856.0
1778883573,70,GET,GET /api/ -> https://flask.palletsprojects.com/,0.000000,0.000000,2800,2800,3100,3100,3100,3100,3100,3100,3100,3100,3100,10,0,2700.0,2712.6601800031494,2435.774899990065,3076.88920001965,20936.0
1778883573,70,GET,GET /api/ -> https://httpbin.org/,2.700000,0.000000,1700,2100,2500,2700,2900,2900,3000,3000,3000,3000,3000,36,0,1500.0,1701.3393055579702,828.2271999923978,3008.4468999993987,332.0
1778883573,70,GET,GET /api/ -> https://www.python.org/,1.700000,0.000000,2900,2900,3200,3300,3400,3500,3500,3500,3500,3500,3500,25,0,2800.0,2840.070172001142,1980.9161000011954,3481.841999979224,14427.0
1778883573,70,,Aggregated,13.900000,0.000000,2000,2400,2600,2700,2900,3100,3400,3500,3800,3800,3800,192,0,1900.0,1855.5097864600612,84.89369999733754,3823.1899000238627,5068.041666666667
1778883574,75,GET,GET /api/ -> http://example.com/,3.800000,0.000000,1300,1800,1900,2000,2400,2500,2600,2600,2600,2600,2600,65,0,1100.0,1155.7303646171931,84.89369999733754,2621.7823999759275,68.0
1778883574,75,GET,GET /api/ -> https://books.toscrape.com/,4.000000,0.000000,2400,2500,2600,2700,3300,4200,4200,4200,4200,4200,4200,50,0,2300.0,2271.611488002818,1020.3803000040352,4234.617800015258,8223.0
1778883574,75,GET,GET /api/ -> https://docs.docker.com/,1.600000,0.000000,2300,2300,2400,2400,2600,2600,2900,2900,2900,2900,2900,25,0,2300.0,2192.8088559967,1838.2319000083953,2936.1549000022933,1856.0
1778883574,75,GET,GET /api/ -> https://flask.palletsprojects.com/,0.700000,0.000000,3100,3600,3800,4200,4400,4400,4400,4400,4400,4400,4400,16,0,2700.0,3034.905262502434,2435.774899990065,4417.268699995475,20936.0
1778883574,75,GET,GET /api/ -> https://httpbin.org/,2.900000,0.000000,2000,2400,2500,2600,2700,2900,3000,3000,3000,3000,3000,41,0,1700.0,1787.4106268310443,828.2271999923978,3008.4468999993987,332.0
1778883574,75,GET,GET /api/ -> https://www.python.org/,2.000000,0.000000,2900,2900,3200,3300,3500,3500,3500,3500,3500,3500,3500,29,0,2800.0,2853.9654137927973,1980.9161000011954,3507.6215000008233,14427.0
1778883574,75,,Aggregated,15.000000,0.000000,2300,2600,2700,2700,3000,3500,4200,4200,4400,4400,4400,226,0,2000.0,1982.8787008861896,84.89369999733754,4417.268699995475,5437.79203539823
1778883575,80,GET,GET /api/ -> http://example.com/,4.500000,0.000000,1300,1800,1900,2000,2400,2500,2600,2600,2600,2600,2600,70,0,1100.0,1165.9840500011342,84.89369999733754,2621.7823999759275,68.0
1778883575,80,GET,GET /api/ -> https://books.toscrape.com/,4.200000,0.000000,2400,2600,2700,2800,3300,4200,4200,4200,4200,4200,4200,54,0,2300.0,2311.443944446553,1020.3803000040352,4234.617800015258,8223.0
1778883575,80,GET,GET /api/ -> https://docs.docker.com/,1.700000,0.000000,2300,2300,2400,2400,2600,2600,2900,2900,2900,2900,2900,25,0,2300.0,2192.8088559967,1838.2319000083953,2936.1549000022933,1856.0
1778883575,80,GET,GET /api/ -> https://flask.palletsprojects.com/,1.000000,0.000000,3100,3600,3800,4200,4400,4400,4400,4400,4400,4400,4400,16,0,2700.0,3034.905262502434,2435.774899990065,4417.268699995475,20936.0
1778883575,80,GET,GET /api/ -> https://httpbin.org/,3.300000,0.000000,2200,2500,2700,2700,2900,2900,3000,3000,3000,3000,3000,42,0,1700.0,1808.482261906777,828.2271999923978,3008.4468999993987,332.0
1778883575,80,GET,GET /api/ -> https://www.python.org/,2.500000,0.000000,2900,2900,3200,3300,3500,3500,3500,3500,3500,3500,3500,29,0,2800.0,2853.9654137927973,1980.9161000011954,3507.6215000008233,14427.0
1778883575,80,,Aggregated,17.200000,0.000000,2400,2600,2700,2700,3000,3500,4200,4200,4400,4400,4400,236,0,2000.0,1985.3254834755317,84.89369999733754,4417.268699995475,5349.597457627118
1778883576,85,GET,GET /api/ -> http://example.com/,4.500000,0.000000,1400,1800,2000,2000,2400,2500,2600,2600,2600,2600,2600,70,0,1100.0,1165.9840500011342,84.89369999733754,2621.7823999759275,68.0
1778883576,85,GET,GET /api/ -> https://books.toscrape.com/,3.500000,0.000000,2500,2800,3300,3500,3800,4200,4200,4200,4200,4200,4200,60,0,2400.0,2436.881641668151,1020.3803000040352,4234.617800015258,8223.0
1778883576,85,GET,GET /api/ -> https://docs.docker.com/,1.800000,0.000000,2300,2300,2400,2400,2600,2600,2900,2900,2900,2900,2900,25,0,2300.0,2192.8088559967,1838.2319000083953,2936.1549000022933,1856.0
1778883576,85,GET,GET /api/ -> https://flask.palletsprojects.com/,1.200000,0.000000,3000,3600,3800,3800,4200,4400,4400,4400,4400,4400,4400,18,0,2700.0,3031.028283336329,2435.774899990065,4417.268699995475,20936.0
1778883576,85,GET,GET /api/ -> https://httpbin.org/,4.000000,0.000000,2300,2500,2700,2700,2900,2900,3000,3000,3000,3000,3000,45,0,1700.0,1843.6849711133011,828.2271999923978,3008.4468999993987,332.0
1778883576,85,GET,GET /api/ -> https://www.python.org/,2.700000,0.000000,2900,3000,3300,3400,3500,3700,3800,3800,3800,3800,3800,31,0,2900.0,2912.837532257864,1980.9161000011954,3827.8830999915954,14427.0
1778883576,85,,Aggregated,17.700000,0.000000,2400,2600,2700,2900,3400,3600,4200,4200,4400,4400,4400,249,0,2100.0,2050.097589157559,84.89369999733754,4417.268699995475,5556.4859437751
1778883577,90,GET,GET /api/ -> http://example.com/,4.500000,0.000000,1400,1800,2000,2000,2500,2600,2600,2600,2600,2600,2600,70,0,1100.0,1165.9840500011342,84.89369999733754,2621.7823999759275,68.0
1778883577,90,GET,GET /api/ -> https://books.toscrape.com/,3.700000,0.000000,2500,2800,3300,3500,3800,4200,4200,4200,4200,4200,4200,60,0,2400.0,2436.881641668151,1020.3803000040352,4234.617800015258,8223.0
1778883577,90,GET,GET /api/ -> https://docs.docker.com/,2.500000,0.000000,2300,2300,2400,2400,2600,2600,2900,2900,2900,2900,2900,25,0,2300.0,2192.8088559967,1838.2319000083953,2936.1549000022933,1856.0
1778883577,90,GET,GET /api/ -> https://flask.palletsprojects.com/,1.600000,0.000000,3000,3600,3800,3800,4200,4400,4400,4400,4400,4400,4400,18,0,2700.0,3031.028283336329,2435.774899990065,4417.268699995475,20936.0
1778883577,90,GET,GET /api/ -> https://httpbin.org/,3.100000,0.000000,2300,2500,2700,2700,2900,2900,3000,3000,3000,3000,3000,45,0,1700.0,1843.6849711133011,828.2271999923978,3008.4468999993987,332.0
1778883577,90,GET,GET /api/ -> https://redis.io/,0.000000,0.000000,0,0,0,0,0,0,0,0,0,0,0,2,0,5245.063200010918,5518.983300004038,5245.063200010918,5792.903399997158,7780.0
1778883577,90,GET,GET /api/ -> https://www.python.org/,2.900000,0.000000,3400,3500,3700,3800,4200,4300,4700,4700,4700,4700,4700,35,0,2900.0,3077.3616685706656,1980.9161000011954,4716.553700010991,14427.0
1778883577,90,,Aggregated,18.300000,0.000000,2400,2700,2900,3000,3600,4200,4400,5200,5800,5800,5800,255,0,2100.0,2113.4194556871366,84.89369999733754,5792.903399997158,5713.070588235294
1778883578,95,GET,GET /api/ -> http://example.com/,4.500000,0.000000,1700,1800,2000,2000,2500,2600,2600,2600,2600,2600,2600,70,0,1100.0,1165.9840500011342,84.89369999733754,2621.7823999759275,68.0
1778883578,95,GET,GET /api/ -> https://books.toscrape.com/,3.900000,0.000000,2500,2900,3300,3500,3800,4200,4200,4200,4200,4200,4200,60,0,2400.0,2436.881641668151,1020.3803000040352,4234.617800015258,8223.0
1778883578,95,GET,GET /api/ -> https://docs.docker.com/,2.500000,0.000000,2300,2400,2400,2600,4100,4100,4400,4400,4400,4400,4400,28,0,2300.0,2404.796264282985,1838.2319000083953,4352.377000002889,1856.0
1778883578,95,GET,GET /api/ -> https://flask.palletsprojects.com/,1.700000,0.000000,3100,3800,4200,4300,4300,4400,4400,4400,4400,4400,4400,20,0,2800.0,3159.5423850012594,2435.774899990065,4417.268699995475,20936.0
1778883578,95,GET,GET /api/ -> https://httpbin.org/,2.900000,0.000000,2600,2700,2900,3000,3800,3900,4000,4000,4000,4000,4000,49,0,1800.0,2006.4841346953026,828.2271999923978,4026.7935999727342,332.0
1778883578,95,GET,GET /api/ -> https://redis.io/,0.000000,0.000000,0,0,0,0,0,0,0,0,0,0,0,7,0,5900.0,5984.820328573863,5245.063200010918,6894.877000013366,7780.0
1778883578,95,GET,GET /api/ -> https://www.python.org/,2.900000,0.000000,3500,3800,4200,4300,4600,4700,4700,4700,4700,4700,4700,40,0,2900.0,3248.68606500022,1980.9161000011954,4716.553700010991,14427.0
1778883578,95,,Aggregated,18.400000,0.000000,2600,2900,3500,3700,4300,4700,5900,6300,6900,6900,6900,274,0,2300.0,2293.853403650412,84.89369999733754,6894.877000013366,5900.131386861314
1778883579,100,GET,GET /api/ -> http://example.com/,4.400000,0.000000,1800,2500,2600,3700,4200,4300,4400,4400,4400,4400,4400,80,0,1200.0,1519.9402475009265,84.89369999733754,4373.971799999708,68.0
1778883579,100,GET,GET /api/ -> https://books.toscrape.com/,3.900000,0.000000,2900,3500,3600,3800,4200,4600,4900,4900,4900,4900,4900,63,0,2400.0,2542.3015142871354,1020.3803000040352,4863.492399977986,8223.0
1778883579,100,GET,GET /api/ -> https://docs.docker.com/,2.500000,0.000000,2400,2600,2900,4100,4400,4400,4400,4400,4400,4400,4400,29,0,2300.0,2472.552710342229,1838.2319000083953,4369.733200001065,1856.0
1778883579,100,GET,GET /api/ -> https://flask.palletsprojects.com/,1.800000,0.000000,4200,4300,4400,4500,4500,4600,4600,4600,4600,4600,4600,25,0,3000.0,3426.4762480009813,2435.774899990065,4565.640099986922,20936.0
1778883579,100,GET,GET /api/ -> https://httpbin.org/,2.900000,0.000000,2700,2900,3000,3700,4000,4200,4700,4700,4700,4700,4700,51,0,1900.0,2103.2543647069915,828.2271999923978,4708.229599986225,332.0
1778883579,100,GET,GET /api/ -> https://redis.io/,0.000000,0.000000,6800,6800,6800,6800,6800,6800,6800,6800,6800,6800,6800,10,0,5900.0,6206.6002400039,5245.063200010918,6894.877000013366,7780.0
1778883579,100,GET,GET /api/ -> https://www.python.org/,3.000000,0.000000,3500,4200,4300,4500,4600,4700,4700,4700,4700,4700,4700,41,0,2900.0,3280.371304878272,1980.9161000011954,4716.553700010991,14427.0
1778883579,100,,Aggregated,18.500000,0.000000,2900,3700,4100,4300,4600,5800,6600,6800,6900,6900,6900,299,0,2400.0,2484.7938076930354,84.89369999733754,6894.877000013366,5976.428093645485
1778883580,105,GET,GET /api/ -> http://example.com/,3.500000,0.000000,2000,2600,3700,3700,4300,4300,4400,4400,4400,4400,4400,81,0,1200.0,1541.5501395070833,84.89369999733754,4373.971799999708,68.0
1778883580,105,GET,GET /api/ -> https://books.toscrape.com/,3.500000,0.000000,3300,3600,3900,4200,4600,4900,5500,5500,5500,5500,5500,64,0,2400.0,2588.505043751411,1020.3803000040352,5499.327400000766,8223.0
1778883580,105,GET,GET /api/ -> https://docs.docker.com/,2.700000,0.000000,2400,2600,4100,4100,4400,4400,4400,4400,4400,4400,4400,29,0,2300.0,2472.552710342229,1838.2319000083953,4369.733200001065,1856.0
1778883580,105,GET,GET /api/ -> https://flask.palletsprojects.com/,1.800000,0.000000,4200,4300,4400,4500,4500,4600,4600,4600,4600,4600,4600,25,0,3000.0,3426.4762480009813,2435.774899990065,4565.640099986922,20936.0
1778883580,105,GET,GET /api/ -> https://httpbin.org/,3.000000,0.000000,2700,2900,3700,3900,4200,4600,4700,4700,4700,4700,4700,52,0,1900.0,2150.539007693274,828.2271999923978,4708.229599986225,332.0
1778883580,105,GET,GET /api/ -> https://redis.io/,0.600000,0.000000,6600,6800,6800,6800,6800,6800,6800,6800,6800,6800,6800,11,0,6300.0,6219.915736366106,5245.063200010918,6894.877000013366,7780.0
1778883580,105,GET,GET /api/ -> https://www.python.org/,2.500000,0.000000,3700,4200,4400,4500,4600,4700,4700,4700,4700,4700,4700,41,0,2900.0,3280.371304878272,1980.9161000011954,4716.553700010991,14427.0
1778883580,105,,Aggregated,17.600000,0.000000,3000,3700,4200,4300,4600,5900,6600,6800,6900,6900,6900,303,0,2400.0,2516.957570627722,84.89369999733754,6894.877000013366,5951.666666666667
1778883581,110,GET,GET /api/ -> http://example.com/,3.600000,0.000000,2000,3700,3700,4200,4400,4600,5000,5000,5000,5000,5000,85,0,1300.0,1684.825875295107,84.89369999733754,4997.056399995927,68.0
1778883581,110,GET,GET /api/ -> https://books.toscrape.com/,3.500000,0.000000,3600,4200,4600,4900,6300,6400,6500,6500,6500,6500,6500,68,0,2400.0,2807.910958825018,1020.3803000040352,6514.245099999243,8223.0
1778883581,110,GET,GET /api/ -> https://docs.docker.com/,2.700000,0.000000,2400,2600,4100,4100,4400,4400,4400,4400,4400,4400,4400,29,0,2300.0,2472.552710342229,1838.2319000083953,4369.733200001065,1856.0
1778883581,110,GET,GET /api/ -> https://flask.palletsprojects.com/,2.500000,0.000000,4200,4300,4400,4500,4500,4600,4600,4600,4600,4600,4600,25,0,3000.0,3426.4762480009813,2435.774899990065,4565.640099986922,20936.0
1778883581,110,GET,GET /api/ -> https://httpbin.org/,2.600000,0.000000,3000,4000,4700,5000,5300,5800,6000,6000,6000,6000,6000,59,0,2200.0,2527.7394898313737,828.2271999923978,5977.557499980321,332.0
1778883581,110,GET,GET /api/ -> https://redis.io/,0.900000,0.000000,6600,6800,6800,6800,6800,6800,6800,6800,6800,6800,6800,11,0,6300.0,6219.915736366106,5245.063200010918,6894.877000013366,7780.0
1778883581,110,GET,GET /api/ -> https://www.python.org/,2.400000,0.000000,3800,4200,4400,4500,4600,4700,4700,4700,4700,4700,4700,41,0,2900.0,3280.371304878272,1980.9161000011954,4716.553700010991,14427.0
1778883581,110,,Aggregated,18.200000,0.000000,3600,4200,4500,4600,5800,6300,6600,6800,6900,6900,6900,318,0,2400.0,2652.7201443403205,84.89369999733754,6894.877000013366,5782.525157232704
1778883582,115,GET,GET /api/ -> http://example.com/,3.600000,0.000000,2600,3700,4300,4400,4500,4600,5000,5000,5000,5000,5000,90,0,1300.0,1844.2186100007448,84.89369999733754,4997.056399995927,68.0
1778883582,115,GET,GET /api/ -> https://books.toscrape.com/,3.200000,0.000000,3800,4500,5500,6100,6500,7000,7100,7100,7100,7100,7100,70,0,2400.0,2929.731978572922,1020.3803000040352,7125.246499985224,8223.0
1778883582,115,GET,GET /api/ -> https://docs.docker.com/,1.700000,0.000000,2400,4100,4100,4400,4400,5700,5700,5700,5700,5700,5700,30,0,2300.0,2581.254439997914,1838.2319000083953,5733.604600012768,1856.0
1778883582,115,GET,GET /api/ -> https://flask.palletsprojects.com/,2.500000,0.000000,4300,4400,4500,4500,4500,4600,4600,4600,4600,4600,4600,25,0,3000.0,3426.4762480009813,2435.774899990065,4565.640099986922,20936.0
1778883582,115,GET,GET /api/ -> https://httpbin.org/,2.700000,0.000000,3800,4600,4900,5000,5300,5800,6000,6000,6000,6000,6000,59,0,2200.0,2527.7394898313737,828.2271999923978,5977.557499980321,332.0
1778883582,115,GET,GET /api/ -> https://redis.io/,1.000000,0.000000,6800,8100,8200,8200,8400,8400,8400,8400,8400,8400,8400,14,0,6400.0,6646.262550001016,5245.063200010918,8380.613599991193,7780.0
1778883582,115,GET,GET /api/ -> https://www.python.org/,2.500000,0.000000,4300,4500,4700,4700,6700,6900,6900,6900,6900,6900,6900,44,0,3000.0,3517.844384091652,1980.9161000011954,6915.920200000983,14427.0
1778883582,115,,Aggregated,17.200000,0.000000,4200,4500,4700,5200,6400,6800,8100,8200,8400,8400,8400,332,0,2500.0,2804.608166566962,84.89369999733754,8380.613599991193,5795.5
1778883583,120,GET,GET /api/ -> http://example.com/,3.700000,0.000000,3700,4300,4400,4500,4600,4700,5000,5000,5000,5000,5000,90,0,1300.0,1844.2186100007448,84.89369999733754,4997.056399995927,68.0
1778883583,120,GET,GET /api/ -> https://books.toscrape.com/,3.000000,0.000000,3600,4600,5500,6300,6500,7000,7100,7100,7100,7100,7100,70,0,2400.0,2929.731978572922,1020.3803000040352,7125.246499985224,8223.0
1778883583,120,GET,GET /api/ -> https://docs.docker.com/,1.500000,0.000000,4400,5600,5800,5800,6100,6600,6600,6600,6600,6600,6600,36,0,2300.0,3151.435294442409,1838.2319000083953,6594.180799991591,1856.0
1778883583,120,GET,GET /api/ -> https://flask.palletsprojects.com/,2.500000,0.000000,4300,4400,4500,4500,4500,4600,4600,4600,4600,4600,4600,25,0,3000.0,3426.4762480009813,2435.774899990065,4565.640099986922,20936.0
1778883583,120,GET,GET /api/ -> https://httpbin.org/,2.800000,0.000000,4200,4900,5100,5200,5800,6000,6000,6000,6000,6000,6000,59,0,2200.0,2527.7394898313737,828.2271999923978,5977.557499980321,332.0
1778883583,120,GET,GET /api/ -> https://locust.io/,0.000000,0.000000,0,0,0,0,0,0,0,0,0,0,0,2,0,6320.771200000308,6328.049000003375,6320.771200000308,6335.326800006442,5097.0
1778883583,120,GET,GET /api/ -> https://redis.io/,1.100000,0.000000,8100,8200,8400,8600,8900,8900,8900,8900,8900,8900,8900,16,0,6600.0,6913.541818748854,5245.063200010918,8920.834199991077,7780.0
1778883583,120,GET,GET /api/ -> https://www.python.org/,2.400000,0.000000,4500,4600,4700,6700,6900,7100,7100,7100,7100,7100,7100,45,0,3200.0,3597.6029755560576,1980.9161000011954,7106.980999989901,14427.0
1778883583,120,,Aggregated,17.000000,0.000000,4400,4700,5600,5900,6600,7000,8400,8600,8900,8900,8900,343,0,2600.0,2928.5015192425217,84.89369999733754,8920.834199991077,5759.250728862974
1778883584,125,GET,GET /api/ -> http://example.com/,3.800000,0.000000,4200,4500,4600,4700,5600,5900,6000,6000,6000,6000,6000,95,0,1300.0,2049.215728421634,84.89369999733754,5965.747599984752,68.0
1778883584,125,GET,GET /api/ -> https://books.toscrape.com/,3.000000,0.000000,4600,5500,6300,6400,7000,7100,7100,7100,7100,7100,7100,70,0,2400.0,2929.731978572922,1020.3803000040352,7125.246499985224,8223.0
1778883584,125,GET,GET /api/ -> https://docs.docker.com/,1.300000,0.000000,5600,5800,6100,6100,6200,6400,6600,6600,6600,6600,6600,40,0,2400.0,3456.8044299987378,1838.2319000083953,6594.180799991591,1856.0
1778883584,125,GET,GET /api/ -> https://flask.palletsprojects.com/,1.800000,0.000000,4500,4500,6000,6000,6100,6400,6400,6400,6400,6400,6400,28,0,3100.0,3718.573817858539,2435.774899990065,6381.384400010575,20936.0
1778883584,125,GET,GET /api/ -> https://httpbin.org/,3.000000,0.000000,4600,5000,5200,5300,6000,8200,8200,8200,8200,8200,8200,60,1,2200.0,2622.3956733345403,828.2271999923978,8207.110500021372,327.6666666666667
1778883584,125,GET,GET /api/ -> https://locust.io/,0.000000,0.000000,0,0,0,0,0,0,0,0,0,0,0,7,0,6300.0,6323.464657142592,5925.494800001616,6534.825699985959,5097.0
1778883584,125,GET,GET /api/ -> https://redis.io/,1.100000,0.000000,8100,8200,8400,8600,8900,8900,8900,8900,8900,8900,8900,16,0,6600.0,6913.541818748854,5245.063200010918,8920.834199991077,7780.0
1778883584,125,GET,GET /api/ -> https://www.python.org/,2.100000,0.000000,4500,4700,6600,6700,6900,7100,7100,7100,7100,7100,7100,47,0,3300.0,3719.750504255879,1980.9161000011954,7106.980999989901,14427.0
1778883584,125,,Aggregated,16.100000,0.000000,4900,5900,6200,6300,6800,7100,8400,8600,8900,8900,8900,363,1,2600.0,3110.749070524041,84.89369999733754,8920.834199991077,5786.242424242424
1778883585,130,GET,GET /api/ -> http://example.com/,3.000000,0.000000,4300,4500,4600,4700,5800,5900,6000,6000,6000,6000,6000,96,0,1300.0,2089.755836458911,84.89369999733754,5965.747599984752,68.0
1778883585,130,GET,GET /api/ -> https://books.toscrape.com/,2.800000,0.000000,5500,6300,6400,6500,7000,7100,7100,7100,7100,7100,7100,70,0,2400.0,2929.731978572922,1020.3803000040352,7125.246499985224,8223.0
1778883585,130,GET,GET /api/ -> https://docs.docker.com/,1.400000,0.000000,5800,6100,6100,6200,6400,6600,6600,6600,6600,6600,6600,40,0,2400.0,3456.8044299987378,1838.2319000083953,6594.180799991591,1856.0
1778883585,130,GET,GET /api/ -> https://flask.palletsprojects.com/,1.500000,0.000000,4500,4600,6100,6100,6400,6900,6900,6900,6900,6900,6900,29,0,3600.0,3828.5836379328775,2435.774899990065,6908.858600014355,20936.0
1778883585,130,GET,GET /api/ -> https://httpbin.org/,2.600000,0.000000,4900,5200,5300,5800,6600,8200,8200,8200,8200,8200,8200,61,1,2300.0,2686.894250820872,828.2271999923978,8207.110500021372,327.73770491803276
1778883585,130,GET,GET /api/ -> https://locust.io/,0.000000,0.000000,6500,6500,6500,6500,6500,6500,6500,6500,6500,6500,6500,7,0,6300.0,6323.464657142592,5925.494800001616,6534.825699985959,5097.0
1778883585,130,GET,GET /api/ -> https://redis.io/,1.500000,0.000000,8100,8400,8600,8600,8900,9200,9200,9200,9200,9200,9200,17,0,6800.0,7048.0000176467,5245.063200010918,9199.331200012239,7780.0
1778883585,130,GET,GET /api/ -> https://www.python.org/,1.900000,0.000000,4700,6300,6700,6700,6900,7100,7100,7100,7100,7100,7100,49,0,3400.0,3835.2097489803373,1980.9161000011954,7106.980999989901,14427.0
1778883585,130,,Aggregated,14.700000,0.000000,5300,6000,6300,6400,6900,8100,8600,8900,9200,9200,9200,369,1,2600.0,3173.1842314370315,84.89369999733754,9199.331200012239,5849.257452574526
1778883586,135,GET,GET /api/ -> http://example.com/,3.000000,0.000000,4500,4600,5500,5600,5900,6000,6300,6300,6300,6300,6300,97,0,1400.0,2133.3342845366847,84.89369999733754,6316.8653000029735,68.0
1778883586,135,GET,GET /api/ -> https://books.toscrape.com/,2.800000,0.000000,5500,6300,6500,7000,7100,7100,7100,7100,7100,7100,7100,71,0,2400.0,2988.474708452204,1020.3803000040352,7125.246499985224,8223.0
1778883586,135,GET,GET /api/ -> https://docs.docker.com/,1.400000,0.000000,5800,6100,6100,6200,6400,6600,6600,6600,6600,6600,6600,40,0,2400.0,3456.8044299987378,1838.2319000083953,6594.180799991591,1856.0
1778883586,135,GET,GET /api/ -> https://flask.palletsprojects.com/,1.500000,0.000000,4500,4600,6100,6100,6400,6900,6900,6900,6900,6900,6900,29,0,3600.0,3828.5836379328775,2435.774899990065,6908.858600014355,20936.0
1778883586,135,GET,GET /api/ -> https://httpbin.org/,2.600000,0.000000,5000,5300,5800,6000,6700,8200,8200,8200,8200,8200,8200,62,1,2300.0,2751.602464517008,828.2271999923978,8207.110500021372,327.80645161290323
1778883586,135,GET,GET /api/ -> https://locust.io/,0.000000,0.000000,6500,6500,6500,6500,6500,6500,6500,6500,6500,6500,6500,7,0,6300.0,6323.464657142592,5925.494800001616,6534.825699985959,5097.0
1778883586,135,GET,GET /api/ -> https://redis.io/,1.500000,0.000000,8100,8400,8600,8600,8900,9200,9200,9200,9200,9200,9200,17,0,6800.0,7048.0000176467,5245.063200010918,9199.331200012239,7780.0
1778883586,135,GET,GET /api/ -> https://www.python.org/,1.900000,0.000000,4700,6600,6700,6700,6900,7100,7100,7100,7100,7100,7100,49,0,3400.0,3835.2097489803373,1980.9161000011954,7106.980999989901,14427.0
1778883586,135,,Aggregated,14.700000,0.000000,5800,6100,6400,6500,6900,8100,8600,8900,9200,9200,9200,372,1,2600.0,3201.669666667341,84.89369999733754,9199.331200012239,5825.2661290322585
1778883587,140,GET,GET /api/ -> http://example.com/,2.500000,0.000000,4500,4700,5600,5800,6000,6300,8100,8100,8100,8100,8100,98,0,1400.0,2194.680639796555,84.89369999733754,8145.277100004023,68.0
1778883587,140,GET,GET /api/ -> https://books.toscrape.com/,1.800000,0.000000,6300,6500,7000,7000,7100,7100,7100,7100,7100,7100,7100,71,0,2400.0,2988.474708452204,1020.3803000040352,7125.246499985224,8223.0
1778883587,140,GET,GET /api/ -> https://docs.docker.com/,1.500000,0.000000,6000,6100,6100,6200,6400,6600,6600,6600,6600,6600,6600,40,0,2400.0,3456.8044299987378,1838.2319000083953,6594.180799991591,1856.0
1778883587,140,GET,GET /api/ -> https://flask.palletsprojects.com/,1.200000,0.000000,4500,6000,6100,6100,6400,6900,6900,6900,6900,6900,6900,29,0,3600.0,3828.5836379328775,2435.774899990065,6908.858600014355,20936.0
1778883587,140,GET,GET /api/ -> https://httpbin.org/,1.900000,0.100000,5100,5300,6000,6000,6700,8200,8200,8200,8200,8200,8200,62,1,2300.0,2751.602464517008,828.2271999923978,8207.110500021372,327.80645161290323
1778883587,140,GET,GET /api/ -> https://locust.io/,0.700000,0.000000,6500,6500,6500,6500,6500,6500,6500,6500,6500,6500,6500,7,0,6300.0,6323.464657142592,5925.494800001616,6534.825699985959,5097.0
1778883587,140,GET,GET /api/ -> https://redis.io/,1.600000,0.000000,8100,8400,8600,8600,8900,9200,9200,9200,9200,9200,9200,17,0,6800.0,7048.0000176467,5245.063200010918,9199.331200012239,7780.0
1778883587,140,GET,GET /api/ -> https://www.python.org/,2.000000,0.000000,6600,6700,6800,6800,6900,7100,7100,7100,7100,7100,7100,49,0,3400.0,3835.2097489803373,1980.9161000011954,7106.980999989901,14427.0
1778883587,140,,Aggregated,13.200000,0.100000,5800,6300,6500,6600,7100,8200,8600,8900,9200,9200,9200,373,1,2700.0,3214.9233058988066,84.89369999733754,9199.331200012239,5809.8310991957105
1778883588,145,GET,GET /api/ -> http://example.com/,2.700000,0.000000,5500,5900,7900,8000,8100,8700,8800,8800,8800,8800,8800,105,0,1700.0,2595.5576295243754,84.89369999733754,8770.907300000545,68.0
1778883588,145,GET,GET /api/ -> https://books.toscrape.com/,1.500000,0.000000,7100,9100,9200,9300,9500,9500,9500,9500,9500,9500,9500,80,0,2500.0,3694.214526252108,1020.3803000040352,9532.970900007058,8223.0
1778883588,145,GET,GET /api/ -> https://docs.docker.com/,1.500000,0.000000,6100,6100,6200,6400,6600,9400,9400,9400,9400,9400,9400,41,0,2400.0,3601.299360974425,1838.2319000083953,9381.09660000191,1856.0
1778883588,145,GET,GET /api/ -> https://flask.palletsprojects.com/,1.200000,0.000000,4500,6000,6100,6100,6400,6900,6900,6900,6900,6900,6900,29,0,3600.0,3828.5836379328775,2435.774899990065,6908.858600014355,20936.0
1778883588,145,GET,GET /api/ -> https://httpbin.org/,1.800000,0.100000,5300,6000,6600,6700,8200,8800,8800,8800,8800,8800,8800,63,1,2300.0,2848.277185715103,828.2271999923978,8842.109899997013,327.87301587301585
1778883588,145,GET,GET /api/ -> https://locust.io/,0.700000,0.000000,6500,9200,9200,9200,9400,9400,9400,9400,9400,9400,9400,10,0,6300.0,7196.706359999371,5925.494800001616,9366.991499991855,5097.0
1778883588,145,GET,GET /api/ -> https://redis.io/,1.700000,0.000000,8400,8600,8900,9200,12000,12000,12000,12000,12000,12000,12000,18,0,6800.0,7300.209522223061,5245.063200010918,11587.7711000212,7780.0
1778883588,145,GET,GET /api/ -> https://www.python.org/,2.000000,0.000000,6700,6800,6900,7100,9100,9100,9100,9100,9100,9100,9100,50,0,3400.0,3939.9360980006168,1980.9161000011954,9071.527199994307,14427.0
1778883588,145,,Aggregated,13.100000,0.100000,6300,6900,8100,8400,9200,9400,9500,9500,12000,12000,12000,396,1,2700.0,3551.924280556374,84.89369999733754,11587.7711000212,5760.69696969697
1778883589,150,GET,GET /api/ -> http://example.com/,2.700000,0.000000,6000,7900,8000,8000,8200,8700,8800,8800,8800,8800,8800,110,0,1800.0,2839.3741518184966,84.89369999733754,8770.907300000545,68.0
1778883589,150,GET,GET /api/ -> https://books.toscrape.com/,1.100000,0.000000,9100,9100,9200,9300,9500,9500,9500,9500,9500,9500,9500,81,0,2600.0,3762.3335790143487,1020.3803000040352,9532.970900007058,8223.0
1778883589,150,GET,GET /api/ -> https://docs.docker.com/,1.500000,0.000000,6100,6100,6200,6400,6600,9400,9400,9400,9400,9400,9400,41,0,2400.0,3601.299360974425,1838.2319000083953,9381.09660000191,1856.0
1778883589,150,GET,GET /api/ -> https://flask.palletsprojects.com/,1.100000,0.000000,4500,6000,6100,6100,6400,6900,6900,6900,6900,6900,6900,29,0,3600.0,3828.5836379328775,2435.774899990065,6908.858600014355,20936.0
1778883589,150,GET,GET /api/ -> https://httpbin.org/,1.700000,0.100000,6000,6700,8200,8700,8800,8900,8900,8900,8900,8900,8900,65,1,2400.0,3031.54602923135,828.2271999923978,8887.6586999977,328.0
1778883589,150,GET,GET /api/ -> https://locust.io/,0.700000,0.000000,9200,9200,9400,9400,9500,9500,9500,9500,9500,9500,9500,11,0,6500.0,7405.687118181959,5925.494800001616,9495.49470000784,5097.0
1778883589,150,GET,GET /api/ -> https://redis.io/,1.700000,0.000000,8600,8900,9200,9200,12000,12000,12000,12000,12000,12000,12000,18,0,6800.0,7300.209522223061,5245.063200010918,11587.7711000212,7780.0
1778883589,150,GET,GET /api/ -> https://www.python.org/,1.700000,0.000000,6800,6900,9100,9100,9500,9600,9600,9600,9600,9600,9600,52,0,3400.0,4155.566090384897,1980.9161000011954,9598.889799992321,14427.0
1778883589,150,,Aggregated,12.200000,0.100000,6600,8000,8600,8900,9200,9500,9500,9600,12000,12000,12000,407,1,2800.0,3689.8492240792893,84.89369999733754,11587.7711000212,5711.090909090909
1778883590,155,GET,GET /api/ -> http://example.com/,2.800000,0.000000,6300,7900,8000,8000,8200,8700,8800,8800,8800,8800,8800,110,0,1800.0,2839.3741518184966,84.89369999733754,8770.907300000545,68.0
1778883590,155,GET,GET /api/ -> https://books.toscrape.com/,1.200000,0.000000,9100,9200,9500,9500,9500,9700,9700,9700,9700,9700,9700,82,0,2600.0,3834.7330012216044,1020.3803000040352,9699.086200009333,8223.0
1778883590,155,GET,GET /api/ -> https://docs.docker.com/,1.300000,0.000000,6100,6100,6400,6400,6600,9400,9400,9400,9400,9400,9400,41,0,2400.0,3601.299360974425,1838.2319000083953,9381.09660000191,1856.0
1778883590,155,GET,GET /api/ -> https://flask.palletsprojects.com/,1.100000,0.000000,6400,6400,6900,6900,6900,6900,6900,6900,6900,6900,6900,29,0,3600.0,3828.5836379328775,2435.774899990065,6908.858600014355,20936.0
1778883590,155,GET,GET /api/ -> https://httpbin.org/,1.600000,0.100000,8200,8700,8800,8800,8900,9000,9000,9000,9000,9000,9000,68,1,2400.0,3285.0569264709893,828.2271999923978,8963.871199986897,328.1764705882353
1778883590,155,GET,GET /api/ -> https://locust.io/,0.800000,0.000000,9200,9200,9400,9400,9500,9500,9500,9500,9500,9500,9500,11,0,6500.0,7405.687118181959,5925.494800001616,9495.49470000784,5097.0
1778883590,155,GET,GET /api/ -> https://redis.io/,1.100000,0.000000,8600,8900,9200,12000,12000,12000,12000,12000,12000,12000,12000,19,0,6800.0,7527.209700000974,5245.063200010918,11613.212900003418,7780.0
1778883590,155,GET,GET /api/ -> https://www.python.org/,1.200000,0.000000,6800,7100,9100,9100,9500,9600,9600,9600,9600,9600,9600,52,0,3400.0,4155.566090384897,1980.9161000011954,9598.889799992321,14427.0
1778883590,155,,Aggregated,11.100000,0.100000,6900,8200,8800,9100,9400,9500,9700,12000,12000,12000,12000,412,1,2800.0,3760.7143504860996,84.89369999733754,11613.212900003418,5683.041262135922
1778883591,160,GET,GET /api/ -> http://example.com/,3.000000,0.000000,7900,8000,8100,8100,8700,8800,8800,8800,8800,8800,8800,112,0,1800.0,2941.888215179071,84.89369999733754,8819.90470000892,68.0
1778883591,160,GET,GET /api/ -> https://books.toscrape.com/,2.100000,0.000000,9200,9500,9500,9700,10000,10000,10000,10000,10000,10000,10000,85,0,2600.0,4050.7685741197374,1020.3803000040352,10028.8617000042,8223.0
1778883591,160,GET,GET /api/ -> https://docs.docker.com/,1.200000,0.000000,6100,6100,6400,6400,6600,9400,9400,9400,9400,9400,9400,41,0,2400.0,3601.299360974425,1838.2319000083953,9381.09660000191,1856.0
1778883591,160,GET,GET /api/ -> https://flask.palletsprojects.com/,0.400000,0.000000,6400,6400,6900,6900,6900,6900,6900,6900,6900,6900,6900,29,0,3600.0,3828.5836379328775,2435.774899990065,6908.858600014355,20936.0
1778883591,160,GET,GET /api/ -> https://httpbin.org/,1.400000,0.100000,8600,8800,8900,8900,9000,9200,9200,9200,9200,9200,9200,70,1,2500.0,3450.430264286115,828.2271999923978,9243.922499998007,328.2857142857143
1778883591,160,GET,GET /api/ -> https://locust.io/,1.000000,0.000000,9200,9200,9400,9400,9500,9500,9500,9500,9500,9500,9500,11,0,6500.0,7405.687118181959,5925.494800001616,9495.49470000784,5097.0
1778883591,160,GET,GET /api/ -> https://redis.io/,0.900000,0.000000,8900,9200,12000,12000,13000,13000,13000,13000,13000,13000,13000,20,0,6800.0,7790.443680000317,5245.063200010918,12791.889299987815,7780.0
1778883591,160,GET,GET /api/ -> https://www.python.org/,1.000000,0.000000,6800,7100,9100,9100,9500,9600,9600,9600,9600,9600,9600,52,0,3400.0,4155.566090384897,1980.9161000011954,9598.889799992321,14427.0
1778883591,160,,Aggregated,11.000000,0.100000,8000,8800,9100,9200,9500,10000,12000,13000,13000,13000,13000,420,1,2900.0,3874.714274524498,84.89369999733754,12791.889299987815,5653.957142857143
1778883592,165,GET,GET /api/ -> http://example.com/,2.900000,0.000000,7900,8100,8200,8700,9300,9400,9800,9800,9800,9800,9800,115,0,1900.0,3113.0872930443097,84.89369999733754,9765.82870000857,68.0
1778883592,165,GET,GET /api/ -> https://books.toscrape.com/,1.800000,0.000000,9200,9500,9700,9800,10000,11000,11000,11000,11000,11000,11000,86,0,2600.0,4128.632082560216,1020.3803000040352,10747.030300000915,8223.0
1778883592,165,GET,GET /api/ -> https://docs.docker.com/,1.200000,0.000000,6100,6200,6400,6600,9400,9400,9400,9400,9400,9400,9400,41,0,2400.0,3601.299360974425,1838.2319000083953,9381.09660000191,1856.0
1778883592,165,GET,GET /api/ -> https://flask.palletsprojects.com/,0.400000,0.000000,6400,6400,6900,6900,6900,6900,6900,6900,6900,6900,6900,29,0,3600.0,3828.5836379328775,2435.774899990065,6908.858600014355,20936.0
1778883592,165,GET,GET /api/ -> https://httpbin.org/,1.600000,0.100000,8800,8900,8900,8900,9000,9200,9200,9200,9200,9200,9200,70,1,2500.0,3450.430264286115,828.2271999923978,9243.922499998007,328.2857142857143
1778883592,165,GET,GET /api/ -> https://locust.io/,1.100000,0.000000,9200,9200,9400,9400,9500,9500,9500,9500,9500,9500,9500,11,0,6500.0,7405.687118181959,5925.494800001616,9495.49470000784,5097.0
1778883592,165,GET,GET /api/ -> https://redis.io/,0.800000,0.000000,12000,12000,13000,13000,14000,14000,14000,14000,14000,14000,14000,21,0,6900.0,8072.6163190473535,5245.063200010918,13716.06909998809,7780.0
1778883592,165,GET,GET /api/ -> https://www.python.org/,1.100000,0.000000,9500,9600,11000,11000,11000,12000,12000,12000,12000,12000,12000,56,0,3500.0,4671.982614286598,1980.9161000011954,11713.12040000339,14427.0
1778883592,165,,Aggregated,10.900000,0.100000,8300,9100,9300,9500,10000,12000,13000,14000,14000,14000,14000,429,1,2900.0,4023.0728275066494,84.89369999733754,13716.06909998809,5707.638694638695
1778883593,170,GET,GET /api/ -> http://example.com/,2.900000,0.000000,8000,8100,8300,8800,9300,9400,9800,9800,9800,9800,9800,115,0,1900.0,3113.0872930443097,84.89369999733754,9765.82870000857,68.0
1778883593,170,GET,GET /api/ -> https://books.toscrape.com/,1.700000,0.000000,9500,10000,11000,11000,11000,12000,12000,12000,12000,12000,12000,90,0,2700.0,4448.215472224143,1020.3803000040352,11631.684599997243,8223.0
1778883593,170,GET,GET /api/ -> https://docs.docker.com/,1.200000,0.000000,6400,9400,11000,11000,11000,11000,11000,11000,11000,11000,11000,43,0,2400.0,3952.2624697663473,1838.2319000083953,11158.926700009033,1856.0
1778883593,170,GET,GET /api/ -> https://flask.palletsprojects.com/,0.400000,0.000000,6900,6900,12000,12000,12000,12000,12000,12000,12000,12000,12000,30,0,3600.0,4086.712370000896,2435.774899990065,11572.445599973435,20936.0
1778883593,170,GET,GET /api/ -> https://httpbin.org/,1.400000,0.100000,8800,8900,8900,8900,9000,9200,9200,9200,9200,9200,9200,70,1,2500.0,3450.430264286115,828.2271999923978,9243.922499998007,328.2857142857143
1778883593,170,GET,GET /api/ -> https://locust.io/,1.100000,0.000000,9200,9400,9500,11000,11000,11000,11000,11000,11000,11000,11000,13,0,6500.0,8006.654246152791,5925.494800001616,11423.226099985186,5097.0
1778883593,170,GET,GET /api/ -> https://redis.io/,0.800000,0.000000,12000,13000,14000,14000,15000,15000,15000,15000,15000,15000,15000,22,0,6900.0,8378.96449090807,5245.063200010918,14812.276099983137,7780.0
1778883593,170,GET,GET /api/ -> https://www.python.org/,1.100000,0.000000,11000,11000,12000,12000,12000,12000,12000,12000,12000,12000,12000,59,0,3700.0,5036.509994915647,1980.9161000011954,12267.62879997841,14427.0
1778883593,170,,Aggregated,10.600000,0.100000,9100,9500,9800,11000,12000,12000,14000,15000,15000,15000,15000,442,1,3000.0,4248.871087557157,84.89369999733754,14812.276099983137,5808.533936651584
1778883594,175,GET,GET /api/ -> http://example.com/,2.700000,0.000000,8200,8800,9400,11000,11000,11000,11000,11000,11000,11000,11000,120,0,2000.0,3435.307077500814,84.89369999733754,11162.117400002899,68.0
1778883594,175,GET,GET /api/ -> https://books.toscrape.com/,1.500000,0.000000,9500,10000,11000,11000,11000,12000,12000,12000,12000,12000,12000,90,0,2700.0,4448.215472224143,1020.3803000040352,11631.684599997243,8223.0
1778883594,175,GET,GET /api/ -> https://docs.docker.com/,1.200000,0.000000,6400,9400,11000,11000,11000,11000,11000,11000,11000,11000,11000,43,0,2400.0,3952.2624697663473,1838.2319000083953,11158.926700009033,1856.0
1778883594,175,GET,GET /api/ -> https://flask.palletsprojects.com/,0.400000,0.000000,12000,12000,12000,12000,12000,12000,12000,12000,12000,12000,12000,31,0,3800.0,4335.2820709687585,2435.774899990065,11792.373100004625,20936.0
1778883594,175,GET,GET /api/ -> https://httpbin.org/,1.100000,0.100000,8800,8900,8900,9000,9200,9200,9200,9200,9200,9200,9200,70,1,2500.0,3450.430264286115,828.2271999923978,9243.922499998007,328.2857142857143
1778883594,175,GET,GET /api/ -> https://locust.io/,1.100000,0.000000,9200,9400,9500,11000,11000,11000,11000,11000,11000,11000,11000,13,0,6500.0,8006.654246152791,5925.494800001616,11423.226099985186,5097.0
1778883594,175,GET,GET /api/ -> https://redis.io/,0.900000,0.000000,14000,15000,15000,15000,16000,16000,16000,16000,16000,16000,16000,24,0,8100.0,8962.64306249941,5245.063200010918,15705.129600013606,7780.0
1778883594,175,GET,GET /api/ -> https://www.python.org/,1.100000,0.000000,11000,11000,12000,12000,12000,12000,12000,12000,12000,12000,12000,59,0,3700.0,5036.509994915647,1980.9161000011954,12267.62879997841,14427.0
1778883594,175,,Aggregated,10.000000,0.100000,9400,11000,11000,11000,12000,13000,15000,16000,16000,16000,16000,450,1,3100.0,4388.425375778396,84.89369999733754,15705.129600013606,5787.1288888888885
1778883595,180,GET,GET /api/ -> http://example.com/,2.500000,0.000000,8200,8800,9400,11000,11000,11000,11000,11000,11000,11000,11000,120,0,2000.0,3435.307077500814,84.89369999733754,11162.117400002899,68.0
1778883595,180,GET,GET /api/ -> https://books.toscrape.com/,1.600000,0.000000,9500,10000,11000,11000,11000,12000,12000,12000,12000,12000,12000,90,0,2700.0,4448.215472224143,1020.3803000040352,11631.684599997243,8223.0
1778883595,180,GET,GET /api/ -> https://docs.docker.com/,1.000000,0.000000,9400,11000,11000,11000,13000,13000,13000,13000,13000,13000,13000,44,0,2400.0,4150.074672725829,1838.2319000083953,12655.999399983557,1856.0
1778883595,180,GET,GET /api/ -> https://flask.palletsprojects.com/,0.400000,0.000000,12000,12000,12000,12000,12000,12000,12000,12000,12000,12000,12000,35,0,4300.0,5236.108522858039,2435.774899990065,12429.696699982742,20936.0
1778883595,180,GET,GET /api/ -> https://httpbin.org/,1.100000,0.100000,8800,8900,8900,9000,9200,9200,9200,9200,9200,9200,9200,70,1,2500.0,3450.430264286115,828.2271999923978,9243.922499998007,328.2857142857143
1778883595,180,GET,GET /api/ -> https://locust.io/,1.100000,0.000000,11000,11000,12000,12000,12000,12000,12000,12000,12000,12000,12000,16,0,9200.0,8791.011424997123,5925.494800001616,12405.726999975741,5097.0
1778883595,180,GET,GET /api/ -> https://redis.io/,0.600000,0.000000,14000,15000,15000,16000,17000,17000,17000,17000,17000,17000,17000,25,0,8200.0,9270.88862799923,5245.063200010918,16668.782199994894,7780.0
1778883595,180,GET,GET /api/ -> https://www.python.org/,1.400000,0.000000,11000,12000,12000,12000,12000,12000,12000,12000,12000,12000,12000,59,0,3700.0,5036.509994915647,1980.9161000011954,12267.62879997841,14427.0
1778883595,180,,Aggregated,9.700000,0.100000,9500,11000,11000,12000,12000,14000,16000,17000,17000,17000,17000,459,1,3300.0,4552.409438780445,84.89369999733754,16668.782199994894,5910.411764705882
1778883596,185,GET,GET /api/ -> http://example.com/,2.500000,0.000000,8800,11000,11000,11000,12000,12000,12000,12000,12000,12000,12000,125,0,2000.0,3776.279929600656,84.89369999733754,12232.68879999523,68.0
1778883596,185,GET,GET /api/ -> https://books.toscrape.com/,2.000000,0.000000,9700,10000,11000,11000,12000,12000,12000,12000,12000,12000,12000,92,0,2800.0,4618.145691306184,1020.3803000040352,12385.655099991709,8223.0
1778883596,185,GET,GET /api/ -> https://docs.docker.com/,0.700000,0.000000,11000,12000,12000,13000,13000,13000,13000,13000,13000,13000,13000,45,0,2600.0,4335.589284442702,1838.2319000083953,12655.999399983557,1856.0
1778883596,185,GET,GET /api/ -> https://flask.palletsprojects.com/,0.400000,0.000000,12000,12000,12000,12000,12000,12000,12000,12000,12000,12000,12000,36,0,4300.0,5437.6213194458005,2435.774899990065,12490.56920001749,20936.0
1778883596,185,GET,GET /api/ -> https://httpbin.org/,1.100000,0.100000,8900,8900,9000,9000,9200,9200,9200,9200,9200,9200,9200,70,1,2500.0,3450.430264286115,828.2271999923978,9243.922499998007,328.2857142857143
1778883596,185,GET,GET /api/ -> https://locust.io/,1.000000,0.000000,11000,11000,12000,12000,12000,12000,12000,12000,12000,12000,12000,16,0,9200.0,8791.011424997123,5925.494800001616,12405.726999975741,5097.0
1778883596,185,GET,GET /api/ -> https://redis.io/,0.600000,0.000000,15000,15000,16000,16000,17000,17000,17000,17000,17000,17000,17000,25,0,8200.0,9270.88862799923,5245.063200010918,16668.782199994894,7780.0
1778883596,185,GET,GET /api/ -> https://www.python.org/,1.400000,0.000000,11000,12000,12000,12000,12000,12000,12000,12000,12000,12000,12000,60,0,3700.0,5158.7436516672215,1980.9161000011954,12370.529400010128,14427.0
1778883596,185,,Aggregated,9.700000,0.100000,11000,12000,12000,12000,12000,14000,16000,17000,17000,17000,17000,469,1,3500.0,4714.804725373597,84.89369999733754,16668.782199994894,5899.539445628998
1778883597,190,GET,GET /api/ -> http://example.com/,2.500000,0.000000,9800,11000,12000,12000,12000,12000,12000,12000,12000,12000,12000,130,0,2000.0,4094.207126154484,84.89369999733754,12232.68879999523,68.0
1778883597,190,GET,GET /api/ -> https://books.toscrape.com/,2.000000,0.000000,10000,11000,12000,12000,13000,13000,13000,13000,13000,13000,13000,95,0,2900.0,4882.167586317519,1020.3803000040352,13326.190599997062,8223.0
1778883597,190,GET,GET /api/ -> https://docs.docker.com/,0.300000,0.000000,12000,12000,13000,13000,13000,13000,13000,13000,13000,13000,13000,46,0,2600.0,4525.705952172006,1838.2319000083953,13080.955999990692,1856.0
1778883597,190,GET,GET /api/ -> https://flask.palletsprojects.com/,0.300000,0.000000,12000,12000,13000,13000,13000,13000,13000,13000,13000,13000,13000,39,0,4400.0,6015.936041026949,2435.774899990065,12993.090500007384,20936.0
1778883597,190,GET,GET /api/ -> https://httpbin.org/,1.000000,0.000000,8900,8900,9000,9000,9200,9200,9200,9200,9200,9200,9200,70,1,2500.0,3450.430264286115,828.2271999923978,9243.922499998007,328.2857142857143
1778883597,190,GET,GET /api/ -> https://locust.io/,0.800000,0.000000,11000,12000,12000,12000,12000,12000,12000,12000,12000,12000,12000,16,0,9200.0,8791.011424997123,5925.494800001616,12405.726999975741,5097.0
1778883597,190,GET,GET /api/ -> https://redis.io/,0.800000,0.000000,15000,15000,16000,16000,17000,17000,17000,17000,17000,17000,17000,25,0,8200.0,9270.88862799923,5245.063200010918,16668.782199994894,7780.0
1778883597,190,GET,GET /api/ -> https://www.python.org/,1.000000,0.000000,11000,12000,12000,12000,12000,12000,12000,12000,12000,12000,12000,60,0,3700.0,5158.7436516672215,1980.9161000011954,12370.529400010128,14427.0
1778883597,190,,Aggregated,8.700000,0.000000,11000,12000,12000,12000,13000,13000,15000,16000,17000,17000,17000,481,1,3600.0,4911.309693555524,84.89369999733754,16668.782199994894,5938.787941787942
1778883598,195,GET,GET /api/ -> http://example.com/,2.300000,0.000000,11000,12000,12000,12000,12000,12000,12000,12000,12000,12000,12000,134,0,2500.0,4328.420535821786,84.89369999733754,12232.68879999523,68.0
1778883598,195,GET,GET /api/ -> https://books.toscrape.com/,1.900000,0.000000,10000,11000,12000,12000,13000,13000,13000,13000,13000,13000,13000,96,0,2900.0,4970.592955210122,1020.3803000040352,13371.003000007477,8223.0
1778883598,195,GET,GET /api/ -> https://docs.docker.com/,0.400000,0.000000,13000,13000,14000,14000,14000,14000,14000,14000,14000,14000,14000,49,0,2900.0,5102.305875508452,1838.2319000083953,14051.700699987123,1856.0
1778883598,195,GET,GET /api/ -> https://flask.palletsprojects.com/,0.600000,0.000000,12000,12000,13000,13000,13000,14000,14000,14000,14000,14000,14000,40,0,4400.0,6222.757542500767,2435.774899990065,14288.796099979663,20936.0
1778883598,195,GET,GET /api/ -> https://github.com/ibnesayeed/linkextractor,0.000000,0.000000,0,0,0,0,0,0,0,0,0,0,0,3,0,14308.068700018339,14512.726900012543,14308.068700018339,14795.511200005421,12313.0
1778883598,195,GET,GET /api/ -> https://httpbin.org/,0.800000,0.000000,8900,8900,9000,9000,9200,9200,9200,9200,9200,9200,9200,70,1,2500.0,3450.430264286115,828.2271999923978,9243.922499998007,328.2857142857143
1778883598,195,GET,GET /api/ -> https://locust.io/,0.900000,0.000000,12000,12000,12000,12000,14000,14000,14000,14000,14000,14000,14000,17,0,9200.0,9077.026482349645,5925.494800001616,13653.26739999,5097.0
1778883598,195,GET,GET /api/ -> https://redis.io/,0.800000,0.000000,15000,15000,16000,16000,17000,17000,17000,17000,17000,17000,17000,25,0,8200.0,9270.88862799923,5245.063200010918,16668.782199994894,7780.0
1778883598,195,GET,GET /api/ -> https://www.python.org/,1.000000,0.000000,12000,12000,12000,12000,12000,12000,12000,12000,12000,12000,12000,60,0,3700.0,5158.7436516672215,1980.9161000011954,12370.529400010128,14427.0
1778883598,195,,Aggregated,8.700000,0.000000,12000,12000,12000,13000,14000,15000,16000,17000,17000,17000,17000,494,1,3700.0,5135.188561336559,84.89369999733754,16668.782199994894,5938.4453441295545
1778883599,200,GET,GET /api/ -> http://example.com/,2.800000,0.000000,12000,12000,12000,12000,12000,12000,13000,13000,13000,13000,13000,140,0,2600.0,4652.104381429256,84.89369999733754,12676.035399985267,68.0
1778883599,200,GET,GET /api/ -> https://books.toscrape.com/,2.100000,0.000000,12000,12000,13000,13000,13000,14000,14000,14000,14000,14000,14000,97,0,3000.0,5059.237015465714,1020.3803000040352,13569.066800002474,8223.0
1778883599,200,GET,GET /api/ -> https://docs.docker.com/,0.500000,0.000000,13000,13000,14000,14000,14000,14000,14000,14000,14000,14000,14000,49,0,2900.0,5102.305875508452,1838.2319000083953,14051.700699987123,1856.0
1778883599,200,GET,GET /api/ -> https://flask.palletsprojects.com/,0.700000,0.000000,12000,13000,13000,13000,13000,14000,14000,14000,14000,14000,14000,40,0,4400.0,6222.757542500767,2435.774899990065,14288.796099979663,20936.0
1778883599,200,GET,GET /api/ -> https://github.com/ibnesayeed/linkextractor,0.000000,0.000000,15000,15000,15000,15000,15000,15000,15000,15000,15000,15000,15000,5,0,15000.0,14739.96062001097,14308.068700018339,15118.667200003983,12313.0
1778883599,200,GET,GET /api/ -> https://httpbin.org/,0.800000,0.000000,9200,9200,13000,13000,13000,13000,13000,13000,13000,13000,13000,71,1,2500.0,3590.9314352115553,828.2271999923978,13426.013399992371,328.3380281690141
1778883599,200,GET,GET /api/ -> https://locust.io/,0.900000,0.000000,12000,12000,12000,12000,14000,14000,14000,14000,14000,14000,14000,17,0,9200.0,9077.026482349645,5925.494800001616,13653.26739999,5097.0
1778883599,200,GET,GET /api/ -> https://redis.io/,0.800000,0.000000,15000,15000,16000,16000,17000,17000,17000,17000,17000,17000,17000,25,0,8200.0,9270.88862799923,5245.063200010918,16668.782199994894,7780.0
1778883599,200,GET,GET /api/ -> https://www.python.org/,1.100000,0.000000,12000,12000,12000,12000,12000,12000,12000,12000,12000,12000,12000,60,0,3700.0,5158.7436516672215,1980.9161000011954,12370.529400010128,14427.0
1778883599,200,,Aggregated,9.700000,0.000000,12000,12000,13000,13000,14000,15000,16000,17000,17000,17000,17000,504,1,3800.0,5288.147050595732,84.89369999733754,16668.782199994894,5887.263888888889
1778883600,205,GET,GET /api/ -> http://example.com/,3.200000,0.000000,12000,12000,12000,12000,12000,12000,13000,13000,13000,13000,13000,140,0,2600.0,4652.104381429256,84.89369999733754,12676.035399985267,68.0
1778883600,205,GET,GET /api/ -> https://books.toscrape.com/,2.300000,0.000000,12000,13000,13000,13000,13000,14000,14000,14000,14000,14000,14000,97,0,3000.0,5059.237015465714,1020.3803000040352,13569.066800002474,8223.0
1778883600,205,GET,GET /api/ -> https://docs.docker.com/,0.600000,0.000000,13000,14000,14000,14000,14000,14000,14000,14000,14000,14000,14000,49,0,2900.0,5102.305875508452,1838.2319000083953,14051.700699987123,1856.0
1778883600,205,GET,GET /api/ -> https://flask.palletsprojects.com/,1.000000,0.000000,12000,13000,13000,13000,13000,14000,14000,14000,14000,14000,14000,40,0,4400.0,6222.757542500767,2435.774899990065,14288.796099979663,20936.0
1778883600,205,GET,GET /api/ -> https://github.com/ibnesayeed/linkextractor,0.200000,0.000000,15000,15000,16000,16000,16000,16000,16000,16000,16000,16000,16000,6,0,15000.0,14942.244483342316,14308.068700018339,15953.663799999049,12313.0
1778883600,205,GET,GET /api/ -> https://httpbin.org/,0.800000,0.000000,13000,13000,13000,13000,13000,13000,13000,13000,13000,13000,13000,72,1,2500.0,3717.6451875004404,828.2271999923978,13426.013399992371,328.3888888888889
1778883600,205,GET,GET /api/ -> https://locust.io/,0.800000,0.000000,12000,12000,12000,12000,14000,14000,14000,14000,14000,14000,14000,17,0,9200.0,9077.026482349645,5925.494800001616,13653.26739999,5097.0
1778883600,205,GET,GET /api/ -> https://redis.io/,0.800000,0.000000,15000,15000,16000,16000,17000,17000,17000,17000,17000,17000,17000,25,0,8200.0,9270.88862799923,5245.063200010918,16668.782199994894,7780.0
1778883600,205,GET,GET /api/ -> https://www.python.org/,1.000000,0.000000,12000,12000,12000,15000,15000,15000,15000,15000,15000,15000,15000,62,0,3800.0,5464.385240323252,1980.9161000011954,14648.063000000548,14427.0
1778883600,205,,Aggregated,10.700000,0.000000,12000,13000,13000,14000,15000,15000,16000,17000,17000,17000,17000,508,1,3900.0,5360.553867520212,84.89369999733754,16668.782199994894,5922.59842519685
1778883602,210,GET,GET /api/ -> http://example.com/,2.900000,0.000000,12000,12000,12000,12000,13000,13000,13000,13000,13000,13000,13000,142,0,3300.0,4772.053075352565,84.89369999733754,13184.049399977084,68.0
1778883602,210,GET,GET /api/ -> https://books.toscrape.com/,1.500000,0.000000,13000,13000,13000,13000,13000,14000,14000,14000,14000,14000,14000,98,0,3000.0,5144.566940818141,1020.3803000040352,13569.066800002474,8223.0
1778883602,210,GET,GET /api/ -> https://docs.docker.com/,0.800000,0.000000,13000,13000,14000,14000,14000,14000,14000,14000,14000,14000,14000,50,0,2900.0,5268.323381998343,1838.2319000083953,14051.700699987123,1856.0
1778883602,210,GET,GET /api/ -> https://flask.palletsprojects.com/,1.100000,0.000000,12000,13000,13000,13000,13000,14000,14000,14000,14000,14000,14000,40,0,4400.0,6222.757542500767,2435.774899990065,14288.796099979663,20936.0
1778883602,210,GET,GET /api/ -> https://github.com/ibnesayeed/linkextractor,0.300000,0.000000,15000,16000,16000,17000,17000,17000,17000,17000,17000,17000,17000,7,0,15000.0,15202.154428581707,14308.068700018339,16761.61410001805,12313.0
1778883602,210,GET,GET /api/ -> https://httpbin.org/,0.600000,0.000000,13000,13000,13000,13000,13000,13000,13000,13000,13000,13000,13000,78,1,2700.0,4440.509550000664,828.2271999923978,13426.013399992371,328.6666666666667
1778883602,210,GET,GET /api/ -> https://locust.io/,0.700000,0.000000,12000,12000,13000,13000,14000,14000,14000,14000,14000,14000,14000,18,0,9200.0,9313.446394441093,5925.494800001616,13653.26739999,5097.0
1778883602,210,GET,GET /api/ -> https://redis.io/,0.700000,0.000000,16000,16000,17000,17000,17000,17000,17000,17000,17000,17000,17000,25,0,8200.0,9270.88862799923,5245.063200010918,16668.782199994894,7780.0
1778883602,210,GET,GET /api/ -> https://www.python.org/,1.000000,0.000000,15000,15000,15000,15000,15000,15000,15000,15000,15000,15000,15000,62,0,3800.0,5464.385240323252,1980.9161000011954,14648.063000000548,14427.0
1778883602,210,,Aggregated,9.600000,0.000000,12000,13000,13000,14000,15000,15000,17000,17000,17000,17000,17000,520,1,4200.0,5548.281787115919,84.89369999733754,16761.61410001805,5842.878846153846
1778883603,215,GET,GET /api/ -> http://example.com/,3.000000,0.000000,12000,12000,12000,13000,14000,14000,14000,14000,14000,14000,14000,145,0,3700.0,4959.639471724774,84.89369999733754,14315.265399985947,68.0
1778883603,215,GET,GET /api/ -> https://books.toscrape.com/,1.600000,0.000000,13000,13000,13000,14000,14000,14000,14000,14000,14000,14000,14000,100,0,3100.0,5319.207851001993,1020.3803000040352,14002.073600015137,8223.0
1778883603,215,GET,GET /api/ -> https://docs.docker.com/,0.800000,0.000000,13000,13000,14000,14000,14000,14000,14000,14000,14000,14000,14000,50,0,2900.0,5268.323381998343,1838.2319000083953,14051.700699987123,1856.0
1778883603,215,GET,GET /api/ -> https://flask.palletsprojects.com/,1.100000,0.000000,12000,13000,13000,13000,14000,14000,14000,14000,14000,14000,14000,40,0,4400.0,6222.757542500767,2435.774899990065,14288.796099979663,20936.0
1778883603,215,GET,GET /api/ -> https://github.com/ibnesayeed/linkextractor,0.500000,0.000000,15000,16000,16000,17000,17000,17000,17000,17000,17000,17000,17000,7,0,15000.0,15202.154428581707,14308.068700018339,16761.61410001805,12313.0
1778883603,215,GET,GET /api/ -> https://httpbin.org/,0.300000,0.000000,13000,13000,13000,13000,14000,14000,14000,14000,14000,14000,14000,80,1,2700.0,4675.164381250943,828.2271999923978,13872.42560001323,328.75
1778883603,215,GET,GET /api/ -> https://locust.io/,0.600000,0.000000,12000,13000,13000,14000,14000,14000,14000,14000,14000,14000,14000,18,0,9200.0,9313.446394441093,5925.494800001616,13653.26739999,5097.0
1778883603,215,GET,GET /api/ -> https://redis.io/,0.700000,0.000000,17000,17000,18000,18000,18000,18000,18000,18000,18000,18000,18000,26,0,8200.0,9619.5829846144,5245.063200010918,18336.94189999369,7780.0
1778883603,215,GET,GET /api/ -> https://www.python.org/,0.800000,0.000000,14000,15000,15000,15000,15000,15000,15000,15000,15000,15000,15000,63,0,4100.0,5599.379288889597,1980.9161000011954,14648.063000000548,14427.0
1778883603,215,,Aggregated,9.400000,0.000000,13000,13000,14000,14000,15000,16000,17000,18000,18000,18000,18000,529,1,4200.0,5698.176368053586,84.89369999733754,18336.94189999369,5818.181474480151
1778883604,220,GET,GET /api/ -> http://example.com/,2.900000,0.000000,12000,12000,13000,14000,14000,14000,14000,14000,14000,14000,14000,150,0,3700.0,5255.052850000987,84.89369999733754,14315.265399985947,68.0
1778883604,220,GET,GET /api/ -> https://books.toscrape.com/,1.300000,0.000000,14000,14000,15000,15000,15000,15000,15000,15000,15000,15000,15000,104,0,3300.0,5697.351397117018,1020.3803000040352,15401.040199998533,8223.0
1778883604,220,GET,GET /api/ -> https://docs.docker.com/,0.900000,0.000000,13000,14000,14000,14000,14000,14000,14000,14000,14000,14000,14000,50,0,2900.0,5268.323381998343,1838.2319000083953,14051.700699987123,1856.0
1778883604,220,GET,GET /api/ -> https://flask.palletsprojects.com/,1.100000,0.000000,13000,13000,13000,14000,15000,15000,15000,15000,15000,15000,15000,41,0,4400.0,6433.039209757159,2435.774899990065,14844.305900012841,20936.0
1778883604,220,GET,GET /api/ -> https://github.com/ibnesayeed/linkextractor,0.700000,0.000000,15000,16000,16000,17000,17000,17000,17000,17000,17000,17000,17000,7,0,15000.0,15202.154428581707,14308.068700018339,16761.61410001805,12313.0
1778883604,220,GET,GET /api/ -> https://httpbin.org/,0.800000,0.000000,13000,13000,14000,14000,14000,15000,15000,15000,15000,15000,15000,81,1,2700.0,4799.868643210545,828.2271999923978,14776.209599978756,328.7901234567901
1778883604,220,GET,GET /api/ -> https://locust.io/,0.700000,0.000000,13000,13000,14000,14000,14000,14000,14000,14000,14000,14000,14000,18,0,9200.0,9313.446394441093,5925.494800001616,13653.26739999,5097.0
1778883604,220,GET,GET /api/ -> https://redis.io/,0.500000,0.000000,18000,18000,19000,19000,19000,19000,19000,19000,19000,19000,19000,27,0,8400.0,9970.412470369074,5245.063200010918,19091.979099990567,7780.0
1778883604,220,GET,GET /api/ -> https://www.python.org/,1.000000,0.000000,15000,15000,15000,15000,15000,15000,15000,15000,15000,15000,15000,63,0,4100.0,5599.379288889597,1980.9161000011954,14648.063000000548,14427.0
1778883604,220,,Aggregated,9.900000,0.000000,13000,14000,14000,14000,15000,16000,18000,19000,19000,19000,19000,541,1,4300.0,5901.5928975977,84.89369999733754,19091.979099990567,5804.247689463956
1778883605,225,GET,GET /api/ -> http://example.com/,3.000000,0.000000,12000,14000,14000,14000,14000,14000,14000,14000,14000,14000,14000,154,0,4200.0,5483.360499351674,84.89369999733754,14411.954800016247,68.0
1778883605,225,GET,GET /api/ -> https://books.toscrape.com/,1.400000,0.000000,14000,15000,15000,15000,15000,16000,16000,16000,16000,16000,16000,108,0,3500.0,6055.956596297889,1020.3803000040352,15699.873400008073,8223.0
1778883605,225,GET,GET /api/ -> https://docs.docker.com/,0.900000,0.000000,14000,14000,14000,14000,16000,16000,16000,16000,16000,16000,16000,51,0,4100.0,5473.169517645147,1838.2319000083953,15715.476299985312,1856.0
1778883605,225,GET,GET /api/ -> https://flask.palletsprojects.com/,1.100000,0.000000,13000,13000,14000,14000,15000,15000,15000,15000,15000,15000,15000,41,0,4400.0,6433.039209757159,2435.774899990065,14844.305900012841,20936.0
1778883605,225,GET,GET /api/ -> https://github.com/ibnesayeed/linkextractor,0.700000,0.000000,15000,16000,16000,17000,17000,17000,17000,17000,17000,17000,17000,7,0,15000.0,15202.154428581707,14308.068700018339,16761.61410001805,12313.0
1778883605,225,GET,GET /api/ -> https://httpbin.org/,1.000000,0.000000,13000,13000,14000,14000,14000,15000,15000,15000,15000,15000,15000,81,1,2700.0,4799.868643210545,828.2271999923978,14776.209599978756,328.7901234567901
1778883605,225,GET,GET /api/ -> https://locust.io/,0.700000,0.000000,13000,13000,14000,14000,14000,14000,14000,14000,14000,14000,14000,18,0,9200.0,9313.446394441093,5925.494800001616,13653.26739999,5097.0
1778883605,225,GET,GET /api/ -> https://redis.io/,0.500000,0.000000,19000,19000,20000,20000,20000,20000,20000,20000,20000,20000,20000,28,0,8400.0,10320.674889284419,5245.063200010918,19777.76019999874,7780.0
1778883605,225,GET,GET /api/ -> https://www.python.org/,0.500000,0.000000,15000,15000,15000,15000,15000,15000,15000,15000,15000,15000,15000,63,0,4100.0,5599.379288889597,1980.9161000011954,14648.063000000548,14427.0
1778883605,225,,Aggregated,9.800000,0.000000,14000,14000,14000,15000,15000,16000,19000,20000,20000,20000,20000,551,1,4400.0,6072.510618149458,84.89369999733754,19777.76019999874,5776.584392014519
1778883606,230,GET,GET /api/ -> http://example.com/,3.000000,0.000000,13000,14000,14000,14000,14000,14000,15000,15000,15000,15000,15000,155,0,4200.0,5541.84863677515,84.89369999733754,14549.021799990442,68.0
1778883606,230,GET,GET /api/ -> https://books.toscrape.com/,1.400000,0.000000,15000,15000,15000,15000,16000,16000,16000,16000,16000,16000,16000,109,0,3600.0,6145.5892614695595,1020.3803000040352,15825.917100009974,8223.0
1778883606,230,GET,GET /api/ -> https://docs.docker.com/,0.900000,0.000000,14000,14000,16000,16000,16000,16000,16000,16000,16000,16000,16000,52,0,4100.0,5681.946207690299,1838.2319000083953,16329.557399993064,1856.0
1778883606,230,GET,GET /api/ -> https://flask.palletsprojects.com/,1.100000,0.000000,13000,14000,14000,15000,15000,15000,15000,15000,15000,15000,15000,41,0,4400.0,6433.039209757159,2435.774899990065,14844.305900012841,20936.0
1778883606,230,GET,GET /api/ -> https://github.com/ibnesayeed/linkextractor,0.700000,0.000000,16000,16000,17000,17000,18000,18000,18000,18000,18000,18000,18000,8,0,15000.0,15543.032125009631,14308.068700018339,17929.1760000051,12313.0
1778883606,230,GET,GET /api/ -> https://httpbin.org/,1.000000,0.000000,13000,13000,14000,14000,15000,15000,15000,15000,15000,15000,15000,82,1,2700.0,4922.703951220284,828.2271999923978,14872.363900009077,328.8292682926829
1778883606,230,GET,GET /api/ -> https://locust.io/,0.700000,0.000000,14000,14000,14000,14000,14000,14000,14000,14000,14000,14000,14000,18,0,9200.0,9313.446394441093,5925.494800001616,13653.26739999,5097.0
1778883606,230,GET,GET /api/ -> https://redis.io/,0.500000,0.000000,19000,20000,20000,20000,20000,20000,20000,20000,20000,20000,20000,29,0,8600.0,10657.90167586087,5245.063200010918,20100.251700001536,7780.0
1778883606,230,GET,GET /api/ -> https://www.python.org/,0.500000,0.000000,15000,15000,15000,17000,17000,17000,17000,17000,17000,17000,17000,64,0,4100.0,5777.123009375373,1980.9161000011954,16974.977399979252,14427.0
1778883606,230,,Aggregated,9.800000,0.000000,14000,14000,15000,15000,16000,18000,20000,20000,20000,20000,20000,558,1,4400.0,6205.259168280179,84.89369999733754,20100.251700001536,5784.76164874552
1778883607,235,GET,GET /api/ -> http://example.com/,3.500000,0.000000,14000,14000,14000,14000,14000,15000,15000,15000,15000,15000,15000,156,0,4200.0,5600.283757693176,84.89369999733754,14657.727499987232,68.0
1778883607,235,GET,GET /api/ -> https://books.toscrape.com/,1.300000,0.000000,15000,15000,15000,16000,16000,16000,16000,16000,16000,16000,16000,110,0,3600.0,6238.866872728845,1020.3803000040352,16406.126499990933,8223.0
1778883607,235,GET,GET /api/ -> https://docs.docker.com/,0.700000,0.000000,14000,14000,16000,16000,16000,16000,16000,16000,16000,16000,16000,52,0,4100.0,5681.946207690299,1838.2319000083953,16329.557399993064,1856.0
1778883607,235,GET,GET /api/ -> https://flask.palletsprojects.com/,1.100000,0.000000,15000,15000,15000,15000,15000,15000,15000,15000,15000,15000,15000,41,0,4400.0,6433.039209757159,2435.774899990065,14844.305900012841,20936.0
1778883607,235,GET,GET /api/ -> https://github.com/ibnesayeed/linkextractor,0.700000,0.000000,16000,16000,17000,17000,18000,18000,18000,18000,18000,18000,18000,8,0,15000.0,15543.032125009631,14308.068700018339,17929.1760000051,12313.0
1778883607,235,GET,GET /api/ -> https://httpbin.org/,1.100000,0.000000,13000,14000,14000,15000,15000,15000,15000,15000,15000,15000,15000,83,1,2800.0,5047.05686626552,828.2271999923978,15243.995899974834,328.86746987951807
1778883607,235,GET,GET /api/ -> https://locust.io/,0.500000,0.000000,14000,14000,14000,14000,14000,14000,14000,14000,14000,14000,14000,18,0,9200.0,9313.446394441093,5925.494800001616,13653.26739999,5097.0
1778883607,235,GET,GET /api/ -> https://redis.io/,0.500000,0.000000,19000,20000,20000,20000,20000,20000,20000,20000,20000,20000,20000,29,0,8600.0,10657.90167586087,5245.063200010918,20100.251700001536,7780.0
1778883607,235,GET,GET /api/ -> https://www.python.org/,0.400000,0.000000,15000,15000,15000,17000,17000,17000,17000,17000,17000,17000,17000,64,0,4100.0,5777.123009375373,1980.9161000011954,16974.977399979252,14427.0
1778883607,235,,Aggregated,9.800000,0.000000,14000,15000,15000,15000,16000,18000,20000,20000,20000,20000,20000,561,1,4500.0,6254.621151159167,84.89369999733754,20100.251700001536,5769.197860962567
1778883608,240,GET,GET /api/ -> http://example.com/,3.500000,0.000000,14000,14000,14000,15000,16000,16000,16000,16000,16000,16000,16000,159,0,4300.0,5805.150119497905,84.89369999733754,16479.60009999224,68.0
1778883608,240,GET,GET /api/ -> https://books.toscrape.com/,1.900000,0.000000,15000,15000,15000,16000,16000,16000,16000,16000,16000,16000,16000,110,0,3600.0,6238.866872728845,1020.3803000040352,16406.126499990933,8223.0
1778883608,240,GET,GET /api/ -> https://docs.docker.com/,0.800000,0.000000,14000,14000,16000,16000,16000,16000,16000,16000,16000,16000,16000,52,0,4100.0,5681.946207690299,1838.2319000083953,16329.557399993064,1856.0
1778883608,240,GET,GET /api/ -> https://flask.palletsprojects.com/,0.600000,0.000000,15000,15000,15000,15000,15000,15000,15000,15000,15000,15000,15000,41,0,4400.0,6433.039209757159,2435.774899990065,14844.305900012841,20936.0
1778883608,240,GET,GET /api/ -> https://github.com/ibnesayeed/linkextractor,0.800000,0.000000,17000,18000,20000,20000,20000,20000,20000,20000,20000,20000,20000,10,0,15000.0,16340.991500011296,14308.068700018339,19550.883800024167,12313.0
1778883608,240,GET,GET /api/ -> https://httpbin.org/,1.200000,0.000000,13000,14000,15000,15000,15000,17000,17000,17000,17000,17000,17000,84,1,2800.0,5187.00164881011,828.2271999923978,16802.41860001115,328.9047619047619
1778883608,240,GET,GET /api/ -> https://locust.io/,0.200000,0.000000,14000,14000,18000,18000,18000,18000,18000,18000,18000,18000,18000,19,0,9400.0,9761.362399996295,5925.494800001616,17823.85049998993,5097.0
1778883608,240,GET,GET /api/ -> https://redis.io/,0.400000,0.000000,20000,20000,20000,20000,20000,20000,20000,20000,20000,20000,20000,29,0,8600.0,10657.90167586087,5245.063200010918,20100.251700001536,7780.0
1778883608,240,GET,GET /api/ -> https://www.python.org/,0.500000,0.000000,17000,17000,18000,18000,18000,18000,18000,18000,18000,18000,18000,66,0,4200.0,6151.346956060893,1980.9161000011954,18129.16879999102,14427.0
1778883608,240,,Aggregated,9.900000,0.000000,15000,15000,16000,16000,18000,20000,20000,20000,20000,20000,20000,570,1,4500.0,6435.371968772555,84.89369999733754,20100.251700001536,5781.812280701754
1778883609,245,GET,GET /api/ -> http://example.com/,3.100000,0.000000,14000,15000,16000,16000,16000,16000,17000,17000,17000,17000,17000,170,0,4500.0,6431.34138941241,84.89369999733754,16612.05109997536,68.0
1778883609,245,GET,GET /api/ -> https://books.toscrape.com/,1.800000,0.000000,15000,15000,16000,16000,17000,17000,17000,17000,17000,17000,17000,112,0,3600.0,6433.135438394466,1020.3803000040352,17377.257200016174,8223.0
1778883609,245,GET,GET /api/ -> https://docs.docker.com/,0.700000,0.000000,16000,16000,16000,16000,16000,16000,16000,16000,16000,16000,16000,54,0,4100.0,6068.030081479702,1838.2319000083953,16329.557399993064,1856.0
1778883609,245,GET,GET /api/ -> https://flask.palletsprojects.com/,0.500000,0.000000,15000,15000,15000,15000,15000,15000,15000,15000,15000,15000,15000,41,0,4400.0,6433.039209757159,2435.774899990065,14844.305900012841,20936.0
1778883609,245,GET,GET /api/ -> https://github.com/ibnesayeed/linkextractor,0.800000,0.000000,19000,19000,20000,20000,20000,20000,20000,20000,20000,20000,20000,11,0,16000.0,16556.14451819036,14308.068700018339,19550.883800024167,12313.0
1778883609,245,GET,GET /api/ -> https://httpbin.org/,1.300000,0.000000,14000,15000,15000,16000,17000,17000,17000,17000,17000,17000,17000,86,1,2900.0,5450.730609302788,828.2271999923978,16802.41860001115,328.9767441860465
1778883609,245,GET,GET /api/ -> https://locust.io/,0.200000,0.000000,17000,17000,18000,18000,18000,18000,18000,18000,18000,18000,18000,20,0,9400.0,10119.488174996513,5925.494800001616,17823.85049998993,5097.0
1778883609,245,GET,GET /api/ -> https://redis.io/,0.400000,0.000000,20000,20000,20000,20000,20000,20000,20000,20000,20000,20000,20000,29,0,8600.0,10657.90167586087,5245.063200010918,20100.251700001536,7780.0
1778883609,245,GET,GET /api/ -> https://www.python.org/,0.400000,0.000000,17000,18000,18000,18000,19000,19000,19000,19000,19000,19000,19000,70,0,4300.0,6818.947858571691,1980.9161000011954,18622.30560000171,14427.0
1778883609,245,,Aggregated,9.200000,0.000000,15000,16000,17000,17000,18000,19000,20000,20000,20000,20000,20000,593,1,4700.0,6821.1519757171745,84.89369999733754,20100.251700001536,5720.608768971332
1778883610,250,GET,GET /api/ -> http://example.com/,2.600000,0.000000,15000,15000,16000,16000,16000,16000,17000,17000,17000,17000,17000,175,0,4600.0,6684.184970857875,84.89369999733754,16612.05109997536,68.0
1778883610,250,GET,GET /api/ -> https://books.toscrape.com/,1.500000,0.000000,16000,16000,16000,17000,17000,18000,18000,18000,18000,18000,18000,119,0,4200.0,7028.549956303812,1020.3803000040352,17969.97360000387,8223.0
1778883610,250,GET,GET /api/ -> https://docs.docker.com/,0.600000,0.000000,17000,17000,17000,17000,17000,17000,17000,17000,17000,17000,17000,59,0,5600.0,6994.474064405826,1838.2319000083953,17354.218799999217,1856.0
1778883610,250,GET,GET /api/ -> https://flask.palletsprojects.com/,0.200000,0.000000,16000,16000,17000,17000,17000,17000,17000,17000,17000,17000,17000,43,0,4500.0,6902.674360466758,2435.774899990065,16691.63000001572,20936.0
1778883610,250,GET,GET /api/ -> https://github.com/ibnesayeed/linkextractor,0.700000,0.000000,19000,20000,20000,20000,20000,20000,20000,20000,20000,20000,20000,11,0,16000.0,16556.14451819036,14308.068700018339,19550.883800024167,12313.0
1778883610,250,GET,GET /api/ -> https://httpbin.org/,1.400000,0.000000,15000,16000,16000,16000,17000,17000,17000,17000,17000,17000,17000,90,1,3000.0,5931.616681111498,828.2271999923978,16802.41860001115,329.1111111111111
1778883610,250,GET,GET /api/ -> https://locust.io/,0.300000,0.000000,17000,17000,17000,17000,18000,18000,18000,18000,18000,18000,18000,23,0,11000.0,10948.31259564861,5925.494800001616,17823.85049998993,5097.0
1778883610,250,GET,GET /api/ -> https://redis.io/,0.400000,0.000000,20000,20000,20000,20000,20000,20000,20000,20000,20000,20000,20000,29,0,8600.0,10657.90167586087,5245.063200010918,20100.251700001536,7780.0
1778883610,250,GET,GET /api/ -> https://www.python.org/,0.500000,0.000000,17000,18000,18000,18000,19000,19000,19000,19000,19000,19000,19000,70,0,4300.0,6818.947858571691,1980.9161000011954,18622.30560000171,14427.0
1778883610,250,,Aggregated,8.200000,0.000000,16000,16000,17000,17000,18000,19000,20000,20000,20000,20000,20000,619,1,5600.0,7220.999291438329,84.89369999733754,20100.251700001536,5683.348949919225
1778883611,255,GET,GET /api/ -> http://example.com/,3.600000,0.000000,15000,15000,15000,16000,16000,16000,17000,17000,17000,17000,17000,185,0,5800.0,7102.749373514136,84.89369999733754,16612.05109997536,68.0
1778883611,255,GET,GET /api/ -> https://books.toscrape.com/,1.600000,0.000000,16000,16000,16000,17000,17000,18000,18000,18000,18000,18000,18000,120,0,4200.0,7106.650239168084,1020.3803000040352,17969.97360000387,8223.0
1778883611,255,GET,GET /api/ -> https://docs.docker.com/,0.400000,0.000000,17000,17000,17000,17000,17000,17000,17000,17000,17000,17000,17000,59,0,5600.0,6994.474064405826,1838.2319000083953,17354.218799999217,1856.0
1778883611,255,GET,GET /api/ -> https://flask.palletsprojects.com/,0.100000,0.000000,16000,16000,17000,17000,17000,17000,17000,17000,17000,17000,17000,43,0,4500.0,6902.674360466758,2435.774899990065,16691.63000001572,20936.0
1778883611,255,GET,GET /api/ -> https://github.com/ibnesayeed/linkextractor,0.800000,0.000000,19000,19000,20000,20000,20000,20000,20000,20000,20000,20000,20000,12,0,16000.0,16646.13041667326,14308.068700018339,19550.883800024167,12313.0
1778883611,255,GET,GET /api/ -> https://httpbin.org/,1.500000,0.000000,16000,16000,16000,17000,17000,17000,17000,17000,17000,17000,17000,91,1,3700.0,6028.808085714495,828.2271999923978,16802.41860001115,329.14285714285717
1778883611,255,GET,GET /api/ -> https://locust.io/,0.300000,0.000000,16000,17000,17000,17000,18000,18000,18000,18000,18000,18000,18000,24,0,11000.0,11161.15989166307,5925.494800001616,17823.85049998993,5097.0
1778883611,255,GET,GET /api/ -> https://redis.io/,0.400000,0.000000,20000,20000,20000,20000,20000,20000,20000,20000,20000,20000,20000,29,0,8600.0,10657.90167586087,5245.063200010918,20100.251700001536,7780.0
1778883611,255,GET,GET /api/ -> https://www.python.org/,1.000000,0.000000,18000,18000,18000,18000,19000,19000,19000,19000,19000,19000,19000,70,0,4300.0,6818.947858571691,1980.9161000011954,18622.30560000171,14427.0
1778883611,255,,Aggregated,9.700000,0.000000,16000,16000,17000,17000,18000,19000,20000,20000,20000,20000,20000,633,1,5900.0,7391.696788310104,84.89369999733754,20100.251700001536,5599.744075829384
1778883612,260,GET,GET /api/ -> http://example.com/,3.600000,0.000000,15000,15000,15000,16000,16000,16000,17000,17000,17000,17000,17000,190,0,5900.0,7287.715478421581,84.89369999733754,16612.05109997536,68.0
1778883612,260,GET,GET /api/ -> https://books.toscrape.com/,1.600000,0.000000,16000,16000,16000,17000,17000,18000,18000,18000,18000,18000,18000,124,0,4600.0,7369.966881453189,1020.3803000040352,17969.97360000387,8223.0
1778883612,260,GET,GET /api/ -> https://docs.docker.com/,0.400000,0.000000,17000,17000,17000,17000,17000,17000,17000,17000,17000,17000,17000,60,0,5600.0,7131.2937999993055,1838.2319000083953,17354.218799999217,1856.0
1778883612,260,GET,GET /api/ -> https://flask.palletsprojects.com/,0.100000,0.000000,16000,16000,16000,17000,17000,17000,17000,17000,17000,17000,17000,45,0,4500.0,7292.354055557452,2435.774899990065,16691.63000001572,20936.0
1778883612,260,GET,GET /api/ -> https://github.com/ibnesayeed/linkextractor,0.800000,0.000000,18000,19000,20000,20000,20000,20000,20000,20000,20000,20000,20000,13,0,17000.0,16729.09384615979,14308.068700018339,19550.883800024167,12313.0
1778883612,260,GET,GET /api/ -> https://httpbin.org/,1.500000,0.000000,16000,16000,16000,17000,17000,17000,17000,17000,17000,17000,17000,93,1,3800.0,6215.428864516403,828.2271999923978,16802.41860001115,329.2043010752688
1778883612,260,GET,GET /api/ -> https://locust.io/,0.300000,0.000000,16000,17000,17000,17000,18000,18000,18000,18000,18000,18000,18000,25,0,11000.0,11341.65263199713,5925.494800001616,17823.85049998993,5097.0
1778883612,260,GET,GET /api/ -> https://redis.io/,0.400000,0.000000,20000,20000,20000,20000,20000,20000,20000,20000,20000,20000,20000,29,0,8600.0,10657.90167586087,5245.063200010918,20100.251700001536,7780.0
1778883612,260,GET,GET /api/ -> https://www.python.org/,1.000000,0.000000,18000,18000,18000,18000,19000,19000,19000,19000,19000,19000,19000,70,0,4300.0,6818.947858571691,1980.9161000011954,18622.30560000171,14427.0
1778883612,260,,Aggregated,9.700000,0.000000,16000,16000,17000,17000,18000,19000,20000,20000,20000,20000,20000,649,1,6000.0,7580.9480949158,84.89369999733754,20100.251700001536,5608.1232665639445
1778883613,265,GET,GET /api/ -> http://example.com/,4.400000,0.000000,15000,15000,15000,16000,16000,16000,17000,17000,17000,17000,17000,193,0,6300.0,7395.972027461596,84.89369999733754,16612.05109997536,68.0
1778883613,265,GET,GET /api/ -> https://books.toscrape.com/,2.200000,0.000000,16000,16000,16000,17000,17000,18000,18000,18000,18000,18000,18000,126,0,4900.0,7497.154808731422,1020.3803000040352,17969.97360000387,8223.0
1778883613,265,GET,GET /api/ -> https://docs.docker.com/,1.000000,0.000000,17000,17000,17000,17000,17000,17000,17000,17000,17000,17000,17000,60,0,5600.0,7131.2937999993055,1838.2319000083953,17354.218799999217,1856.0
1778883613,265,GET,GET /api/ -> https://flask.palletsprojects.com/,0.300000,0.000000,16000,16000,16000,17000,17000,17000,17000,17000,17000,17000,17000,45,0,4500.0,7292.354055557452,2435.774899990065,16691.63000001572,20936.0
1778883613,265,GET,GET /api/ -> https://github.com/ibnesayeed/linkextractor,0.500000,0.000000,19000,19000,20000,20000,20000,20000,20000,20000,20000,20000,20000,13,0,17000.0,16729.09384615979,14308.068700018339,19550.883800024167,12313.0
1778883613,265,GET,GET /api/ -> https://httpbin.org/,1.900000,0.000000,16000,16000,16000,17000,17000,17000,17000,17000,17000,17000,17000,94,1,3800.0,6310.415139362065,828.2271999923978,16802.41860001115,329.2340425531915
1778883613,265,GET,GET /api/ -> https://locust.io/,0.700000,0.000000,16000,17000,17000,17000,18000,18000,18000,18000,18000,18000,18000,25,0,11000.0,11341.65263199713,5925.494800001616,17823.85049998993,5097.0
1778883613,265,GET,GET /api/ -> https://redis.io/,0.400000,0.000000,20000,20000,20000,20000,20000,20000,20000,20000,20000,20000,20000,29,0,8600.0,10657.90167586087,5245.063200010918,20100.251700001536,7780.0
1778883613,265,GET,GET /api/ -> https://www.python.org/,0.800000,0.000000,18000,18000,18000,18000,19000,19000,19000,19000,19000,19000,19000,70,0,4300.0,6818.947858571691,1980.9161000011954,18622.30560000171,14427.0
1778883613,265,,Aggregated,12.200000,0.000000,16000,16000,17000,17000,18000,19000,20000,20000,20000,20000,20000,655,1,6100.0,7646.872863053914,84.89369999733754,20100.251700001536,5582.67786259542
1778883614,270,GET,GET /api/ -> http://example.com/,4.800000,0.000000,15000,15000,15000,16000,16000,16000,17000,17000,17000,17000,17000,195,0,7800.0,7473.6150553849975,84.89369999733754,16612.05109997536,68.0
1778883614,270,GET,GET /api/ -> https://books.toscrape.com/,2.600000,0.000000,16000,16000,16000,17000,17000,18000,18000,18000,18000,18000,18000,130,0,6100.0,7766.578156155167,1020.3803000040352,17969.97360000387,8223.0
1778883614,270,GET,GET /api/ -> https://docs.docker.com/,1.000000,0.000000,17000,17000,17000,17000,17000,17000,17000,17000,17000,17000,17000,60,0,5600.0,7131.2937999993055,1838.2319000083953,17354.218799999217,1856.0
1778883614,270,GET,GET /api/ -> https://flask.palletsprojects.com/,0.500000,0.000000,16000,16000,16000,16000,17000,17000,17000,17000,17000,17000,17000,46,0,4500.0,7484.223843480046,2435.774899990065,16691.63000001572,20936.0
1778883614,270,GET,GET /api/ -> https://github.com/ibnesayeed/linkextractor,0.600000,0.000000,19000,19000,20000,20000,20000,20000,20000,20000,20000,20000,20000,15,0,18000.0,16984.996766670763,14308.068700018339,19550.883800024167,12313.0
1778883614,270,GET,GET /api/ -> https://httpbin.org/,1.500000,0.000000,16000,16000,16000,17000,17000,17000,17000,17000,17000,17000,17000,94,1,3800.0,6310.415139362065,828.2271999923978,16802.41860001115,329.2340425531915
1778883614,270,GET,GET /api/ -> https://locust.io/,0.700000,0.000000,16000,17000,17000,17000,18000,18000,18000,18000,18000,18000,18000,25,0,11000.0,11341.65263199713,5925.494800001616,17823.85049998993,5097.0
1778883614,270,GET,GET /api/ -> https://redis.io/,0.400000,0.000000,20000,20000,20000,20000,20000,20000,20000,20000,20000,20000,20000,29,0,8600.0,10657.90167586087,5245.063200010918,20100.251700001536,7780.0
1778883614,270,GET,GET /api/ -> https://training.play-with-docker.com/,0.000000,0.000000,0,0,0,0,0,0,0,0,0,0,0,3,0,15000.0,15249.85703335066,14831.705200020224,15596.943000011379,1503.0
1778883614,270,GET,GET /api/ -> https://www.python.org/,0.800000,0.000000,18000,18000,18000,18000,19000,19000,19000,19000,19000,19000,19000,70,0,4300.0,6818.947858571691,1980.9161000011954,18622.30560000171,14427.0
1778883614,270,,Aggregated,12.900000,0.000000,16000,16000,17000,17000,18000,19000,20000,20000,20000,20000,20000,667,1,6300.0,7800.318412444296,84.89369999733754,20100.251700001536,5606.826086956522
1778883615,275,GET,GET /api/ -> http://example.com/,4.700000,0.000000,15000,15000,15000,16000,16000,16000,17000,17000,17000,17000,17000,195,0,7800.0,7473.6150553849975,84.89369999733754,16612.05109997536,68.0
1778883615,275,GET,GET /api/ -> https://books.toscrape.com/,2.600000,0.000000,16000,16000,16000,17000,17000,18000,18000,18000,18000,18000,18000,132,0,6300.0,7890.786846213318,1020.3803000040352,17969.97360000387,8223.0
1778883615,275,GET,GET /api/ -> https://docs.docker.com/,1.000000,0.000000,17000,17000,17000,17000,17000,17000,17000,17000,17000,17000,17000,60,0,5600.0,7131.2937999993055,1838.2319000083953,17354.218799999217,1856.0
1778883615,275,GET,GET /api/ -> https://flask.palletsprojects.com/,0.500000,0.000000,16000,16000,16000,16000,17000,17000,17000,17000,17000,17000,17000,46,0,4500.0,7484.223843480046,2435.774899990065,16691.63000001572,20936.0
1778883615,275,GET,GET /api/ -> https://github.com/ibnesayeed/linkextractor,0.600000,0.000000,19000,19000,20000,20000,20000,20000,20000,20000,20000,20000,20000,16,0,18000.0,17166.747562503588,14308.068700018339,19893.00949999597,12313.0
1778883615,275,GET,GET /api/ -> https://httpbin.org/,1.400000,0.000000,16000,16000,16000,17000,17000,17000,17000,17000,17000,17000,17000,95,1,3900.0,6412.393982105546,828.2271999923978,16802.41860001115,329.2631578947368
1778883615,275,GET,GET /api/ -> https://locust.io/,0.700000,0.000000,16000,17000,17000,17000,18000,18000,18000,18000,18000,18000,18000,25,0,11000.0,11341.65263199713,5925.494800001616,17823.85049998993,5097.0
1778883615,275,GET,GET /api/ -> https://redis.io/,0.300000,0.000000,21000,21000,21000,21000,21000,21000,21000,21000,21000,21000,21000,30,0,8600.0,11017.534219998439,5245.063200010918,21446.87799998792,7780.0
1778883615,275,GET,GET /api/ -> https://training.play-with-docker.com/,0.000000,0.000000,15000,15000,16000,16000,16000,16000,16000,16000,16000,16000,16000,3,0,15000.0,15249.85703335066,14831.705200020224,15596.943000011379,1503.0
1778883615,275,GET,GET /api/ -> https://www.python.org/,0.700000,0.000000,18000,18000,18000,18000,19000,19000,19000,19000,19000,19000,19000,70,0,4300.0,6818.947858571691,1980.9161000011954,18622.30560000171,14427.0
1778883615,275,,Aggregated,12.500000,0.000000,16000,16000,17000,17000,18000,19000,20000,20000,21000,21000,21000,672,1,6300.0,7875.11812083379,84.89369999733754,21446.87799998792,5619.976190476191
1778883616,280,GET,GET /api/ -> http://example.com/,4.700000,0.000000,15000,15000,15000,16000,16000,16000,17000,17000,17000,17000,17000,196,0,7800.0,7517.265105102542,84.89369999733754,16612.05109997536,68.0
1778883616,280,GET,GET /api/ -> https://books.toscrape.com/,2.600000,0.000000,16000,16000,17000,17000,17000,18000,18000,18000,18000,18000,18000,133,0,6400.0,7957.84981353506,1020.3803000040352,17969.97360000387,8223.0
1778883616,280,GET,GET /api/ -> https://docs.docker.com/,1.000000,0.000000,17000,17000,17000,17000,17000,17000,17000,17000,17000,17000,17000,60,0,5600.0,7131.2937999993055,1838.2319000083953,17354.218799999217,1856.0
1778883616,280,GET,GET /api/ -> https://flask.palletsprojects.com/,0.500000,0.000000,16000,16000,17000,17000,17000,17000,17000,17000,17000,17000,17000,47,0,4500.0,7684.368510640157,2435.774899990065,16891.023200005293,20936.0
1778883616,280,GET,GET /api/ -> https://github.com/ibnesayeed/linkextractor,0.600000,0.000000,19000,20000,20000,20000,20000,20000,20000,20000,20000,20000,20000,16,0,18000.0,17166.747562503588,14308.068700018339,19893.00949999597,12313.0
1778883616,280,GET,GET /api/ -> https://httpbin.org/,1.400000,0.000000,16000,16000,17000,17000,17000,17000,17000,17000,17000,17000,17000,95,1,3900.0,6412.393982105546,828.2271999923978,16802.41860001115,329.2631578947368
1778883616,280,GET,GET /api/ -> https://locust.io/,0.700000,0.000000,16000,17000,17000,17000,18000,18000,18000,18000,18000,18000,18000,25,0,11000.0,11341.65263199713,5925.494800001616,17823.85049998993,5097.0
1778883616,280,GET,GET /api/ -> https://redis.io/,0.300000,0.000000,21000,21000,21000,21000,21000,21000,21000,21000,21000,21000,21000,30,0,8600.0,11017.534219998439,5245.063200010918,21446.87799998792,7780.0
1778883616,280,GET,GET /api/ -> https://training.play-with-docker.com/,0.000000,0.000000,15000,15000,16000,16000,16000,16000,16000,16000,16000,16000,16000,3,0,15000.0,15249.85703335066,14831.705200020224,15596.943000011379,1503.0
1778883616,280,GET,GET /api/ -> https://www.python.org/,0.700000,0.000000,18000,18000,18000,18000,19000,19000,19000,19000,19000,19000,19000,70,0,4300.0,6818.947858571691,1980.9161000011954,18622.30560000171,14427.0
1778883616,280,,Aggregated,12.500000,0.000000,16000,16000,17000,17000,18000,19000,20000,20000,21000,21000,21000,675,1,6300.0,7913.791980296803,84.89369999733754,21446.87799998792,5638.297777777778
1778883617,285,GET,GET /api/ -> http://example.com/,4.200000,0.000000,15000,15000,16000,16000,16000,16000,17000,17000,17000,17000,17000,196,0,7800.0,7517.265105102542,84.89369999733754,16612.05109997536,68.0
1778883617,285,GET,GET /api/ -> https://books.toscrape.com/,2.400000,0.000000,16000,16000,17000,17000,18000,18000,18000,18000,18000,18000,18000,134,0,6400.0,8033.65540298622,1020.3803000040352,18115.798799990444,8223.0
1778883617,285,GET,GET /api/ -> https://docs.docker.com/,0.900000,0.000000,17000,17000,17000,17000,17000,17000,17000,17000,17000,17000,17000,60,0,5600.0,7131.2937999993055,1838.2319000083953,17354.218799999217,1856.0
1778883617,285,GET,GET /api/ -> https://flask.palletsprojects.com/,0.500000,0.000000,17000,17000,18000,18000,18000,18000,18000,18000,18000,18000,18000,49,0,4600.0,8104.7223530631345,2435.774899990065,18417.548900004476,20936.0
1778883617,285,GET,GET /api/ -> https://github.com/ibnesayeed/linkextractor,0.800000,0.000000,19000,19000,20000,20000,20000,20000,20000,20000,20000,20000,20000,16,0,18000.0,17166.747562503588,14308.068700018339,19893.00949999597,12313.0
1778883617,285,GET,GET /api/ -> https://httpbin.org/,1.400000,0.000000,16000,16000,16000,16000,17000,17000,17000,17000,17000,17000,17000,95,1,3900.0,6412.393982105546,828.2271999923978,16802.41860001115,329.2631578947368
1778883617,285,GET,GET /api/ -> https://locust.io/,0.700000,0.000000,16000,16000,17000,17000,17000,17000,17000,17000,17000,17000,17000,25,0,11000.0,11341.65263199713,5925.494800001616,17823.85049998993,5097.0
1778883617,285,GET,GET /api/ -> https://redis.io/,0.100000,0.000000,21000,21000,21000,21000,21000,21000,21000,21000,21000,21000,21000,30,0,8600.0,11017.534219998439,5245.063200010918,21446.87799998792,7780.0
1778883617,285,GET,GET /api/ -> https://training.play-with-docker.com/,0.300000,0.000000,16000,16000,18000,18000,18000,18000,18000,18000,18000,18000,18000,4,0,15000.0,15844.021625016467,14831.705200020224,17626.515400013886,1503.0
1778883617,285,GET,GET /api/ -> https://www.python.org/,0.700000,0.000000,18000,18000,18000,19000,19000,19000,19000,19000,19000,19000,19000,70,0,4300.0,6818.947858571691,1980.9161000011954,18622.30560000171,14427.0
1778883617,285,,Aggregated,12.000000,0.000000,16000,16000,17000,17000,18000,19000,20000,20000,21000,21000,21000,679,1,6300.0,7972.780524595511,84.89369999733754,21446.87799998792,5681.073637702504
1778883618,290,GET,GET /api/ -> http://example.com/,4.100000,0.000000,15000,15000,15000,15000,18000,18000,18000,18000,18000,18000,18000,201,0,7900.0,7769.144828856427,84.89369999733754,17797.711400024127,68.0
1778883618,290,GET,GET /api/ -> https://books.toscrape.com/,2.400000,0.000000,16000,16000,17000,18000,18000,19000,19000,19000,19000,19000,19000,137,0,7000.0,8265.781216059317,1020.3803000040352,18781.30879998207,8223.0
1778883618,290,GET,GET /api/ -> https://docs.docker.com/,0.800000,0.000000,17000,17000,17000,17000,17000,17000,17000,17000,17000,17000,17000,60,0,5600.0,7131.2937999993055,1838.2319000083953,17354.218799999217,1856.0
1778883618,290,GET,GET /api/ -> https://flask.palletsprojects.com/,0.600000,0.000000,17000,17000,18000,18000,18000,18000,18000,18000,18000,18000,18000,49,0,4600.0,8104.7223530631345,2435.774899990065,18417.548900004476,20936.0
1778883618,290,GET,GET /api/ -> https://github.com/ibnesayeed/linkextractor,0.800000,0.000000,19000,19000,20000,20000,20000,20000,20000,20000,20000,20000,20000,16,0,18000.0,17166.747562503588,14308.068700018339,19893.00949999597,12313.0
1778883618,290,GET,GET /api/ -> https://httpbin.org/,1.300000,0.000000,16000,16000,16000,16000,17000,18000,18000,18000,18000,18000,18000,96,1,3900.0,6533.617205208429,828.2271999923978,18049.823399982415,329.2916666666667
1778883618,290,GET,GET /api/ -> https://locust.io/,0.700000,0.000000,16000,16000,16000,17000,17000,17000,17000,17000,17000,17000,17000,25,0,11000.0,11341.65263199713,5925.494800001616,17823.85049998993,5097.0
1778883618,290,GET,GET /api/ -> https://redis.io/,0.100000,0.000000,21000,21000,21000,21000,21000,21000,21000,21000,21000,21000,21000,30,0,8600.0,11017.534219998439,5245.063200010918,21446.87799998792,7780.0
1778883618,290,GET,GET /api/ -> https://training.play-with-docker.com/,0.300000,0.000000,16000,18000,18000,18000,18000,18000,18000,18000,18000,18000,18000,5,0,16000.0,16331.149900011951,14831.705200020224,18279.66299999389,1503.0
1778883618,290,GET,GET /api/ -> https://www.python.org/,0.600000,0.000000,18000,18000,18000,19000,19000,19000,19000,19000,19000,19000,19000,70,0,4300.0,6818.947858571691,1980.9161000011954,18622.30560000171,14427.0
1778883618,290,,Aggregated,11.700000,0.000000,16000,16000,17000,18000,18000,19000,20000,21000,21000,21000,21000,689,1,6400.0,8118.960544557831,84.89369999733754,21446.87799998792,5637.580551523948
1778883619,295,GET,GET /api/ -> http://example.com/,4.000000,0.000000,15000,15000,18000,18000,18000,18000,18000,18000,18000,18000,18000,205,0,8000.0,7968.380607317895,84.89369999733754,18139.068600023165,68.0
1778883619,295,GET,GET /api/ -> https://books.toscrape.com/,2.400000,0.000000,16000,16000,18000,19000,19000,19000,19000,19000,19000,19000,19000,140,0,7100.0,8497.19274642952,1020.3803000040352,19117.168600001605,8223.0
1778883619,295,GET,GET /api/ -> https://docs.docker.com/,0.800000,0.000000,17000,17000,17000,19000,19000,19000,19000,19000,19000,19000,19000,62,0,5700.0,7506.089124192987,1838.2319000083953,18807.76799999876,1856.0
1778883619,295,GET,GET /api/ -> https://flask.palletsprojects.com/,0.700000,0.000000,17000,17000,18000,18000,18000,18000,18000,18000,18000,18000,18000,49,0,4600.0,8104.7223530631345,2435.774899990065,18417.548900004476,20936.0
1778883619,295,GET,GET /api/ -> https://github.com/ibnesayeed/linkextractor,0.800000,0.000000,19000,19000,19000,20000,20000,20000,20000,20000,20000,20000,20000,16,0,18000.0,17166.747562503588,14308.068700018339,19893.00949999597,12313.0
1778883619,295,GET,GET /api/ -> https://httpbin.org/,1.200000,0.000000,15000,16000,16000,16000,18000,18000,18000,18000,18000,18000,18000,96,1,3900.0,6533.617205208429,828.2271999923978,18049.823399982415,329.2916666666667
1778883619,295,GET,GET /api/ -> https://locust.io/,0.700000,0.000000,16000,16000,16000,16000,16000,16000,16000,16000,16000,16000,16000,25,0,11000.0,11341.65263199713,5925.494800001616,17823.85049998993,5097.0
1778883619,295,GET,GET /api/ -> https://redis.io/,0.100000,0.000000,23000,23000,23000,24000,24000,24000,24000,24000,24000,24000,24000,38,0,12000.0,13549.552465788254,5245.063200010918,24052.8772000107,7780.0
1778883619,295,GET,GET /api/ -> https://training.play-with-docker.com/,0.400000,0.000000,18000,18000,18000,18000,18000,18000,18000,18000,18000,18000,18000,6,0,16000.0,16671.753616673715,14831.705200020224,18374.772199982544,1503.0
1778883619,295,GET,GET /api/ -> https://www.python.org/,0.600000,0.000000,18000,18000,19000,19000,20000,20000,20000,20000,20000,20000,20000,71,0,4400.0,7002.537681690407,1980.9161000011954,19853.825300000608,14427.0
1778883619,295,,Aggregated,11.700000,0.000000,16000,18000,18000,19000,20000,23000,24000,24000,24000,24000,24000,708,1,6700.0,8450.796821045718,84.89369999733754,24052.8772000107,5637.169491525424
1778883620,300,GET,GET /api/ -> http://example.com/,4.400000,0.000000,18000,18000,18000,18000,18000,18000,18000,18000,18000,18000,18000,210,0,8000.0,8204.939389048239,84.89369999733754,18139.068600023165,68.0
1778883620,300,GET,GET /api/ -> https://books.toscrape.com/,2.700000,0.000000,16000,17000,18000,19000,19000,19000,19000,19000,19000,19000,19000,140,0,7100.0,8497.19274642952,1020.3803000040352,19117.168600001605,8223.0
1778883620,300,GET,GET /api/ -> https://docs.docker.com/,0.800000,0.000000,19000,19000,19000,19000,19000,19000,19000,19000,19000,19000,19000,62,0,5700.0,7506.089124192987,1838.2319000083953,18807.76799999876,1856.0
1778883620,300,GET,GET /api/ -> https://flask.palletsprojects.com/,0.800000,0.000000,17000,18000,18000,18000,19000,19000,19000,19000,19000,19000,19000,50,0,4600.0,8315.092694001505,2435.774899990065,18623.239399981685,20936.0
1778883620,300,GET,GET /api/ -> https://github.com/ibnesayeed/linkextractor,0.700000,0.000000,19000,19000,20000,20000,21000,21000,21000,21000,21000,21000,21000,17,0,18000.0,17377.93014117907,14308.068700018339,20756.851399986772,12313.0
1778883620,300,GET,GET /api/ -> https://httpbin.org/,1.200000,0.000000,16000,18000,18000,18000,22000,22000,22000,22000,22000,22000,22000,98,2,4000.0,6813.2495102041985,828.2271999923978,22330.918000021484,326.6938775510204
1778883620,300,GET,GET /api/ -> https://locust.io/,0.600000,0.000000,16000,16000,16000,16000,16000,16000,16000,16000,16000,16000,16000,25,0,11000.0,11341.65263199713,5925.494800001616,17823.85049998993,5097.0
1778883620,300,GET,GET /api/ -> https://redis.io/,0.100000,0.000000,23000,23000,23000,24000,24000,24000,24000,24000,24000,24000,24000,39,0,13000.0,13785.035741024423,5245.063200010918,24052.8772000107,7780.0
1778883620,300,GET,GET /api/ -> https://training.play-with-docker.com/,0.500000,0.000000,18000,18000,18000,18000,18000,18000,18000,18000,18000,18000,18000,7,0,18000.0,16891.248428574596,14831.705200020224,18374.772199982544,1503.0
1778883620,300,GET,GET /api/ -> https://www.python.org/,0.500000,0.000000,18000,19000,19000,19000,20000,20000,20000,20000,20000,20000,20000,72,0,4400.0,7170.081037500091,1980.9161000011954,19853.825300000608,14427.0
1778883620,300,,Aggregated,12.300000,0.000000,18000,18000,19000,19000,22000,23000,24000,24000,24000,24000,24000,720,2,6900.0,8628.530506111481,84.89369999733754,24052.8772000107,5623.359722222222
1778883621,305,GET,GET /api/ -> http://example.com/,3.500000,0.000000,18000,18000,18000,18000,18000,19000,19000,19000,19000,19000,19000,215,0,8200.0,8438.816744186726,84.89369999733754,18618.92700000317,68.0
1778883621,305,GET,GET /api/ -> https://books.toscrape.com/,2.800000,0.000000,17000,19000,19000,19000,19000,19000,19000,19000,19000,19000,19000,141,0,7100.0,8571.72542198661,1020.3803000040352,19117.168600001605,8223.0
1778883621,305,GET,GET /api/ -> https://docs.docker.com/,0.800000,0.000000,19000,19000,19000,19000,19000,19000,19000,19000,19000,19000,19000,63,0,5800.0,7689.769152380501,1838.2319000083953,19077.930900006322,1856.0
1778883621,305,GET,GET /api/ -> https://flask.palletsprojects.com/,0.800000,0.000000,17000,18000,18000,18000,19000,19000,19000,19000,19000,19000,19000,50,0,4600.0,8315.092694001505,2435.774899990065,18623.239399981685,20936.0
1778883621,305,GET,GET /api/ -> https://github.com/ibnesayeed/linkextractor,0.500000,0.000000,19000,19000,20000,20000,21000,21000,21000,21000,21000,21000,21000,17,0,18000.0,17377.93014117907,14308.068700018339,20756.851399986772,12313.0
1778883621,305,GET,GET /api/ -> https://httpbin.org/,1.100000,0.000000,18000,18000,18000,18000,22000,22000,22000,22000,22000,22000,22000,99,2,4200.0,6929.859517171868,828.2271999923978,22330.918000021484,326.74747474747477
1778883621,305,GET,GET /api/ -> https://locust.io/,0.500000,0.000000,16000,16000,16000,16000,16000,16000,16000,16000,16000,16000,16000,25,0,11000.0,11341.65263199713,5925.494800001616,17823.85049998993,5097.0
1778883621,305,GET,GET /api/ -> https://redis.io/,0.500000,0.000000,23000,23000,23000,24000,24000,24000,24000,24000,24000,24000,24000,39,0,13000.0,13785.035741024423,5245.063200010918,24052.8772000107,7780.0
1778883621,305,GET,GET /api/ -> https://training.play-with-docker.com/,0.600000,0.000000,18000,18000,18000,18000,18000,18000,18000,18000,18000,18000,18000,7,0,18000.0,16891.248428574596,14831.705200020224,18374.772199982544,1503.0
1778883621,305,GET,GET /api/ -> https://www.python.org/,0.000000,0.000000,19000,19000,19000,19000,19000,20000,20000,20000,20000,20000,20000,77,0,4600.0,7942.535200000169,1980.9161000011954,19853.825300000608,14427.0
1778883621,305,,Aggregated,11.100000,0.000000,18000,19000,19000,19000,22000,23000,24000,24000,24000,24000,24000,733,2,7900.0,8807.123519099972,84.89369999733754,24052.8772000107,5636.705320600273
1778883622,310,GET,GET /api/ -> http://example.com/,3.500000,0.000000,18000,18000,18000,18000,19000,19000,19000,19000,19000,19000,19000,218,0,8300.0,8577.358800917997,84.89369999733754,18618.92700000317,68.0
1778883622,310,GET,GET /api/ -> https://books.toscrape.com/,2.500000,0.000000,19000,19000,19000,19000,20000,20000,20000,20000,20000,20000,20000,144,0,9100.0,8802.708968056322,1020.3803000040352,19814.28359998972,8223.0
1778883622,310,GET,GET /api/ -> https://docs.docker.com/,0.300000,0.000000,19000,19000,19000,19000,19000,19000,19000,19000,19000,19000,19000,63,0,5800.0,7689.769152380501,1838.2319000083953,19077.930900006322,1856.0
1778883622,310,GET,GET /api/ -> https://flask.palletsprojects.com/,0.700000,0.000000,18000,18000,18000,19000,19000,19000,19000,19000,19000,19000,19000,50,0,4600.0,8315.092694001505,2435.774899990065,18623.239399981685,20936.0
1778883622,310,GET,GET /api/ -> https://github.com/ibnesayeed/linkextractor,0.600000,0.000000,20000,20000,21000,21000,21000,21000,21000,21000,21000,21000,21000,17,0,18000.0,17377.93014117907,14308.068700018339,20756.851399986772,12313.0
1778883622,310,GET,GET /api/ -> https://httpbin.org/,0.900000,0.100000,18000,18000,19000,19000,22000,22000,22000,22000,22000,22000,22000,100,2,4200.0,7051.233998000098,828.2271999923978,22330.918000021484,326.8
1778883622,310,GET,GET /api/ -> https://locust.io/,0.400000,0.000000,19000,19000,19000,19000,19000,19000,19000,19000,19000,19000,19000,26,0,11000.0,11646.287180766543,5925.494800001616,19262.15090000187,5097.0
1778883622,310,GET,GET /api/ -> https://redis.io/,1.000000,0.000000,23000,23000,23000,23000,24000,24000,24000,24000,24000,24000,24000,40,0,13000.0,14006.788222499017,5245.063200010918,24052.8772000107,7780.0
1778883622,310,GET,GET /api/ -> https://training.play-with-docker.com/,0.700000,0.000000,18000,18000,18000,18000,18000,18000,18000,18000,18000,18000,18000,7,0,18000.0,16891.248428574596,14831.705200020224,18374.772199982544,1503.0
1778883622,310,GET,GET /api/ -> https://www.python.org/,0.100000,0.000000,19000,19000,19000,19000,20000,20000,20000,20000,20000,20000,20000,78,0,4600.0,8098.753130769369,1980.9161000011954,20127.533799997764,14427.0
1778883622,310,,Aggregated,10.700000,0.100000,18000,19000,19000,20000,22000,23000,24000,24000,24000,24000,24000,743,2,8000.0,8951.856113459296,84.89369999733754,24052.8772000107,5631.512786002691
1778883623,315,GET,GET /api/ -> http://example.com/,2.900000,0.000000,18000,18000,18000,18000,19000,19000,19000,19000,19000,19000,19000,222,0,8800.0,8756.392592793254,84.89369999733754,18667.28019999573,68.0
1778883623,315,GET,GET /api/ -> https://books.toscrape.com/,2.200000,0.000000,19000,19000,20000,20000,20000,20000,20000,20000,20000,20000,20000,148,0,9100.0,9096.053124325212,1020.3803000040352,19873.063500010176,8223.0
1778883623,315,GET,GET /api/ -> https://docs.docker.com/,0.300000,0.000000,19000,19000,19000,19000,19000,19000,19000,19000,19000,19000,19000,63,0,5800.0,7689.769152380501,1838.2319000083953,19077.930900006322,1856.0
1778883623,315,GET,GET /api/ -> https://flask.palletsprojects.com/,0.700000,0.000000,18000,18000,18000,19000,19000,19000,19000,19000,19000,19000,19000,50,0,4600.0,8315.092694001505,2435.774899990065,18623.239399981685,20936.0
1778883623,315,GET,GET /api/ -> https://github.com/ibnesayeed/linkextractor,0.600000,0.000000,20000,21000,21000,22000,22000,22000,22000,22000,22000,22000,22000,18,0,18000.0,17616.99277778098,14308.068700018339,21681.057600013446,12313.0
1778883623,315,GET,GET /api/ -> https://httpbin.org/,0.800000,0.100000,19000,19000,19000,19000,22000,22000,22000,22000,22000,22000,22000,104,2,4700.0,7519.8256423077855,828.2271999923978,22330.918000021484,327.0
1778883623,315,GET,GET /api/ -> https://locust.io/,0.100000,0.000000,19000,19000,20000,20000,20000,20000,20000,20000,20000,20000,20000,27,0,12000.0,11944.62944444105,5925.494800001616,19701.528299978236,5097.0
1778883623,315,GET,GET /api/ -> https://redis.io/,1.000000,0.000000,23000,23000,23000,23000,24000,24000,24000,24000,24000,24000,24000,40,0,13000.0,14006.788222499017,5245.063200010918,24052.8772000107,7780.0
1778883623,315,GET,GET /api/ -> https://training.play-with-docker.com/,0.700000,0.000000,18000,18000,18000,18000,18000,18000,18000,18000,18000,18000,18000,7,0,18000.0,16891.248428574596,14831.705200020224,18374.772199982544,1503.0
1778883623,315,GET,GET /api/ -> https://www.python.org/,0.700000,0.000000,19000,20000,20000,20000,20000,20000,20000,20000,20000,20000,20000,80,0,4700.0,8399.587235000217,1980.9161000011954,20211.553200002527,14427.0
1778883623,315,,Aggregated,10.000000,0.100000,19000,19000,20000,20000,22000,23000,24000,24000,24000,24000,24000,759,2,8300.0,9173.247810013512,84.89369999733754,24052.8772000107,5619.196310935441
1778883624,320,GET,GET /api/ -> http://example.com/,2.500000,0.000000,18000,18000,18000,18000,19000,19000,19000,19000,19000,19000,19000,238,0,11000.0,9365.318087815573,84.89369999733754,19053.047599998536,68.0
1778883624,320,GET,GET /api/ -> https://books.toscrape.com/,1.900000,0.000000,19000,20000,20000,20000,20000,20000,20000,20000,20000,20000,20000,152,0,9200.0,9374.679481579637,1020.3803000040352,19908.449799986556,8223.0
1778883624,320,GET,GET /api/ -> https://docs.docker.com/,0.300000,0.000000,19000,19000,19000,19000,19000,19000,19000,19000,19000,19000,19000,63,0,5800.0,7689.769152380501,1838.2319000083953,19077.930900006322,1856.0
1778883624,320,GET,GET /api/ -> https://flask.palletsprojects.com/,0.500000,0.000000,18000,18000,19000,19000,19000,19000,19000,19000,19000,19000,19000,50,0,4600.0,8315.092694001505,2435.774899990065,18623.239399981685,20936.0
1778883624,320,GET,GET /api/ -> https://github.com/ibnesayeed/linkextractor,0.400000,0.000000,21000,21000,22000,22000,22000,22000,22000,22000,22000,22000,22000,18,0,18000.0,17616.99277778098,14308.068700018339,21681.057600013446,12313.0
1778883624,320,GET,GET /api/ -> https://httpbin.org/,0.700000,0.100000,19000,19000,19000,19000,19000,22000,22000,22000,22000,22000,22000,107,2,5000.0,7847.086920560975,828.2271999923978,22330.918000021484,327.14018691588785
1778883624,320,GET,GET /api/ -> https://locust.io/,0.100000,0.000000,20000,20000,20000,20000,20000,20000,20000,20000,20000,20000,20000,28,0,12000.0,12215.730599996667,5925.494800001616,19701.528299978236,5097.0
1778883624,320,GET,GET /api/ -> https://redis.io/,1.100000,0.000000,23000,23000,23000,23000,24000,24000,24000,24000,24000,24000,24000,40,0,13000.0,14006.788222499017,5245.063200010918,24052.8772000107,7780.0
1778883624,320,GET,GET /api/ -> https://training.play-with-docker.com/,0.700000,0.000000,18000,18000,18000,18000,18000,18000,18000,18000,18000,18000,18000,7,0,18000.0,16891.248428574596,14831.705200020224,18374.772199982544,1503.0
1778883624,320,GET,GET /api/ -> https://www.python.org/,0.800000,0.000000,19000,20000,20000,20000,20000,20000,20000,20000,20000,20000,20000,81,0,4700.0,8545.22719629681,1980.9161000011954,20211.553200002527,14427.0
1778883624,320,,Aggregated,9.000000,0.100000,19000,19000,20000,20000,22000,23000,23000,24000,24000,24000,24000,784,2,8900.0,9468.833387117691,84.89369999733754,24052.8772000107,5509.52806122449
1778883625,325,GET,GET /api/ -> http://example.com/,2.800000,0.000000,18000,18000,18000,18000,19000,19000,19000,19000,19000,19000,19000,240,0,11000.0,9426.325814583712,84.89369999733754,19053.047599998536,68.0
1778883625,325,GET,GET /api/ -> https://books.toscrape.com/,2.100000,0.000000,20000,20000,20000,20000,20000,20000,20000,20000,20000,20000,20000,155,0,9300.0,9581.804243871762,1020.3803000040352,20241.010199999437,8223.0
1778883625,325,GET,GET /api/ -> https://docs.docker.com/,0.300000,0.000000,19000,19000,19000,19000,19000,19000,19000,19000,19000,19000,19000,64,0,5800.0,7872.024018749471,1838.2319000083953,19354.08059999463,1856.0
1778883625,325,GET,GET /api/ -> https://flask.palletsprojects.com/,0.500000,0.000000,19000,19000,20000,20000,20000,20000,20000,20000,20000,20000,20000,51,0,6000.0,8545.21054902123,2435.774899990065,20051.103300007526,20936.0
1778883625,325,GET,GET /api/ -> https://github.com/ibnesayeed/linkextractor,0.400000,0.000000,21000,21000,22000,22000,22000,22000,22000,22000,22000,22000,22000,18,0,18000.0,17616.99277778098,14308.068700018339,21681.057600013446,12313.0
1778883625,325,GET,GET /api/ -> https://httpbin.org/,0.800000,0.100000,19000,19000,19000,20000,20000,22000,22000,22000,22000,22000,22000,110,2,5100.0,8160.836084545802,828.2271999923978,22330.918000021484,327.27272727272725
1778883625,325,GET,GET /api/ -> https://locust.io/,0.100000,0.000000,20000,20000,20000,20000,20000,20000,20000,20000,20000,20000,20000,28,0,12000.0,12215.730599996667,5925.494800001616,19701.528299978236,5097.0
1778883625,325,GET,GET /api/ -> https://redis.io/,1.100000,0.000000,23000,23000,23000,23000,24000,24000,24000,24000,24000,24000,24000,40,0,13000.0,14006.788222499017,5245.063200010918,24052.8772000107,7780.0
1778883625,325,GET,GET /api/ -> https://training.play-with-docker.com/,0.700000,0.000000,18000,18000,18000,18000,19000,19000,19000,19000,19000,19000,19000,10,0,17000.0,17132.443030003924,14831.705200020224,18722.34910001862,1503.0
1778883625,325,GET,GET /api/ -> https://www.python.org/,1.000000,0.000000,20000,20000,20000,20000,20000,20000,20000,20000,20000,20000,20000,82,0,4700.0,8680.185209756373,1980.9161000011954,20211.553200002527,14427.0
1778883625,325,,Aggregated,9.800000,0.100000,19000,19000,20000,20000,21000,23000,23000,24000,24000,24000,24000,798,2,9200.0,9633.236304511636,84.89369999733754,24052.8772000107,5497.492481203008
1778883626,330,GET,GET /api/ -> http://example.com/,3.100000,0.000000,18000,18000,18000,18000,19000,19000,19000,19000,19000,19000,19000,240,0,11000.0,9426.325814583712,84.89369999733754,19053.047599998536,68.0
1778883626,330,GET,GET /api/ -> https://books.toscrape.com/,2.400000,0.000000,20000,20000,20000,20000,20000,20000,20000,20000,20000,20000,20000,157,0,9500.0,9696.076827389403,1020.3803000040352,20241.010199999437,8223.0
1778883626,330,GET,GET /api/ -> https://docs.docker.com/,0.300000,0.000000,19000,19000,19000,19000,19000,19000,19000,19000,19000,19000,19000,66,0,5800.0,8185.238233332656,1838.2319000083953,19354.08059999463,1856.0
1778883626,330,GET,GET /api/ -> https://flask.palletsprojects.com/,0.400000,0.000000,19000,19000,20000,20000,20000,20000,20000,20000,20000,20000,20000,51,0,6000.0,8545.21054902123,2435.774899990065,20051.103300007526,20936.0
1778883626,330,GET,GET /api/ -> https://github.com/ibnesayeed/linkextractor,0.300000,0.000000,21000,21000,22000,22000,22000,22000,22000,22000,22000,22000,22000,18,0,18000.0,17616.99277778098,14308.068700018339,21681.057600013446,12313.0
1778883626,330,GET,GET /api/ -> https://httpbin.org/,1.200000,0.100000,19000,19000,19000,19000,20000,22000,22000,22000,22000,22000,22000,112,2,5200.0,8333.78492589301,828.2271999923978,22330.918000021484,327.35714285714283
1778883626,330,GET,GET /api/ -> https://locust.io/,0.300000,0.000000,20000,20000,20000,20000,20000,20000,20000,20000,20000,20000,20000,29,0,12000.0,12485.352937927959,5925.494800001616,20034.778400004143,5097.0
1778883626,330,GET,GET /api/ -> https://redis.io/,1.100000,0.000000,23000,23000,23000,23000,24000,24000,24000,24000,24000,24000,24000,41,0,14000.0,14223.815192682128,5245.063200010918,24052.8772000107,7780.0
1778883626,330,GET,GET /api/ -> https://training.play-with-docker.com/,0.400000,0.000000,18000,18000,18000,18000,19000,19000,19000,19000,19000,19000,19000,10,0,17000.0,17132.443030003924,14831.705200020224,18722.34910001862,1503.0
1778883626,330,GET,GET /api/ -> https://www.python.org/,1.100000,0.000000,20000,20000,20000,20000,20000,20000,20000,20000,20000,20000,20000,83,0,6300.0,8817.284589156814,1980.9161000011954,20211.553200002527,14427.0
1778883626,330,,Aggregated,10.600000,0.100000,19000,19000,20000,20000,22000,23000,23000,24000,24000,24000,24000,807,2,9200.0,9739.199764312601,84.89369999733754,24052.8772000107,5495.817843866171
1778883627,335,GET,GET /api/ -> http://example.com/,4.500000,0.000000,18000,18000,18000,19000,19000,19000,19000,19000,19000,19000,19000,244,0,12000.0,9573.24812049237,84.89369999733754,19053.047599998536,68.0
1778883627,335,GET,GET /api/ -> https://books.toscrape.com/,2.000000,0.000000,20000,20000,20000,20000,20000,20000,20000,20000,20000,20000,20000,160,0,9500.0,9860.528384375903,1020.3803000040352,20241.010199999437,8223.0
1778883627,335,GET,GET /api/ -> https://docs.docker.com/,0.300000,0.000000,19000,19000,19000,19000,19000,19000,19000,19000,19000,19000,19000,70,0,6100.0,8779.327431428828,1838.2319000083953,19354.08059999463,1856.0
1778883627,335,GET,GET /api/ -> https://flask.palletsprojects.com/,0.500000,0.000000,20000,20000,21000,21000,21000,21000,21000,21000,21000,21000,21000,52,0,6000.0,8777.338836540226,2435.774899990065,20615.88150000898,20936.0
1778883627,335,GET,GET /api/ -> https://github.com/ibnesayeed/linkextractor,0.300000,0.000000,22000,22000,22000,22000,22000,22000,22000,22000,22000,22000,22000,18,0,18000.0,17616.99277778098,14308.068700018339,21681.057600013446,12313.0
1778883627,335,GET,GET /api/ -> https://httpbin.org/,1.500000,0.100000,19000,19000,19000,19000,20000,22000,22000,22000,22000,22000,22000,112,2,5200.0,8333.78492589301,828.2271999923978,22330.918000021484,327.35714285714283
1778883627,335,GET,GET /api/ -> https://locust.io/,0.300000,0.000000,20000,20000,20000,20000,20000,20000,20000,20000,20000,20000,20000,29,0,12000.0,12485.352937927959,5925.494800001616,20034.778400004143,5097.0
1778883627,335,GET,GET /api/ -> https://redis.io/,1.100000,0.000000,23000,23000,23000,23000,24000,24000,24000,24000,24000,24000,24000,41,0,14000.0,14223.815192682128,5245.063200010918,24052.8772000107,7780.0
1778883627,335,GET,GET /api/ -> https://training.play-with-docker.com/,0.600000,0.000000,18000,18000,19000,19000,19000,19000,19000,19000,19000,19000,19000,11,0,18000.0,17284.274818185208,14831.705200020224,18802.59269999806,1503.0
1778883627,335,GET,GET /api/ -> https://www.python.org/,1.200000,0.000000,20000,20000,20000,20000,20000,20000,20000,20000,20000,20000,20000,84,0,6300.0,8943.175888095755,1980.9161000011954,20211.553200002527,14427.0
1778883627,335,,Aggregated,12.300000,0.100000,19000,19000,20000,20000,21000,23000,23000,24000,24000,24000,24000,821,2,9500.0,9892.359147381756,84.89369999733754,24052.8772000107,5486.426309378807
1778883628,340,GET,GET /api/ -> http://example.com/,4.400000,0.000000,18000,18000,19000,19000,19000,19000,19000,19000,19000,19000,19000,245,0,12000.0,9610.688911429108,84.89369999733754,19053.047599998536,68.0
1778883628,340,GET,GET /api/ -> https://books.toscrape.com/,2.400000,0.000000,20000,20000,20000,20000,20000,20000,20000,20000,20000,20000,20000,169,0,10000.0,10383.131416569107,1020.3803000040352,20241.010199999437,8223.0
1778883628,340,GET,GET /api/ -> https://docs.docker.com/,0.400000,0.000000,19000,19000,19000,19000,19000,19000,19000,19000,19000,19000,19000,70,0,6100.0,8779.327431428828,1838.2319000083953,19354.08059999463,1856.0
1778883628,340,GET,GET /api/ -> https://flask.palletsprojects.com/,0.400000,0.000000,20000,20000,21000,21000,21000,21000,21000,21000,21000,21000,21000,53,0,6100.0,8984.087090568073,2435.774899990065,20615.88150000898,20936.0
1778883628,340,GET,GET /api/ -> https://github.com/ibnesayeed/linkextractor,0.200000,0.000000,21000,21000,22000,22000,22000,22000,22000,22000,22000,22000,22000,19,0,18000.0,17769.28752631954,14308.068700018339,21681.057600013446,12313.0
1778883628,340,GET,GET /api/ -> https://httpbin.org/,1.600000,0.100000,19000,19000,19000,19000,20000,22000,22000,22000,22000,22000,22000,112,2,5200.0,8333.78492589301,828.2271999923978,22330.918000021484,327.35714285714283
1778883628,340,GET,GET /api/ -> https://locust.io/,0.400000,0.000000,20000,20000,20000,20000,20000,20000,20000,20000,20000,20000,20000,29,0,12000.0,12485.352937927959,5925.494800001616,20034.778400004143,5097.0
1778883628,340,GET,GET /api/ -> https://redis.io/,1.000000,0.000000,23000,23000,23000,23000,24000,24000,24000,24000,24000,24000,24000,41,0,14000.0,14223.815192682128,5245.063200010918,24052.8772000107,7780.0
1778883628,340,GET,GET /api/ -> https://training.play-with-docker.com/,0.700000,0.000000,18000,19000,19000,19000,19000,19000,19000,19000,19000,19000,19000,11,0,18000.0,17284.274818185208,14831.705200020224,18802.59269999806,1503.0
1778883628,340,GET,GET /api/ -> https://www.python.org/,1.200000,0.000000,20000,20000,20000,20000,20000,20000,20000,20000,20000,20000,20000,85,0,6300.0,9071.618783530123,1980.9161000011954,20211.553200002527,14427.0
1778883628,340,,Aggregated,12.700000,0.100000,19000,20000,20000,20000,20000,22000,23000,23000,24000,24000,24000,834,2,9800.0,10045.017003717621,84.89369999733754,24052.8772000107,5546.8908872901675
1778883629,345,GET,GET /api/ -> http://example.com/,4.600000,0.000000,18000,19000,19000,19000,19000,19000,19000,19000,19000,19000,19000,250,0,12000.0,9796.459582800626,84.89369999733754,19068.907500011846,68.0
1778883629,345,GET,GET /api/ -> https://books.toscrape.com/,2.600000,0.000000,20000,20000,20000,20000,20000,20000,20000,20000,20000,20000,20000,171,0,11000.0,10490.376036843096,1020.3803000040352,20241.010199999437,8223.0
1778883629,345,GET,GET /api/ -> https://docs.docker.com/,0.900000,0.000000,19000,19000,19000,19000,19000,19000,19000,19000,19000,19000,19000,70,0,6100.0,8779.327431428828,1838.2319000083953,19354.08059999463,1856.0
1778883629,345,GET,GET /api/ -> https://flask.palletsprojects.com/,0.400000,0.000000,20000,20000,20000,20000,21000,21000,21000,21000,21000,21000,21000,56,0,6400.0,9552.512387501338,2435.774899990065,20615.88150000898,20936.0
1778883629,345,GET,GET /api/ -> https://github.com/ibnesayeed/linkextractor,0.200000,0.000000,21000,21000,22000,22000,22000,22000,22000,22000,22000,22000,22000,20,0,18000.0,17897.63471500337,14308.068700018339,21681.057600013446,12313.0
1778883629,345,GET,GET /api/ -> https://httpbin.org/,1.700000,0.100000,19000,19000,19000,19000,20000,20000,20000,20000,20000,20000,20000,114,2,5300.0,8527.951552631923,828.2271999923978,22330.918000021484,327.43859649122805
1778883629,345,GET,GET /api/ -> https://locust.io/,0.400000,0.000000,20000,20000,20000,20000,20000,20000,20000,20000,20000,20000,20000,29,0,12000.0,12485.352937927959,5925.494800001616,20034.778400004143,5097.0
1778883629,345,GET,GET /api/ -> https://redis.io/,1.100000,0.000000,23000,23000,23000,23000,24000,24000,24000,24000,24000,24000,24000,41,0,14000.0,14223.815192682128,5245.063200010918,24052.8772000107,7780.0
1778883629,345,GET,GET /api/ -> https://training.play-with-docker.com/,0.600000,0.000000,18000,19000,19000,19000,19000,19000,19000,19000,19000,19000,19000,11,0,18000.0,17284.274818185208,14831.705200020224,18802.59269999806,1503.0
1778883629,345,GET,GET /api/ -> https://www.python.org/,1.300000,0.000000,20000,20000,20000,20000,20000,20000,20000,20000,20000,20000,20000,88,0,6600.0,9435.246355682135,1980.9161000011954,20211.553200002527,14427.0
1778883629,345,,Aggregated,13.800000,0.100000,19000,20000,20000,20000,20000,20000,22000,23000,23000,23000,23000,850,2,11000.0,10221.508639529964,84.89369999733754,24052.8772000107,5602.304705882353
1778883630,350,GET,GET /api/ -> http://example.com/,4.500000,0.000000,18000,19000,19000,19000,19000,19000,19000,19000,19000,19000,19000,254,0,12000.0,9946.515614567548,84.89369999733754,19458.612799993716,68.0
1778883630,350,GET,GET /api/ -> https://books.toscrape.com/,2.600000,0.000000,20000,20000,20000,20000,20000,20000,21000,21000,21000,21000,21000,173,0,11000.0,10605.8665716772,1020.3803000040352,20536.77589999279,8223.0
1778883630,350,GET,GET /api/ -> https://docs.docker.com/,1.000000,0.000000,19000,19000,19000,19000,19000,19000,19000,19000,19000,19000,19000,70,0,6100.0,8779.327431428828,1838.2319000083953,19354.08059999463,1856.0
1778883630,350,GET,GET /api/ -> https://flask.palletsprojects.com/,0.300000,0.000000,20000,20000,20000,20000,21000,21000,21000,21000,21000,21000,21000,58,0,6900.0,9908.446210346201,2435.774899990065,20615.88150000898,20936.0
1778883630,350,GET,GET /api/ -> https://github.com/ibnesayeed/linkextractor,0.200000,0.000000,21000,21000,22000,22000,22000,22000,22000,22000,22000,22000,22000,20,0,18000.0,17897.63471500337,14308.068700018339,21681.057600013446,12313.0
1778883630,350,GET,GET /api/ -> https://httpbin.org/,1.600000,0.100000,19000,19000,20000,20000,20000,20000,20000,20000,20000,20000,20000,118,2,6000.0,8915.719569492267,828.2271999923978,22330.918000021484,327.59322033898303
1778883630,350,GET,GET /api/ -> https://locust.io/,0.400000,0.000000,20000,20000,20000,20000,20000,20000,20000,20000,20000,20000,20000,29,0,12000.0,12485.352937927959,5925.494800001616,20034.778400004143,5097.0
1778883630,350,GET,GET /api/ -> https://redis.io/,1.100000,0.000000,23000,23000,23000,23000,23000,23000,23000,23000,23000,23000,23000,41,0,14000.0,14223.815192682128,5245.063200010918,24052.8772000107,7780.0
1778883630,350,GET,GET /api/ -> https://training.play-with-docker.com/,0.600000,0.000000,18000,19000,19000,19000,19000,19000,19000,19000,19000,19000,19000,11,0,18000.0,17284.274818185208,14831.705200020224,18802.59269999806,1503.0
1778883630,350,GET,GET /api/ -> https://www.python.org/,1.400000,0.000000,20000,20000,20000,20000,20000,20000,20000,20000,20000,20000,20000,89,0,6700.0,9550.771738202417,1980.9161000011954,20211.553200002527,14427.0
1778883630,350,,Aggregated,13.700000,0.100000,19000,20000,20000,20000,20000,20000,22000,23000,23000,23000,23000,863,2,11000.0,10366.022772538236,84.89369999733754,24052.8772000107,5604.060254924681
1778883632,350,GET,GET /api/ -> http://example.com/,4.100000,0.000000,18000,19000,19000,19000,19000,19000,20000,20000,20000,20000,20000,255,0,12000.0,9985.810938824136,84.89369999733754,19966.823299997486,68.0
1778883632,350,GET,GET /api/ -> https://books.toscrape.com/,3.100000,0.000000,20000,20000,20000,21000,21000,22000,23000,23000,23000,23000,23000,182,0,12000.0,11120.859328022541,1020.3803000040352,22519.937899982324,8223.0
1778883632,350,GET,GET /api/ -> https://docs.docker.com/,0.800000,0.000000,19000,19000,19000,19000,19000,19000,19000,19000,19000,19000,19000,70,0,6100.0,8779.327431428828,1838.2319000083953,19354.08059999463,1856.0
1778883632,350,GET,GET /api/ -> https://flask.palletsprojects.com/,0.800000,0.000000,20000,20000,20000,21000,21000,21000,21000,21000,21000,21000,21000,59,0,12000.0,10092.945979662452,2435.774899990065,20793.932600005064,20936.0
1778883632,350,GET,GET /api/ -> https://github.com/ibnesayeed/linkextractor,0.300000,0.000000,21000,22000,22000,23000,23000,23000,23000,23000,23000,23000,23000,22,0,19000.0,18276.51706818539,14308.068700018339,22805.100800003856,12313.0
1778883632,350,GET,GET /api/ -> https://httpbin.org/,1.800000,0.000000,19000,20000,20000,20000,20000,21000,21000,21000,21000,21000,21000,119,2,6600.0,9013.424056303344,828.2271999923978,22330.918000021484,327.6302521008403
1778883632,350,GET,GET /api/ -> https://locust.io/,0.400000,0.000000,20000,20000,20000,20000,20000,20000,20000,20000,20000,20000,20000,29,0,12000.0,12485.352937927959,5925.494800001616,20034.778400004143,5097.0
1778883632,350,GET,GET /api/ -> https://redis.io/,0.200000,0.000000,23000,23000,23000,23000,23000,23000,23000,23000,23000,23000,23000,41,0,14000.0,14223.815192682128,5245.063200010918,24052.8772000107,7780.0
1778883632,350,GET,GET /api/ -> https://training.play-with-docker.com/,0.400000,0.000000,19000,19000,22000,22000,22000,22000,22000,22000,22000,22000,22000,13,0,18000.0,17961.991753847822,14831.705200020224,21775.668899994344,1503.0
1778883632,350,GET,GET /api/ -> https://www.python.org/,1.800000,0.000000,20000,20000,20000,20000,23000,23000,23000,23000,23000,23000,23000,90,0,6700.0,9697.73192666665,1980.9161000011954,22777.188699983526,14427.0
1778883632,350,,Aggregated,13.700000,0.000000,19000,20000,20000,20000,21000,22000,23000,23000,23000,23000,23000,880,2,12000.0,10575.737707500492,84.89369999733754,24052.8772000107,5651.938636363637
1778883633,350,GET,GET /api/ -> http://example.com/,4.200000,0.000000,19000,19000,20000,21000,21000,21000,21000,21000,21000,21000,21000,266,0,12000.0,10434.016381203843,84.89369999733754,21396.413400012534,68.0
1778883633,350,GET,GET /api/ -> https://books.toscrape.com/,3.800000,0.000000,20000,20000,21000,21000,22000,22000,23000,23000,23000,23000,23000,187,0,13000.0,11414.958322995322,1020.3803000040352,22519.937899982324,8223.0
1778883633,350,GET,GET /api/ -> https://docs.docker.com/,0.800000,0.000000,18000,19000,19000,19000,19000,19000,19000,19000,19000,19000,19000,70,0,6100.0,8779.327431428828,1838.2319000083953,19354.08059999463,1856.0
1778883633,350,GET,GET /api/ -> https://flask.palletsprojects.com/,0.900000,0.000000,20000,20000,21000,21000,22000,22000,22000,22000,22000,22000,22000,60,0,12000.0,10286.353023334717,2435.774899990065,21697.3685999983,20936.0
1778883633,350,GET,GET /api/ -> https://github.com/ibnesayeed/linkextractor,0.400000,0.000000,22000,22000,23000,23000,23000,23000,23000,23000,23000,23000,23000,24,0,19000.0,18641.97650833618,14308.068700018339,22840.2528000006,12313.0
1778883633,350,GET,GET /api/ -> https://httpbin.org/,2.000000,0.000000,20000,21000,22000,22000,22000,22000,22000,22000,22000,22000,22000,125,2,8600.0,9624.573275201023,828.2271999923978,22330.918000021484,327.84
1778883633,350,GET,GET /api/ -> https://locust.io/,0.400000,0.000000,20000,20000,20000,20000,20000,20000,20000,20000,20000,20000,20000,29,0,12000.0,12485.352937927959,5925.494800001616,20034.778400004143,5097.0
1778883633,350,GET,GET /api/ -> https://redis.io/,0.200000,0.000000,23000,23000,23000,23000,23000,23000,23000,23000,23000,23000,23000,41,0,14000.0,14223.815192682128,5245.063200010918,24052.8772000107,7780.0
1778883633,350,GET,GET /api/ -> https://training.play-with-docker.com/,0.400000,0.000000,19000,19000,22000,22000,22000,22000,22000,22000,22000,22000,22000,13,0,18000.0,17961.991753847822,14831.705200020224,21775.668899994344,1503.0
1778883633,350,GET,GET /api/ -> https://www.python.org/,1.200000,0.000000,20000,20000,22000,22000,22000,23000,23000,23000,23000,23000,23000,92,0,6700.0,9970.535892391521,1980.9161000011954,22777.188699983526,14427.0
1778883633,350,,Aggregated,14.300000,0.000000,20000,20000,21000,21000,22000,22000,23000,23000,23000,23000,23000,907,2,12000.0,10902.211261301609,84.89369999733754,24052.8772000107,5614.087100330761
1778883634,350,GET,GET /api/ -> http://example.com/,4.000000,0.000000,19000,20000,20000,20000,21000,21000,21000,21000,21000,21000,21000,278,0,12000.0,10841.632306115662,84.89369999733754,21396.413400012534,68.0
1778883634,350,GET,GET /api/ -> https://books.toscrape.com/,3.700000,0.000000,20000,21000,22000,22000,22000,23000,23000,23000,23000,23000,23000,195,0,14000.0,11840.325864616074,1020.3803000040352,22620.533000008436,8223.0
1778883634,350,GET,GET /api/ -> https://docs.docker.com/,0.700000,0.000000,18000,19000,19000,19000,19000,19000,19000,19000,19000,19000,19000,70,0,6100.0,8779.327431428828,1838.2319000083953,19354.08059999463,1856.0
1778883634,350,GET,GET /api/ -> https://flask.palletsprojects.com/,0.900000,0.000000,20000,20000,21000,21000,22000,22000,22000,22000,22000,22000,22000,60,0,12000.0,10286.353023334717,2435.774899990065,21697.3685999983,20936.0
1778883634,350,GET,GET /api/ -> https://github.com/ibnesayeed/linkextractor,0.400000,0.000000,22000,23000,23000,23000,23000,23000,23000,23000,23000,23000,23000,25,0,19000.0,18824.184376002522,14308.068700018339,23197.173199994722,12313.0
1778883634,350,GET,GET /api/ -> https://httpbin.org/,1.900000,0.000000,21000,21000,22000,22000,22000,22000,22000,22000,22000,22000,22000,132,2,8800.0,10215.080990152439,828.2271999923978,22330.918000021484,328.06060606060606
1778883634,350,GET,GET /api/ -> https://locust.io/,0.300000,0.000000,20000,20000,20000,20000,20000,20000,20000,20000,20000,20000,20000,29,0,12000.0,12485.352937927959,5925.494800001616,20034.778400004143,5097.0
1778883634,350,GET,GET /api/ -> https://redis.io/,0.100000,0.000000,24000,24000,24000,24000,24000,24000,24000,24000,24000,24000,24000,43,0,15000.0,14699.580848836313,5245.063200010918,24468.37059999234,7780.0
1778883634,350,GET,GET /api/ -> https://training.play-with-docker.com/,0.400000,0.000000,21000,21000,22000,22000,22000,22000,22000,22000,22000,22000,22000,15,0,18000.0,18323.830806667684,14831.705200020224,21775.668899994344,1503.0
1778883634,350,GET,GET /api/ -> https://www.python.org/,1.100000,0.000000,20000,22000,22000,22000,22000,23000,23000,23000,23000,23000,23000,94,0,6800.0,10225.252953191732,1980.9161000011954,22777.188699983526,14427.0
1778883634,350,,Aggregated,13.500000,0.000000,20000,21000,21000,22000,22000,23000,23000,24000,24000,24000,24000,941,2,12000.0,11268.602739426651,84.89369999733754,24468.37059999234,5547.963868225293
1778883635,350,GET,GET /api/ -> http://example.com/,3.600000,0.000000,19000,20000,20000,20000,21000,21000,21000,21000,21000,21000,21000,293,0,14000.0,11222.024762799067,84.89369999733754,21396.413400012534,68.0
1778883635,350,GET,GET /api/ -> https://books.toscrape.com/,3.500000,0.000000,21000,21000,22000,22000,22000,23000,23000,23000,23000,23000,23000,196,0,14000.0,11882.592171429247,1020.3803000040352,22620.533000008436,8223.0
1778883635,350,GET,GET /api/ -> https://docs.docker.com/,0.700000,0.000000,18000,18000,19000,19000,19000,19000,19000,19000,19000,19000,19000,70,0,6100.0,8779.327431428828,1838.2319000083953,19354.08059999463,1856.0
1778883635,350,GET,GET /api/ -> https://flask.palletsprojects.com/,0.900000,0.000000,20000,20000,21000,21000,22000,22000,22000,22000,22000,22000,22000,60,0,12000.0,10286.353023334717,2435.774899990065,21697.3685999983,20936.0
1778883635,350,GET,GET /api/ -> https://github.com/ibnesayeed/linkextractor,0.600000,0.000000,22000,23000,23000,23000,23000,23000,23000,23000,23000,23000,23000,25,0,19000.0,18824.184376002522,14308.068700018339,23197.173199994722,12313.0
1778883635,350,GET,GET /api/ -> https://httpbin.org/,1.700000,0.000000,21000,21000,22000,22000,22000,22000,22000,22000,22000,22000,22000,135,2,8900.0,10409.956959260118,828.2271999923978,22330.918000021484,328.14814814814815
1778883635,350,GET,GET /api/ -> https://locust.io/,0.300000,0.000000,21000,21000,21000,21000,21000,21000,21000,21000,21000,21000,21000,30,0,12000.0,12757.18878999663,5925.494800001616,20640.428499988047,5097.0
1778883635,350,GET,GET /api/ -> https://redis.io/,0.100000,0.000000,24000,24000,24000,24000,24000,24000,24000,24000,24000,24000,24000,44,0,15000.0,14916.995993181032,5245.063200010918,24468.37059999234,7780.0
1778883635,350,GET,GET /api/ -> https://training.play-with-docker.com/,0.600000,0.000000,21000,21000,22000,22000,22000,22000,22000,22000,22000,22000,22000,16,0,18000.0,18418.63003125036,14831.705200020224,21775.668899994344,1503.0
1778883635,350,GET,GET /api/ -> https://www.python.org/,1.000000,0.000000,20000,22000,22000,22000,22000,23000,23000,23000,23000,23000,23000,95,0,6900.0,10337.43536105306,1980.9161000011954,22777.188699983526,14427.0
1778883635,350,,Aggregated,13.000000,0.000000,20000,21000,21000,22000,22000,23000,23000,24000,24000,24000,24000,964,2,13000.0,11452.844552697556,84.89369999733754,24468.37059999234,5456.09958506224
1778883636,350,GET,GET /api/ -> http://example.com/,4.100000,0.000000,19000,20000,20000,20000,21000,21000,21000,21000,21000,21000,21000,299,0,14000.0,11345.85338595353,84.89369999733754,21396.413400012534,68.0
1778883636,350,GET,GET /api/ -> https://books.toscrape.com/,3.500000,0.000000,20000,21000,22000,22000,22000,23000,23000,23000,23000,23000,23000,203,0,15000.0,12108.868624631077,1020.3803000040352,22620.533000008436,8223.0
1778883636,350,GET,GET /api/ -> https://docs.docker.com/,0.700000,0.000000,19000,19000,19000,19000,19000,19000,19000,19000,19000,19000,19000,70,0,6100.0,8779.327431428828,1838.2319000083953,19354.08059999463,1856.0
1778883636,350,GET,GET /api/ -> https://flask.palletsprojects.com/,1.000000,0.000000,20000,20000,21000,21000,22000,22000,22000,22000,22000,22000,22000,60,0,12000.0,10286.353023334717,2435.774899990065,21697.3685999983,20936.0
1778883636,350,GET,GET /api/ -> https://github.com/ibnesayeed/linkextractor,0.600000,0.000000,22000,23000,23000,23000,23000,23000,23000,23000,23000,23000,23000,25,0,19000.0,18824.184376002522,14308.068700018339,23197.173199994722,12313.0
1778883636,350,GET,GET /api/ -> https://httpbin.org/,1.900000,0.000000,20000,21000,21000,22000,22000,22000,22000,22000,22000,22000,22000,140,2,9200.0,10680.494865000739,828.2271999923978,22330.918000021484,328.2857142857143
1778883636,350,GET,GET /api/ -> https://locust.io/,0.100000,0.000000,20000,20000,21000,21000,21000,21000,21000,21000,21000,21000,21000,32,0,12000.0,13079.039759370971,5925.494800001616,20640.428499988047,5097.0
1778883636,350,GET,GET /api/ -> https://redis.io/,0.100000,0.000000,24000,24000,24000,24000,24000,24000,24000,24000,24000,24000,24000,46,0,15000.0,15291.812463042848,5245.063200010918,24468.37059999234,7780.0
1778883636,350,GET,GET /api/ -> https://training.play-with-docker.com/,0.600000,0.000000,21000,21000,22000,22000,22000,22000,22000,22000,22000,22000,22000,16,0,18000.0,18418.63003125036,14831.705200020224,21775.668899994344,1503.0
1778883636,350,GET,GET /api/ -> https://www.python.org/,1.100000,0.000000,20000,22000,22000,22000,22000,23000,23000,23000,23000,23000,23000,96,0,6900.0,10425.772603125248,1980.9161000011954,22777.188699983526,14427.0
1778883636,350,,Aggregated,13.700000,0.000000,20000,21000,21000,22000,22000,23000,24000,24000,24000,24000,24000,987,2,13000.0,11616.659960790625,84.89369999733754,24468.37059999234,5430.081053698075
1778883637,350,GET,GET /api/ -> http://example.com/,4.800000,0.000000,19000,20000,20000,20000,21000,21000,21000,21000,21000,21000,21000,304,0,14000.0,11450.846268750338,84.89369999733754,21396.413400012534,68.0
1778883637,350,GET,GET /api/ -> https://books.toscrape.com/,4.300000,0.000000,21000,21000,22000,22000,22000,23000,23000,23000,23000,23000,23000,205,0,15000.0,12170.675877073676,1020.3803000040352,22620.533000008436,8223.0
1778883637,350,GET,GET /api/ -> https://docs.docker.com/,0.700000,0.000000,19000,19000,19000,19000,19000,19000,19000,19000,19000,19000,19000,71,0,6100.0,8910.250608451028,1838.2319000083953,19354.08059999463,1856.0
1778883637,350,GET,GET /api/ -> https://flask.palletsprojects.com/,0.900000,0.000000,20000,20000,20000,21000,22000,22000,22000,22000,22000,22000,22000,61,0,12000.0,10424.900383607877,2435.774899990065,21697.3685999983,20936.0
1778883637,350,GET,GET /api/ -> https://github.com/ibnesayeed/linkextractor,0.700000,0.000000,22000,23000,23000,23000,23000,23000,23000,23000,23000,23000,23000,25,0,19000.0,18824.184376002522,14308.068700018339,23197.173199994722,12313.0
1778883637,350,GET,GET /api/ -> https://httpbin.org/,2.200000,0.000000,20000,21000,21000,22000,22000,22000,22000,22000,22000,22000,22000,140,2,9200.0,10680.494865000739,828.2271999923978,22330.918000021484,328.2857142857143
1778883637,350,GET,GET /api/ -> https://locust.io/,0.100000,0.000000,19000,19000,20000,20000,21000,21000,21000,21000,21000,21000,21000,36,0,14000.0,13672.472044441545,5925.494800001616,20640.428499988047,5097.0
1778883637,350,GET,GET /api/ -> https://redis.io/,0.300000,0.000000,24000,24000,24000,24000,24000,24000,24000,24000,24000,24000,24000,46,0,15000.0,15291.812463042848,5245.063200010918,24468.37059999234,7780.0
1778883637,350,GET,GET /api/ -> https://training.play-with-docker.com/,0.700000,0.000000,21000,21000,22000,22000,22000,22000,22000,22000,22000,22000,22000,17,0,18000.0,18381.7799882347,14831.705200020224,21775.668899994344,1503.0
1778883637,350,GET,GET /api/ -> https://www.python.org/,1.200000,0.000000,21000,22000,22000,22000,22000,23000,23000,23000,23000,23000,23000,96,0,6900.0,10425.772603125248,1980.9161000011954,22777.188699983526,14427.0
1778883637,350,,Aggregated,15.900000,0.000000,20000,21000,21000,21000,22000,23000,24000,24000,24000,24000,24000,1001,2,14000.0,11707.755468731619,84.89369999733754,24468.37059999234,5415.543456543456
1778883638,350,GET,GET /api/ -> http://example.com/,5.300000,0.000000,19000,20000,20000,20000,21000,21000,21000,21000,21000,21000,21000,310,0,14000.0,11575.41959290355,84.89369999733754,21396.413400012534,68.0
1778883638,350,GET,GET /api/ -> https://books.toscrape.com/,4.100000,0.000000,21000,21000,22000,22000,22000,23000,23000,23000,23000,23000,23000,210,0,15000.0,12324.037958095485,1020.3803000040352,22620.533000008436,8223.0
1778883638,350,GET,GET /api/ -> https://docs.docker.com/,0.600000,0.000000,18000,18000,19000,19000,19000,19000,19000,19000,19000,19000,19000,73,0,6100.0,9170.763615068696,1838.2319000083953,19354.08059999463,1856.0
1778883638,350,GET,GET /api/ -> https://flask.palletsprojects.com/,0.900000,0.000000,20000,20000,21000,21000,22000,22000,22000,22000,22000,22000,22000,62,0,12000.0,10563.614569356076,2435.774899990065,21697.3685999983,20936.0
1778883638,350,GET,GET /api/ -> https://github.com/ibnesayeed/linkextractor,0.700000,0.000000,22000,23000,23000,23000,23000,23000,23000,23000,23000,23000,23000,25,0,19000.0,18824.184376002522,14308.068700018339,23197.173199994722,12313.0
1778883638,350,GET,GET /api/ -> https://httpbin.org/,2.500000,0.000000,20000,21000,21000,22000,22000,22000,22000,22000,22000,22000,22000,140,2,9200.0,10680.494865000739,828.2271999923978,22330.918000021484,328.2857142857143
1778883638,350,GET,GET /api/ -> https://locust.io/,0.100000,0.000000,19000,19000,19000,19000,20000,21000,21000,21000,21000,21000,21000,39,0,16000.0,14069.207658972562,5925.494800001616,20640.428499988047,5097.0
1778883638,350,GET,GET /api/ -> https://redis.io/,0.500000,0.000000,24000,24000,24000,24000,24000,24000,24000,24000,24000,24000,24000,48,0,16000.0,15598.366237498945,5245.063200010918,24468.37059999234,7780.0
1778883638,350,GET,GET /api/ -> https://training.play-with-docker.com/,0.600000,0.000000,21000,21000,22000,22000,22000,22000,22000,22000,22000,22000,22000,17,0,18000.0,18381.7799882347,14831.705200020224,21775.668899994344,1503.0
1778883638,350,GET,GET /api/ -> https://www.python.org/,1.300000,0.000000,21000,22000,22000,22000,22000,23000,23000,23000,23000,23000,23000,98,0,7100.0,10602.738890816501,1980.9161000011954,22777.188699983526,14427.0
1778883638,350,,Aggregated,16.600000,0.000000,20000,21000,21000,22000,22000,23000,24000,24000,24000,24000,24000,1022,2,14000.0,11854.883690704786,84.89369999733754,24468.37059999234,5427.431506849315
1778883639,350,GET,GET /api/ -> http://example.com/,5.700000,0.000000,18000,19000,20000,20000,21000,21000,21000,21000,21000,21000,21000,321,0,14000.0,11771.63121090377,84.89369999733754,21396.413400012534,68.0
1778883639,350,GET,GET /api/ -> https://books.toscrape.com/,4.300000,0.000000,20000,21000,22000,22000,22000,23000,23000,23000,23000,23000,23000,215,0,15000.0,12466.486615348918,1020.3803000040352,22620.533000008436,8223.0
1778883639,350,GET,GET /api/ -> https://docs.docker.com/,0.100000,0.000000,18000,18000,18000,19000,19000,19000,19000,19000,19000,19000,19000,78,0,6400.0,9764.308629487343,1838.2319000083953,19354.08059999463,1856.0
1778883639,350,GET,GET /api/ -> https://flask.palletsprojects.com/,0.800000,0.000000,19000,21000,21000,22000,22000,22000,22000,22000,22000,22000,22000,63,0,12000.0,10686.969974604417,2435.774899990065,21697.3685999983,20936.0
1778883639,350,GET,GET /api/ -> https://github.com/ibnesayeed/linkextractor,0.700000,0.000000,23000,23000,23000,23000,23000,23000,23000,23000,23000,23000,23000,25,0,19000.0,18824.184376002522,14308.068700018339,23197.173199994722,12313.0
1778883639,350,GET,GET /api/ -> https://httpbin.org/,2.800000,0.000000,20000,21000,21000,22000,22000,22000,22000,22000,22000,22000,22000,143,2,13000.0,10838.171453846919,828.2271999923978,22330.918000021484,328.3636363636364
1778883639,350,GET,GET /api/ -> https://locust.io/,0.400000,0.000000,19000,19000,19000,19000,20000,21000,21000,21000,21000,21000,21000,39,0,16000.0,14069.207658972562,5925.494800001616,20640.428499988047,5097.0
1778883639,350,GET,GET /api/ -> https://redis.io/,0.500000,0.000000,23000,24000,24000,24000,24000,24000,24000,24000,24000,24000,24000,49,0,17000.0,15725.510606121115,5245.063200010918,24468.37059999234,7780.0
1778883639,350,GET,GET /api/ -> https://training.play-with-docker.com/,0.600000,0.000000,21000,21000,22000,22000,22000,22000,22000,22000,22000,22000,22000,17,0,18000.0,18381.7799882347,14831.705200020224,21775.668899994344,1503.0
1778883639,350,GET,GET /api/ -> https://www.python.org/,1.300000,0.000000,20000,22000,22000,22000,22000,23000,23000,23000,23000,23000,23000,100,0,9100.0,10759.09664900013,1980.9161000011954,22777.188699983526,14427.0
1778883639,350,,Aggregated,17.200000,0.000000,19000,21000,21000,21000,22000,23000,24000,24000,24000,24000,24000,1050,2,14000.0,12020.94818371453,84.89369999733754,24468.37059999234,5387.184761904762
1778883640,350,GET,GET /api/ -> http://example.com/,5.900000,0.000000,18000,19000,20000,20000,21000,21000,21000,21000,21000,21000,21000,322,0,14000.0,11788.268943168096,84.89369999733754,21396.413400012534,68.0
1778883640,350,GET,GET /api/ -> https://books.toscrape.com/,4.200000,0.000000,19000,21000,22000,22000,22000,23000,23000,23000,23000,23000,23000,217,0,15000.0,12523.56223548397,1020.3803000040352,22620.533000008436,8223.0
1778883640,350,GET,GET /api/ -> https://docs.docker.com/,0.100000,0.000000,18000,18000,18000,18000,19000,19000,19000,19000,19000,19000,19000,80,0,6600.0,9975.225072499961,1838.2319000083953,19354.08059999463,1856.0
1778883640,350,GET,GET /api/ -> https://flask.palletsprojects.com/,0.900000,0.000000,19000,21000,21000,22000,22000,22000,22000,22000,22000,22000,22000,63,0,12000.0,10686.969974604417,2435.774899990065,21697.3685999983,20936.0
1778883640,350,GET,GET /api/ -> https://github.com/ibnesayeed/linkextractor,0.700000,0.000000,23000,23000,23000,23000,23000,23000,23000,23000,23000,23000,23000,25,0,19000.0,18824.184376002522,14308.068700018339,23197.173199994722,12313.0
1778883640,350,GET,GET /api/ -> https://httpbin.org/,2.800000,0.000000,20000,21000,21000,21000,22000,22000,22000,22000,22000,22000,22000,147,2,13000.0,11029.637911565265,828.2271999923978,22330.918000021484,328.4625850340136
1778883640,350,GET,GET /api/ -> https://locust.io/,0.800000,0.000000,19000,19000,19000,19000,19000,21000,21000,21000,21000,21000,21000,40,0,16000.0,14185.414802498417,5925.494800001616,20640.428499988047,5097.0
1778883640,350,GET,GET /api/ -> https://redis.io/,0.500000,0.000000,23000,24000,24000,24000,24000,24000,24000,24000,24000,24000,24000,50,0,17000.0,15829.727923998726,5245.063200010918,24468.37059999234,7780.0
1778883640,350,GET,GET /api/ -> https://training.play-with-docker.com/,0.600000,0.000000,21000,21000,22000,22000,22000,22000,22000,22000,22000,22000,22000,18,0,18000.0,18350.75858333342,14831.705200020224,21775.668899994344,1503.0
1778883640,350,GET,GET /api/ -> https://www.python.org/,1.200000,0.000000,21000,22000,22000,22000,22000,23000,23000,23000,23000,23000,23000,100,0,9100.0,10759.09664900013,1980.9161000011954,22777.188699983526,14427.0
1778883640,350,,Aggregated,17.700000,0.000000,19000,20000,21000,22000,22000,23000,24000,24000,24000,24000,24000,1062,2,14000.0,12092.109613088764,84.89369999733754,24468.37059999234,5360.148775894539
1778883641,350,GET,GET /api/ -> http://example.com/,6.100000,0.000000,18000,19000,20000,20000,21000,21000,21000,21000,21000,21000,21000,327,0,14000.0,11874.746412232913,84.89369999733754,21396.413400012534,68.0
1778883641,350,GET,GET /api/ -> https://books.toscrape.com/,4.000000,0.000000,19000,20000,22000,22000,22000,23000,23000,23000,23000,23000,23000,225,0,15000.0,12730.29190222241,1020.3803000040352,22620.533000008436,8223.0
1778883641,350,GET,GET /api/ -> https://docs.docker.com/,0.600000,0.000000,18000,18000,18000,18000,19000,19000,19000,19000,19000,19000,19000,80,0,6600.0,9975.225072499961,1838.2319000083953,19354.08059999463,1856.0
1778883641,350,GET,GET /api/ -> https://flask.palletsprojects.com/,0.700000,0.000000,19000,19000,22000,22000,22000,22000,22000,22000,22000,22000,22000,63,0,12000.0,10686.969974604417,2435.774899990065,21697.3685999983,20936.0
1778883641,350,GET,GET /api/ -> https://github.com/ibnesayeed/linkextractor,0.500000,0.000000,23000,23000,23000,23000,23000,23000,23000,23000,23000,23000,23000,27,0,19000.0,18870.12963333594,14308.068700018339,23197.173199994722,12313.0
1778883641,350,GET,GET /api/ -> https://httpbin.org/,2.700000,0.000000,18000,21000,21000,21000,22000,22000,22000,22000,22000,22000,22000,151,2,13000.0,11213.066786093197,828.2271999923978,22330.918000021484,328.55629139072846
1778883641,350,GET,GET /api/ -> https://locust.io/,1.000000,0.000000,19000,19000,19000,19000,19000,21000,21000,21000,21000,21000,21000,40,0,16000.0,14185.414802498417,5925.494800001616,20640.428499988047,5097.0
1778883641,350,GET,GET /api/ -> https://redis.io/,0.800000,0.000000,23000,24000,24000,24000,24000,24000,24000,24000,24000,24000,24000,50,0,17000.0,15829.727923998726,5245.063200010918,24468.37059999234,7780.0
1778883641,350,GET,GET /api/ -> https://training.play-with-docker.com/,0.600000,0.000000,21000,21000,22000,22000,22000,22000,22000,22000,22000,22000,22000,18,0,18000.0,18350.75858333342,14831.705200020224,21775.668899994344,1503.0
1778883641,350,GET,GET /api/ -> https://www.python.org/,1.100000,0.000000,19000,21000,22000,22000,22000,23000,23000,23000,23000,23000,23000,106,0,11000.0,11187.824718868316,1980.9161000011954,22777.188699983526,14427.0
1778883641,350,,Aggregated,18.100000,0.000000,19000,20000,21000,21000,22000,23000,23000,24000,24000,24000,24000,1087,2,15000.0,12232.242425759277,84.89369999733754,24468.37059999234,5401.21251149954
1778883642,350,GET,GET /api/ -> http://example.com/,7.100000,0.000000,18000,19000,20000,20000,21000,21000,21000,21000,21000,21000,21000,332,0,14000.0,11956.350528615005,84.89369999733754,21396.413400012534,68.0
1778883642,350,GET,GET /api/ -> https://books.toscrape.com/,4.400000,0.000000,19000,19000,21000,22000,22000,22000,23000,23000,23000,23000,23000,230,0,16000.0,12854.70299000001,1020.3803000040352,22620.533000008436,8223.0
1778883642,350,GET,GET /api/ -> https://docs.docker.com/,0.800000,0.000000,18000,18000,18000,18000,18000,19000,19000,19000,19000,19000,19000,81,0,9400.0,10076.06077160475,1838.2319000083953,19354.08059999463,1856.0
1778883642,350,GET,GET /api/ -> https://flask.palletsprojects.com/,0.500000,0.000000,19000,19000,22000,22000,22000,22000,22000,22000,22000,22000,22000,63,0,12000.0,10686.969974604417,2435.774899990065,21697.3685999983,20936.0
1778883642,350,GET,GET /api/ -> https://github.com/ibnesayeed/linkextractor,0.500000,0.000000,20000,22000,22000,23000,23000,23000,23000,23000,23000,23000,23000,28,0,19000.0,18855.60213928797,14308.068700018339,23197.173199994722,12313.0
1778883642,350,GET,GET /api/ -> https://httpbin.org/,2.700000,0.000000,18000,21000,21000,21000,22000,22000,22000,22000,22000,22000,22000,152,2,13000.0,11258.467287500504,828.2271999923978,22330.918000021484,328.57894736842104
1778883642,350,GET,GET /api/ -> https://locust.io/,1.000000,0.000000,19000,19000,19000,19000,19000,21000,21000,21000,21000,21000,21000,40,0,16000.0,14185.414802498417,5925.494800001616,20640.428499988047,5097.0
1778883642,350,GET,GET /api/ -> https://redis.io/,0.800000,0.000000,23000,24000,24000,24000,24000,24000,24000,24000,24000,24000,24000,50,0,17000.0,15829.727923998726,5245.063200010918,24468.37059999234,7780.0
1778883642,350,GET,GET /api/ -> https://training.play-with-docker.com/,0.600000,0.000000,21000,21000,22000,22000,22000,22000,22000,22000,22000,22000,22000,18,0,18000.0,18350.75858333342,14831.705200020224,21775.668899994344,1503.0
1778883642,350,GET,GET /api/ -> https://www.python.org/,1.100000,0.000000,19000,19000,22000,22000,22000,22000,22000,22000,22000,22000,22000,106,0,11000.0,11187.824718868316,1980.9161000011954,22777.188699983526,14427.0
1778883642,350,,Aggregated,19.500000,0.000000,19000,19000,20000,21000,22000,22000,23000,24000,24000,24000,24000,1100,2,15000.0,12299.909131545726,84.89369999733754,24468.37059999234,5388.249090909091
1778883643,350,GET,GET /api/ -> http://example.com/,6.700000,0.000000,18000,18000,18000,19000,20000,20000,20000,21000,21000,21000,21000,342,0,15000.0,12113.24292514677,84.89369999733754,21396.413400012534,68.0
1778883643,350,GET,GET /api/ -> https://books.toscrape.com/,4.000000,0.000000,19000,19000,19000,19000,21000,22000,23000,23000,23000,23000,23000,240,0,16000.0,13115.081259166733,1020.3803000040352,22620.533000008436,8223.0
1778883643,350,GET,GET /api/ -> https://docs.docker.com/,1.000000,0.000000,18000,18000,18000,18000,19000,19000,19000,19000,19000,19000,19000,82,0,9400.0,10180.51922804869,1838.2319000083953,19354.08059999463,1856.0
1778883643,350,GET,GET /api/ -> https://flask.palletsprojects.com/,0.400000,0.000000,19000,19000,19000,22000,22000,22000,22000,22000,22000,22000,22000,64,0,12000.0,10806.547309376128,2435.774899990065,21697.3685999983,20936.0
1778883643,350,GET,GET /api/ -> https://github.com/ibnesayeed/linkextractor,0.400000,0.000000,20000,20000,23000,23000,23000,23000,23000,23000,23000,23000,23000,28,0,19000.0,18855.60213928797,14308.068700018339,23197.173199994722,12313.0
1778883643,350,GET,GET /api/ -> https://httpbin.org/,2.800000,0.000000,18000,18000,20000,20000,21000,21000,22000,22000,22000,22000,22000,157,2,14000.0,11477.068742038682,828.2271999923978,22330.918000021484,328.687898089172
1778883643,350,GET,GET /api/ -> https://locust.io/,1.100000,0.000000,19000,19000,19000,19000,19000,21000,21000,21000,21000,21000,21000,40,0,16000.0,14185.414802498417,5925.494800001616,20640.428499988047,5097.0
1778883643,350,GET,GET /api/ -> https://redis.io/,0.900000,0.000000,23000,24000,24000,24000,24000,24000,24000,24000,24000,24000,24000,50,0,17000.0,15829.727923998726,5245.063200010918,24468.37059999234,7780.0
1778883643,350,GET,GET /api/ -> https://training.play-with-docker.com/,0.700000,0.000000,20000,21000,21000,21000,21000,21000,21000,21000,21000,21000,21000,18,0,18000.0,18350.75858333342,14831.705200020224,21775.668899994344,1503.0
1778883643,350,GET,GET /api/ -> https://www.python.org/,1.100000,0.000000,19000,19000,19000,19000,22000,22000,22000,22000,22000,22000,22000,111,0,12000.0,11530.462085586125,1980.9161000011954,22777.188699983526,14427.0
1778883643,350,,Aggregated,19.100000,0.000000,18000,19000,19000,19000,21000,22000,23000,24000,24000,24000,24000,1132,2,15000.0,12469.721531625743,84.89369999733754,24468.37059999234,5394.497349823321
1778883644,350,GET,GET /api/ -> http://example.com/,7.200000,0.000000,17000,18000,18000,18000,18000,18000,18000,18000,18000,18000,18000,350,0,15000.0,12225.917202857663,84.89369999733754,21396.413400012534,68.0
1778883644,350,GET,GET /api/ -> https://books.toscrape.com/,4.500000,0.000000,19000,19000,19000,19000,19000,19000,20000,20000,20000,20000,20000,242,0,16000.0,13153.519672727443,1020.3803000040352,22620.533000008436,8223.0
1778883644,350,GET,GET /api/ -> https://docs.docker.com/,1.000000,0.000000,18000,18000,18000,18000,19000,19000,19000,19000,19000,19000,19000,84,0,11000.0,10362.466122619004,1838.2319000083953,19354.08059999463,1856.0
1778883644,350,GET,GET /api/ -> https://flask.palletsprojects.com/,0.400000,0.000000,18000,18000,19000,19000,19000,22000,22000,22000,22000,22000,22000,70,0,12000.0,11427.70547285784,2435.774899990065,21697.3685999983,20936.0
1778883644,350,GET,GET /api/ -> https://github.com/ibnesayeed/linkextractor,0.600000,0.000000,19000,20000,20000,23000,23000,23000,23000,23000,23000,23000,23000,29,0,19000.0,18849.25246551926,14308.068700018339,23197.173199994722,12313.0
1778883644,350,GET,GET /api/ -> https://httpbin.org/,3.200000,0.000000,18000,18000,18000,18000,18000,19000,20000,20000,20000,20000,20000,160,2,14000.0,11596.499721875261,828.2271999923978,22330.918000021484,328.75
1778883644,350,GET,GET /api/ -> https://locust.io/,1.100000,0.000000,19000,19000,19000,19000,19000,21000,21000,21000,21000,21000,21000,41,0,16000.0,14279.444982925936,5925.494800001616,20640.428499988047,5097.0
1778883644,350,GET,GET /api/ -> https://redis.io/,0.900000,0.000000,23000,23000,24000,24000,24000,24000,24000,24000,24000,24000,24000,50,0,17000.0,15829.727923998726,5245.063200010918,24468.37059999234,7780.0
1778883644,350,GET,GET /api/ -> https://training.play-with-docker.com/,0.700000,0.000000,20000,21000,21000,21000,21000,21000,21000,21000,21000,21000,21000,18,0,18000.0,18350.75858333342,14831.705200020224,21775.668899994344,1503.0
1778883644,350,GET,GET /api/ -> https://www.python.org/,1.700000,0.000000,19000,19000,19000,19000,19000,21000,21000,21000,21000,21000,21000,112,0,12000.0,11589.299815179142,1980.9161000011954,22777.188699983526,14427.0
1778883644,350,,Aggregated,21.300000,0.000000,18000,18000,19000,19000,19000,20000,22000,23000,24000,24000,24000,1156,2,15000.0,12577.799714965684,84.89369999733754,24468.37059999234,5437.475778546713
1778883645,350,GET,GET /api/ -> http://example.com/,7.600000,0.000000,17000,17000,18000,18000,18000,18000,18000,18000,18000,18000,18000,357,0,15000.0,12306.338903641892,84.89369999733754,21396.413400012534,68.0
1778883645,350,GET,GET /api/ -> https://books.toscrape.com/,4.800000,0.000000,19000,19000,19000,19000,19000,19000,19000,19000,19000,19000,19000,243,0,16000.0,13175.436495884971,1020.3803000040352,22620.533000008436,8223.0
1778883645,350,GET,GET /api/ -> https://docs.docker.com/,1.100000,0.000000,18000,18000,18000,18000,19000,19000,19000,19000,19000,19000,19000,84,0,11000.0,10362.466122619004,1838.2319000083953,19354.08059999463,1856.0
1778883645,350,GET,GET /api/ -> https://flask.palletsprojects.com/,0.400000,0.000000,18000,18000,18000,19000,19000,19000,19000,19000,19000,19000,19000,70,0,12000.0,11427.70547285784,2435.774899990065,21697.3685999983,20936.0
1778883645,350,GET,GET /api/ -> https://github.com/ibnesayeed/linkextractor,0.500000,0.000000,19000,20000,20000,23000,23000,23000,23000,23000,23000,23000,23000,29,0,19000.0,18849.25246551926,14308.068700018339,23197.173199994722,12313.0
1778883645,350,GET,GET /api/ -> https://httpbin.org/,3.300000,0.000000,18000,18000,18000,18000,18000,18000,18000,18000,18000,18000,18000,166,2,15000.0,11818.440459638656,828.2271999923978,22330.918000021484,328.86746987951807
1778883645,350,GET,GET /api/ -> https://locust.io/,1.100000,0.000000,19000,19000,19000,19000,19000,19000,19000,19000,19000,19000,19000,41,0,16000.0,14279.444982925936,5925.494800001616,20640.428499988047,5097.0
1778883645,350,GET,GET /api/ -> https://redis.io/,0.900000,0.000000,22000,22000,23000,23000,23000,23000,23000,23000,23000,23000,23000,51,0,18000.0,15913.503205880761,5245.063200010918,24468.37059999234,7780.0
1778883645,350,GET,GET /api/ -> https://training.play-with-docker.com/,0.500000,0.000000,18000,18000,18000,18000,18000,18000,18000,18000,18000,18000,18000,19,0,18000.0,18296.470878947537,14831.705200020224,21775.668899994344,1503.0
1778883645,350,GET,GET /api/ -> https://www.python.org/,1.600000,0.000000,19000,19000,19000,19000,19000,19000,19000,19000,19000,19000,19000,112,0,12000.0,11589.299815179142,1980.9161000011954,22777.188699983526,14427.0
1778883645,350,,Aggregated,21.800000,0.000000,18000,18000,19000,19000,19000,19000,21000,22000,23000,23000,23000,1172,2,15000.0,12642.107906228895,84.89369999733754,24468.37059999234,5380.286689419795
1778883646,350,GET,GET /api/ -> http://example.com/,7.600000,0.000000,17000,17000,18000,18000,18000,18000,18000,18000,18000,18000,18000,357,0,15000.0,12306.338903641892,84.89369999733754,21396.413400012534,68.0
1778883646,350,GET,GET /api/ -> https://books.toscrape.com/,5.300000,0.000000,19000,19000,19000,19000,19000,19000,19000,19000,19000,19000,19000,243,0,16000.0,13175.436495884971,1020.3803000040352,22620.533000008436,8223.0
1778883646,350,GET,GET /api/ -> https://docs.docker.com/,1.200000,0.000000,18000,18000,18000,18000,19000,19000,19000,19000,19000,19000,19000,84,0,11000.0,10362.466122619004,1838.2319000083953,19354.08059999463,1856.0
1778883646,350,GET,GET /api/ -> https://flask.palletsprojects.com/,0.400000,0.000000,18000,18000,18000,19000,19000,19000,19000,19000,19000,19000,19000,70,0,12000.0,11427.70547285784,2435.774899990065,21697.3685999983,20936.0
1778883646,350,GET,GET /api/ -> https://github.com/ibnesayeed/linkextractor,0.400000,0.000000,19000,20000,20000,23000,23000,23000,23000,23000,23000,23000,23000,29,0,19000.0,18849.25246551926,14308.068700018339,23197.173199994722,12313.0
1778883646,350,GET,GET /api/ -> https://httpbin.org/,3.200000,0.000000,18000,18000,18000,18000,18000,18000,18000,18000,18000,18000,18000,169,2,15000.0,11922.37492130185,828.2271999923978,22330.918000021484,328.9230769230769
1778883646,350,GET,GET /api/ -> https://locust.io/,1.100000,0.000000,19000,19000,19000,19000,19000,19000,19000,19000,19000,19000,19000,41,0,16000.0,14279.444982925936,5925.494800001616,20640.428499988047,5097.0
1778883646,350,GET,GET /api/ -> https://redis.io/,0.900000,0.000000,22000,22000,23000,23000,23000,23000,23000,23000,23000,23000,23000,51,0,18000.0,15913.503205880761,5245.063200010918,24468.37059999234,7780.0
1778883646,350,GET,GET /api/ -> https://training.play-with-docker.com/,0.500000,0.000000,18000,18000,18000,18000,18000,18000,18000,18000,18000,18000,18000,19,0,18000.0,18296.470878947537,14831.705200020224,21775.668899994344,1503.0
1778883646,350,GET,GET /api/ -> https://www.python.org/,1.900000,0.000000,19000,19000,19000,19000,19000,19000,19000,19000,19000,19000,19000,112,0,12000.0,11589.299815179142,1980.9161000011954,22777.188699983526,14427.0
1778883646,350,,Aggregated,22.500000,0.000000,18000,18000,19000,19000,19000,19000,21000,22000,23000,23000,23000,1175,2,15000.0,12654.953797021499,84.89369999733754,24468.37059999234,5367.397446808511
1778883647,350,GET,GET /api/ -> http://example.com/,6.200000,0.000000,17000,17000,18000,18000,18000,18000,18000,18000,18000,18000,18000,358,0,15000.0,12322.467417598225,84.89369999733754,21396.413400012534,68.0
1778883647,350,GET,GET /api/ -> https://books.toscrape.com/,4.700000,0.000000,19000,19000,19000,19000,19000,20000,20000,20000,20000,20000,20000,245,0,16000.0,13234.695465306326,1020.3803000040352,22620.533000008436,8223.0
1778883647,350,GET,GET /api/ -> https://docs.docker.com/,1.400000,0.000000,18000,18000,18000,18000,19000,19000,19000,19000,19000,19000,19000,84,0,11000.0,10362.466122619004,1838.2319000083953,19354.08059999463,1856.0
1778883647,350,GET,GET /api/ -> https://flask.palletsprojects.com/,1.000000,0.000000,18000,18000,18000,18000,19000,19000,19000,19000,19000,19000,19000,70,0,12000.0,11427.70547285784,2435.774899990065,21697.3685999983,20936.0
1778883647,350,GET,GET /api/ -> https://github.com/ibnesayeed/linkextractor,0.400000,0.000000,19000,19000,20000,20000,20000,20000,20000,20000,20000,20000,20000,29,0,19000.0,18849.25246551926,14308.068700018339,23197.173199994722,12313.0
1778883647,350,GET,GET /api/ -> https://httpbin.org/,2.800000,0.000000,18000,18000,18000,18000,18000,18000,20000,20000,20000,20000,20000,170,2,15000.0,11967.460151764852,828.2271999923978,22330.918000021484,328.94117647058823
1778883647,350,GET,GET /api/ -> https://locust.io/,1.200000,0.000000,19000,19000,19000,19000,19000,19000,19000,19000,19000,19000,19000,41,0,16000.0,14279.444982925936,5925.494800001616,20640.428499988047,5097.0
1778883647,350,GET,GET /api/ -> https://redis.io/,0.800000,0.000000,22000,22000,22000,23000,23000,23000,23000,23000,23000,23000,23000,51,0,18000.0,15913.503205880761,5245.063200010918,24468.37059999234,7780.0
1778883647,350,GET,GET /api/ -> https://training.play-with-docker.com/,0.200000,0.000000,18000,18000,18000,18000,18000,18000,18000,18000,18000,18000,18000,19,0,18000.0,18296.470878947537,14831.705200020224,21775.668899994344,1503.0
1778883647,350,GET,GET /api/ -> https://www.python.org/,1.800000,0.000000,19000,19000,19000,19000,19000,19000,19000,19000,19000,19000,19000,112,0,12000.0,11589.299815179142,1980.9161000011954,22777.188699983526,14427.0
1778883647,350,,Aggregated,20.500000,0.000000,18000,18000,19000,19000,19000,20000,21000,22000,23000,23000,23000,1179,2,15000.0,12678.632097540529,84.89369999733754,24468.37059999234,5363.4758269720105
1778883648,350,GET,GET /api/ -> http://example.com/,6.400000,0.000000,17000,17000,17000,18000,18000,18000,18000,18000,18000,18000,18000,361,0,15000.0,12370.879593906307,84.89369999733754,21396.413400012534,68.0
1778883648,350,GET,GET /api/ -> https://books.toscrape.com/,4.500000,0.000000,19000,19000,19000,19000,20000,20000,20000,20000,20000,20000,20000,251,0,16000.0,13383.243166533937,1020.3803000040352,22620.533000008436,8223.0
1778883648,350,GET,GET /api/ -> https://docs.docker.com/,1.400000,0.000000,18000,19000,19000,19000,19000,20000,20000,20000,20000,20000,20000,89,0,13000.0,10859.452487640227,1838.2319000083953,19921.161000005668,1856.0
1778883648,350,GET,GET /api/ -> https://flask.palletsprojects.com/,1.000000,0.000000,18000,18000,18000,18000,18000,18000,18000,18000,18000,18000,18000,70,0,12000.0,11427.70547285784,2435.774899990065,21697.3685999983,20936.0
1778883648,350,GET,GET /api/ -> https://github.com/ibnesayeed/linkextractor,0.400000,0.000000,19000,19000,20000,20000,20000,20000,20000,20000,20000,20000,20000,29,0,19000.0,18849.25246551926,14308.068700018339,23197.173199994722,12313.0
1778883648,350,GET,GET /api/ -> https://httpbin.org/,3.200000,0.000000,18000,18000,18000,18000,18000,19000,20000,20000,20000,20000,20000,174,2,15000.0,12115.385802873661,828.2271999923978,22330.918000021484,329.01149425287355
1778883648,350,GET,GET /api/ -> https://locust.io/,1.100000,0.000000,19000,19000,19000,19000,19000,19000,19000,19000,19000,19000,19000,41,0,16000.0,14279.444982925936,5925.494800001616,20640.428499988047,5097.0
1778883648,350,GET,GET /api/ -> https://redis.io/,0.600000,0.000000,22000,22000,22000,22000,23000,23000,23000,23000,23000,23000,23000,52,0,18000.0,16025.947815383215,5245.063200010918,24468.37059999234,7780.0
1778883648,350,GET,GET /api/ -> https://training.play-with-docker.com/,0.300000,0.000000,18000,18000,19000,19000,19000,19000,19000,19000,19000,19000,19000,21,0,18000.0,18336.13347142957,14831.705200020224,21775.668899994344,1503.0
1778883648,350,GET,GET /api/ -> https://www.python.org/,1.700000,0.000000,19000,19000,19000,19000,19000,19000,19000,19000,19000,19000,19000,117,0,12000.0,11899.813573504749,1980.9161000011954,22777.188699983526,14427.0
1778883648,350,,Aggregated,20.600000,0.000000,18000,18000,19000,19000,19000,20000,20000,21000,22000,22000,22000,1205,2,16000.0,12815.237506722206,84.89369999733754,24468.37059999234,5366.480497925311
1778883650,350,GET,GET /api/ -> http://example.com/,5.800000,0.000000,17000,17000,17000,18000,18000,18000,18000,18000,18000,18000,18000,361,0,15000.0,12370.879593906307,84.89369999733754,21396.413400012534,68.0
1778883650,350,GET,GET /api/ -> https://books.toscrape.com/,4.000000,0.000000,19000,19000,19000,20000,20000,20000,20000,20000,20000,20000,20000,254,0,16000.0,13452.092666929328,1020.3803000040352,22620.533000008436,8223.0
1778883650,350,GET,GET /api/ -> https://docs.docker.com/,1.400000,0.000000,19000,19000,19000,19000,19000,20000,20000,20000,20000,20000,20000,89,0,13000.0,10859.452487640227,1838.2319000083953,19921.161000005668,1856.0
1778883650,350,GET,GET /api/ -> https://flask.palletsprojects.com/,1.000000,0.000000,18000,18000,18000,18000,18000,18000,18000,18000,18000,18000,18000,70,0,12000.0,11427.70547285784,2435.774899990065,21697.3685999983,20936.0
1778883650,350,GET,GET /api/ -> https://github.com/ibnesayeed/linkextractor,0.400000,0.000000,19000,19000,20000,20000,20000,20000,20000,20000,20000,20000,20000,29,0,19000.0,18849.25246551926,14308.068700018339,23197.173199994722,12313.0
1778883650,350,GET,GET /api/ -> https://httpbin.org/,2.900000,0.000000,18000,18000,18000,18000,19000,19000,20000,20000,20000,20000,20000,183,2,16000.0,12397.165491803275,828.2271999923978,22330.918000021484,329.1584699453552
1778883650,350,GET,GET /api/ -> https://locust.io/,0.800000,0.000000,19000,19000,19000,19000,19000,19000,19000,19000,19000,19000,19000,41,0,16000.0,14279.444982925936,5925.494800001616,20640.428499988047,5097.0
1778883650,350,GET,GET /api/ -> https://redis.io/,0.500000,0.000000,21000,21000,22000,22000,22000,22000,22000,22000,22000,22000,22000,52,0,18000.0,16025.947815383215,5245.063200010918,24468.37059999234,7780.0
1778883650,350,GET,GET /api/ -> https://training.play-with-docker.com/,0.300000,0.000000,18000,18000,18000,18000,19000,19000,19000,19000,19000,19000,19000,23,0,18000.0,18220.836578260943,14831.705200020224,21775.668899994344,1503.0
1778883650,350,GET,GET /api/ -> https://www.python.org/,1.600000,0.000000,19000,19000,19000,19000,19000,19000,19000,19000,19000,19000,19000,118,0,12000.0,11959.663230508972,1980.9161000011954,22777.188699983526,14427.0
1778883650,350,,Aggregated,18.700000,0.000000,18000,18000,19000,19000,19000,20000,20000,20000,22000,22000,22000,1220,2,16000.0,12879.98800409857,84.89369999733754,24468.37059999234,5337.458196721312
1778883651,350,GET,GET /api/ -> http://example.com/,5.500000,0.000000,17000,17000,17000,18000,18000,18000,18000,18000,18000,18000,18000,361,0,15000.0,12370.879593906307,84.89369999733754,21396.413400012534,68.0
1778883651,350,GET,GET /api/ -> https://books.toscrape.com/,4.000000,0.000000,19000,19000,20000,20000,20000,20000,20000,20000,20000,20000,20000,258,0,17000.0,13528.21236356603,1020.3803000040352,22620.533000008436,8223.0
1778883651,350,GET,GET /api/ -> https://docs.docker.com/,1.300000,0.000000,19000,19000,19000,19000,19000,20000,20000,20000,20000,20000,20000,91,0,13000.0,11012.696857142626,1838.2319000083953,19921.161000005668,1856.0
1778883651,350,GET,GET /api/ -> https://flask.palletsprojects.com/,0.900000,0.000000,18000,18000,18000,18000,18000,18000,18000,18000,18000,18000,18000,70,0,12000.0,11427.70547285784,2435.774899990065,21697.3685999983,20936.0
1778883651,350,GET,GET /api/ -> https://github.com/ibnesayeed/linkextractor,0.400000,0.000000,19000,19000,19000,19000,19000,19000,19000,19000,19000,19000,19000,29,0,19000.0,18849.25246551926,14308.068700018339,23197.173199994722,12313.0
1778883651,350,GET,GET /api/ -> https://httpbin.org/,3.000000,0.000000,18000,18000,18000,18000,19000,19000,20000,20000,20000,20000,20000,185,2,17000.0,12447.244809189267,828.2271999923978,22330.918000021484,329.18918918918916
1778883651,350,GET,GET /api/ -> https://locust.io/,0.400000,0.000000,19000,19000,19000,19000,19000,19000,19000,19000,19000,19000,19000,41,0,16000.0,14279.444982925936,5925.494800001616,20640.428499988047,5097.0
1778883651,350,GET,GET /api/ -> https://redis.io/,0.500000,0.000000,21000,21000,22000,22000,22000,22000,22000,22000,22000,22000,22000,52,0,18000.0,16025.947815383215,5245.063200010918,24468.37059999234,7780.0
1778883651,350,GET,GET /api/ -> https://training.play-with-docker.com/,0.200000,0.000000,17000,18000,18000,18000,19000,19000,19000,19000,19000,19000,19000,24,0,18000.0,18172.019958333596,14831.705200020224,21775.668899994344,1503.0
1778883651,350,GET,GET /api/ -> https://www.python.org/,1.600000,0.000000,19000,19000,19000,19000,19000,20000,20000,20000,20000,20000,20000,119,0,12000.0,12023.473907563397,1980.9161000011954,22777.188699983526,14427.0
1778883651,350,,Aggregated,17.800000,0.000000,18000,19000,19000,19000,19000,20000,20000,20000,22000,22000,22000,1230,2,16000.0,12921.42937902459,84.89369999733754,24468.37059999234,5337.314634146342
1778883652,350,GET,GET /api/ -> http://example.com/,5.000000,0.000000,17000,17000,17000,18000,18000,18000,18000,18000,18000,18000,18000,361,0,15000.0,12370.879593906307,84.89369999733754,21396.413400012534,68.0
1778883652,350,GET,GET /api/ -> https://books.toscrape.com/,4.100000,0.000000,19000,19000,20000,20000,20000,20000,20000,20000,20000,20000,20000,266,0,18000.0,13670.979282706901,1020.3803000040352,22620.533000008436,8223.0
1778883652,350,GET,GET /api/ -> https://docs.docker.com/,1.300000,0.000000,19000,19000,19000,19000,20000,20000,20000,20000,20000,20000,20000,91,0,13000.0,11012.696857142626,1838.2319000083953,19921.161000005668,1856.0
1778883652,350,GET,GET /api/ -> https://flask.palletsprojects.com/,0.800000,0.000000,18000,18000,18000,18000,18000,18000,18000,18000,18000,18000,18000,70,0,12000.0,11427.70547285784,2435.774899990065,21697.3685999983,20936.0
1778883652,350,GET,GET /api/ -> https://github.com/ibnesayeed/linkextractor,0.400000,0.000000,19000,19000,19000,19000,19000,19000,19000,19000,19000,19000,19000,29,0,19000.0,18849.25246551926,14308.068700018339,23197.173199994722,12313.0
1778883652,350,GET,GET /api/ -> https://httpbin.org/,3.400000,0.000000,18000,18000,18000,18000,19000,19000,20000,20000,20000,20000,20000,187,2,17000.0,12503.758655614964,828.2271999923978,22330.918000021484,329.2192513368984
1778883652,350,GET,GET /api/ -> https://locust.io/,0.200000,0.000000,18000,18000,18000,18000,18000,18000,18000,18000,18000,18000,18000,41,0,16000.0,14279.444982925936,5925.494800001616,20640.428499988047,5097.0
1778883652,350,GET,GET /api/ -> https://redis.io/,0.300000,0.000000,23000,23000,23000,23000,23000,23000,23000,23000,23000,23000,23000,54,0,19000.0,16284.031344443469,5245.063200010918,24468.37059999234,7780.0
1778883652,350,GET,GET /api/ -> https://training.play-with-docker.com/,0.400000,0.000000,17000,17000,18000,18000,19000,19000,19000,19000,19000,19000,19000,24,0,18000.0,18172.019958333596,14831.705200020224,21775.668899994344,1503.0
1778883652,350,GET,GET /api/ -> https://www.python.org/,1.900000,0.000000,19000,19000,19000,19000,19000,20000,20000,20000,20000,20000,20000,120,0,12000.0,12078.4805775004,1980.9161000011954,22777.188699983526,14427.0
1778883652,350,,Aggregated,17.800000,0.000000,18000,19000,19000,19000,20000,20000,22000,23000,23000,23000,23000,1243,2,16000.0,12984.420832663116,84.89369999733754,24468.37059999234,5359.076427996782
1778883653,350,GET,GET /api/ -> http://example.com/,3.900000,0.000000,17000,17000,18000,18000,18000,18000,18000,18000,18000,18000,18000,362,0,15000.0,12385.939612155194,84.89369999733754,21396.413400012534,68.0
1778883653,350,GET,GET /api/ -> https://books.toscrape.com/,3.900000,0.000000,19000,19000,20000,20000,20000,20000,20000,20000,20000,20000,20000,268,0,18000.0,13709.70045111943,1020.3803000040352,22620.533000008436,8223.0
1778883653,350,GET,GET /api/ -> https://docs.docker.com/,1.100000,0.000000,19000,19000,19000,19000,20000,20000,20000,20000,20000,20000,20000,92,0,13000.0,11103.617757608488,1838.2319000083953,19921.161000005668,1856.0
1778883653,350,GET,GET /api/ -> https://flask.palletsprojects.com/,0.700000,0.000000,18000,18000,18000,18000,18000,18000,18000,18000,18000,18000,18000,70,0,12000.0,11427.70547285784,2435.774899990065,21697.3685999983,20936.0
1778883653,350,GET,GET /api/ -> https://github.com/ibnesayeed/linkextractor,0.400000,0.000000,19000,19000,19000,19000,19000,19000,19000,19000,19000,19000,19000,29,0,19000.0,18849.25246551926,14308.068700018339,23197.173199994722,12313.0
1778883653,350,GET,GET /api/ -> https://httpbin.org/,4.000000,0.000000,18000,18000,18000,18000,19000,19000,20000,20000,20000,20000,20000,188,2,17000.0,12534.60968031915,828.2271999923978,22330.918000021484,329.2340425531915
1778883653,350,GET,GET /api/ -> https://locust.io/,0.200000,0.000000,18000,18000,18000,18000,18000,18000,18000,18000,18000,18000,18000,41,0,16000.0,14279.444982925936,5925.494800001616,20640.428499988047,5097.0
1778883653,350,GET,GET /api/ -> https://redis.io/,0.300000,0.000000,23000,23000,23000,23000,24000,24000,24000,24000,24000,24000,24000,57,0,20000.0,16657.20697894658,5245.063200010918,24468.37059999234,7780.0
1778883653,350,GET,GET /api/ -> https://training.play-with-docker.com/,0.600000,0.000000,17000,17000,18000,18000,19000,19000,19000,19000,19000,19000,19000,24,0,18000.0,18172.019958333596,14831.705200020224,21775.668899994344,1503.0
1778883653,350,GET,GET /api/ -> https://www.python.org/,1.800000,0.000000,19000,19000,19000,19000,20000,20000,20000,20000,20000,20000,20000,122,0,14000.0,12199.888086065957,1980.9161000011954,22777.188699983526,14427.0
1778883653,350,,Aggregated,16.900000,0.000000,18000,19000,19000,19000,20000,22000,23000,23000,24000,24000,24000,1253,2,16000.0,13042.25848866739,84.89369999733754,24468.37059999234,5372.887470071828
1778883654,350,GET,GET /api/ -> http://example.com/,3.400000,0.000000,17000,18000,18000,18000,18000,18000,18000,18000,18000,18000,18000,362,0,15000.0,12385.939612155194,84.89369999733754,21396.413400012534,68.0
1778883654,350,GET,GET /api/ -> https://books.toscrape.com/,4.100000,0.000000,19000,20000,20000,20000,20000,20000,20000,20000,20000,20000,20000,269,0,18000.0,13731.457383643223,1020.3803000040352,22620.533000008436,8223.0
1778883654,350,GET,GET /api/ -> https://docs.docker.com/,1.100000,0.000000,19000,19000,19000,19000,19000,20000,20000,20000,20000,20000,20000,93,0,13000.0,11189.854411827651,1838.2319000083953,19921.161000005668,1856.0
1778883654,350,GET,GET /api/ -> https://flask.palletsprojects.com/,0.700000,0.000000,18000,18000,18000,18000,18000,18000,18000,18000,18000,18000,18000,70,0,12000.0,11427.70547285784,2435.774899990065,21697.3685999983,20936.0
1778883654,350,GET,GET /api/ -> https://github.com/ibnesayeed/linkextractor,0.200000,0.000000,19000,19000,19000,19000,19000,19000,19000,19000,19000,19000,19000,29,0,19000.0,18849.25246551926,14308.068700018339,23197.173199994722,12313.0
1778883654,350,GET,GET /api/ -> https://httpbin.org/,3.600000,0.000000,18000,18000,19000,19000,19000,20000,20000,20000,20000,20000,20000,192,2,17000.0,12674.894820312458,828.2271999923978,22330.918000021484,329.2916666666667
1778883654,350,GET,GET /api/ -> https://locust.io/,0.100000,0.000000,18000,18000,18000,18000,18000,18000,18000,18000,18000,18000,18000,41,0,16000.0,14279.444982925936,5925.494800001616,20640.428499988047,5097.0
1778883654,350,GET,GET /api/ -> https://redis.io/,0.400000,0.000000,23000,23000,23000,23000,24000,24000,24000,24000,24000,24000,24000,57,0,20000.0,16657.20697894658,5245.063200010918,24468.37059999234,7780.0
1778883654,350,GET,GET /api/ -> https://training.play-with-docker.com/,0.600000,0.000000,17000,17000,18000,18000,19000,19000,19000,19000,19000,19000,19000,24,0,18000.0,18172.019958333596,14831.705200020224,21775.668899994344,1503.0
1778883654,350,GET,GET /api/ -> https://www.python.org/,1.400000,0.000000,19000,19000,20000,20000,20000,20000,20000,20000,20000,20000,20000,124,0,15000.0,12331.929266935584,1980.9161000011954,22777.188699983526,14427.0
1778883654,350,,Aggregated,15.600000,0.000000,18000,19000,19000,20000,20000,22000,23000,23000,24000,24000,24000,1261,2,16000.0,13083.649402379227,84.89369999733754,24468.37059999234,5370.72878667724
1778883655,350,GET,GET /api/ -> http://example.com/,3.000000,0.000000,17000,18000,18000,18000,18000,18000,18000,18000,18000,18000,18000,362,0,15000.0,12385.939612155194,84.89369999733754,21396.413400012534,68.0
1778883655,350,GET,GET /api/ -> https://books.toscrape.com/,3.800000,0.000000,19000,20000,20000,20000,20000,20000,20000,20000,20000,20000,20000,273,0,18000.0,13825.939537362749,1020.3803000040352,22620.533000008436,8223.0
1778883655,350,GET,GET /api/ -> https://docs.docker.com/,1.100000,0.000000,19000,19000,19000,19000,19000,20000,20000,20000,20000,20000,20000,93,0,13000.0,11189.854411827651,1838.2319000083953,19921.161000005668,1856.0
1778883655,350,GET,GET /api/ -> https://flask.palletsprojects.com/,0.700000,0.000000,18000,18000,18000,18000,18000,18000,18000,18000,18000,18000,18000,70,0,12000.0,11427.70547285784,2435.774899990065,21697.3685999983,20936.0
1778883655,350,GET,GET /api/ -> https://github.com/ibnesayeed/linkextractor,0.100000,0.000000,19000,19000,19000,19000,19000,19000,19000,19000,19000,19000,19000,29,0,19000.0,18849.25246551926,14308.068700018339,23197.173199994722,12313.0
1778883655,350,GET,GET /api/ -> https://httpbin.org/,3.600000,0.000000,18000,19000,19000,19000,20000,20000,20000,20000,20000,20000,20000,195,2,17000.0,12788.712729743496,828.2271999923978,22330.918000021484,329.3333333333333
1778883655,350,GET,GET /api/ -> https://locust.io/,0.100000,0.000000,20000,20000,20000,20000,20000,20000,20000,20000,20000,20000,20000,43,0,16000.0,14560.925093023268,5925.494800001616,20640.428499988047,5097.0
1778883655,350,GET,GET /api/ -> https://redis.io/,0.700000,0.000000,23000,23000,24000,24000,25000,25000,25000,25000,25000,25000,25000,58,0,20000.0,16795.357932758132,5245.063200010918,24669.962300016778,7780.0
1778883655,350,GET,GET /api/ -> https://training.play-with-docker.com/,0.600000,0.000000,17000,18000,19000,19000,20000,20000,20000,20000,20000,20000,20000,25,0,18000.0,18248.689920000033,14831.705200020224,21775.668899994344,1503.0
1778883655,350,GET,GET /api/ -> https://www.python.org/,1.600000,0.000000,19000,20000,20000,20000,21000,21000,21000,21000,21000,21000,21000,127,0,17000.0,12526.491990551265,1980.9161000011954,22777.188699983526,14427.0
1778883655,350,,Aggregated,15.300000,0.000000,19000,20000,20000,20000,20000,23000,23000,24000,25000,25000,25000,1275,2,17000.0,13165.919255215878,84.89369999733754,24669.962300016778,5387.556862745098
1778883656,350,GET,GET /api/ -> http://example.com/,3.000000,0.000000,18000,18000,18000,18000,18000,18000,18000,18000,18000,18000,18000,362,0,15000.0,12385.939612155194,84.89369999733754,21396.413400012534,68.0
1778883656,350,GET,GET /api/ -> https://books.toscrape.com/,3.800000,0.000000,20000,20000,20000,20000,21000,21000,21000,21000,21000,21000,21000,277,0,18000.0,13925.189627798021,1020.3803000040352,22620.533000008436,8223.0
1778883656,350,GET,GET /api/ -> https://docs.docker.com/,1.100000,0.000000,19000,19000,19000,20000,21000,21000,21000,21000,21000,21000,21000,94,0,13000.0,11291.26037127633,1838.2319000083953,20722.014600003604,1856.0
1778883656,350,GET,GET /api/ -> https://flask.palletsprojects.com/,0.700000,0.000000,18000,18000,18000,18000,18000,18000,18000,18000,18000,18000,18000,70,0,12000.0,11427.70547285784,2435.774899990065,21697.3685999983,20936.0
1778883656,350,GET,GET /api/ -> https://github.com/ibnesayeed/linkextractor,0.100000,0.000000,19000,19000,19000,19000,19000,19000,19000,19000,19000,19000,19000,29,0,19000.0,18849.25246551926,14308.068700018339,23197.173199994722,12313.0
1778883656,350,GET,GET /api/ -> https://httpbin.org/,3.600000,0.000000,18000,19000,19000,19000,20000,20000,20000,20000,20000,20000,20000,195,2,17000.0,12788.712729743496,828.2271999923978,22330.918000021484,329.3333333333333
1778883656,350,GET,GET /api/ -> https://locust.io/,0.100000,0.000000,20000,20000,20000,20000,20000,20000,20000,20000,20000,20000,20000,43,0,16000.0,14560.925093023268,5925.494800001616,20640.428499988047,5097.0
1778883656,350,GET,GET /api/ -> https://redis.io/,0.700000,0.000000,23000,24000,25000,25000,25000,25000,25000,25000,25000,25000,25000,59,0,20000.0,16937.898947457266,5245.063200010918,25205.277800007025,7780.0
1778883656,350,GET,GET /api/ -> https://training.play-with-docker.com/,0.600000,0.000000,18000,18000,19000,19000,20000,20000,20000,20000,20000,20000,20000,25,0,18000.0,18248.689920000033,14831.705200020224,21775.668899994344,1503.0
1778883656,350,GET,GET /api/ -> https://www.python.org/,1.600000,0.000000,19000,20000,20000,20000,21000,21000,21000,21000,21000,21000,21000,127,0,17000.0,12526.491990551265,1980.9161000011954,22777.188699983526,14427.0
1778883656,350,,Aggregated,15.300000,0.000000,19000,20000,20000,20000,21000,23000,24000,25000,25000,25000,25000,1281,2,17000.0,13204.738779079064,84.89369999733754,25205.277800007025,5395.521467603435
1778883657,350,GET,GET /api/ -> http://example.com/,1.900000,0.000000,18000,18000,18000,18000,18000,18000,18000,18000,18000,18000,18000,362,0,15000.0,12385.939612155194,84.89369999733754,21396.413400012534,68.0
1778883657,350,GET,GET /api/ -> https://books.toscrape.com/,2.900000,0.000000,20000,20000,20000,20000,21000,22000,22000,22000,22000,22000,22000,279,0,18000.0,13981.038856630928,1020.3803000040352,22620.533000008436,8223.0
1778883657,350,GET,GET /api/ -> https://docs.docker.com/,1.100000,0.000000,19000,19000,19000,20000,21000,21000,21000,21000,21000,21000,21000,94,0,13000.0,11291.26037127633,1838.2319000083953,20722.014600003604,1856.0
1778883657,350,GET,GET /api/ -> https://flask.palletsprojects.com/,0.600000,0.000000,18000,18000,18000,18000,18000,18000,18000,18000,18000,18000,18000,70,0,12000.0,11427.70547285784,2435.774899990065,21697.3685999983,20936.0
1778883657,350,GET,GET /api/ -> https://github.com/ibnesayeed/linkextractor,0.100000,0.000000,19000,19000,19000,19000,19000,19000,19000,19000,19000,19000,19000,29,0,19000.0,18849.25246551926,14308.068700018339,23197.173199994722,12313.0
1778883657,350,GET,GET /api/ -> https://httpbin.org/,3.500000,0.000000,18000,19000,19000,19000,20000,20000,20000,20000,20000,20000,20000,195,2,17000.0,12788.712729743496,828.2271999923978,22330.918000021484,329.3333333333333
1778883657,350,GET,GET /api/ -> https://locust.io/,0.100000,0.000000,20000,20000,20000,20000,20000,20000,20000,20000,20000,20000,20000,43,0,16000.0,14560.925093023268,5925.494800001616,20640.428499988047,5097.0
1778883657,350,GET,GET /api/ -> https://redis.io/,0.700000,0.000000,23000,24000,25000,25000,25000,25000,25000,25000,25000,25000,25000,59,0,20000.0,16937.898947457266,5245.063200010918,25205.277800007025,7780.0
1778883657,350,GET,GET /api/ -> https://training.play-with-docker.com/,0.600000,0.000000,18000,18000,19000,19000,20000,20000,20000,20000,20000,20000,20000,25,0,18000.0,18248.689920000033,14831.705200020224,21775.668899994344,1503.0
1778883657,350,GET,GET /api/ -> https://www.python.org/,1.200000,0.000000,20000,20000,20000,20000,21000,21000,21000,21000,21000,21000,21000,128,0,17000.0,12596.541357031356,1980.9161000011954,22777.188699983526,14427.0
1778883657,350,,Aggregated,12.700000,0.000000,19000,20000,20000,20000,21000,23000,24000,25000,25000,25000,25000,1284,2,17000.0,13224.45132476656,84.89369999733754,25205.277800007025,5406.959501557632
1778883658,350,GET,GET /api/ -> http://example.com/,0.500000,0.000000,18000,18000,18000,18000,18000,18000,18000,18000,18000,18000,18000,362,0,15000.0,12385.939612155194,84.89369999733754,21396.413400012534,68.0
1778883658,350,GET,GET /api/ -> https://books.toscrape.com/,3.400000,0.000000,20000,20000,21000,21000,22000,23000,23000,23000,23000,23000,23000,281,0,18000.0,14045.830281850705,1020.3803000040352,23125.18520001322,8223.0
1778883658,350,GET,GET /api/ -> https://docs.docker.com/,1.000000,0.000000,19000,19000,19000,20000,21000,21000,21000,21000,21000,21000,21000,94,0,13000.0,11291.26037127633,1838.2319000083953,20722.014600003604,1856.0
1778883658,350,GET,GET /api/ -> https://flask.palletsprojects.com/,0.000000,0.000000,18000,18000,18000,18000,18000,18000,18000,18000,18000,18000,18000,70,0,12000.0,11427.70547285784,2435.774899990065,21697.3685999983,20936.0
1778883658,350,GET,GET /api/ -> https://github.com/ibnesayeed/linkextractor,0.000000,0.000000,19000,19000,19000,19000,19000,19000,19000,19000,19000,19000,19000,29,0,19000.0,18849.25246551926,14308.068700018339,23197.173199994722,12313.0
1778883658,350,GET,GET /api/ -> https://httpbin.org/,2.700000,0.000000,18000,19000,19000,19000,20000,20000,20000,20000,20000,20000,20000,195,2,17000.0,12788.712729743496,828.2271999923978,22330.918000021484,329.3333333333333
1778883658,350,GET,GET /api/ -> https://locust.io/,0.200000,0.000000,20000,20000,20000,20000,20000,20000,20000,20000,20000,20000,20000,43,0,16000.0,14560.925093023268,5925.494800001616,20640.428499988047,5097.0
1778883658,350,GET,GET /api/ -> https://redis.io/,0.800000,0.000000,23000,24000,25000,25000,25000,25000,25000,25000,25000,25000,25000,59,0,20000.0,16937.898947457266,5245.063200010918,25205.277800007025,7780.0
1778883658,350,GET,GET /api/ -> https://training.play-with-docker.com/,0.600000,0.000000,17000,17000,20000,20000,20000,20000,20000,20000,20000,20000,20000,25,0,18000.0,18248.689920000033,14831.705200020224,21775.668899994344,1503.0
1778883658,350,GET,GET /api/ -> https://www.python.org/,1.500000,0.000000,20000,21000,23000,23000,23000,23000,23000,23000,23000,23000,23000,132,0,17000.0,12917.514280303405,1980.9161000011954,23288.262200017925,14427.0
1778883658,350,,Aggregated,10.700000,0.000000,19000,20000,21000,21000,23000,23000,25000,25000,25000,25000,25000,1290,2,17000.0,13270.634543023503,84.89369999733754,25205.277800007025,5439.294573643411
1778883659,350,GET,GET /api/ -> http://example.com/,0.500000,0.000000,18000,18000,23000,23000,23000,23000,23000,23000,23000,23000,23000,363,0,15000.0,12414.31033030351,84.89369999733754,22684.510299994145,68.0
1778883659,350,GET,GET /api/ -> https://books.toscrape.com/,3.400000,0.000000,21000,23000,23000,23000,23000,23000,24000,24000,24000,24000,24000,293,0,18000.0,14423.814250170573,1020.3803000040352,23522.616899979766,8223.0
1778883659,350,GET,GET /api/ -> https://docs.docker.com/,1.000000,0.000000,19000,19000,21000,21000,23000,23000,23000,23000,23000,23000,23000,95,0,14000.0,11413.433791578465,1838.2319000083953,22897.735299979104,1856.0
1778883659,350,GET,GET /api/ -> https://flask.palletsprojects.com/,0.000000,0.000000,18000,18000,18000,18000,18000,18000,18000,18000,18000,18000,18000,70,0,12000.0,11427.70547285784,2435.774899990065,21697.3685999983,20936.0
1778883659,350,GET,GET /api/ -> https://github.com/ibnesayeed/linkextractor,0.000000,0.000000,19000,19000,19000,19000,19000,19000,19000,19000,19000,19000,19000,29,0,19000.0,18849.25246551926,14308.068700018339,23197.173199994722,12313.0
1778883659,350,GET,GET /api/ -> https://httpbin.org/,2.700000,0.000000,19000,20000,20000,20000,20000,23000,23000,23000,23000,23000,23000,196,2,17000.0,12840.108210204009,828.2271999923978,22862.226900004316,329.3469387755102
1778883659,350,GET,GET /api/ -> https://locust.io/,0.200000,0.000000,20000,20000,23000,23000,23000,23000,23000,23000,23000,23000,23000,44,0,16000.0,14753.593338636247,5925.494800001616,23038.32789999433,5097.0
1778883659,350,GET,GET /api/ -> https://redis.io/,0.800000,0.000000,24000,25000,25000,25000,25000,25000,25000,25000,25000,25000,25000,60,0,20000.0,17071.931694999512,5245.063200010918,25205.277800007025,7780.0
1778883659,350,GET,GET /api/ -> https://training.play-with-docker.com/,0.600000,0.000000,20000,20000,20000,20000,20000,20000,20000,20000,20000,20000,20000,25,0,18000.0,18248.689920000033,14831.705200020224,21775.668899994344,1503.0
1778883659,350,GET,GET /api/ -> https://www.python.org/,1.500000,0.000000,21000,23000,23000,23000,23000,23000,23000,23000,23000,23000,23000,134,0,18000.0,13072.384384328478,1980.9161000011954,23334.424699976807,14427.0
1778883659,350,,Aggregated,10.700000,0.000000,20000,23000,23000,23000,23000,24000,25000,25000,25000,25000,25000,1309,2,17000.0,13415.94202696729,84.89369999733754,25205.277800007025,5469.330022918258
1778883660,350,GET,GET /api/ -> http://example.com/,0.300000,0.000000,23000,23000,23000,23000,23000,23000,23000,23000,23000,23000,23000,366,0,15000.0,12498.500655191712,84.89369999733754,22790.202100004535,68.0
1778883660,350,GET,GET /api/ -> https://books.toscrape.com/,3.600000,0.000000,22000,23000,23000,23000,24000,24000,24000,24000,24000,24000,24000,297,0,18000.0,14547.77276801334,1020.3803000040352,23833.626000006916,8223.0
1778883660,350,GET,GET /api/ -> https://docs.docker.com/,1.000000,0.000000,19000,21000,23000,23000,24000,24000,24000,24000,24000,24000,24000,96,0,14000.0,11541.893520832673,1838.2319000083953,23745.567799982382,1856.0
1778883660,350,GET,GET /api/ -> https://flask.palletsprojects.com/,0.000000,0.000000,18000,18000,18000,18000,18000,18000,18000,18000,18000,18000,18000,70,0,12000.0,11427.70547285784,2435.774899990065,21697.3685999983,20936.0
1778883660,350,GET,GET /api/ -> https://github.com/ibnesayeed/linkextractor,0.000000,0.000000,19000,19000,19000,19000,19000,19000,19000,19000,19000,19000,19000,29,0,19000.0,18849.25246551926,14308.068700018339,23197.173199994722,12313.0
1778883660,350,GET,GET /api/ -> https://httpbin.org/,2.500000,0.000000,20000,23000,23000,23000,23000,23000,23000,23000,23000,23000,23000,202,2,17000.0,13149.539434158401,828.2271999923978,23307.88740000571,329.4257425742574
1778883660,350,GET,GET /api/ -> https://locust.io/,0.200000,0.000000,23000,23000,24000,24000,24000,24000,24000,24000,24000,24000,24000,45,0,17000.0,14950.85552222186,5925.494800001616,23630.391599988798,5097.0
1778883660,350,GET,GET /api/ -> https://redis.io/,0.800000,0.000000,24000,25000,25000,25000,25000,25000,25000,25000,25000,25000,25000,60,0,20000.0,17071.931694999512,5245.063200010918,25205.277800007025,7780.0
1778883660,350,GET,GET /api/ -> https://training.play-with-docker.com/,0.600000,0.000000,20000,20000,20000,20000,20000,20000,20000,20000,20000,20000,20000,25,0,18000.0,18248.689920000033,14831.705200020224,21775.668899994344,1503.0
1778883660,350,GET,GET /api/ -> https://www.python.org/,1.800000,0.000000,21000,23000,23000,23000,23000,24000,24000,24000,24000,24000,24000,135,0,18000.0,13150.177541481658,1980.9161000011954,23574.460600008024,14427.0
1778883660,350,,Aggregated,10.800000,0.000000,23000,23000,23000,23000,24000,24000,25000,25000,25000,25000,25000,1325,2,17000.0,13535.495710566145,84.89369999733754,25205.277800007025,5445.902641509434
1778883661,350,GET,GET /api/ -> http://example.com/,0.200000,0.000000,23000,23000,23000,23000,23000,23000,23000,23000,23000,23000,23000,367,0,15000.0,12525.992101907763,84.89369999733754,22790.202100004535,68.0
1778883661,350,GET,GET /api/ -> https://books.toscrape.com/,4.200000,0.000000,23000,23000,23000,24000,24000,24000,24000,24000,24000,24000,24000,300,0,18000.0,14640.910311333124,1020.3803000040352,24035.203599982196,8223.0
1778883661,350,GET,GET /api/ -> https://docs.docker.com/,0.600000,0.000000,21000,23000,23000,24000,24000,24000,24000,24000,24000,24000,24000,96,0,14000.0,11541.893520832673,1838.2319000083953,23745.567799982382,1856.0
1778883661,350,GET,GET /api/ -> https://flask.palletsprojects.com/,0.000000,0.000000,18000,18000,18000,18000,23000,23000,23000,23000,23000,23000,23000,71,0,12000.0,11596.686080282203,2435.774899990065,23425.32859998755,20936.0
1778883661,350,GET,GET /api/ -> https://github.com/ibnesayeed/linkextractor,0.000000,0.000000,25000,25000,25000,25000,25000,25000,25000,25000,25000,25000,25000,30,0,19000.0,19048.250746668782,14308.068700018339,24819.200900004944,12313.0
1778883661,350,GET,GET /api/ -> https://httpbin.org/,2.200000,0.000000,23000,23000,23000,23000,23000,24000,24000,24000,24000,24000,24000,205,2,17000.0,13299.010099999889,828.2271999923978,23546.75280000083,329.4634146341463
1778883661,350,GET,GET /api/ -> https://locust.io/,0.300000,0.000000,23000,24000,24000,24000,24000,24000,24000,24000,24000,24000,24000,46,0,17000.0,15144.990965216572,5925.494800001616,23881.085899978643,5097.0
1778883661,350,GET,GET /api/ -> https://redis.io/,0.800000,0.000000,25000,25000,25000,25000,25000,25000,25000,25000,25000,25000,25000,60,0,20000.0,17071.931694999512,5245.063200010918,25205.277800007025,7780.0
1778883661,350,GET,GET /api/ -> https://training.play-with-docker.com/,0.400000,0.000000,20000,20000,20000,20000,20000,20000,20000,20000,20000,20000,20000,25,0,18000.0,18248.689920000033,14831.705200020224,21775.668899994344,1503.0
1778883661,350,GET,GET /api/ -> https://www.python.org/,1.700000,0.000000,23000,23000,24000,24000,24000,24000,24000,24000,24000,24000,24000,140,0,18000.0,13542.902643571766,1980.9161000011954,24304.340300004696,14427.0
1778883661,350,,Aggregated,10.400000,0.000000,23000,23000,23000,24000,24000,24000,25000,25000,25000,25000,25000,1340,2,17000.0,13650.486851940357,84.89369999733754,25205.277800007025,5486.5932835820895
1778883662,350,GET,GET /api/ -> http://example.com/,0.500000,0.000000,23000,23000,23000,23000,23000,23000,23000,23000,23000,23000,23000,367,0,15000.0,12525.992101907763,84.89369999733754,22790.202100004535,68.0
1778883662,350,GET,GET /api/ -> https://books.toscrape.com/,4.200000,0.000000,23000,23000,24000,24000,24000,24000,24000,24000,24000,24000,24000,304,0,18000.0,14763.845186184057,1020.3803000040352,24188.776700000744,8223.0
1778883662,350,GET,GET /api/ -> https://docs.docker.com/,0.600000,0.000000,23000,24000,24000,24000,24000,24000,24000,24000,24000,24000,24000,97,0,14000.0,11666.906921648764,1838.2319000083953,23745.567799982382,1856.0
1778883662,350,GET,GET /api/ -> https://flask.palletsprojects.com/,0.000000,0.000000,23000,23000,23000,23000,23000,23000,23000,23000,23000,23000,23000,71,0,12000.0,11596.686080282203,2435.774899990065,23425.32859998755,20936.0
1778883662,350,GET,GET /api/ -> https://github.com/ibnesayeed/linkextractor,0.000000,0.000000,25000,25000,25000,25000,25000,25000,25000,25000,25000,25000,25000,33,0,20000.0,19591.182136365784,14308.068700018339,25262.655200000154,12313.0
1778883662,350,GET,GET /api/ -> https://httpbin.org/,1.900000,0.000000,23000,23000,23000,23000,23000,23000,24000,24000,24000,24000,24000,210,2,18000.0,13538.134735237976,828.2271999923978,23546.75280000083,329.5238095238095
1778883662,350,GET,GET /api/ -> https://locust.io/,0.400000,0.000000,24000,24000,24000,24000,24000,24000,24000,24000,24000,24000,24000,47,0,17000.0,15326.787374467227,5925.494800001616,23881.085899978643,5097.0
1778883662,350,GET,GET /api/ -> https://redis.io/,0.800000,0.000000,25000,25000,25000,25000,25000,25000,25000,25000,25000,25000,25000,60,0,20000.0,17071.931694999512,5245.063200010918,25205.277800007025,7780.0
1778883662,350,GET,GET /api/ -> https://training.play-with-docker.com/,0.200000,0.000000,20000,20000,20000,20000,20000,20000,20000,20000,20000,20000,20000,25,0,18000.0,18248.689920000033,14831.705200020224,21775.668899994344,1503.0
1778883662,350,GET,GET /api/ -> https://www.python.org/,1.700000,0.000000,23000,23000,24000,24000,24000,24000,24000,24000,24000,24000,24000,140,0,18000.0,13542.902643571766,1980.9161000011954,24304.340300004696,14427.0
1778883662,350,,Aggregated,10.300000,0.000000,23000,23000,24000,24000,24000,25000,25000,25000,25000,25000,25000,1354,2,17000.0,13756.808384342752,84.89369999733754,25262.655200000154,5487.798375184638
1778883663,350,GET,GET /api/ -> http://example.com/,0.600000,0.000000,23000,23000,23000,23000,23000,23000,23000,23000,23000,23000,23000,367,0,15000.0,12525.992101907763,84.89369999733754,22790.202100004535,68.0
1778883663,350,GET,GET /api/ -> https://books.toscrape.com/,4.100000,0.000000,23000,24000,24000,24000,24000,24000,24000,24000,24000,24000,24000,308,0,18000.0,14885.532389610184,1020.3803000040352,24233.878600003663,8223.0
1778883663,350,GET,GET /api/ -> https://docs.docker.com/,0.500000,0.000000,24000,24000,24000,24000,24000,24000,24000,24000,24000,24000,24000,98,0,14000.0,11791.83486734644,1838.2319000083953,23909.84560002107,1856.0
1778883663,350,GET,GET /api/ -> https://flask.palletsprojects.com/,0.100000,0.000000,24000,24000,24000,24000,24000,24000,24000,24000,24000,24000,24000,73,0,13000.0,11946.13016712398,2435.774899990065,24473.88820000924,20936.0
1778883663,350,GET,GET /api/ -> https://github.com/ibnesayeed/linkextractor,0.100000,0.000000,25000,25000,25000,25000,26000,26000,26000,26000,26000,26000,26000,35,0,20000.0,19912.26947428742,14308.068700018339,25548.219999996945,12313.0
1778883663,350,GET,GET /api/ -> https://httpbin.org/,2.000000,0.000000,23000,23000,23000,23000,23000,24000,24000,24000,24000,24000,24000,210,2,18000.0,13538.134735237976,828.2271999923978,23546.75280000083,329.5238095238095
1778883663,350,GET,GET /api/ -> https://locust.io/,0.500000,0.000000,24000,24000,24000,24000,24000,24000,24000,24000,24000,24000,24000,48,0,17000.0,15514.548689582929,5925.494800001616,24339.33050002088,5097.0
1778883663,350,GET,GET /api/ -> https://redis.io/,0.800000,0.000000,25000,25000,25000,25000,25000,25000,25000,25000,25000,25000,25000,60,0,20000.0,17071.931694999512,5245.063200010918,25205.277800007025,7780.0
1778883663,350,GET,GET /api/ -> https://training.play-with-docker.com/,0.100000,0.000000,20000,20000,20000,20000,20000,20000,20000,20000,20000,20000,20000,25,0,18000.0,18248.689920000033,14831.705200020224,21775.668899994344,1503.0
1778883663,350,GET,GET /api/ -> https://www.python.org/,2.100000,0.000000,23000,24000,24000,24000,24000,24000,24000,24000,24000,24000,24000,140,0,18000.0,13542.902643571766,1980.9161000011954,24304.340300004696,14427.0
1778883663,350,,Aggregated,10.900000,0.000000,23000,24000,24000,24000,24000,25000,25000,25000,26000,26000,26000,1364,2,17000.0,13834.769779692166,84.89369999733754,25548.219999996945,5525.529325513196
1778883664,350,GET,GET /api/ -> http://example.com/,0.600000,0.000000,23000,23000,23000,23000,23000,23000,23000,23000,23000,23000,23000,367,0,15000.0,12525.992101907763,84.89369999733754,22790.202100004535,68.0
1778883664,350,GET,GET /api/ -> https://books.toscrape.com/,3.800000,0.000000,23000,24000,24000,24000,24000,25000,25000,25000,25000,25000,25000,312,0,18000.0,15009.458238140853,1020.3803000040352,24909.683099976974,8223.0
1778883664,350,GET,GET /api/ -> https://docs.docker.com/,0.500000,0.000000,24000,24000,24000,24000,25000,25000,25000,25000,25000,25000,25000,99,0,14000.0,11921.79073434296,1838.2319000083953,24657.46570000192,1856.0
1778883664,350,GET,GET /api/ -> https://flask.palletsprojects.com/,0.100000,0.000000,24000,25000,25000,25000,25000,25000,25000,25000,25000,25000,25000,77,0,13000.0,12604.588338961998,2435.774899990065,24763.150100014172,20936.0
1778883664,350,GET,GET /api/ -> https://github.com/ibnesayeed/linkextractor,0.400000,0.000000,25000,25000,25000,26000,26000,26000,26000,26000,26000,26000,26000,39,0,20000.0,20478.99487692466,14308.068700018339,25548.219999996945,12313.0
1778883664,350,GET,GET /api/ -> https://httpbin.org/,2.300000,0.000000,23000,23000,23000,24000,25000,25000,25000,25000,25000,25000,25000,213,2,18000.0,13693.336514084382,828.2271999923978,24591.84879998793,329.5586854460094
1778883664,350,GET,GET /api/ -> https://locust.io/,0.500000,0.000000,24000,24000,24000,24000,25000,25000,25000,25000,25000,25000,25000,49,0,18000.0,15700.410812244423,5925.494800001616,24621.79269999615,5097.0
1778883664,350,GET,GET /api/ -> https://redis.io/,0.600000,0.000000,25000,25000,25000,25000,25000,25000,25000,25000,25000,25000,25000,60,0,20000.0,17071.931694999512,5245.063200010918,25205.277800007025,7780.0
1778883664,350,GET,GET /api/ -> https://training.play-with-docker.com/,0.100000,0.000000,20000,20000,20000,20000,20000,20000,20000,20000,20000,20000,20000,25,0,18000.0,18248.689920000033,14831.705200020224,21775.668899994344,1503.0
1778883664,350,GET,GET /api/ -> https://www.python.org/,2.000000,0.000000,23000,24000,24000,24000,24000,24000,24000,24000,24000,24000,24000,140,0,18000.0,13542.902643571766,1980.9161000011954,24304.340300004696,14427.0
1778883664,350,,Aggregated,10.900000,0.000000,24000,24000,24000,25000,25000,25000,25000,26000,26000,26000,26000,1381,2,17000.0,13969.603029543916,84.89369999733754,25548.219999996945,5583.3881245474295
1778883665,350,GET,GET /api/ -> http://example.com/,0.500000,0.000000,23000,23000,23000,23000,23000,23000,23000,23000,23000,23000,23000,367,0,15000.0,12525.992101907763,84.89369999733754,22790.202100004535,68.0
1778883665,350,GET,GET /api/ -> https://books.toscrape.com/,4.000000,0.000000,24000,24000,24000,24000,25000,25000,26000,26000,26000,26000,26000,318,0,18000.0,15204.881099370841,1020.3803000040352,25662.06649999367,8223.0
1778883665,350,GET,GET /api/ -> https://docs.docker.com/,0.600000,0.000000,24000,24000,25000,25000,25000,25000,25000,25000,25000,25000,25000,100,0,14000.0,12050.87444899953,1838.2319000083953,24830.162199999904,1856.0
1778883665,350,GET,GET /api/ -> https://flask.palletsprojects.com/,0.200000,0.000000,25000,25000,25000,25000,25000,25000,25000,25000,25000,25000,25000,78,0,13000.0,12767.854369231663,2435.774899990065,25339.338699996006,20936.0
1778883665,350,GET,GET /api/ -> https://github.com/ibnesayeed/linkextractor,0.600000,0.000000,25000,25000,25000,26000,26000,26000,26000,26000,26000,26000,26000,39,0,20000.0,20478.99487692466,14308.068700018339,25548.219999996945,12313.0
1778883665,350,GET,GET /api/ -> https://httpbin.org/,2.200000,0.000000,23000,23000,24000,25000,25000,25000,25000,25000,25000,25000,25000,215,2,18000.0,13797.558482790639,828.2271999923978,24969.25550000742,329.5813953488372
1778883665,350,GET,GET /api/ -> https://locust.io/,0.700000,0.000000,24000,24000,24000,24000,25000,25000,25000,25000,25000,25000,25000,49,0,18000.0,15700.410812244423,5925.494800001616,24621.79269999615,5097.0
1778883665,350,GET,GET /api/ -> https://redis.io/,0.300000,0.000000,25000,25000,25000,25000,25000,25000,25000,25000,25000,25000,25000,60,0,20000.0,17071.931694999512,5245.063200010918,25205.277800007025,7780.0
1778883665,350,GET,GET /api/ -> https://training.play-with-docker.com/,0.100000,0.000000,20000,20000,20000,20000,20000,20000,20000,20000,20000,20000,20000,25,0,18000.0,18248.689920000033,14831.705200020224,21775.668899994344,1503.0
1778883665,350,GET,GET /api/ -> https://www.python.org/,1.800000,0.000000,24000,24000,24000,24000,24000,25000,25000,25000,25000,25000,25000,141,0,18000.0,13624.891721276923,1980.9161000011954,25103.362599998945,14427.0
1778883665,350,,Aggregated,11.000000,0.000000,24000,24000,25000,25000,25000,25000,26000,26000,26000,26000,26000,1392,2,17000.0,14058.398177370791,84.89369999733754,25662.06649999367,5601.925287356322
1778883666,350,GET,GET /api/ -> http://example.com/,0.500000,0.000000,23000,23000,23000,23000,23000,23000,23000,23000,23000,23000,23000,367,0,15000.0,12525.992101907763,84.89369999733754,22790.202100004535,68.0
1778883666,350,GET,GET /api/ -> https://books.toscrape.com/,4.200000,0.000000,24000,24000,24000,25000,25000,26000,26000,26000,26000,26000,26000,318,0,18000.0,15204.881099370841,1020.3803000040352,25662.06649999367,8223.0
1778883666,350,GET,GET /api/ -> https://docs.docker.com/,0.600000,0.000000,24000,24000,25000,25000,25000,25000,25000,25000,25000,25000,25000,100,0,14000.0,12050.87444899953,1838.2319000083953,24830.162199999904,1856.0
1778883666,350,GET,GET /api/ -> https://flask.palletsprojects.com/,0.700000,0.000000,25000,25000,25000,25000,25000,25000,25000,25000,25000,25000,25000,78,0,13000.0,12767.854369231663,2435.774899990065,25339.338699996006,20936.0
1778883666,350,GET,GET /api/ -> https://github.com/ibnesayeed/linkextractor,1.000000,0.000000,25000,25000,25000,26000,26000,26000,26000,26000,26000,26000,26000,39,0,20000.0,20478.99487692466,14308.068700018339,25548.219999996945,12313.0
1778883666,350,GET,GET /api/ -> https://httpbin.org/,2.100000,0.000000,23000,25000,25000,25000,25000,25000,25000,25000,25000,25000,25000,220,2,18000.0,14053.34171409103,828.2271999923978,25267.281000007642,329.6363636363636
1778883666,350,GET,GET /api/ -> https://locust.io/,0.800000,0.000000,24000,24000,24000,24000,25000,25000,25000,25000,25000,25000,25000,49,0,18000.0,15700.410812244423,5925.494800001616,24621.79269999615,5097.0
1778883666,350,GET,GET /api/ -> https://redis.io/,0.300000,0.000000,25000,25000,25000,25000,25000,25000,25000,25000,25000,25000,25000,60,0,20000.0,17071.931694999512,5245.063200010918,25205.277800007025,7780.0
1778883666,350,GET,GET /api/ -> https://training.play-with-docker.com/,0.100000,0.000000,20000,20000,20000,20000,20000,20000,20000,20000,20000,20000,20000,25,0,18000.0,18248.689920000033,14831.705200020224,21775.668899994344,1503.0
1778883666,350,GET,GET /api/ -> https://www.python.org/,1.700000,0.000000,24000,24000,24000,24000,24000,25000,25000,25000,25000,25000,25000,141,0,18000.0,13624.891721276923,1980.9161000011954,25103.362599998945,14427.0
1778883666,350,,Aggregated,12.000000,0.000000,24000,24000,25000,25000,25000,25000,26000,26000,26000,26000,26000,1397,2,17000.0,14097.745430350877,84.89369999733754,25662.06649999367,5583.063707945597
1778883667,350,GET,GET /api/ -> http://example.com/,0.500000,0.000000,23000,23000,23000,23000,23000,23000,23000,23000,23000,23000,23000,367,0,15000.0,12525.992101907763,84.89369999733754,22790.202100004535,68.0
1778883667,350,GET,GET /api/ -> https://books.toscrape.com/,4.200000,0.000000,24000,24000,25000,25000,26000,27000,27000,27000,27000,27000,27000,320,0,18000.0,15276.341624062281,1020.3803000040352,26647.363299998688,8223.0
1778883667,350,GET,GET /api/ -> https://docs.docker.com/,0.600000,0.000000,24000,24000,25000,25000,25000,25000,25000,25000,25000,25000,25000,100,0,14000.0,12050.87444899953,1838.2319000083953,24830.162199999904,1856.0
1778883667,350,GET,GET /api/ -> https://flask.palletsprojects.com/,0.700000,0.000000,25000,25000,25000,25000,25000,25000,25000,25000,25000,25000,25000,78,0,13000.0,12767.854369231663,2435.774899990065,25339.338699996006,20936.0
1778883667,350,GET,GET /api/ -> https://github.com/ibnesayeed/linkextractor,1.000000,0.000000,25000,25000,25000,26000,26000,26000,26000,26000,26000,26000,26000,39,0,20000.0,20478.99487692466,14308.068700018339,25548.219999996945,12313.0
1778883667,350,GET,GET /api/ -> https://httpbin.org/,2.100000,0.000000,23000,25000,25000,25000,25000,25000,25000,25000,25000,25000,25000,220,2,18000.0,14053.34171409103,828.2271999923978,25267.281000007642,329.6363636363636
1778883667,350,GET,GET /api/ -> https://locust.io/,0.800000,0.000000,24000,24000,24000,24000,25000,25000,25000,25000,25000,25000,25000,49,0,18000.0,15700.410812244423,5925.494800001616,24621.79269999615,5097.0
1778883667,350,GET,GET /api/ -> https://redis.io/,0.300000,0.000000,29000,29000,29000,29000,29000,29000,29000,29000,29000,29000,29000,61,0,21000.0,17264.4362409831,5245.063200010918,28814.708999998402,7780.0
1778883667,350,GET,GET /api/ -> https://training.play-with-docker.com/,0.100000,0.000000,20000,20000,20000,20000,20000,20000,20000,20000,20000,20000,20000,25,0,18000.0,18248.689920000033,14831.705200020224,21775.668899994344,1503.0
1778883667,350,GET,GET /api/ -> https://www.python.org/,1.700000,0.000000,24000,24000,24000,24000,25000,27000,27000,27000,27000,27000,27000,142,0,18000.0,13718.20751831024,1980.9161000011954,26875.734900007956,14427.0
1778883667,350,,Aggregated,12.000000,0.000000,24000,25000,25000,25000,25000,26000,27000,27000,29000,29000,29000,1401,2,17000.0,14135.273333476222,84.89369999733754,28814.708999998402,5594.713062098501
1778883668,350,GET,GET /api/ -> http://example.com/,0.500000,0.000000,23000,23000,23000,23000,23000,23000,23000,23000,23000,23000,23000,367,0,15000.0,12525.992101907763,84.89369999733754,22790.202100004535,68.0
1778883668,350,GET,GET /api/ -> https://books.toscrape.com/,4.100000,0.000000,24000,25000,25000,25000,27000,27000,28000,28000,28000,28000,28000,321,0,18000.0,15317.00067881604,1020.3803000040352,28327.898200019263,8223.0
1778883668,350,GET,GET /api/ -> https://docs.docker.com/,0.600000,0.000000,24000,24000,25000,25000,25000,25000,25000,25000,25000,25000,25000,100,0,14000.0,12050.87444899953,1838.2319000083953,24830.162199999904,1856.0
1778883668,350,GET,GET /api/ -> https://flask.palletsprojects.com/,0.800000,0.000000,25000,25000,25000,25000,25000,25000,25000,25000,25000,25000,25000,78,0,13000.0,12767.854369231663,2435.774899990065,25339.338699996006,20936.0
1778883668,350,GET,GET /api/ -> https://github.com/ibnesayeed/linkextractor,1.000000,0.000000,25000,25000,25000,26000,26000,26000,26000,26000,26000,26000,26000,39,0,20000.0,20478.99487692466,14308.068700018339,25548.219999996945,12313.0
1778883668,350,GET,GET /api/ -> https://httpbin.org/,2.200000,0.000000,23000,25000,25000,25000,25000,25000,25000,25000,25000,25000,25000,220,2,18000.0,14053.34171409103,828.2271999923978,25267.281000007642,329.6363636363636
1778883668,350,GET,GET /api/ -> https://locust.io/,0.600000,0.000000,24000,24000,25000,25000,27000,27000,27000,27000,27000,27000,27000,50,0,18000.0,15932.06577999983,5925.494800001616,27283.15920001478,5097.0
1778883668,350,GET,GET /api/ -> https://redis.io/,0.100000,0.000000,29000,29000,30000,30000,30000,30000,30000,30000,30000,30000,30000,62,0,21000.0,17470.19848225764,5245.063200010918,30021.695200004615,7654.5161290322585
1778883668,350,GET,GET /api/ -> https://training.play-with-docker.com/,0.000000,0.000000,20000,20000,20000,20000,20000,20000,20000,20000,20000,20000,20000,25,0,18000.0,18248.689920000033,14831.705200020224,21775.668899994344,1503.0
1778883668,350,GET,GET /api/ -> https://www.python.org/,1.400000,0.000000,24000,24000,25000,27000,28000,28000,28000,28000,28000,28000,28000,143,0,18000.0,13819.920681818743,1980.9161000011954,28263.18990002619,14427.0
1778883668,350,,Aggregated,11.300000,0.000000,24000,25000,25000,25000,26000,27000,29000,30000,30000,30000,30000,1405,2,17000.0,14176.095290178117,84.89369999733754,30021.695200004615,5598.533807829182
1778883669,350,GET,GET /api/ -> http://example.com/,0.500000,0.000000,23000,23000,23000,23000,23000,23000,23000,23000,23000,23000,23000,367,0,15000.0,12525.992101907763,84.89369999733754,22790.202100004535,68.0
1778883669,350,GET,GET /api/ -> https://books.toscrape.com/,4.100000,0.000000,25000,26000,27000,27000,28000,28000,28000,28000,28000,28000,28000,327,0,18000.0,15544.09872691118,1020.3803000040352,28416.259099991294,8223.0
1778883669,350,GET,GET /api/ -> https://docs.docker.com/,0.600000,0.000000,27000,27000,27000,27000,28000,28000,28000,28000,28000,28000,28000,106,0,16000.0,12926.0660849052,1838.2319000083953,27689.91250000545,1856.0
1778883669,350,GET,GET /api/ -> https://flask.palletsprojects.com/,0.800000,0.000000,25000,25000,25000,28000,28000,28000,28000,28000,28000,28000,28000,80,0,14000.0,13144.597766250808,2435.774899990065,28151.434400002472,20936.0
1778883669,350,GET,GET /api/ -> https://github.com/ibnesayeed/linkextractor,1.000000,0.000000,25000,25000,26000,26000,26000,29000,29000,29000,29000,29000,29000,40,0,20000.0,20689.130727502197,14308.068700018339,28884.42890002625,12313.0
1778883669,350,GET,GET /api/ -> https://httpbin.org/,2.500000,0.000000,25000,25000,25000,25000,27000,27000,28000,28000,28000,28000,28000,224,2,18000.0,14290.746675000273,828.2271999923978,27525.972000003094,329.67857142857144
1778883669,350,GET,GET /api/ -> https://locust.io/,0.600000,0.000000,24000,25000,25000,27000,27000,27000,27000,27000,27000,27000,27000,50,0,18000.0,15932.06577999983,5925.494800001616,27283.15920001478,5097.0
1778883669,350,GET,GET /api/ -> https://redis.io/,0.200000,0.000000,29000,29000,30000,30000,30000,30000,30000,30000,30000,30000,30000,62,0,21000.0,17470.19848225764,5245.063200010918,30021.695200004615,7654.5161290322585
1778883669,350,GET,GET /api/ -> https://training.play-with-docker.com/,0.000000,0.000000,27000,27000,27000,27000,27000,27000,27000,27000,27000,27000,27000,27,0,18000.0,18920.508900000845,14831.705200020224,27394.861500011757,1503.0
1778883669,350,GET,GET /api/ -> https://www.python.org/,1.400000,0.000000,28000,28000,28000,28000,29000,29000,29000,29000,29000,29000,29000,150,0,18000.0,14485.252453333813,1980.9161000011954,28644.520300003933,14427.0
1778883669,350,,Aggregated,11.700000,0.000000,25000,26000,27000,28000,28000,28000,29000,29000,30000,30000,30000,1433,2,17000.0,14440.879203698765,84.89369999733754,30021.695200004615,5642.653175157013
1778883670,350,GET,GET /api/ -> http://example.com/,0.500000,0.000000,27000,27000,27000,27000,27000,27000,27000,27000,27000,27000,27000,368,0,15000.0,12564.628271467798,84.89369999733754,26744.102500000736,68.0
1778883670,350,GET,GET /api/ -> https://books.toscrape.com/,3.900000,0.000000,25000,27000,28000,28000,28000,28000,28000,28000,28000,28000,28000,330,0,18000.0,15654.100003636386,1020.3803000040352,28416.259099991294,8223.0
1778883670,350,GET,GET /api/ -> https://docs.docker.com/,0.600000,0.000000,27000,27000,27000,27000,28000,28000,28000,28000,28000,28000,28000,106,0,16000.0,12926.0660849052,1838.2319000083953,27689.91250000545,1856.0
1778883670,350,GET,GET /api/ -> https://flask.palletsprojects.com/,0.800000,0.000000,25000,25000,28000,28000,28000,28000,28000,28000,28000,28000,28000,81,0,15000.0,13324.857682716905,2435.774899990065,28151.434400002472,20936.0
1778883670,350,GET,GET /api/ -> https://github.com/ibnesayeed/linkextractor,1.000000,0.000000,25000,25000,26000,26000,29000,29000,29000,29000,29000,29000,29000,40,0,20000.0,20689.130727502197,14308.068700018339,28884.42890002625,12313.0
1778883670,350,GET,GET /api/ -> https://httpbin.org/,2.500000,0.000000,25000,27000,27000,27000,28000,28000,28000,28000,28000,28000,28000,231,2,18000.0,14688.794954545736,828.2271999923978,27617.64160002349,329.74891774891773
1778883670,350,GET,GET /api/ -> https://locust.io/,0.700000,0.000000,24000,25000,25000,27000,27000,27000,27000,27000,27000,27000,27000,50,0,18000.0,15932.06577999983,5925.494800001616,27283.15920001478,5097.0
1778883670,350,GET,GET /api/ -> https://redis.io/,0.200000,0.000000,30000,30000,30000,30000,30000,30000,30000,30000,30000,30000,30000,63,0,21000.0,17669.205349206182,5245.063200010918,30021.695200004615,7533.015873015873
1778883670,350,GET,GET /api/ -> https://training.play-with-docker.com/,0.000000,0.000000,27000,27000,27000,27000,27000,27000,27000,27000,27000,27000,27000,28,0,18000.0,19221.409125000977,14831.705200020224,27394.861500011757,1503.0
1778883670,350,GET,GET /api/ -> https://www.python.org/,1.200000,0.000000,28000,28000,28000,28000,29000,29000,29000,29000,29000,29000,29000,152,0,18000.0,14656.550625658527,1980.9161000011954,28644.520300003933,14427.0
1778883670,350,,Aggregated,11.400000,0.000000,26000,27000,28000,28000,28000,29000,29000,30000,30000,30000,30000,1449,2,18000.0,14586.299463492362,84.89369999733754,30021.695200004615,5634.420979986197
1778883671,350,GET,GET /api/ -> http://example.com/,0.400000,0.000000,27000,27000,27000,27000,27000,27000,27000,27000,27000,27000,27000,368,0,15000.0,12564.628271467798,84.89369999733754,26744.102500000736,68.0
1778883671,350,GET,GET /api/ -> https://books.toscrape.com/,3.300000,0.000000,27000,28000,28000,28000,28000,28000,28000,28000,28000,28000,28000,337,0,18000.0,15905.280110979116,1020.3803000040352,28416.259099991294,8223.0
1778883671,350,GET,GET /api/ -> https://docs.docker.com/,0.700000,0.000000,27000,27000,28000,28000,28000,28000,28000,28000,28000,28000,28000,108,0,16000.0,13194.727012962512,1838.2319000083953,27689.91250000545,1856.0
1778883671,350,GET,GET /api/ -> https://flask.palletsprojects.com/,1.000000,0.000000,25000,28000,28000,28000,28000,28000,28000,28000,28000,28000,28000,82,0,15000.0,13500.09636219595,2435.774899990065,28151.434400002472,20936.0
1778883671,350,GET,GET /api/ -> https://github.com/ibnesayeed/linkextractor,1.000000,0.000000,25000,26000,26000,26000,29000,29000,29000,29000,29000,29000,29000,40,0,20000.0,20689.130727502197,14308.068700018339,28884.42890002625,12313.0
1778883671,350,GET,GET /api/ -> https://httpbin.org/,2.700000,0.000000,27000,27000,27000,28000,28000,28000,28000,28000,28000,28000,28000,240,2,18000.0,15161.940214167054,828.2271999923978,27617.64160002349,329.8333333333333
1778883671,350,GET,GET /api/ -> https://locust.io/,0.600000,0.000000,25000,25000,27000,27000,27000,27000,27000,27000,27000,27000,27000,50,0,18000.0,15932.06577999983,5925.494800001616,27283.15920001478,5097.0
1778883671,350,GET,GET /api/ -> https://redis.io/,0.200000,0.000000,30000,30000,30000,30000,30000,30000,30000,30000,30000,30000,30000,63,0,21000.0,17669.205349206182,5245.063200010918,30021.695200004615,7533.015873015873
1778883671,350,GET,GET /api/ -> https://training.play-with-docker.com/,0.000000,0.000000,27000,27000,27000,27000,27000,27000,27000,27000,27000,27000,27000,28,0,18000.0,19221.409125000977,14831.705200020224,27394.861500011757,1503.0
1778883671,350,GET,GET /api/ -> https://www.python.org/,1.300000,0.000000,28000,28000,28000,28000,28000,29000,29000,29000,29000,29000,29000,156,0,19000.0,14989.317501282641,1980.9161000011954,28644.520300003933,14427.0
1778883671,350,,Aggregated,11.200000,0.000000,27000,28000,28000,28000,28000,29000,29000,30000,30000,30000,30000,1472,2,18000.0,14788.4701851905,84.89369999733754,30021.695200004615,5643.46535326087
1778883672,350,GET,GET /api/ -> http://example.com/,0.100000,0.000000,27000,27000,27000,27000,27000,27000,27000,27000,27000,27000,27000,368,0,15000.0,12564.628271467798,84.89369999733754,26744.102500000736,68.0
1778883672,350,GET,GET /api/ -> https://books.toscrape.com/,3.300000,0.000000,28000,28000,28000,28000,28000,28000,28000,28000,28000,28000,28000,345,0,19000.0,16188.795778260755,1020.3803000040352,28416.259099991294,8223.0
1778883672,350,GET,GET /api/ -> https://docs.docker.com/,1.100000,0.000000,27000,28000,28000,28000,28000,28000,28000,28000,28000,28000,28000,110,0,16000.0,13472.086170908402,1838.2319000083953,28467.237099976046,1856.0
1778883672,350,GET,GET /api/ -> https://flask.palletsprojects.com/,1.100000,0.000000,25000,28000,28000,28000,28000,28000,28000,28000,28000,28000,28000,82,0,15000.0,13500.09636219595,2435.774899990065,28151.434400002472,20936.0
1778883672,350,GET,GET /api/ -> https://github.com/ibnesayeed/linkextractor,1.100000,0.000000,25000,26000,26000,29000,29000,29000,29000,29000,29000,29000,29000,40,0,20000.0,20689.130727502197,14308.068700018339,28884.42890002625,12313.0
1778883672,350,GET,GET /api/ -> https://httpbin.org/,2.700000,0.000000,27000,27000,27000,28000,28000,28000,28000,28000,28000,28000,28000,240,2,18000.0,15161.940214167054,828.2271999923978,27617.64160002349,329.8333333333333
1778883672,350,GET,GET /api/ -> https://locust.io/,0.500000,0.000000,27000,27000,27000,27000,27000,27000,27000,27000,27000,27000,27000,50,0,18000.0,15932.06577999983,5925.494800001616,27283.15920001478,5097.0
1778883672,350,GET,GET /api/ -> https://redis.io/,0.300000,0.000000,30000,30000,30000,30000,30000,30000,30000,30000,30000,30000,30000,63,0,21000.0,17669.205349206182,5245.063200010918,30021.695200004615,7533.015873015873
1778883672,350,GET,GET /api/ -> https://training.play-with-docker.com/,0.300000,0.000000,27000,27000,28000,28000,28000,28000,28000,28000,28000,28000,28000,29,0,18000.0,19510.074017242256,14831.705200020224,27592.690999998013,1503.0
1778883672,350,GET,GET /api/ -> https://www.python.org/,1.700000,0.000000,28000,28000,28000,28000,29000,29000,29000,29000,29000,29000,29000,157,0,19000.0,15073.526508280871,1980.9161000011954,28644.520300003933,14427.0
1778883672,350,,Aggregated,12.200000,0.000000,27000,28000,28000,28000,28000,28000,29000,30000,30000,30000,30000,1484,2,18000.0,14896.485877830451,84.89369999733754,30021.695200004615,5655.395552560647
1778883673,350,GET,GET /api/ -> http://example.com/,0.100000,0.000000,27000,27000,27000,27000,27000,27000,27000,27000,27000,27000,27000,368,0,15000.0,12564.628271467798,84.89369999733754,26744.102500000736,68.0
1778883673,350,GET,GET /api/ -> https://books.toscrape.com/,3.600000,0.000000,28000,28000,28000,28000,28000,28000,28000,28000,28000,28000,28000,346,0,19000.0,16222.86947976873,1020.3803000040352,28416.259099991294,8223.0
1778883673,350,GET,GET /api/ -> https://docs.docker.com/,1.100000,0.000000,28000,28000,28000,28000,28000,29000,29000,29000,29000,29000,29000,112,0,17000.0,13736.506390177705,1838.2319000083953,28612.16729998705,1856.0
1778883673,350,GET,GET /api/ -> https://flask.palletsprojects.com/,1.000000,0.000000,28000,28000,28000,28000,28000,28000,28000,28000,28000,28000,28000,84,0,15000.0,13847.979971429422,2435.774899990065,28178.430900006788,20936.0
1778883673,350,GET,GET /api/ -> https://github.com/ibnesayeed/linkextractor,1.000000,0.000000,26000,26000,29000,29000,29000,29000,29000,29000,29000,29000,29000,41,0,20000.0,20894.149190245804,14308.068700018339,29094.887699990068,12313.0
1778883673,350,GET,GET /api/ -> https://httpbin.org/,3.400000,0.000000,27000,27000,28000,28000,28000,28000,28000,28000,28000,28000,28000,242,2,18000.0,15265.72401818223,828.2271999923978,27804.817099997308,329.8512396694215
1778883673,350,GET,GET /api/ -> https://locust.io/,0.400000,0.000000,27000,27000,27000,27000,27000,27000,27000,27000,27000,27000,27000,50,0,18000.0,15932.06577999983,5925.494800001616,27283.15920001478,5097.0
1778883673,350,GET,GET /api/ -> https://redis.io/,0.300000,0.000000,30000,30000,30000,30000,30000,30000,30000,30000,30000,30000,30000,63,0,21000.0,17669.205349206182,5245.063200010918,30021.695200004615,7533.015873015873
1778883673,350,GET,GET /api/ -> https://training.play-with-docker.com/,0.300000,0.000000,27000,27000,28000,28000,28000,28000,28000,28000,28000,28000,28000,29,0,18000.0,19510.074017242256,14831.705200020224,27592.690999998013,1503.0
1778883673,350,GET,GET /api/ -> https://www.python.org/,1.400000,0.000000,28000,28000,28000,28000,29000,29000,29000,29000,29000,29000,29000,160,0,19000.0,15319.841080625518,1980.9161000011954,28644.520300003933,14427.0
1778883673,350,,Aggregated,12.600000,0.000000,28000,28000,28000,28000,28000,29000,29000,30000,30000,30000,30000,1495,2,18000.0,14994.187526287878,84.89369999733754,30021.695200004615,5687.40602006689
1778883674,350,GET,GET /api/ -> http://example.com/,0.100000,0.000000,26000,26000,27000,27000,27000,27000,27000,27000,27000,27000,27000,369,0,15000.0,12600.531702710461,84.89369999733754,26744.102500000736,68.0
1778883674,350,GET,GET /api/ -> https://books.toscrape.com/,3.500000,0.000000,28000,28000,28000,29000,29000,29000,29000,29000,29000,29000,29000,357,0,19000.0,16606.768826890784,1020.3803000040352,29309.608000010485,8223.0
1778883674,350,GET,GET /api/ -> https://docs.docker.com/,1.200000,0.000000,28000,28000,28000,28000,28000,29000,29000,29000,29000,29000,29000,112,0,17000.0,13736.506390177705,1838.2319000083953,28612.16729998705,1856.0
1778883674,350,GET,GET /api/ -> https://flask.palletsprojects.com/,1.100000,0.000000,28000,28000,28000,28000,28000,28000,28000,28000,28000,28000,28000,84,0,15000.0,13847.979971429422,2435.774899990065,28178.430900006788,20936.0
1778883674,350,GET,GET /api/ -> https://github.com/ibnesayeed/linkextractor,0.700000,0.000000,26000,26000,29000,29000,29000,29000,29000,29000,29000,29000,29000,41,0,20000.0,20894.149190245804,14308.068700018339,29094.887699990068,12313.0
1778883674,350,GET,GET /api/ -> https://httpbin.org/,3.000000,0.000000,27000,28000,28000,28000,28000,28000,28000,28000,28000,28000,28000,244,2,18000.0,15362.904933197164,828.2271999923978,27823.98300000932,329.8688524590164
1778883674,350,GET,GET /api/ -> https://locust.io/,0.400000,0.000000,27000,27000,29000,29000,29000,29000,29000,29000,29000,29000,29000,51,0,18000.0,16183.456760783813,5925.494800001616,28753.00579998293,5097.0
1778883674,350,GET,GET /api/ -> https://redis.io/,0.300000,0.000000,30000,30000,30000,30000,30000,30000,30000,30000,30000,30000,30000,64,0,21000.0,17862.048495312138,5245.063200010918,30021.695200004615,7415.3125
1778883674,350,GET,GET /api/ -> https://training.play-with-docker.com/,0.300000,0.000000,27000,27000,28000,28000,28000,28000,28000,28000,28000,28000,28000,29,0,18000.0,19510.074017242256,14831.705200020224,27592.690999998013,1503.0
1778883674,350,GET,GET /api/ -> https://www.python.org/,1.700000,0.000000,28000,28000,28000,28000,29000,29000,29000,29000,29000,29000,29000,163,0,19000.0,15562.683071779547,1980.9161000011954,28644.520300003933,14427.0
1778883674,350,,Aggregated,12.300000,0.000000,28000,28000,28000,28000,29000,29000,30000,30000,30000,30000,30000,1514,2,18000.0,15162.600732496952,84.89369999733754,30021.695200004615,5708.213342140027
1778883675,350,GET,GET /api/ -> http://example.com/,0.100000,0.000000,27000,27000,27000,27000,27000,27000,27000,27000,27000,27000,27000,369,0,15000.0,12600.531702710461,84.89369999733754,26744.102500000736,68.0
1778883675,350,GET,GET /api/ -> https://books.toscrape.com/,3.800000,0.000000,28000,28000,28000,29000,29000,29000,29000,29000,29000,29000,29000,360,0,19000.0,16694.736452777717,1020.3803000040352,29309.608000010485,8223.0
1778883675,350,GET,GET /api/ -> https://docs.docker.com/,1.400000,0.000000,28000,28000,28000,28000,28000,29000,29000,29000,29000,29000,29000,112,0,17000.0,13736.506390177705,1838.2319000083953,28612.16729998705,1856.0
1778883675,350,GET,GET /api/ -> https://flask.palletsprojects.com/,1.200000,0.000000,28000,28000,28000,28000,28000,28000,28000,28000,28000,28000,28000,85,0,16000.0,14001.469501177438,2435.774899990065,28178.430900006788,20936.0
1778883675,350,GET,GET /api/ -> https://github.com/ibnesayeed/linkextractor,0.500000,0.000000,26000,26000,29000,29000,29000,29000,29000,29000,29000,29000,29000,41,0,20000.0,20894.149190245804,14308.068700018339,29094.887699990068,12313.0
1778883675,350,GET,GET /api/ -> https://httpbin.org/,3.200000,0.000000,27000,28000,28000,28000,28000,28000,28000,28000,28000,28000,28000,245,2,18000.0,15408.346528163647,828.2271999923978,27823.98300000932,329.8775510204082
1778883675,350,GET,GET /api/ -> https://locust.io/,0.200000,0.000000,29000,29000,29000,29000,29000,29000,29000,29000,29000,29000,29000,51,0,18000.0,16183.456760783813,5925.494800001616,28753.00579998293,5097.0
1778883675,350,GET,GET /api/ -> https://redis.io/,0.300000,0.000000,30000,30000,30000,30000,30000,30000,30000,30000,30000,30000,30000,70,0,22000.0,18903.438425713935,5245.063200010918,30021.695200004615,6779.714285714285
1778883675,350,GET,GET /api/ -> https://training.play-with-docker.com/,0.400000,0.000000,27000,27000,28000,28000,28000,28000,28000,28000,28000,28000,28000,29,0,18000.0,19510.074017242256,14831.705200020224,27592.690999998013,1503.0
1778883675,350,GET,GET /api/ -> https://www.python.org/,2.000000,0.000000,28000,29000,29000,29000,29000,29000,29000,29000,29000,29000,29000,169,0,19000.0,16034.733746154303,1980.9161000011954,29116.218300012406,14427.0
1778883675,350,,Aggregated,13.100000,0.000000,28000,28000,28000,29000,29000,30000,30000,30000,30000,30000,30000,1531,2,18000.0,15313.04970280886,84.89369999733754,30021.695200004615,5731.374265186153
1778883676,350,GET,GET /api/ -> http://example.com/,0.200000,0.000000,27000,27000,27000,27000,27000,27000,27000,27000,27000,27000,27000,369,0,15000.0,12600.531702710461,84.89369999733754,26744.102500000736,68.0
1778883676,350,GET,GET /api/ -> https://books.toscrape.com/,4.100000,0.000000,28000,28000,28000,29000,29000,29000,29000,29000,29000,29000,29000,361,0,19000.0,16724.121697229835,1020.3803000040352,29309.608000010485,8223.0
1778883676,350,GET,GET /api/ -> https://docs.docker.com/,1.300000,0.000000,28000,28000,28000,28000,28000,29000,29000,29000,29000,29000,29000,113,0,17000.0,13863.488739822318,1838.2319000083953,28612.16729998705,1856.0
1778883676,350,GET,GET /api/ -> https://flask.palletsprojects.com/,0.700000,0.000000,28000,28000,28000,28000,28000,28000,28000,28000,28000,28000,28000,89,0,16000.0,14615.132956180572,2435.774899990065,28178.430900006788,20936.0
1778883676,350,GET,GET /api/ -> https://github.com/ibnesayeed/linkextractor,0.200000,0.000000,29000,29000,29000,29000,29000,29000,29000,29000,29000,29000,29000,41,0,20000.0,20894.149190245804,14308.068700018339,29094.887699990068,12313.0
1778883676,350,GET,GET /api/ -> https://httpbin.org/,3.000000,0.000000,27000,28000,28000,28000,28000,28000,28000,28000,28000,28000,28000,251,2,18000.0,15700.852818725538,828.2271999923978,27977.490199991735,329.9282868525896
1778883676,350,GET,GET /api/ -> https://locust.io/,0.200000,0.000000,28000,28000,29000,29000,29000,29000,29000,29000,29000,29000,29000,52,0,18000.0,16412.448580769145,5925.494800001616,28753.00579998293,5097.0
1778883676,350,GET,GET /api/ -> https://redis.io/,0.400000,0.000000,30000,30000,30000,30000,30000,30000,30000,30000,30000,30000,30000,70,0,22000.0,18903.438425713935,5245.063200010918,30021.695200004615,6779.714285714285
1778883676,350,GET,GET /api/ -> https://training.play-with-docker.com/,0.400000,0.000000,27000,27000,28000,28000,28000,28000,28000,28000,28000,28000,28000,29,0,18000.0,19510.074017242256,14831.705200020224,27592.690999998013,1503.0
1778883676,350,GET,GET /api/ -> https://www.python.org/,2.000000,0.000000,28000,29000,29000,29000,29000,29000,29000,29000,29000,29000,29000,170,0,19000.0,16102.66870470625,1980.9161000011954,29116.218300012406,14427.0
1778883676,350,,Aggregated,12.500000,0.000000,28000,28000,28000,29000,29000,30000,30000,30000,30000,30000,30000,1545,2,18000.0,15425.134762653966,84.89369999733754,30021.695200004615,5754.092556634304
1778883677,350,GET,GET /api/ -> http://example.com/,0.200000,0.000000,27000,27000,27000,27000,27000,27000,27000,27000,27000,27000,27000,370,0,15000.0,12639.10543432473,84.89369999733754,26872.812399989925,68.0
1778883677,350,GET,GET /api/ -> https://books.toscrape.com/,4.100000,0.000000,28000,28000,28000,29000,29000,29000,29000,29000,29000,29000,29000,361,0,19000.0,16724.121697229835,1020.3803000040352,29309.608000010485,8223.0
1778883677,350,GET,GET /api/ -> https://docs.docker.com/,1.300000,0.000000,28000,28000,28000,28000,28000,29000,29000,29000,29000,29000,29000,117,0,17000.0,14346.260458973991,1838.2319000083953,28612.16729998705,1856.0
1778883677,350,GET,GET /api/ -> https://flask.palletsprojects.com/,0.700000,0.000000,28000,28000,28000,28000,28000,28000,28000,28000,28000,28000,28000,89,0,16000.0,14615.132956180572,2435.774899990065,28178.430900006788,20936.0
1778883677,350,GET,GET /api/ -> https://github.com/ibnesayeed/linkextractor,0.200000,0.000000,29000,29000,29000,29000,29000,29000,29000,29000,29000,29000,29000,41,0,20000.0,20894.149190245804,14308.068700018339,29094.887699990068,12313.0
1778883677,350,GET,GET /api/ -> https://httpbin.org/,3.000000,0.000000,27000,28000,28000,28000,28000,28000,28000,28000,28000,28000,28000,252,2,18000.0,15748.418475794137,828.2271999923978,27977.490199991735,329.93650793650795
1778883677,350,GET,GET /api/ -> https://locust.io/,0.200000,0.000000,28000,28000,29000,29000,29000,29000,29000,29000,29000,29000,29000,52,0,18000.0,16412.448580769145,5925.494800001616,28753.00579998293,5097.0
1778883677,350,GET,GET /api/ -> https://redis.io/,0.400000,0.000000,30000,30000,30000,30000,30000,30000,30000,30000,30000,30000,30000,70,0,22000.0,18903.438425713935,5245.063200010918,30021.695200004615,6779.714285714285
1778883677,350,GET,GET /api/ -> https://training.play-with-docker.com/,0.400000,0.000000,27000,27000,28000,28000,28000,28000,28000,28000,28000,28000,28000,29,0,18000.0,19510.074017242256,14831.705200020224,27592.690999998013,1503.0
1778883677,350,GET,GET /api/ -> https://www.python.org/,2.000000,0.000000,28000,28000,29000,29000,29000,29000,29000,29000,29000,29000,29000,172,0,19000.0,16242.683288953804,1980.9161000011954,29116.218300012406,14427.0
1778883677,350,,Aggregated,12.500000,0.000000,28000,28000,28000,29000,29000,30000,30000,30000,30000,30000,30000,1553,2,18000.0,15489.130399935872,84.89369999733754,30021.695200004615,5748.068898905344
1778883678,350,GET,GET /api/ -> http://example.com/,0.200000,0.000000,27000,27000,27000,28000,28000,28000,28000,28000,28000,28000,28000,372,0,15000.0,12719.194479032634,84.89369999733754,27616.770399996312,68.0
1778883678,350,GET,GET /api/ -> https://books.toscrape.com/,4.300000,0.000000,28000,28000,29000,29000,29000,29000,29000,29000,29000,29000,29000,361,0,19000.0,16724.121697229835,1020.3803000040352,29309.608000010485,8223.0
1778883678,350,GET,GET /api/ -> https://docs.docker.com/,1.200000,0.000000,28000,28000,28000,28000,29000,29000,29000,29000,29000,29000,29000,118,0,17000.0,14471.379541524862,1838.2319000083953,29110.31219997676,1856.0
1778883678,350,GET,GET /api/ -> https://flask.palletsprojects.com/,1.100000,0.000000,28000,28000,28000,28000,28000,28000,28000,28000,28000,28000,28000,89,0,16000.0,14615.132956180572,2435.774899990065,28178.430900006788,20936.0
1778883678,350,GET,GET /api/ -> https://github.com/ibnesayeed/linkextractor,0.200000,0.000000,29000,29000,29000,29000,29000,29000,29000,29000,29000,29000,29000,41,0,20000.0,20894.149190245804,14308.068700018339,29094.887699990068,12313.0
1778883678,350,GET,GET /api/ -> https://httpbin.org/,3.100000,0.000000,28000,28000,28000,28000,28000,28000,29000,29000,29000,29000,29000,253,2,18000.0,15798.834143478776,828.2271999923978,28503.582400007872,329.94466403162056
1778883678,350,GET,GET /api/ -> https://locust.io/,0.200000,0.000000,28000,28000,29000,29000,29000,29000,29000,29000,29000,29000,29000,52,0,18000.0,16412.448580769145,5925.494800001616,28753.00579998293,5097.0
1778883678,350,GET,GET /api/ -> https://redis.io/,1.000000,0.000000,30000,30000,30000,30000,30000,30000,30000,30000,30000,30000,30000,70,0,22000.0,18903.438425713935,5245.063200010918,30021.695200004615,6779.714285714285
1778883678,350,GET,GET /api/ -> https://training.play-with-docker.com/,0.400000,0.000000,27000,27000,28000,28000,28000,28000,28000,28000,28000,28000,28000,29,0,18000.0,19510.074017242256,14831.705200020224,27592.690999998013,1503.0
1778883678,350,GET,GET /api/ -> https://www.python.org/,2.900000,0.000000,28000,29000,29000,29000,29000,29000,29000,29000,29000,29000,29000,175,0,19000.0,16464.268936000302,1980.9161000011954,29351.498300005915,14427.0
1778883678,350,,Aggregated,14.600000,0.000000,28000,28000,28000,29000,29000,30000,30000,30000,30000,30000,30000,1560,2,18000.0,15547.955307243832,84.89369999733754,30021.695200004615,5751.510256410256
